class,material_class,subclass,resource_name,diacls,owner,fips,county,state,"County Square Miles",scenario_name,scenario_price_offered,production,productionunit,production_energy_content,energy_content_unit,prod_density_dtpersqmi,harvest_costs,harvest_area,harv_area_unit,lipid_based,ash_percentage
forestland,wood,"Forest processing waste","Hardwood processing residues",,,55005,"Barron County",Wisconsin,889.76,Emerging,54,18167.56,dt,331012943200,BTU,20.42,0.0,0.0,,No,1.17
forestland,wood,"Forest processing waste","Hardwood processing residues",,,55005,"Barron County",Wisconsin,889.76,"mature-market high",54,18167.56,dt,331012943200,BTU,20.42,0.0,0.0,,No,1.17
forestland,wood,"Forest processing waste","Hardwood processing residues",,,55005,"Barron County",Wisconsin,889.76,"mature-market low",54,18167.56,dt,331012943200,BTU,20.42,0.0,0.0,,No,1.17
forestland,wood,"Forest processing waste","Hardwood processing residues",,,55005,"Barron County",Wisconsin,889.76,"mature-market medium",54,18167.56,dt,331012943200,BTU,20.42,0.0,0.0,,No,1.17
forestland,wood,"Forest processing waste","Hardwood processing residues",,,55005,"Barron County",Wisconsin,889.76,near-term,54,18167.56,dt,331012943200,BTU,20.42,0.0,0.0,,No,1.17
forestland,wood,"Forest processing waste","Hardwood processing residues",,,55009,"Brown County",Wisconsin,531.24,Emerging,54,8.35,dt,152045900,BTU,0.02,0.0,0.0,,No,1.17
forestland,wood,"Forest processing waste","Hardwood processing residues",,,55009,"Brown County",Wisconsin,531.24,"mature-market high",54,8.35,dt,152045900,BTU,0.02,0.0,0.0,,No,1.17
forestland,wood,"Forest processing waste","Hardwood processing residues",,,55009,"Brown County",Wisconsin,531.24,"mature-market low",54,8.35,dt,152045900,BTU,0.02,0.0,0.0,,No,1.17
forestland,wood,"Forest processing waste","Hardwood processing residues",,,55009,"Brown County",Wisconsin,531.24,"mature-market medium",54,8.35,dt,152045900,BTU,0.02,0.0,0.0,,No,1.17
forestland,wood,"Forest processing waste","Hardwood processing residues",,,55009,"Brown County",Wisconsin,531.24,near-term,54,8.35,dt,152045900,BTU,0.02,0.0,0.0,,No,1.17
forestland,wood,"Forest processing waste","Hardwood processing residues",,,55011,"Buffalo County",Wisconsin,709.59,Emerging,54,2046.87,dt,37293971400,BTU,2.88,0.0,0.0,,No,1.17
forestland,wood,"Forest processing waste","Hardwood processing residues",,,55011,"Buffalo County",Wisconsin,709.59,"mature-market high",54,2046.87,dt,37293971400,BTU,2.88,0.0,0.0,,No,1.17
forestland,wood,"Forest processing waste","Hardwood processing residues",,,55011,"Buffalo County",Wisconsin,709.59,"mature-market low",54,2046.87,dt,37293971400,BTU,2.88,0.0,0.0,,No,1.17
forestland,wood,"Forest processing waste","Hardwood processing residues",,,55011,"Buffalo County",Wisconsin,709.59,"mature-market medium",54,2046.87,dt,37293971400,BTU,2.88,0.0,0.0,,No,1.17
forestland,wood,"Forest processing waste","Hardwood processing residues",,,55011,"Buffalo County",Wisconsin,709.59,near-term,54,2046.87,dt,37293971400,BTU,2.88,0.0,0.0,,No,1.17
forestland,wood,"Forest processing waste","Hardwood processing residues",,,55023,"Crawford County",Wisconsin,599.21,Emerging,54,76.95,dt,1402029000,BTU,0.13,0.0,0.0,,No,1.17
forestland,wood,"Forest processing waste","Hardwood processing residues",,,55023,"Crawford County",Wisconsin,599.21,"mature-market high",54,76.95,dt,1402029000,BTU,0.13,0.0,0.0,,No,1.17
forestland,wood,"Forest processing waste","Hardwood processing residues",,,55023,"Crawford County",Wisconsin,599.21,"mature-market low",54,76.95,dt,1402029000,BTU,0.13,0.0,0.0,,No,1.17
forestland,wood,"Forest processing waste","Hardwood processing residues",,,55023,"Crawford County",Wisconsin,599.21,"mature-market medium",54,76.95,dt,1402029000,BTU,0.13,0.0,0.0,,No,1.17
forestland,wood,"Forest processing waste","Hardwood processing residues",,,55023,"Crawford County",Wisconsin,599.21,near-term,54,76.95,dt,1402029000,BTU,0.13,0.0,0.0,,No,1.17
forestland,wood,"Forest processing waste","Hardwood processing residues",,,55025,"Dane County",Wisconsin,1237.5,Emerging,54,12.75,dt,232213900,BTU,0.01,0.0,0.0,,No,1.17
forestland,wood,"Forest processing waste","Hardwood processing residues",,,55025,"Dane County",Wisconsin,1237.5,"mature-market high",54,12.75,dt,232213900,BTU,0.01,0.0,0.0,,No,1.17
forestland,wood,"Forest processing waste","Hardwood processing residues",,,55025,"Dane County",Wisconsin,1237.5,"mature-market low",54,12.75,dt,232213900,BTU,0.01,0.0,0.0,,No,1.17
forestland,wood,"Forest processing waste","Hardwood processing residues",,,55025,"Dane County",Wisconsin,1237.5,"mature-market medium",54,12.75,dt,232213900,BTU,0.01,0.0,0.0,,No,1.17
forestland,wood,"Forest processing waste","Hardwood processing residues",,,55025,"Dane County",Wisconsin,1237.5,near-term,54,12.75,dt,232213900,BTU,0.01,0.0,0.0,,No,1.17
forestland,wood,"Forest processing waste","Hardwood processing residues",,,55057,"Juneau County",Wisconsin,805.17,Emerging,54,1745.23,dt,31797999500,BTU,2.17,0.0,0.0,,No,1.17
forestland,wood,"Forest processing waste","Hardwood processing residues",,,55057,"Juneau County",Wisconsin,805.17,"mature-market high",54,1745.23,dt,31797999500,BTU,2.17,0.0,0.0,,No,1.17
forestland,wood,"Forest processing waste","Hardwood processing residues",,,55057,"Juneau County",Wisconsin,805.17,"mature-market low",54,1745.23,dt,31797999500,BTU,2.17,0.0,0.0,,No,1.17
forestland,wood,"Forest processing waste","Hardwood processing residues",,,55057,"Juneau County",Wisconsin,805.17,"mature-market medium",54,1745.23,dt,31797999500,BTU,2.17,0.0,0.0,,No,1.17
forestland,wood,"Forest processing waste","Hardwood processing residues",,,55057,"Juneau County",Wisconsin,805.17,near-term,54,1745.23,dt,31797999500,BTU,2.17,0.0,0.0,,No,1.17
forestland,wood,"Forest processing waste","Hardwood processing residues",,,55067,"Langlade County",Wisconsin,887.79,Emerging,54,1507.32,dt,27463370400,BTU,1.70,0.0,0.0,,No,1.17
forestland,wood,"Forest processing waste","Hardwood processing residues",,,55067,"Langlade County",Wisconsin,887.79,"mature-market high",54,1507.32,dt,27463370400,BTU,1.70,0.0,0.0,,No,1.17
forestland,wood,"Forest processing waste","Hardwood processing residues",,,55067,"Langlade County",Wisconsin,887.79,"mature-market low",54,1507.32,dt,27463370400,BTU,1.70,0.0,0.0,,No,1.17
forestland,wood,"Forest processing waste","Hardwood processing residues",,,55067,"Langlade County",Wisconsin,887.79,"mature-market medium",54,1507.32,dt,27463370400,BTU,1.70,0.0,0.0,,No,1.17
forestland,wood,"Forest processing waste","Hardwood processing residues",,,55067,"Langlade County",Wisconsin,887.79,near-term,54,1507.32,dt,27463370400,BTU,1.70,0.0,0.0,,No,1.17
forestland,wood,"Forest processing waste","Hardwood processing residues",,,55073,"Marathon County",Wisconsin,1576.33,Emerging,54,675.00,dt,12298500000,BTU,0.43,0.0,0.0,,No,1.17
forestland,wood,"Forest processing waste","Hardwood processing residues",,,55073,"Marathon County",Wisconsin,1576.33,"mature-market high",54,675.00,dt,12298500000,BTU,0.43,0.0,0.0,,No,1.17
forestland,wood,"Forest processing waste","Hardwood processing residues",,,55073,"Marathon County",Wisconsin,1576.33,"mature-market low",54,675.00,dt,12298500000,BTU,0.43,0.0,0.0,,No,1.17
forestland,wood,"Forest processing waste","Hardwood processing residues",,,55073,"Marathon County",Wisconsin,1576.33,"mature-market medium",54,675.00,dt,12298500000,BTU,0.43,0.0,0.0,,No,1.17
forestland,wood,"Forest processing waste","Hardwood processing residues",,,55073,"Marathon County",Wisconsin,1576.33,near-term,54,675.00,dt,12298500000,BTU,0.43,0.0,0.0,,No,1.17
forestland,wood,"Forest processing waste","Hardwood processing residues",,,55077,"Marquette County",Wisconsin,464.47,Emerging,54,1.40,dt,25416900,BTU,0.00,0.0,0.0,,No,1.17
forestland,wood,"Forest processing waste","Hardwood processing residues",,,55077,"Marquette County",Wisconsin,464.47,"mature-market high",54,1.40,dt,25416900,BTU,0.00,0.0,0.0,,No,1.17
forestland,wood,"Forest processing waste","Hardwood processing residues",,,55077,"Marquette County",Wisconsin,464.47,"mature-market low",54,1.40,dt,25416900,BTU,0.00,0.0,0.0,,No,1.17
forestland,wood,"Forest processing waste","Hardwood processing residues",,,55077,"Marquette County",Wisconsin,464.47,"mature-market medium",54,1.40,dt,25416900,BTU,0.00,0.0,0.0,,No,1.17
forestland,wood,"Forest processing waste","Hardwood processing residues",,,55077,"Marquette County",Wisconsin,464.47,near-term,54,1.40,dt,25416900,BTU,0.00,0.0,0.0,,No,1.17
forestland,wood,"Forest processing waste","Hardwood processing residues",,,55081,"Monroe County",Wisconsin,908.08,Emerging,54,298.41,dt,5436939099,BTU,0.33,0.0,0.0,,No,1.17
forestland,wood,"Forest processing waste","Hardwood processing residues",,,55081,"Monroe County",Wisconsin,908.08,"mature-market high",54,298.41,dt,5436939099,BTU,0.33,0.0,0.0,,No,1.17
forestland,wood,"Forest processing waste","Hardwood processing residues",,,55081,"Monroe County",Wisconsin,908.08,"mature-market low",54,298.41,dt,5436939099,BTU,0.33,0.0,0.0,,No,1.17
forestland,wood,"Forest processing waste","Hardwood processing residues",,,55081,"Monroe County",Wisconsin,908.08,"mature-market medium",54,298.41,dt,5436939099,BTU,0.33,0.0,0.0,,No,1.17
forestland,wood,"Forest processing waste","Hardwood processing residues",,,55081,"Monroe County",Wisconsin,908.08,near-term,54,298.41,dt,5436939099,BTU,0.33,0.0,0.0,,No,1.17
forestland,wood,"Forest processing waste","Hardwood processing residues",,,55085,"Oneida County",Wisconsin,1236.57,Emerging,54,32.20,dt,586684000,BTU,0.03,0.0,0.0,,No,1.17
forestland,wood,"Forest processing waste","Hardwood processing residues",,,55085,"Oneida County",Wisconsin,1236.57,"mature-market high",54,32.20,dt,586684000,BTU,0.03,0.0,0.0,,No,1.17
forestland,wood,"Forest processing waste","Hardwood processing residues",,,55085,"Oneida County",Wisconsin,1236.57,"mature-market low",54,32.20,dt,586684000,BTU,0.03,0.0,0.0,,No,1.17
forestland,wood,"Forest processing waste","Hardwood processing residues",,,55085,"Oneida County",Wisconsin,1236.57,"mature-market medium",54,32.20,dt,586684000,BTU,0.03,0.0,0.0,,No,1.17
forestland,wood,"Forest processing waste","Hardwood processing residues",,,55085,"Oneida County",Wisconsin,1236.57,near-term,54,32.20,dt,586684000,BTU,0.03,0.0,0.0,,No,1.17
forestland,wood,"Forest processing waste","Hardwood processing residues",,,55123,"Vernon County",Wisconsin,816.38,Emerging,54,1192.84,dt,21733544800,BTU,1.46,0.0,0.0,,No,1.17
forestland,wood,"Forest processing waste","Hardwood processing residues",,,55123,"Vernon County",Wisconsin,816.38,"mature-market high",54,1192.84,dt,21733544800,BTU,1.46,0.0,0.0,,No,1.17
forestland,wood,"Forest processing waste","Hardwood processing residues",,,55123,"Vernon County",Wisconsin,816.38,"mature-market low",54,1192.84,dt,21733544800,BTU,1.46,0.0,0.0,,No,1.17
forestland,wood,"Forest processing waste","Hardwood processing residues",,,55123,"Vernon County",Wisconsin,816.38,"mature-market medium",54,1192.84,dt,21733544800,BTU,1.46,0.0,0.0,,No,1.17
forestland,wood,"Forest processing waste","Hardwood processing residues",,,55123,"Vernon County",Wisconsin,816.38,near-term,54,1192.84,dt,21733544800,BTU,1.46,0.0,0.0,,No,1.17
forestland,wood,"Forest processing waste","Hardwood processing residues",,,55129,"Washburn County",Wisconsin,853.32,Emerging,54,32.14,dt,585590800,BTU,0.04,0.0,0.0,,No,1.17
forestland,wood,"Forest processing waste","Hardwood processing residues",,,55129,"Washburn County",Wisconsin,853.32,"mature-market high",54,32.14,dt,585590800,BTU,0.04,0.0,0.0,,No,1.17
forestland,wood,"Forest processing waste","Hardwood processing residues",,,55129,"Washburn County",Wisconsin,853.32,"mature-market low",54,32.14,dt,585590800,BTU,0.04,0.0,0.0,,No,1.17
forestland,wood,"Forest processing waste","Hardwood processing residues",,,55129,"Washburn County",Wisconsin,853.32,"mature-market medium",54,32.14,dt,585590800,BTU,0.04,0.0,0.0,,No,1.17
forestland,wood,"Forest processing waste","Hardwood processing residues",,,55129,"Washburn County",Wisconsin,853.32,near-term,54,32.14,dt,585590800,BTU,0.04,0.0,0.0,,No,1.17
forestland,wood,"Forest processing waste","Hardwood processing residues",,,55141,"Wood County",Wisconsin,809.25,Emerging,54,6116.08,dt,111434886500,BTU,7.56,0.0,0.0,,No,1.17
forestland,wood,"Forest processing waste","Hardwood processing residues",,,55141,"Wood County",Wisconsin,809.25,"mature-market high",54,6116.08,dt,111434886500,BTU,7.56,0.0,0.0,,No,1.17
forestland,wood,"Forest processing waste","Hardwood processing residues",,,55141,"Wood County",Wisconsin,809.25,"mature-market low",54,6116.08,dt,111434886500,BTU,7.56,0.0,0.0,,No,1.17
forestland,wood,"Forest processing waste","Hardwood processing residues",,,55141,"Wood County",Wisconsin,809.25,"mature-market medium",54,6116.08,dt,111434886500,BTU,7.56,0.0,0.0,,No,1.17
forestland,wood,"Forest processing waste","Hardwood processing residues",,,55141,"Wood County",Wisconsin,809.25,near-term,54,6116.08,dt,111434886500,BTU,7.56,0.0,0.0,,No,1.17
forestland,wood,"Forest processing waste","Softwood processing residues",,,55005,"Barron County",Wisconsin,889.76,Emerging,54,6.57,dt,119705400,BTU,0.01,0.0,0.0,,No,1.17
forestland,wood,"Forest processing waste","Softwood processing residues",,,55005,"Barron County",Wisconsin,889.76,"mature-market high",54,6.57,dt,119705400,BTU,0.01,0.0,0.0,,No,1.17
forestland,wood,"Forest processing waste","Softwood processing residues",,,55005,"Barron County",Wisconsin,889.76,"mature-market low",54,6.57,dt,119705400,BTU,0.01,0.0,0.0,,No,1.17
forestland,wood,"Forest processing waste","Softwood processing residues",,,55005,"Barron County",Wisconsin,889.76,"mature-market medium",54,6.57,dt,119705400,BTU,0.01,0.0,0.0,,No,1.17
forestland,wood,"Forest processing waste","Softwood processing residues",,,55005,"Barron County",Wisconsin,889.76,near-term,54,6.57,dt,119705400,BTU,0.01,0.0,0.0,,No,1.17
forestland,wood,"Forest processing waste","Softwood processing residues",,,55009,"Brown County",Wisconsin,531.24,Emerging,54,37.61,dt,685254200,BTU,0.07,0.0,0.0,,No,1.17
forestland,wood,"Forest processing waste","Softwood processing residues",,,55009,"Brown County",Wisconsin,531.24,"mature-market high",54,37.61,dt,685254200,BTU,0.07,0.0,0.0,,No,1.17
forestland,wood,"Forest processing waste","Softwood processing residues",,,55009,"Brown County",Wisconsin,531.24,"mature-market low",54,37.61,dt,685254200,BTU,0.07,0.0,0.0,,No,1.17
forestland,wood,"Forest processing waste","Softwood processing residues",,,55009,"Brown County",Wisconsin,531.24,"mature-market medium",54,37.61,dt,685254200,BTU,0.07,0.0,0.0,,No,1.17
forestland,wood,"Forest processing waste","Softwood processing residues",,,55009,"Brown County",Wisconsin,531.24,near-term,54,37.61,dt,685254200,BTU,0.07,0.0,0.0,,No,1.17
forestland,wood,"Forest processing waste","Softwood processing residues",,,55041,"Forest County",Wisconsin,1046.52,Emerging,54,5.98,dt,108955600,BTU,0.01,0.0,0.0,,No,1.17
forestland,wood,"Forest processing waste","Softwood processing residues",,,55041,"Forest County",Wisconsin,1046.52,"mature-market high",54,5.98,dt,108955600,BTU,0.01,0.0,0.0,,No,1.17
forestland,wood,"Forest processing waste","Softwood processing residues",,,55041,"Forest County",Wisconsin,1046.52,"mature-market low",54,5.98,dt,108955600,BTU,0.01,0.0,0.0,,No,1.17
forestland,wood,"Forest processing waste","Softwood processing residues",,,55041,"Forest County",Wisconsin,1046.52,"mature-market medium",54,5.98,dt,108955600,BTU,0.01,0.0,0.0,,No,1.17
forestland,wood,"Forest processing waste","Softwood processing residues",,,55041,"Forest County",Wisconsin,1046.52,near-term,54,5.98,dt,108955600,BTU,0.01,0.0,0.0,,No,1.17
forestland,wood,"Forest processing waste","Softwood processing residues",,,55051,"Iron County",Wisconsin,802.62,Emerging,54,33.83,dt,616382600,BTU,0.04,0.0,0.0,,No,1.17
forestland,wood,"Forest processing waste","Softwood processing residues",,,55051,"Iron County",Wisconsin,802.62,"mature-market high",54,33.83,dt,616382600,BTU,0.04,0.0,0.0,,No,1.17
forestland,wood,"Forest processing waste","Softwood processing residues",,,55051,"Iron County",Wisconsin,802.62,"mature-market low",54,33.83,dt,616382600,BTU,0.04,0.0,0.0,,No,1.17
forestland,wood,"Forest processing waste","Softwood processing residues",,,55051,"Iron County",Wisconsin,802.62,"mature-market medium",54,33.83,dt,616382600,BTU,0.04,0.0,0.0,,No,1.17
forestland,wood,"Forest processing waste","Softwood processing residues",,,55051,"Iron County",Wisconsin,802.62,near-term,54,33.83,dt,616382600,BTU,0.04,0.0,0.0,,No,1.17
forestland,wood,"Forest processing waste","Softwood processing residues",,,55075,"Marinette County",Wisconsin,1429.25,Emerging,54,131.73,dt,2400029500,BTU,0.09,0.0,0.0,,No,1.17
forestland,wood,"Forest processing waste","Softwood processing residues",,,55075,"Marinette County",Wisconsin,1429.25,"mature-market high",54,131.73,dt,2400029500,BTU,0.09,0.0,0.0,,No,1.17
forestland,wood,"Forest processing waste","Softwood processing residues",,,55075,"Marinette County",Wisconsin,1429.25,"mature-market low",54,131.73,dt,2400029500,BTU,0.09,0.0,0.0,,No,1.17
forestland,wood,"Forest processing waste","Softwood processing residues",,,55075,"Marinette County",Wisconsin,1429.25,"mature-market medium",54,131.73,dt,2400029500,BTU,0.09,0.0,0.0,,No,1.17
forestland,wood,"Forest processing waste","Softwood processing residues",,,55075,"Marinette County",Wisconsin,1429.25,near-term,54,131.73,dt,2400029500,BTU,0.09,0.0,0.0,,No,1.17
forestland,wood,"Forest processing waste","Softwood processing residues",,,55077,"Marquette County",Wisconsin,464.47,Emerging,54,19.90,dt,362486900,BTU,0.04,0.0,0.0,,No,1.17
forestland,wood,"Forest processing waste","Softwood processing residues",,,55077,"Marquette County",Wisconsin,464.47,"mature-market high",54,19.90,dt,362486900,BTU,0.04,0.0,0.0,,No,1.17
forestland,wood,"Forest processing waste","Softwood processing residues",,,55077,"Marquette County",Wisconsin,464.47,"mature-market low",54,19.90,dt,362486900,BTU,0.04,0.0,0.0,,No,1.17
forestland,wood,"Forest processing waste","Softwood processing residues",,,55077,"Marquette County",Wisconsin,464.47,"mature-market medium",54,19.90,dt,362486900,BTU,0.04,0.0,0.0,,No,1.17
forestland,wood,"Forest processing waste","Softwood processing residues",,,55077,"Marquette County",Wisconsin,464.47,near-term,54,19.90,dt,362486900,BTU,0.04,0.0,0.0,,No,1.17
forestland,wood,"Forest processing waste","Softwood processing residues",,,55085,"Oneida County",Wisconsin,1236.57,Emerging,54,4.26,dt,77526100,BTU,0.00,0.0,0.0,,No,1.17
forestland,wood,"Forest processing waste","Softwood processing residues",,,55085,"Oneida County",Wisconsin,1236.57,"mature-market high",54,4.26,dt,77526100,BTU,0.00,0.0,0.0,,No,1.17
forestland,wood,"Forest processing waste","Softwood processing residues",,,55085,"Oneida County",Wisconsin,1236.57,"mature-market low",54,4.26,dt,77526100,BTU,0.00,0.0,0.0,,No,1.17
forestland,wood,"Forest processing waste","Softwood processing residues",,,55085,"Oneida County",Wisconsin,1236.57,"mature-market medium",54,4.26,dt,77526100,BTU,0.00,0.0,0.0,,No,1.17
forestland,wood,"Forest processing waste","Softwood processing residues",,,55085,"Oneida County",Wisconsin,1236.57,near-term,54,4.26,dt,77526100,BTU,0.00,0.0,0.0,,No,1.17
forestland,wood,"Forest processing waste","Softwood processing residues",,,55123,"Vernon County",Wisconsin,816.38,Emerging,54,28.31,dt,515808200,BTU,0.03,0.0,0.0,,No,1.17
forestland,wood,"Forest processing waste","Softwood processing residues",,,55123,"Vernon County",Wisconsin,816.38,"mature-market high",54,28.31,dt,515808200,BTU,0.03,0.0,0.0,,No,1.17
forestland,wood,"Forest processing waste","Softwood processing residues",,,55123,"Vernon County",Wisconsin,816.38,"mature-market low",54,28.31,dt,515808200,BTU,0.03,0.0,0.0,,No,1.17
forestland,wood,"Forest processing waste","Softwood processing residues",,,55123,"Vernon County",Wisconsin,816.38,"mature-market medium",54,28.31,dt,515808200,BTU,0.03,0.0,0.0,,No,1.17
forestland,wood,"Forest processing waste","Softwood processing residues",,,55123,"Vernon County",Wisconsin,816.38,near-term,54,28.31,dt,515808200,BTU,0.03,0.0,0.0,,No,1.17
forestland,wood,"Forest processing waste","Softwood processing residues",,,55129,"Washburn County",Wisconsin,853.32,Emerging,54,1.96,dt,35711200,BTU,0.00,0.0,0.0,,No,1.17
forestland,wood,"Forest processing waste","Softwood processing residues",,,55129,"Washburn County",Wisconsin,853.32,"mature-market high",54,1.96,dt,35711200,BTU,0.00,0.0,0.0,,No,1.17
forestland,wood,"Forest processing waste","Softwood processing residues",,,55129,"Washburn County",Wisconsin,853.32,"mature-market low",54,1.96,dt,35711200,BTU,0.00,0.0,0.0,,No,1.17
forestland,wood,"Forest processing waste","Softwood processing residues",,,55129,"Washburn County",Wisconsin,853.32,"mature-market medium",54,1.96,dt,35711200,BTU,0.00,0.0,0.0,,No,1.17
forestland,wood,"Forest processing waste","Softwood processing residues",,,55129,"Washburn County",Wisconsin,853.32,near-term,54,1.96,dt,35711200,BTU,0.00,0.0,0.0,,No,1.17
forestland,wood,"Forest processing waste","Softwood processing residues",,,55135,"Waupaca County",Wisconsin,765.17,Emerging,54,9.28,dt,169081600,BTU,0.01,0.0,0.0,,No,1.17
forestland,wood,"Forest processing waste","Softwood processing residues",,,55135,"Waupaca County",Wisconsin,765.17,"mature-market high",54,9.28,dt,169081600,BTU,0.01,0.0,0.0,,No,1.17
forestland,wood,"Forest processing waste","Softwood processing residues",,,55135,"Waupaca County",Wisconsin,765.17,"mature-market low",54,9.28,dt,169081600,BTU,0.01,0.0,0.0,,No,1.17
forestland,wood,"Forest processing waste","Softwood processing residues",,,55135,"Waupaca County",Wisconsin,765.17,"mature-market medium",54,9.28,dt,169081600,BTU,0.01,0.0,0.0,,No,1.17
forestland,wood,"Forest processing waste","Softwood processing residues",,,55135,"Waupaca County",Wisconsin,765.17,near-term,54,9.28,dt,169081600,BTU,0.01,0.0,0.0,,No,1.17
forestland,wood,"Forest processing waste","Softwood processing residues",,,55141,"Wood County",Wisconsin,809.25,Emerging,54,3009.22,dt,54827897300,BTU,3.72,0.0,0.0,,No,1.17
forestland,wood,"Forest processing waste","Softwood processing residues",,,55141,"Wood County",Wisconsin,809.25,"mature-market high",54,3009.22,dt,54827897300,BTU,3.72,0.0,0.0,,No,1.17
forestland,wood,"Forest processing waste","Softwood processing residues",,,55141,"Wood County",Wisconsin,809.25,"mature-market low",54,3009.22,dt,54827897300,BTU,3.72,0.0,0.0,,No,1.17
forestland,wood,"Forest processing waste","Softwood processing residues",,,55141,"Wood County",Wisconsin,809.25,"mature-market medium",54,3009.22,dt,54827897300,BTU,3.72,0.0,0.0,,No,1.17
forestland,wood,"Forest processing waste","Softwood processing residues",,,55141,"Wood County",Wisconsin,809.25,near-term,54,3009.22,dt,54827897300,BTU,3.72,0.0,0.0,,No,1.17
forestland,wood,"Logging residues","Hardwood lowland logging residues","Class 1",Private,55003,"Ashland County",Wisconsin,1054.13,Emerging,40,7335.70,dt,127406437600,BTU,6.96,16.77,863.90,ac,No,0.95
forestland,wood,"Logging residues","Hardwood lowland logging residues","Class 1",Private,55003,"Ashland County",Wisconsin,1054.13,"mature-market high",40,7335.70,dt,127406437600,BTU,6.96,16.77,863.90,ac,No,0.95
forestland,wood,"Logging residues","Hardwood lowland logging residues","Class 1",Private,55003,"Ashland County",Wisconsin,1054.13,"mature-market low",40,7335.70,dt,127406437600,BTU,6.96,16.77,863.90,ac,No,0.95
forestland,wood,"Logging residues","Hardwood lowland logging residues","Class 1",Private,55003,"Ashland County",Wisconsin,1054.13,"mature-market medium",40,7335.70,dt,127406437600,BTU,6.96,16.77,863.90,ac,No,0.95
forestland,wood,"Logging residues","Hardwood lowland logging residues","Class 1",Private,55003,"Ashland County",Wisconsin,1054.13,near-term,40,13940.90,dt,242125551200,BTU,13.23,16.77,1864.60,ac,No,0.95
forestland,wood,"Logging residues","Hardwood lowland logging residues","Class 1",Private,55005,"Barron County",Wisconsin,889.76,Emerging,40,1967.80,dt,34176750400,BTU,2.21,16.77,268.80,ac,No,0.95
forestland,wood,"Logging residues","Hardwood lowland logging residues","Class 1",Private,55005,"Barron County",Wisconsin,889.76,"mature-market high",40,1967.80,dt,34176750400,BTU,2.21,16.77,268.80,ac,No,0.95
forestland,wood,"Logging residues","Hardwood lowland logging residues","Class 1",Private,55005,"Barron County",Wisconsin,889.76,"mature-market low",40,1967.80,dt,34176750400,BTU,2.21,16.77,268.80,ac,No,0.95
forestland,wood,"Logging residues","Hardwood lowland logging residues","Class 1",Private,55005,"Barron County",Wisconsin,889.76,"mature-market medium",40,1967.80,dt,34176750400,BTU,2.21,16.77,268.80,ac,No,0.95
forestland,wood,"Logging residues","Hardwood lowland logging residues","Class 1",Private,55007,"Bayfield County",Wisconsin,1511.34,Emerging,40,2598.50,dt,45130748000,BTU,1.72,16.77,355.00,ac,No,0.95
forestland,wood,"Logging residues","Hardwood lowland logging residues","Class 1",Private,55007,"Bayfield County",Wisconsin,1511.34,"mature-market high",40,2598.50,dt,45130748000,BTU,1.72,16.77,355.00,ac,No,0.95
forestland,wood,"Logging residues","Hardwood lowland logging residues","Class 1",Private,55007,"Bayfield County",Wisconsin,1511.34,"mature-market low",40,2598.50,dt,45130748000,BTU,1.72,16.77,355.00,ac,No,0.95
forestland,wood,"Logging residues","Hardwood lowland logging residues","Class 1",Private,55007,"Bayfield County",Wisconsin,1511.34,"mature-market medium",40,2598.50,dt,45130748000,BTU,1.72,16.77,355.00,ac,No,0.95
forestland,wood,"Logging residues","Hardwood lowland logging residues","Class 1",Private,55013,"Burnett County",Wisconsin,880.22,Emerging,40,2396.70,dt,41625885600,BTU,2.72,16.77,327.40,ac,No,0.95
forestland,wood,"Logging residues","Hardwood lowland logging residues","Class 1",Private,55013,"Burnett County",Wisconsin,880.22,"mature-market high",40,2396.70,dt,41625885600,BTU,2.72,16.77,327.40,ac,No,0.95
forestland,wood,"Logging residues","Hardwood lowland logging residues","Class 1",Private,55013,"Burnett County",Wisconsin,880.22,"mature-market low",40,2396.70,dt,41625885600,BTU,2.72,16.77,327.40,ac,No,0.95
forestland,wood,"Logging residues","Hardwood lowland logging residues","Class 1",Private,55013,"Burnett County",Wisconsin,880.22,"mature-market medium",40,2396.70,dt,41625885600,BTU,2.72,16.77,327.40,ac,No,0.95
forestland,wood,"Logging residues","Hardwood lowland logging residues","Class 1",Private,55017,"Chippewa County",Wisconsin,1041.27,Emerging,40,2220.10,dt,38558696800,BTU,2.13,16.77,303.30,ac,No,0.95
forestland,wood,"Logging residues","Hardwood lowland logging residues","Class 1",Private,55017,"Chippewa County",Wisconsin,1041.27,"mature-market high",40,2220.10,dt,38558696800,BTU,2.13,16.77,303.30,ac,No,0.95
forestland,wood,"Logging residues","Hardwood lowland logging residues","Class 1",Private,55017,"Chippewa County",Wisconsin,1041.27,"mature-market low",40,2220.10,dt,38558696800,BTU,2.13,16.77,303.30,ac,No,0.95
forestland,wood,"Logging residues","Hardwood lowland logging residues","Class 1",Private,55017,"Chippewa County",Wisconsin,1041.27,"mature-market medium",40,2220.10,dt,38558696800,BTU,2.13,16.77,303.30,ac,No,0.95
forestland,wood,"Logging residues","Hardwood lowland logging residues","Class 1",Private,55019,"Clark County",Wisconsin,1218.67,Emerging,40,11079.90,dt,192435703200,BTU,9.09,16.77,1304.80,ac,No,0.95
forestland,wood,"Logging residues","Hardwood lowland logging residues","Class 1",Private,55019,"Clark County",Wisconsin,1218.67,"mature-market high",40,11079.90,dt,192435703200,BTU,9.09,16.77,1304.80,ac,No,0.95
forestland,wood,"Logging residues","Hardwood lowland logging residues","Class 1",Private,55019,"Clark County",Wisconsin,1218.67,"mature-market low",40,11079.90,dt,192435703200,BTU,9.09,16.77,1304.80,ac,No,0.95
forestland,wood,"Logging residues","Hardwood lowland logging residues","Class 1",Private,55019,"Clark County",Wisconsin,1218.67,"mature-market medium",40,11079.90,dt,192435703200,BTU,9.09,16.77,1304.80,ac,No,0.95
forestland,wood,"Logging residues","Hardwood lowland logging residues","Class 1",Private,55019,"Clark County",Wisconsin,1218.67,near-term,40,21056.60,dt,365711028800,BTU,17.28,16.77,2816.40,ac,No,0.95
forestland,wood,"Logging residues","Hardwood lowland logging residues","Class 1",Private,55031,"Douglas County",Wisconsin,1332.11,Emerging,40,3128.30,dt,54332314400,BTU,2.35,16.77,427.40,ac,No,0.95
forestland,wood,"Logging residues","Hardwood lowland logging residues","Class 1",Private,55031,"Douglas County",Wisconsin,1332.11,"mature-market high",40,3128.30,dt,54332314400,BTU,2.35,16.77,427.40,ac,No,0.95
forestland,wood,"Logging residues","Hardwood lowland logging residues","Class 1",Private,55031,"Douglas County",Wisconsin,1332.11,"mature-market low",40,3128.30,dt,54332314400,BTU,2.35,16.77,427.40,ac,No,0.95
forestland,wood,"Logging residues","Hardwood lowland logging residues","Class 1",Private,55031,"Douglas County",Wisconsin,1332.11,"mature-market medium",40,3128.30,dt,54332314400,BTU,2.35,16.77,427.40,ac,No,0.95
forestland,wood,"Logging residues","Hardwood lowland logging residues","Class 1",Private,55051,"Iron County",Wisconsin,802.62,Emerging,40,7641.30,dt,132714098400,BTU,9.52,16.77,899.90,ac,No,0.95
forestland,wood,"Logging residues","Hardwood lowland logging residues","Class 1",Private,55051,"Iron County",Wisconsin,802.62,"mature-market high",40,7641.30,dt,132714098400,BTU,9.52,16.77,899.90,ac,No,0.95
forestland,wood,"Logging residues","Hardwood lowland logging residues","Class 1",Private,55051,"Iron County",Wisconsin,802.62,"mature-market low",40,7641.30,dt,132714098400,BTU,9.52,16.77,899.90,ac,No,0.95
forestland,wood,"Logging residues","Hardwood lowland logging residues","Class 1",Private,55051,"Iron County",Wisconsin,802.62,"mature-market medium",40,7641.30,dt,132714098400,BTU,9.52,16.77,899.90,ac,No,0.95
forestland,wood,"Logging residues","Hardwood lowland logging residues","Class 1",Private,55051,"Iron County",Wisconsin,802.62,near-term,40,14521.80,dt,252214622400,BTU,18.09,16.77,1942.30,ac,No,0.95
forestland,wood,"Logging residues","Hardwood lowland logging residues","Class 1",Private,55069,"Lincoln County",Wisconsin,906.79,Emerging,40,10010.10,dt,173855416800,BTU,11.04,16.77,1178.80,ac,No,0.95
forestland,wood,"Logging residues","Hardwood lowland logging residues","Class 1",Private,55069,"Lincoln County",Wisconsin,906.79,"mature-market high",40,10010.10,dt,173855416800,BTU,11.04,16.77,1178.80,ac,No,0.95
forestland,wood,"Logging residues","Hardwood lowland logging residues","Class 1",Private,55069,"Lincoln County",Wisconsin,906.79,"mature-market low",40,10010.10,dt,173855416800,BTU,11.04,16.77,1178.80,ac,No,0.95
forestland,wood,"Logging residues","Hardwood lowland logging residues","Class 1",Private,55069,"Lincoln County",Wisconsin,906.79,"mature-market medium",40,10010.10,dt,173855416800,BTU,11.04,16.77,1178.80,ac,No,0.95
forestland,wood,"Logging residues","Hardwood lowland logging residues","Class 1",Private,55069,"Lincoln County",Wisconsin,906.79,near-term,40,19023.50,dt,330400148000,BTU,20.98,16.77,2544.50,ac,No,0.95
forestland,wood,"Logging residues","Hardwood lowland logging residues","Class 1",Private,55073,"Marathon County",Wisconsin,1576.33,Emerging,40,12684.60,dt,220306132800,BTU,8.05,16.77,1493.80,ac,No,0.95
forestland,wood,"Logging residues","Hardwood lowland logging residues","Class 1",Private,55073,"Marathon County",Wisconsin,1576.33,"mature-market high",40,12684.60,dt,220306132800,BTU,8.05,16.77,1493.80,ac,No,0.95
forestland,wood,"Logging residues","Hardwood lowland logging residues","Class 1",Private,55073,"Marathon County",Wisconsin,1576.33,"mature-market low",40,12684.60,dt,220306132800,BTU,8.05,16.77,1493.80,ac,No,0.95
forestland,wood,"Logging residues","Hardwood lowland logging residues","Class 1",Private,55073,"Marathon County",Wisconsin,1576.33,"mature-market medium",40,12684.60,dt,220306132800,BTU,8.05,16.77,1493.80,ac,No,0.95
forestland,wood,"Logging residues","Hardwood lowland logging residues","Class 1",Private,55073,"Marathon County",Wisconsin,1576.33,near-term,40,24106.20,dt,418676481600,BTU,15.29,16.77,3224.30,ac,No,0.95
forestland,wood,"Logging residues","Hardwood lowland logging residues","Class 1",Private,55085,"Oneida County",Wisconsin,1236.57,Emerging,40,6647.90,dt,115460727200,BTU,5.38,16.77,782.90,ac,No,0.95
forestland,wood,"Logging residues","Hardwood lowland logging residues","Class 1",Private,55085,"Oneida County",Wisconsin,1236.57,"mature-market high",40,6647.90,dt,115460727200,BTU,5.38,16.77,782.90,ac,No,0.95
forestland,wood,"Logging residues","Hardwood lowland logging residues","Class 1",Private,55085,"Oneida County",Wisconsin,1236.57,"mature-market low",40,6647.90,dt,115460727200,BTU,5.38,16.77,782.90,ac,No,0.95
forestland,wood,"Logging residues","Hardwood lowland logging residues","Class 1",Private,55085,"Oneida County",Wisconsin,1236.57,"mature-market medium",40,6647.90,dt,115460727200,BTU,5.38,16.77,782.90,ac,No,0.95
forestland,wood,"Logging residues","Hardwood lowland logging residues","Class 1",Private,55085,"Oneida County",Wisconsin,1236.57,near-term,40,12633.90,dt,219425575200,BTU,10.22,16.77,1689.80,ac,No,0.95
forestland,wood,"Logging residues","Hardwood lowland logging residues","Class 1",Private,55095,"Polk County",Wisconsin,956.41,Emerging,40,2699.40,dt,46883179200,BTU,2.82,16.77,368.80,ac,No,0.95
forestland,wood,"Logging residues","Hardwood lowland logging residues","Class 1",Private,55095,"Polk County",Wisconsin,956.41,"mature-market high",40,2699.40,dt,46883179200,BTU,2.82,16.77,368.80,ac,No,0.95
forestland,wood,"Logging residues","Hardwood lowland logging residues","Class 1",Private,55095,"Polk County",Wisconsin,956.41,"mature-market low",40,2699.40,dt,46883179200,BTU,2.82,16.77,368.80,ac,No,0.95
forestland,wood,"Logging residues","Hardwood lowland logging residues","Class 1",Private,55095,"Polk County",Wisconsin,956.41,"mature-market medium",40,2699.40,dt,46883179200,BTU,2.82,16.77,368.80,ac,No,0.95
forestland,wood,"Logging residues","Hardwood lowland logging residues","Class 1",Private,55099,"Price County",Wisconsin,1278.04,Emerging,40,10392.20,dt,180491729600,BTU,8.13,16.77,1223.80,ac,No,0.95
forestland,wood,"Logging residues","Hardwood lowland logging residues","Class 1",Private,55099,"Price County",Wisconsin,1278.04,"mature-market high",40,10392.20,dt,180491729600,BTU,8.13,16.77,1223.80,ac,No,0.95
forestland,wood,"Logging residues","Hardwood lowland logging residues","Class 1",Private,55099,"Price County",Wisconsin,1278.04,"mature-market low",40,10392.20,dt,180491729600,BTU,8.13,16.77,1223.80,ac,No,0.95
forestland,wood,"Logging residues","Hardwood lowland logging residues","Class 1",Private,55099,"Price County",Wisconsin,1278.04,"mature-market medium",40,10392.20,dt,180491729600,BTU,8.13,16.77,1223.80,ac,No,0.95
forestland,wood,"Logging residues","Hardwood lowland logging residues","Class 1",Private,55099,"Price County",Wisconsin,1278.04,near-term,40,19749.60,dt,343011052800,BTU,15.45,16.77,2641.60,ac,No,0.95
forestland,wood,"Logging residues","Hardwood lowland logging residues","Class 1",Private,55107,"Rusk County",Wisconsin,930.86,Emerging,40,3254.40,dt,56522419200,BTU,3.50,16.77,444.60,ac,No,0.95
forestland,wood,"Logging residues","Hardwood lowland logging residues","Class 1",Private,55107,"Rusk County",Wisconsin,930.86,"mature-market high",40,3254.40,dt,56522419200,BTU,3.50,16.77,444.60,ac,No,0.95
forestland,wood,"Logging residues","Hardwood lowland logging residues","Class 1",Private,55107,"Rusk County",Wisconsin,930.86,"mature-market low",40,3254.40,dt,56522419200,BTU,3.50,16.77,444.60,ac,No,0.95
forestland,wood,"Logging residues","Hardwood lowland logging residues","Class 1",Private,55107,"Rusk County",Wisconsin,930.86,"mature-market medium",40,3254.40,dt,56522419200,BTU,3.50,16.77,444.60,ac,No,0.95
forestland,wood,"Logging residues","Hardwood lowland logging residues","Class 1",Private,55113,"Sawyer County",Wisconsin,1350.24,Emerging,40,3910.40,dt,67915827200,BTU,2.90,16.77,534.20,ac,No,0.95
forestland,wood,"Logging residues","Hardwood lowland logging residues","Class 1",Private,55113,"Sawyer County",Wisconsin,1350.24,"mature-market high",40,3910.40,dt,67915827200,BTU,2.90,16.77,534.20,ac,No,0.95
forestland,wood,"Logging residues","Hardwood lowland logging residues","Class 1",Private,55113,"Sawyer County",Wisconsin,1350.24,"mature-market low",40,3910.40,dt,67915827200,BTU,2.90,16.77,534.20,ac,No,0.95
forestland,wood,"Logging residues","Hardwood lowland logging residues","Class 1",Private,55113,"Sawyer County",Wisconsin,1350.24,"mature-market medium",40,3910.40,dt,67915827200,BTU,2.90,16.77,534.20,ac,No,0.95
forestland,wood,"Logging residues","Hardwood lowland logging residues","Class 1",Private,55119,"Taylor County",Wisconsin,984.56,Emerging,40,6418.70,dt,111479981600,BTU,6.52,16.77,755.90,ac,No,0.95
forestland,wood,"Logging residues","Hardwood lowland logging residues","Class 1",Private,55119,"Taylor County",Wisconsin,984.56,"mature-market high",40,6418.70,dt,111479981600,BTU,6.52,16.77,755.90,ac,No,0.95
forestland,wood,"Logging residues","Hardwood lowland logging residues","Class 1",Private,55119,"Taylor County",Wisconsin,984.56,"mature-market low",40,6418.70,dt,111479981600,BTU,6.52,16.77,755.90,ac,No,0.95
forestland,wood,"Logging residues","Hardwood lowland logging residues","Class 1",Private,55119,"Taylor County",Wisconsin,984.56,"mature-market medium",40,6418.70,dt,111479981600,BTU,6.52,16.77,755.90,ac,No,0.95
forestland,wood,"Logging residues","Hardwood lowland logging residues","Class 1",Private,55119,"Taylor County",Wisconsin,984.56,near-term,40,12198.30,dt,211860074400,BTU,12.39,16.77,1631.60,ac,No,0.95
forestland,wood,"Logging residues","Hardwood lowland logging residues","Class 1",Private,55125,"Vilas County",Wisconsin,1017.72,Emerging,40,4279.10,dt,74319408800,BTU,4.20,16.77,503.90,ac,No,0.95
forestland,wood,"Logging residues","Hardwood lowland logging residues","Class 1",Private,55125,"Vilas County",Wisconsin,1017.72,"mature-market high",40,4279.10,dt,74319408800,BTU,4.20,16.77,503.90,ac,No,0.95
forestland,wood,"Logging residues","Hardwood lowland logging residues","Class 1",Private,55125,"Vilas County",Wisconsin,1017.72,"mature-market low",40,4279.10,dt,74319408800,BTU,4.20,16.77,503.90,ac,No,0.95
forestland,wood,"Logging residues","Hardwood lowland logging residues","Class 1",Private,55125,"Vilas County",Wisconsin,1017.72,"mature-market medium",40,4279.10,dt,74319408800,BTU,4.20,16.77,503.90,ac,No,0.95
forestland,wood,"Logging residues","Hardwood lowland logging residues","Class 1",Private,55125,"Vilas County",Wisconsin,1017.72,near-term,40,8132.20,dt,141240049600,BTU,7.99,16.77,1087.70,ac,No,0.95
forestland,wood,"Logging residues","Hardwood lowland logging residues","Class 1",Private,55129,"Washburn County",Wisconsin,853.32,Emerging,40,3052.60,dt,53017556800,BTU,3.58,16.77,417.00,ac,No,0.95
forestland,wood,"Logging residues","Hardwood lowland logging residues","Class 1",Private,55129,"Washburn County",Wisconsin,853.32,"mature-market high",40,3052.60,dt,53017556800,BTU,3.58,16.77,417.00,ac,No,0.95
forestland,wood,"Logging residues","Hardwood lowland logging residues","Class 1",Private,55129,"Washburn County",Wisconsin,853.32,"mature-market low",40,3052.60,dt,53017556800,BTU,3.58,16.77,417.00,ac,No,0.95
forestland,wood,"Logging residues","Hardwood lowland logging residues","Class 1",Private,55129,"Washburn County",Wisconsin,853.32,"mature-market medium",40,3052.60,dt,53017556800,BTU,3.58,16.77,417.00,ac,No,0.95
forestland,wood,"Logging residues","Hardwood lowland logging residues","Class 1",Public,55003,"Ashland County",Wisconsin,1054.13,Emerging,40,9597.10,dt,166682432800,BTU,9.10,16.77,1198.40,ac,No,0.95
forestland,wood,"Logging residues","Hardwood lowland logging residues","Class 1",Public,55003,"Ashland County",Wisconsin,1054.13,"mature-market high",40,9597.10,dt,166682432800,BTU,9.10,16.77,1198.40,ac,No,0.95
forestland,wood,"Logging residues","Hardwood lowland logging residues","Class 1",Public,55003,"Ashland County",Wisconsin,1054.13,"mature-market low",40,9597.10,dt,166682432800,BTU,9.10,16.77,1198.40,ac,No,0.95
forestland,wood,"Logging residues","Hardwood lowland logging residues","Class 1",Public,55003,"Ashland County",Wisconsin,1054.13,"mature-market medium",40,9597.10,dt,166682432800,BTU,9.10,16.77,1198.40,ac,No,0.95
forestland,wood,"Logging residues","Hardwood lowland logging residues","Class 1",Public,55003,"Ashland County",Wisconsin,1054.13,near-term,40,7825.30,dt,135909810400,BTU,7.42,16.77,1032.80,ac,No,0.95
forestland,wood,"Logging residues","Hardwood lowland logging residues","Class 1",Public,55007,"Bayfield County",Wisconsin,1511.34,Emerging,40,17596.80,dt,305621222400,BTU,11.64,16.77,2104.30,ac,No,0.95
forestland,wood,"Logging residues","Hardwood lowland logging residues","Class 1",Public,55007,"Bayfield County",Wisconsin,1511.34,"mature-market high",40,17596.80,dt,305621222400,BTU,11.64,16.77,2104.30,ac,No,0.95
forestland,wood,"Logging residues","Hardwood lowland logging residues","Class 1",Public,55007,"Bayfield County",Wisconsin,1511.34,"mature-market low",40,17596.80,dt,305621222400,BTU,11.64,16.77,2104.30,ac,No,0.95
forestland,wood,"Logging residues","Hardwood lowland logging residues","Class 1",Public,55007,"Bayfield County",Wisconsin,1511.34,"mature-market medium",40,17596.80,dt,305621222400,BTU,11.64,16.77,2104.30,ac,No,0.95
forestland,wood,"Logging residues","Hardwood lowland logging residues","Class 1",Public,55013,"Burnett County",Wisconsin,880.22,Emerging,40,974.70,dt,16928589600,BTU,1.11,16.77,116.60,ac,No,0.95
forestland,wood,"Logging residues","Hardwood lowland logging residues","Class 1",Public,55013,"Burnett County",Wisconsin,880.22,"mature-market high",40,974.70,dt,16928589600,BTU,1.11,16.77,116.60,ac,No,0.95
forestland,wood,"Logging residues","Hardwood lowland logging residues","Class 1",Public,55013,"Burnett County",Wisconsin,880.22,"mature-market low",40,974.70,dt,16928589600,BTU,1.11,16.77,116.60,ac,No,0.95
forestland,wood,"Logging residues","Hardwood lowland logging residues","Class 1",Public,55013,"Burnett County",Wisconsin,880.22,"mature-market medium",40,974.70,dt,16928589600,BTU,1.11,16.77,116.60,ac,No,0.95
forestland,wood,"Logging residues","Hardwood lowland logging residues","Class 1",Public,55031,"Douglas County",Wisconsin,1332.11,Emerging,40,230.90,dt,4010271200,BTU,0.17,16.77,27.60,ac,No,0.95
forestland,wood,"Logging residues","Hardwood lowland logging residues","Class 1",Public,55031,"Douglas County",Wisconsin,1332.11,"mature-market high",40,230.90,dt,4010271200,BTU,0.17,16.77,27.60,ac,No,0.95
forestland,wood,"Logging residues","Hardwood lowland logging residues","Class 1",Public,55031,"Douglas County",Wisconsin,1332.11,"mature-market low",40,230.90,dt,4010271200,BTU,0.17,16.77,27.60,ac,No,0.95
forestland,wood,"Logging residues","Hardwood lowland logging residues","Class 1",Public,55031,"Douglas County",Wisconsin,1332.11,"mature-market medium",40,230.90,dt,4010271200,BTU,0.17,16.77,27.60,ac,No,0.95
forestland,wood,"Logging residues","Hardwood lowland logging residues","Class 1",Public,55037,"Florence County",Wisconsin,497.43,Emerging,40,5504.00,dt,95593472000,BTU,11.06,16.77,580.30,ac,No,0.95
forestland,wood,"Logging residues","Hardwood lowland logging residues","Class 1",Public,55037,"Florence County",Wisconsin,497.43,"mature-market high",40,5504.00,dt,95593472000,BTU,11.06,16.77,580.30,ac,No,0.95
forestland,wood,"Logging residues","Hardwood lowland logging residues","Class 1",Public,55037,"Florence County",Wisconsin,497.43,"mature-market low",40,5504.00,dt,95593472000,BTU,11.06,16.77,580.30,ac,No,0.95
forestland,wood,"Logging residues","Hardwood lowland logging residues","Class 1",Public,55037,"Florence County",Wisconsin,497.43,"mature-market medium",40,5504.00,dt,95593472000,BTU,11.06,16.77,580.30,ac,No,0.95
forestland,wood,"Logging residues","Hardwood lowland logging residues","Class 1",Public,55037,"Florence County",Wisconsin,497.43,near-term,40,10846.90,dt,188388959200,BTU,21.81,16.77,1252.50,ac,No,0.95
forestland,wood,"Logging residues","Hardwood lowland logging residues","Class 1",Public,55041,"Forest County",Wisconsin,1046.52,Emerging,40,21937.90,dt,381017447200,BTU,20.96,16.77,2312.90,ac,No,0.95
forestland,wood,"Logging residues","Hardwood lowland logging residues","Class 1",Public,55041,"Forest County",Wisconsin,1046.52,"mature-market high",40,21937.90,dt,381017447200,BTU,20.96,16.77,2312.90,ac,No,0.95
forestland,wood,"Logging residues","Hardwood lowland logging residues","Class 1",Public,55041,"Forest County",Wisconsin,1046.52,"mature-market low",40,21937.90,dt,381017447200,BTU,20.96,16.77,2312.90,ac,No,0.95
forestland,wood,"Logging residues","Hardwood lowland logging residues","Class 1",Public,55041,"Forest County",Wisconsin,1046.52,"mature-market medium",40,21937.90,dt,381017447200,BTU,20.96,16.77,2312.90,ac,No,0.95
forestland,wood,"Logging residues","Hardwood lowland logging residues","Class 1",Public,55041,"Forest County",Wisconsin,1046.52,near-term,40,43233.60,dt,750881164800,BTU,41.31,16.77,4992.20,ac,No,0.95
forestland,wood,"Logging residues","Hardwood lowland logging residues","Class 1",Public,55067,"Langlade County",Wisconsin,887.79,Emerging,40,2810.50,dt,48812764000,BTU,3.17,16.77,296.30,ac,No,0.95
forestland,wood,"Logging residues","Hardwood lowland logging residues","Class 1",Public,55067,"Langlade County",Wisconsin,887.79,"mature-market high",40,2810.50,dt,48812764000,BTU,3.17,16.77,296.30,ac,No,0.95
forestland,wood,"Logging residues","Hardwood lowland logging residues","Class 1",Public,55067,"Langlade County",Wisconsin,887.79,"mature-market low",40,2810.50,dt,48812764000,BTU,3.17,16.77,296.30,ac,No,0.95
forestland,wood,"Logging residues","Hardwood lowland logging residues","Class 1",Public,55067,"Langlade County",Wisconsin,887.79,"mature-market medium",40,2810.50,dt,48812764000,BTU,3.17,16.77,296.30,ac,No,0.95
forestland,wood,"Logging residues","Hardwood lowland logging residues","Class 1",Public,55067,"Langlade County",Wisconsin,887.79,near-term,40,5538.80,dt,96197878400,BTU,6.24,16.77,639.60,ac,No,0.95
forestland,wood,"Logging residues","Hardwood lowland logging residues","Class 1",Public,55083,"Oconto County",Wisconsin,1016.31,Emerging,40,8783.00,dt,152543144000,BTU,8.64,16.77,926.00,ac,No,0.95
forestland,wood,"Logging residues","Hardwood lowland logging residues","Class 1",Public,55083,"Oconto County",Wisconsin,1016.31,"mature-market high",40,8783.00,dt,152543144000,BTU,8.64,16.77,926.00,ac,No,0.95
forestland,wood,"Logging residues","Hardwood lowland logging residues","Class 1",Public,55083,"Oconto County",Wisconsin,1016.31,"mature-market low",40,8783.00,dt,152543144000,BTU,8.64,16.77,926.00,ac,No,0.95
forestland,wood,"Logging residues","Hardwood lowland logging residues","Class 1",Public,55083,"Oconto County",Wisconsin,1016.31,"mature-market medium",40,8783.00,dt,152543144000,BTU,8.64,16.77,926.00,ac,No,0.95
forestland,wood,"Logging residues","Hardwood lowland logging residues","Class 1",Public,55083,"Oconto County",Wisconsin,1016.31,near-term,40,17308.80,dt,300619238400,BTU,17.03,16.77,1998.70,ac,No,0.95
forestland,wood,"Logging residues","Hardwood lowland logging residues","Class 1",Public,55085,"Oneida County",Wisconsin,1236.57,Emerging,40,102.10,dt,1773272800,BTU,0.08,16.77,12.70,ac,No,0.95
forestland,wood,"Logging residues","Hardwood lowland logging residues","Class 1",Public,55085,"Oneida County",Wisconsin,1236.57,"mature-market high",40,102.10,dt,1773272800,BTU,0.08,16.77,12.70,ac,No,0.95
forestland,wood,"Logging residues","Hardwood lowland logging residues","Class 1",Public,55085,"Oneida County",Wisconsin,1236.57,"mature-market low",40,102.10,dt,1773272800,BTU,0.08,16.77,12.70,ac,No,0.95
forestland,wood,"Logging residues","Hardwood lowland logging residues","Class 1",Public,55085,"Oneida County",Wisconsin,1236.57,"mature-market medium",40,102.10,dt,1773272800,BTU,0.08,16.77,12.70,ac,No,0.95
forestland,wood,"Logging residues","Hardwood lowland logging residues","Class 1",Public,55085,"Oneida County",Wisconsin,1236.57,near-term,40,83.20,dt,1445017600,BTU,0.07,16.77,11.00,ac,No,0.95
forestland,wood,"Logging residues","Hardwood lowland logging residues","Class 1",Public,55095,"Polk County",Wisconsin,956.41,Emerging,40,487.40,dt,8465163200,BTU,0.51,16.77,58.30,ac,No,0.95
forestland,wood,"Logging residues","Hardwood lowland logging residues","Class 1",Public,55095,"Polk County",Wisconsin,956.41,"mature-market high",40,487.40,dt,8465163200,BTU,0.51,16.77,58.30,ac,No,0.95
forestland,wood,"Logging residues","Hardwood lowland logging residues","Class 1",Public,55095,"Polk County",Wisconsin,956.41,"mature-market low",40,487.40,dt,8465163200,BTU,0.51,16.77,58.30,ac,No,0.95
forestland,wood,"Logging residues","Hardwood lowland logging residues","Class 1",Public,55095,"Polk County",Wisconsin,956.41,"mature-market medium",40,487.40,dt,8465163200,BTU,0.51,16.77,58.30,ac,No,0.95
forestland,wood,"Logging residues","Hardwood lowland logging residues","Class 1",Public,55099,"Price County",Wisconsin,1278.04,Emerging,40,7453.00,dt,129443704000,BTU,5.83,16.77,930.70,ac,No,0.95
forestland,wood,"Logging residues","Hardwood lowland logging residues","Class 1",Public,55099,"Price County",Wisconsin,1278.04,"mature-market high",40,7453.00,dt,129443704000,BTU,5.83,16.77,930.70,ac,No,0.95
forestland,wood,"Logging residues","Hardwood lowland logging residues","Class 1",Public,55099,"Price County",Wisconsin,1278.04,"mature-market low",40,7453.00,dt,129443704000,BTU,5.83,16.77,930.70,ac,No,0.95
forestland,wood,"Logging residues","Hardwood lowland logging residues","Class 1",Public,55099,"Price County",Wisconsin,1278.04,"mature-market medium",40,7453.00,dt,129443704000,BTU,5.83,16.77,930.70,ac,No,0.95
forestland,wood,"Logging residues","Hardwood lowland logging residues","Class 1",Public,55099,"Price County",Wisconsin,1278.04,near-term,40,6077.10,dt,105547072800,BTU,4.76,16.77,802.00,ac,No,0.95
forestland,wood,"Logging residues","Hardwood lowland logging residues","Class 1",Public,55113,"Sawyer County",Wisconsin,1350.24,Emerging,40,5797.20,dt,100685769600,BTU,4.29,16.77,693.30,ac,No,0.95
forestland,wood,"Logging residues","Hardwood lowland logging residues","Class 1",Public,55113,"Sawyer County",Wisconsin,1350.24,"mature-market high",40,5797.20,dt,100685769600,BTU,4.29,16.77,693.30,ac,No,0.95
forestland,wood,"Logging residues","Hardwood lowland logging residues","Class 1",Public,55113,"Sawyer County",Wisconsin,1350.24,"mature-market low",40,5797.20,dt,100685769600,BTU,4.29,16.77,693.30,ac,No,0.95
forestland,wood,"Logging residues","Hardwood lowland logging residues","Class 1",Public,55113,"Sawyer County",Wisconsin,1350.24,"mature-market medium",40,5797.20,dt,100685769600,BTU,4.29,16.77,693.30,ac,No,0.95
forestland,wood,"Logging residues","Hardwood lowland logging residues","Class 1",Public,55119,"Taylor County",Wisconsin,984.56,Emerging,40,12149.50,dt,211012516000,BTU,12.34,16.77,1517.10,ac,No,0.95
forestland,wood,"Logging residues","Hardwood lowland logging residues","Class 1",Public,55119,"Taylor County",Wisconsin,984.56,"mature-market high",40,12149.50,dt,211012516000,BTU,12.34,16.77,1517.10,ac,No,0.95
forestland,wood,"Logging residues","Hardwood lowland logging residues","Class 1",Public,55119,"Taylor County",Wisconsin,984.56,"mature-market low",40,12149.50,dt,211012516000,BTU,12.34,16.77,1517.10,ac,No,0.95
forestland,wood,"Logging residues","Hardwood lowland logging residues","Class 1",Public,55119,"Taylor County",Wisconsin,984.56,"mature-market medium",40,12149.50,dt,211012516000,BTU,12.34,16.77,1517.10,ac,No,0.95
forestland,wood,"Logging residues","Hardwood lowland logging residues","Class 1",Public,55119,"Taylor County",Wisconsin,984.56,near-term,40,9906.50,dt,172056092000,BTU,10.06,16.77,1307.40,ac,No,0.95
forestland,wood,"Logging residues","Hardwood lowland logging residues","Class 1",Public,55125,"Vilas County",Wisconsin,1017.72,Emerging,40,4730.50,dt,82159324000,BTU,4.65,16.77,590.70,ac,No,0.95
forestland,wood,"Logging residues","Hardwood lowland logging residues","Class 1",Public,55125,"Vilas County",Wisconsin,1017.72,"mature-market high",40,4730.50,dt,82159324000,BTU,4.65,16.77,590.70,ac,No,0.95
forestland,wood,"Logging residues","Hardwood lowland logging residues","Class 1",Public,55125,"Vilas County",Wisconsin,1017.72,"mature-market low",40,4730.50,dt,82159324000,BTU,4.65,16.77,590.70,ac,No,0.95
forestland,wood,"Logging residues","Hardwood lowland logging residues","Class 1",Public,55125,"Vilas County",Wisconsin,1017.72,"mature-market medium",40,4730.50,dt,82159324000,BTU,4.65,16.77,590.70,ac,No,0.95
forestland,wood,"Logging residues","Hardwood lowland logging residues","Class 1",Public,55125,"Vilas County",Wisconsin,1017.72,near-term,40,3857.10,dt,66990112800,BTU,3.79,16.77,509.10,ac,No,0.95
forestland,wood,"Logging residues","Hardwood lowland logging residues","Class 1",Public,55129,"Washburn County",Wisconsin,853.32,Emerging,40,564.30,dt,9800762400,BTU,0.66,16.77,67.50,ac,No,0.95
forestland,wood,"Logging residues","Hardwood lowland logging residues","Class 1",Public,55129,"Washburn County",Wisconsin,853.32,"mature-market high",40,564.30,dt,9800762400,BTU,0.66,16.77,67.50,ac,No,0.95
forestland,wood,"Logging residues","Hardwood lowland logging residues","Class 1",Public,55129,"Washburn County",Wisconsin,853.32,"mature-market low",40,564.30,dt,9800762400,BTU,0.66,16.77,67.50,ac,No,0.95
forestland,wood,"Logging residues","Hardwood lowland logging residues","Class 1",Public,55129,"Washburn County",Wisconsin,853.32,"mature-market medium",40,564.30,dt,9800762400,BTU,0.66,16.77,67.50,ac,No,0.95
forestland,wood,"Logging residues","Hardwood lowland logging residues","Class 2",Private,55001,"Adams County",Wisconsin,687.48,Emerging,40,1906.70,dt,33115565600,BTU,2.77,20.55,394.90,ac,No,0.95
forestland,wood,"Logging residues","Hardwood lowland logging residues","Class 2",Private,55001,"Adams County",Wisconsin,687.48,"mature-market high",40,1906.70,dt,33115565600,BTU,2.77,20.55,394.90,ac,No,0.95
forestland,wood,"Logging residues","Hardwood lowland logging residues","Class 2",Private,55001,"Adams County",Wisconsin,687.48,"mature-market low",40,1906.70,dt,33115565600,BTU,2.77,20.55,394.90,ac,No,0.95
forestland,wood,"Logging residues","Hardwood lowland logging residues","Class 2",Private,55001,"Adams County",Wisconsin,687.48,"mature-market medium",40,1906.70,dt,33115565600,BTU,2.77,20.55,394.90,ac,No,0.95
forestland,wood,"Logging residues","Hardwood lowland logging residues","Class 2",Private,55001,"Adams County",Wisconsin,687.48,near-term,40,1569.90,dt,27266023200,BTU,2.28,20.55,412.30,ac,No,0.95
forestland,wood,"Logging residues","Hardwood lowland logging residues","Class 2",Private,55003,"Ashland County",Wisconsin,1054.13,Emerging,40,5645.40,dt,98049307200,BTU,5.36,20.55,1104.70,ac,No,0.95
forestland,wood,"Logging residues","Hardwood lowland logging residues","Class 2",Private,55003,"Ashland County",Wisconsin,1054.13,"mature-market high",40,5645.40,dt,98049307200,BTU,5.36,20.55,1104.70,ac,No,0.95
forestland,wood,"Logging residues","Hardwood lowland logging residues","Class 2",Private,55003,"Ashland County",Wisconsin,1054.13,"mature-market low",40,5645.40,dt,98049307200,BTU,5.36,20.55,1104.70,ac,No,0.95
forestland,wood,"Logging residues","Hardwood lowland logging residues","Class 2",Private,55003,"Ashland County",Wisconsin,1054.13,"mature-market medium",40,5645.40,dt,98049307200,BTU,5.36,20.55,1104.70,ac,No,0.95
forestland,wood,"Logging residues","Hardwood lowland logging residues","Class 2",Private,55003,"Ashland County",Wisconsin,1054.13,near-term,40,920.80,dt,15992454400,BTU,0.87,16.77,158.90,ac,No,0.95
forestland,wood,"Logging residues","Hardwood lowland logging residues","Class 2",Private,55003,"Ashland County",Wisconsin,1054.13,near-term,40,3349.20,dt,58168905600,BTU,3.18,20.55,791.50,ac,No,0.95
forestland,wood,"Logging residues","Hardwood lowland logging residues","Class 2",Private,55005,"Barron County",Wisconsin,889.76,Emerging,40,2562.90,dt,44512447200,BTU,2.88,20.55,598.90,ac,No,0.95
forestland,wood,"Logging residues","Hardwood lowland logging residues","Class 2",Private,55005,"Barron County",Wisconsin,889.76,"mature-market high",40,2562.90,dt,44512447200,BTU,2.88,20.55,598.90,ac,No,0.95
forestland,wood,"Logging residues","Hardwood lowland logging residues","Class 2",Private,55005,"Barron County",Wisconsin,889.76,"mature-market low",40,2562.90,dt,44512447200,BTU,2.88,20.55,598.90,ac,No,0.95
forestland,wood,"Logging residues","Hardwood lowland logging residues","Class 2",Private,55005,"Barron County",Wisconsin,889.76,"mature-market medium",40,2562.90,dt,44512447200,BTU,2.88,20.55,598.90,ac,No,0.95
forestland,wood,"Logging residues","Hardwood lowland logging residues","Class 2",Private,55005,"Barron County",Wisconsin,889.76,near-term,40,1131.80,dt,19657102400,BTU,1.27,16.77,223.50,ac,No,0.95
forestland,wood,"Logging residues","Hardwood lowland logging residues","Class 2",Private,55005,"Barron County",Wisconsin,889.76,near-term,40,2982.60,dt,51801796800,BTU,3.35,20.55,813.30,ac,No,0.95
forestland,wood,"Logging residues","Hardwood lowland logging residues","Class 2",Private,55007,"Bayfield County",Wisconsin,1511.34,Emerging,40,3384.30,dt,58778522400,BTU,2.24,20.55,790.90,ac,No,0.95
forestland,wood,"Logging residues","Hardwood lowland logging residues","Class 2",Private,55007,"Bayfield County",Wisconsin,1511.34,"mature-market high",40,3384.30,dt,58778522400,BTU,2.24,20.55,790.90,ac,No,0.95
forestland,wood,"Logging residues","Hardwood lowland logging residues","Class 2",Private,55007,"Bayfield County",Wisconsin,1511.34,"mature-market low",40,3384.30,dt,58778522400,BTU,2.24,20.55,790.90,ac,No,0.95
forestland,wood,"Logging residues","Hardwood lowland logging residues","Class 2",Private,55007,"Bayfield County",Wisconsin,1511.34,"mature-market medium",40,3384.30,dt,58778522400,BTU,2.24,20.55,790.90,ac,No,0.95
forestland,wood,"Logging residues","Hardwood lowland logging residues","Class 2",Private,55007,"Bayfield County",Wisconsin,1511.34,near-term,40,1494.60,dt,25958212800,BTU,0.99,16.77,295.10,ac,No,0.95
forestland,wood,"Logging residues","Hardwood lowland logging residues","Class 2",Private,55007,"Bayfield County",Wisconsin,1511.34,near-term,40,3938.50,dt,68403868000,BTU,2.61,20.55,1074.00,ac,No,0.95
forestland,wood,"Logging residues","Hardwood lowland logging residues","Class 2",Private,55009,"Brown County",Wisconsin,531.24,Emerging,40,4361.40,dt,75748795200,BTU,8.21,20.55,583.70,ac,No,0.95
forestland,wood,"Logging residues","Hardwood lowland logging residues","Class 2",Private,55009,"Brown County",Wisconsin,531.24,"mature-market high",40,4361.40,dt,75748795200,BTU,8.21,20.55,583.70,ac,No,0.95
forestland,wood,"Logging residues","Hardwood lowland logging residues","Class 2",Private,55009,"Brown County",Wisconsin,531.24,"mature-market low",40,4361.40,dt,75748795200,BTU,8.21,20.55,583.70,ac,No,0.95
forestland,wood,"Logging residues","Hardwood lowland logging residues","Class 2",Private,55009,"Brown County",Wisconsin,531.24,"mature-market medium",40,4361.40,dt,75748795200,BTU,8.21,20.55,583.70,ac,No,0.95
forestland,wood,"Logging residues","Hardwood lowland logging residues","Class 2",Private,55009,"Brown County",Wisconsin,531.24,near-term,40,163.40,dt,2837931200,BTU,0.31,16.77,23.60,ac,No,0.95
forestland,wood,"Logging residues","Hardwood lowland logging residues","Class 2",Private,55011,"Buffalo County",Wisconsin,709.59,Emerging,40,1349.40,dt,23436379200,BTU,1.90,20.55,344.40,ac,No,0.95
forestland,wood,"Logging residues","Hardwood lowland logging residues","Class 2",Private,55011,"Buffalo County",Wisconsin,709.59,"mature-market high",40,1349.40,dt,23436379200,BTU,1.90,20.55,344.40,ac,No,0.95
forestland,wood,"Logging residues","Hardwood lowland logging residues","Class 2",Private,55011,"Buffalo County",Wisconsin,709.59,"mature-market low",40,1349.40,dt,23436379200,BTU,1.90,20.55,344.40,ac,No,0.95
forestland,wood,"Logging residues","Hardwood lowland logging residues","Class 2",Private,55011,"Buffalo County",Wisconsin,709.59,"mature-market medium",40,1349.40,dt,23436379200,BTU,1.90,20.55,344.40,ac,No,0.95
forestland,wood,"Logging residues","Hardwood lowland logging residues","Class 2",Private,55011,"Buffalo County",Wisconsin,709.59,near-term,40,1238.60,dt,21512004800,BTU,1.75,20.55,416.50,ac,No,0.95
forestland,wood,"Logging residues","Hardwood lowland logging residues","Class 2",Private,55013,"Burnett County",Wisconsin,880.22,Emerging,40,3121.40,dt,54212475200,BTU,3.55,20.55,729.50,ac,No,0.95
forestland,wood,"Logging residues","Hardwood lowland logging residues","Class 2",Private,55013,"Burnett County",Wisconsin,880.22,"mature-market high",40,3121.40,dt,54212475200,BTU,3.55,20.55,729.50,ac,No,0.95
forestland,wood,"Logging residues","Hardwood lowland logging residues","Class 2",Private,55013,"Burnett County",Wisconsin,880.22,"mature-market low",40,3121.40,dt,54212475200,BTU,3.55,20.55,729.50,ac,No,0.95
forestland,wood,"Logging residues","Hardwood lowland logging residues","Class 2",Private,55013,"Burnett County",Wisconsin,880.22,"mature-market medium",40,3121.40,dt,54212475200,BTU,3.55,20.55,729.50,ac,No,0.95
forestland,wood,"Logging residues","Hardwood lowland logging residues","Class 2",Private,55013,"Burnett County",Wisconsin,880.22,near-term,40,1378.50,dt,23941788000,BTU,1.57,16.77,272.20,ac,No,0.95
forestland,wood,"Logging residues","Hardwood lowland logging residues","Class 2",Private,55013,"Burnett County",Wisconsin,880.22,near-term,40,3632.60,dt,63090996800,BTU,4.13,20.55,990.50,ac,No,0.95
forestland,wood,"Logging residues","Hardwood lowland logging residues","Class 2",Private,55015,"Calumet County",Wisconsin,397.08,Emerging,40,1838.30,dt,31927594400,BTU,4.63,20.55,246.00,ac,No,0.95
forestland,wood,"Logging residues","Hardwood lowland logging residues","Class 2",Private,55015,"Calumet County",Wisconsin,397.08,"mature-market high",40,1838.30,dt,31927594400,BTU,4.63,20.55,246.00,ac,No,0.95
forestland,wood,"Logging residues","Hardwood lowland logging residues","Class 2",Private,55015,"Calumet County",Wisconsin,397.08,"mature-market low",40,1838.30,dt,31927594400,BTU,4.63,20.55,246.00,ac,No,0.95
forestland,wood,"Logging residues","Hardwood lowland logging residues","Class 2",Private,55015,"Calumet County",Wisconsin,397.08,"mature-market medium",40,1838.30,dt,31927594400,BTU,4.63,20.55,246.00,ac,No,0.95
forestland,wood,"Logging residues","Hardwood lowland logging residues","Class 2",Private,55015,"Calumet County",Wisconsin,397.08,near-term,40,68.90,dt,1196655200,BTU,0.17,16.77,10.00,ac,No,0.95
forestland,wood,"Logging residues","Hardwood lowland logging residues","Class 2",Private,55017,"Chippewa County",Wisconsin,1041.27,Emerging,40,2891.40,dt,50217835200,BTU,2.78,20.55,675.70,ac,No,0.95
forestland,wood,"Logging residues","Hardwood lowland logging residues","Class 2",Private,55017,"Chippewa County",Wisconsin,1041.27,"mature-market high",40,2891.40,dt,50217835200,BTU,2.78,20.55,675.70,ac,No,0.95
forestland,wood,"Logging residues","Hardwood lowland logging residues","Class 2",Private,55017,"Chippewa County",Wisconsin,1041.27,"mature-market low",40,2891.40,dt,50217835200,BTU,2.78,20.55,675.70,ac,No,0.95
forestland,wood,"Logging residues","Hardwood lowland logging residues","Class 2",Private,55017,"Chippewa County",Wisconsin,1041.27,"mature-market medium",40,2891.40,dt,50217835200,BTU,2.78,20.55,675.70,ac,No,0.95
forestland,wood,"Logging residues","Hardwood lowland logging residues","Class 2",Private,55017,"Chippewa County",Wisconsin,1041.27,near-term,40,1276.90,dt,22177199200,BTU,1.23,16.77,252.10,ac,No,0.95
forestland,wood,"Logging residues","Hardwood lowland logging residues","Class 2",Private,55017,"Chippewa County",Wisconsin,1041.27,near-term,40,3365.00,dt,58443320000,BTU,3.23,20.55,917.60,ac,No,0.95
forestland,wood,"Logging residues","Hardwood lowland logging residues","Class 2",Private,55019,"Clark County",Wisconsin,1218.67,Emerging,40,8526.80,dt,148093462400,BTU,7.00,20.55,1668.50,ac,No,0.95
forestland,wood,"Logging residues","Hardwood lowland logging residues","Class 2",Private,55019,"Clark County",Wisconsin,1218.67,"mature-market high",40,8526.80,dt,148093462400,BTU,7.00,20.55,1668.50,ac,No,0.95
forestland,wood,"Logging residues","Hardwood lowland logging residues","Class 2",Private,55019,"Clark County",Wisconsin,1218.67,"mature-market low",40,8526.80,dt,148093462400,BTU,7.00,20.55,1668.50,ac,No,0.95
forestland,wood,"Logging residues","Hardwood lowland logging residues","Class 2",Private,55019,"Clark County",Wisconsin,1218.67,"mature-market medium",40,8526.80,dt,148093462400,BTU,7.00,20.55,1668.50,ac,No,0.95
forestland,wood,"Logging residues","Hardwood lowland logging residues","Class 2",Private,55019,"Clark County",Wisconsin,1218.67,near-term,40,1390.70,dt,24153677600,BTU,1.14,16.77,240.00,ac,No,0.95
forestland,wood,"Logging residues","Hardwood lowland logging residues","Class 2",Private,55019,"Clark County",Wisconsin,1218.67,near-term,40,5058.70,dt,87859501600,BTU,4.15,20.55,1195.50,ac,No,0.95
forestland,wood,"Logging residues","Hardwood lowland logging residues","Class 2",Private,55021,"Columbia County",Wisconsin,795.99,Emerging,40,2268.20,dt,39394097600,BTU,2.85,20.55,336.20,ac,No,0.95
forestland,wood,"Logging residues","Hardwood lowland logging residues","Class 2",Private,55021,"Columbia County",Wisconsin,795.99,"mature-market high",40,2268.20,dt,39394097600,BTU,2.85,20.55,336.20,ac,No,0.95
forestland,wood,"Logging residues","Hardwood lowland logging residues","Class 2",Private,55021,"Columbia County",Wisconsin,795.99,"mature-market low",40,2268.20,dt,39394097600,BTU,2.85,20.55,336.20,ac,No,0.95
forestland,wood,"Logging residues","Hardwood lowland logging residues","Class 2",Private,55021,"Columbia County",Wisconsin,795.99,"mature-market medium",40,2268.20,dt,39394097600,BTU,2.85,20.55,336.20,ac,No,0.95
forestland,wood,"Logging residues","Hardwood lowland logging residues","Class 2",Private,55021,"Columbia County",Wisconsin,795.99,near-term,40,1167.70,dt,20280613600,BTU,1.47,20.55,257.80,ac,No,0.95
forestland,wood,"Logging residues","Hardwood lowland logging residues","Class 2",Private,55023,"Crawford County",Wisconsin,599.21,Emerging,40,1954.90,dt,33952703200,BTU,3.26,20.55,390.50,ac,No,0.95
forestland,wood,"Logging residues","Hardwood lowland logging residues","Class 2",Private,55023,"Crawford County",Wisconsin,599.21,"mature-market high",40,1954.90,dt,33952703200,BTU,3.26,20.55,390.50,ac,No,0.95
forestland,wood,"Logging residues","Hardwood lowland logging residues","Class 2",Private,55023,"Crawford County",Wisconsin,599.21,"mature-market low",40,1954.90,dt,33952703200,BTU,3.26,20.55,390.50,ac,No,0.95
forestland,wood,"Logging residues","Hardwood lowland logging residues","Class 2",Private,55023,"Crawford County",Wisconsin,599.21,"mature-market medium",40,1954.90,dt,33952703200,BTU,3.26,20.55,390.50,ac,No,0.95
forestland,wood,"Logging residues","Hardwood lowland logging residues","Class 2",Private,55023,"Crawford County",Wisconsin,599.21,near-term,40,699.90,dt,12155863200,BTU,1.17,20.55,187.80,ac,No,0.95
forestland,wood,"Logging residues","Hardwood lowland logging residues","Class 2",Private,55025,"Dane County",Wisconsin,1237.5,Emerging,40,3478.70,dt,60418061600,BTU,2.81,20.55,515.60,ac,No,0.95
forestland,wood,"Logging residues","Hardwood lowland logging residues","Class 2",Private,55025,"Dane County",Wisconsin,1237.5,"mature-market high",40,3478.70,dt,60418061600,BTU,2.81,20.55,515.60,ac,No,0.95
forestland,wood,"Logging residues","Hardwood lowland logging residues","Class 2",Private,55025,"Dane County",Wisconsin,1237.5,"mature-market low",40,3478.70,dt,60418061600,BTU,2.81,20.55,515.60,ac,No,0.95
forestland,wood,"Logging residues","Hardwood lowland logging residues","Class 2",Private,55025,"Dane County",Wisconsin,1237.5,"mature-market medium",40,3478.70,dt,60418061600,BTU,2.81,20.55,515.60,ac,No,0.95
forestland,wood,"Logging residues","Hardwood lowland logging residues","Class 2",Private,55025,"Dane County",Wisconsin,1237.5,near-term,40,1790.80,dt,31102614400,BTU,1.45,20.55,395.40,ac,No,0.95
forestland,wood,"Logging residues","Hardwood lowland logging residues","Class 2",Private,55027,"Dodge County",Wisconsin,907.1,Emerging,40,803.50,dt,13955188000,BTU,0.89,20.55,119.10,ac,No,0.95
forestland,wood,"Logging residues","Hardwood lowland logging residues","Class 2",Private,55027,"Dodge County",Wisconsin,907.1,"mature-market high",40,803.50,dt,13955188000,BTU,0.89,20.55,119.10,ac,No,0.95
forestland,wood,"Logging residues","Hardwood lowland logging residues","Class 2",Private,55027,"Dodge County",Wisconsin,907.1,"mature-market low",40,803.50,dt,13955188000,BTU,0.89,20.55,119.10,ac,No,0.95
forestland,wood,"Logging residues","Hardwood lowland logging residues","Class 2",Private,55027,"Dodge County",Wisconsin,907.1,"mature-market medium",40,803.50,dt,13955188000,BTU,0.89,20.55,119.10,ac,No,0.95
forestland,wood,"Logging residues","Hardwood lowland logging residues","Class 2",Private,55027,"Dodge County",Wisconsin,907.1,near-term,40,413.70,dt,7185141600,BTU,0.46,20.55,91.30,ac,No,0.95
forestland,wood,"Logging residues","Hardwood lowland logging residues","Class 2",Private,55029,"Door County",Wisconsin,487.56,Emerging,40,8866.90,dt,154000319200,BTU,18.19,20.55,1186.60,ac,No,0.95
forestland,wood,"Logging residues","Hardwood lowland logging residues","Class 2",Private,55029,"Door County",Wisconsin,487.56,"mature-market high",40,8866.90,dt,154000319200,BTU,18.19,20.55,1186.60,ac,No,0.95
forestland,wood,"Logging residues","Hardwood lowland logging residues","Class 2",Private,55029,"Door County",Wisconsin,487.56,"mature-market low",40,8866.90,dt,154000319200,BTU,18.19,20.55,1186.60,ac,No,0.95
forestland,wood,"Logging residues","Hardwood lowland logging residues","Class 2",Private,55029,"Door County",Wisconsin,487.56,"mature-market medium",40,8866.90,dt,154000319200,BTU,18.19,20.55,1186.60,ac,No,0.95
forestland,wood,"Logging residues","Hardwood lowland logging residues","Class 2",Private,55029,"Door County",Wisconsin,487.56,near-term,40,332.20,dt,5769649600,BTU,0.68,16.77,48.00,ac,No,0.95
forestland,wood,"Logging residues","Hardwood lowland logging residues","Class 2",Private,55031,"Douglas County",Wisconsin,1332.11,Emerging,40,4074.30,dt,70762442400,BTU,3.06,20.55,952.20,ac,No,0.95
forestland,wood,"Logging residues","Hardwood lowland logging residues","Class 2",Private,55031,"Douglas County",Wisconsin,1332.11,"mature-market high",40,4074.30,dt,70762442400,BTU,3.06,20.55,952.20,ac,No,0.95
forestland,wood,"Logging residues","Hardwood lowland logging residues","Class 2",Private,55031,"Douglas County",Wisconsin,1332.11,"mature-market low",40,4074.30,dt,70762442400,BTU,3.06,20.55,952.20,ac,No,0.95
forestland,wood,"Logging residues","Hardwood lowland logging residues","Class 2",Private,55031,"Douglas County",Wisconsin,1332.11,"mature-market medium",40,4074.30,dt,70762442400,BTU,3.06,20.55,952.20,ac,No,0.95
forestland,wood,"Logging residues","Hardwood lowland logging residues","Class 2",Private,55031,"Douglas County",Wisconsin,1332.11,near-term,40,1799.30,dt,31250242400,BTU,1.35,16.77,355.30,ac,No,0.95
forestland,wood,"Logging residues","Hardwood lowland logging residues","Class 2",Private,55031,"Douglas County",Wisconsin,1332.11,near-term,40,4741.50,dt,82350372000,BTU,3.56,20.55,1292.90,ac,No,0.95
forestland,wood,"Logging residues","Hardwood lowland logging residues","Class 2",Private,55033,"Dunn County",Wisconsin,863.89,Emerging,40,1126.10,dt,19558104800,BTU,1.30,20.55,287.40,ac,No,0.95
forestland,wood,"Logging residues","Hardwood lowland logging residues","Class 2",Private,55033,"Dunn County",Wisconsin,863.89,"mature-market high",40,1126.10,dt,19558104800,BTU,1.30,20.55,287.40,ac,No,0.95
forestland,wood,"Logging residues","Hardwood lowland logging residues","Class 2",Private,55033,"Dunn County",Wisconsin,863.89,"mature-market low",40,1126.10,dt,19558104800,BTU,1.30,20.55,287.40,ac,No,0.95
forestland,wood,"Logging residues","Hardwood lowland logging residues","Class 2",Private,55033,"Dunn County",Wisconsin,863.89,"mature-market medium",40,1126.10,dt,19558104800,BTU,1.30,20.55,287.40,ac,No,0.95
forestland,wood,"Logging residues","Hardwood lowland logging residues","Class 2",Private,55033,"Dunn County",Wisconsin,863.89,near-term,40,1033.70,dt,17953301600,BTU,1.20,20.55,347.50,ac,No,0.95
forestland,wood,"Logging residues","Hardwood lowland logging residues","Class 2",Private,55035,"Eau Claire County",Wisconsin,645.2,Emerging,40,893.10,dt,15511360800,BTU,1.38,20.55,227.90,ac,No,0.95
forestland,wood,"Logging residues","Hardwood lowland logging residues","Class 2",Private,55035,"Eau Claire County",Wisconsin,645.2,"mature-market high",40,893.10,dt,15511360800,BTU,1.38,20.55,227.90,ac,No,0.95
forestland,wood,"Logging residues","Hardwood lowland logging residues","Class 2",Private,55035,"Eau Claire County",Wisconsin,645.2,"mature-market low",40,893.10,dt,15511360800,BTU,1.38,20.55,227.90,ac,No,0.95
forestland,wood,"Logging residues","Hardwood lowland logging residues","Class 2",Private,55035,"Eau Claire County",Wisconsin,645.2,"mature-market medium",40,893.10,dt,15511360800,BTU,1.38,20.55,227.90,ac,No,0.95
forestland,wood,"Logging residues","Hardwood lowland logging residues","Class 2",Private,55035,"Eau Claire County",Wisconsin,645.2,near-term,40,819.80,dt,14238286400,BTU,1.27,20.55,275.60,ac,No,0.95
forestland,wood,"Logging residues","Hardwood lowland logging residues","Class 2",Private,55037,"Florence County",Wisconsin,497.43,Emerging,40,3742.20,dt,64994529600,BTU,7.52,20.55,721.20,ac,No,0.95
forestland,wood,"Logging residues","Hardwood lowland logging residues","Class 2",Private,55037,"Florence County",Wisconsin,497.43,"mature-market high",40,3742.20,dt,64994529600,BTU,7.52,20.55,721.20,ac,No,0.95
forestland,wood,"Logging residues","Hardwood lowland logging residues","Class 2",Private,55037,"Florence County",Wisconsin,497.43,"mature-market low",40,3742.20,dt,64994529600,BTU,7.52,20.55,721.20,ac,No,0.95
forestland,wood,"Logging residues","Hardwood lowland logging residues","Class 2",Private,55037,"Florence County",Wisconsin,497.43,"mature-market medium",40,3742.20,dt,64994529600,BTU,7.52,20.55,721.20,ac,No,0.95
forestland,wood,"Logging residues","Hardwood lowland logging residues","Class 2",Private,55037,"Florence County",Wisconsin,497.43,near-term,40,4465.80,dt,77562014400,BTU,8.98,20.55,1064.40,ac,No,0.95
forestland,wood,"Logging residues","Hardwood lowland logging residues","Class 2",Private,55039,"Fond du Lac County",Wisconsin,765.84,Emerging,40,4217.20,dt,73244329600,BTU,5.51,20.55,564.40,ac,No,0.95
forestland,wood,"Logging residues","Hardwood lowland logging residues","Class 2",Private,55039,"Fond du Lac County",Wisconsin,765.84,"mature-market high",40,4217.20,dt,73244329600,BTU,5.51,20.55,564.40,ac,No,0.95
forestland,wood,"Logging residues","Hardwood lowland logging residues","Class 2",Private,55039,"Fond du Lac County",Wisconsin,765.84,"mature-market low",40,4217.20,dt,73244329600,BTU,5.51,20.55,564.40,ac,No,0.95
forestland,wood,"Logging residues","Hardwood lowland logging residues","Class 2",Private,55039,"Fond du Lac County",Wisconsin,765.84,"mature-market medium",40,4217.20,dt,73244329600,BTU,5.51,20.55,564.40,ac,No,0.95
forestland,wood,"Logging residues","Hardwood lowland logging residues","Class 2",Private,55039,"Fond du Lac County",Wisconsin,765.84,near-term,40,158.00,dt,2744144000,BTU,0.21,16.77,22.80,ac,No,0.95
forestland,wood,"Logging residues","Hardwood lowland logging residues","Class 2",Private,55041,"Forest County",Wisconsin,1046.52,Emerging,40,2582.10,dt,44845912800,BTU,2.47,20.55,497.60,ac,No,0.95
forestland,wood,"Logging residues","Hardwood lowland logging residues","Class 2",Private,55041,"Forest County",Wisconsin,1046.52,"mature-market high",40,2582.10,dt,44845912800,BTU,2.47,20.55,497.60,ac,No,0.95
forestland,wood,"Logging residues","Hardwood lowland logging residues","Class 2",Private,55041,"Forest County",Wisconsin,1046.52,"mature-market low",40,2582.10,dt,44845912800,BTU,2.47,20.55,497.60,ac,No,0.95
forestland,wood,"Logging residues","Hardwood lowland logging residues","Class 2",Private,55041,"Forest County",Wisconsin,1046.52,"mature-market medium",40,2582.10,dt,44845912800,BTU,2.47,20.55,497.60,ac,No,0.95
forestland,wood,"Logging residues","Hardwood lowland logging residues","Class 2",Private,55041,"Forest County",Wisconsin,1046.52,near-term,40,3081.40,dt,53517755200,BTU,2.94,20.55,734.40,ac,No,0.95
forestland,wood,"Logging residues","Hardwood lowland logging residues","Class 2",Private,55043,"Grant County",Wisconsin,1183.37,Emerging,40,2038.80,dt,35409878400,BTU,1.72,20.55,407.30,ac,No,0.95
forestland,wood,"Logging residues","Hardwood lowland logging residues","Class 2",Private,55043,"Grant County",Wisconsin,1183.37,"mature-market high",40,2038.80,dt,35409878400,BTU,1.72,20.55,407.30,ac,No,0.95
forestland,wood,"Logging residues","Hardwood lowland logging residues","Class 2",Private,55043,"Grant County",Wisconsin,1183.37,"mature-market low",40,2038.80,dt,35409878400,BTU,1.72,20.55,407.30,ac,No,0.95
forestland,wood,"Logging residues","Hardwood lowland logging residues","Class 2",Private,55043,"Grant County",Wisconsin,1183.37,"mature-market medium",40,2038.80,dt,35409878400,BTU,1.72,20.55,407.30,ac,No,0.95
forestland,wood,"Logging residues","Hardwood lowland logging residues","Class 2",Private,55043,"Grant County",Wisconsin,1183.37,near-term,40,730.00,dt,12678640000,BTU,0.62,20.55,195.90,ac,No,0.95
forestland,wood,"Logging residues","Hardwood lowland logging residues","Class 2",Private,55045,"Green County",Wisconsin,584.55,Emerging,40,1403.70,dt,24379461600,BTU,2.40,20.55,208.00,ac,No,0.95
forestland,wood,"Logging residues","Hardwood lowland logging residues","Class 2",Private,55045,"Green County",Wisconsin,584.55,"mature-market high",40,1403.70,dt,24379461600,BTU,2.40,20.55,208.00,ac,No,0.95
forestland,wood,"Logging residues","Hardwood lowland logging residues","Class 2",Private,55045,"Green County",Wisconsin,584.55,"mature-market low",40,1403.70,dt,24379461600,BTU,2.40,20.55,208.00,ac,No,0.95
forestland,wood,"Logging residues","Hardwood lowland logging residues","Class 2",Private,55045,"Green County",Wisconsin,584.55,"mature-market medium",40,1403.70,dt,24379461600,BTU,2.40,20.55,208.00,ac,No,0.95
forestland,wood,"Logging residues","Hardwood lowland logging residues","Class 2",Private,55045,"Green County",Wisconsin,584.55,near-term,40,722.60,dt,12550116800,BTU,1.24,20.55,159.50,ac,No,0.95
forestland,wood,"Logging residues","Hardwood lowland logging residues","Class 2",Private,55047,"Green Lake County",Wisconsin,380.13,Emerging,40,306.40,dt,5321555200,BTU,0.81,20.55,63.50,ac,No,0.95
forestland,wood,"Logging residues","Hardwood lowland logging residues","Class 2",Private,55047,"Green Lake County",Wisconsin,380.13,"mature-market high",40,306.40,dt,5321555200,BTU,0.81,20.55,63.50,ac,No,0.95
forestland,wood,"Logging residues","Hardwood lowland logging residues","Class 2",Private,55047,"Green Lake County",Wisconsin,380.13,"mature-market low",40,306.40,dt,5321555200,BTU,0.81,20.55,63.50,ac,No,0.95
forestland,wood,"Logging residues","Hardwood lowland logging residues","Class 2",Private,55047,"Green Lake County",Wisconsin,380.13,"mature-market medium",40,306.40,dt,5321555200,BTU,0.81,20.55,63.50,ac,No,0.95
forestland,wood,"Logging residues","Hardwood lowland logging residues","Class 2",Private,55047,"Green Lake County",Wisconsin,380.13,near-term,40,252.30,dt,4381946400,BTU,0.66,20.55,66.30,ac,No,0.95
forestland,wood,"Logging residues","Hardwood lowland logging residues","Class 2",Private,55049,"Iowa County",Wisconsin,768.05,Emerging,40,1559.10,dt,27078448800,BTU,2.03,20.55,311.40,ac,No,0.95
forestland,wood,"Logging residues","Hardwood lowland logging residues","Class 2",Private,55049,"Iowa County",Wisconsin,768.05,"mature-market high",40,1559.10,dt,27078448800,BTU,2.03,20.55,311.40,ac,No,0.95
forestland,wood,"Logging residues","Hardwood lowland logging residues","Class 2",Private,55049,"Iowa County",Wisconsin,768.05,"mature-market low",40,1559.10,dt,27078448800,BTU,2.03,20.55,311.40,ac,No,0.95
forestland,wood,"Logging residues","Hardwood lowland logging residues","Class 2",Private,55049,"Iowa County",Wisconsin,768.05,"mature-market medium",40,1559.10,dt,27078448800,BTU,2.03,20.55,311.40,ac,No,0.95
forestland,wood,"Logging residues","Hardwood lowland logging residues","Class 2",Private,55049,"Iowa County",Wisconsin,768.05,near-term,40,558.20,dt,9694817600,BTU,0.73,20.55,149.80,ac,No,0.95
forestland,wood,"Logging residues","Hardwood lowland logging residues","Class 2",Private,55051,"Iron County",Wisconsin,802.62,Emerging,40,5880.60,dt,102134260800,BTU,7.33,20.55,1150.70,ac,No,0.95
forestland,wood,"Logging residues","Hardwood lowland logging residues","Class 2",Private,55051,"Iron County",Wisconsin,802.62,"mature-market high",40,5880.60,dt,102134260800,BTU,7.33,20.55,1150.70,ac,No,0.95
forestland,wood,"Logging residues","Hardwood lowland logging residues","Class 2",Private,55051,"Iron County",Wisconsin,802.62,"mature-market low",40,5880.60,dt,102134260800,BTU,7.33,20.55,1150.70,ac,No,0.95
forestland,wood,"Logging residues","Hardwood lowland logging residues","Class 2",Private,55051,"Iron County",Wisconsin,802.62,"mature-market medium",40,5880.60,dt,102134260800,BTU,7.33,20.55,1150.70,ac,No,0.95
forestland,wood,"Logging residues","Hardwood lowland logging residues","Class 2",Private,55051,"Iron County",Wisconsin,802.62,near-term,40,959.10,dt,16657648800,BTU,1.19,16.77,165.50,ac,No,0.95
forestland,wood,"Logging residues","Hardwood lowland logging residues","Class 2",Private,55051,"Iron County",Wisconsin,802.62,near-term,40,3488.80,dt,60593478400,BTU,4.35,20.55,824.50,ac,No,0.95
forestland,wood,"Logging residues","Hardwood lowland logging residues","Class 2",Private,55053,"Jackson County",Wisconsin,1000.48,Emerging,40,1368.80,dt,23773318400,BTU,1.37,20.55,349.30,ac,No,0.95
forestland,wood,"Logging residues","Hardwood lowland logging residues","Class 2",Private,55053,"Jackson County",Wisconsin,1000.48,"mature-market high",40,1368.80,dt,23773318400,BTU,1.37,20.55,349.30,ac,No,0.95
forestland,wood,"Logging residues","Hardwood lowland logging residues","Class 2",Private,55053,"Jackson County",Wisconsin,1000.48,"mature-market low",40,1368.80,dt,23773318400,BTU,1.37,20.55,349.30,ac,No,0.95
forestland,wood,"Logging residues","Hardwood lowland logging residues","Class 2",Private,55053,"Jackson County",Wisconsin,1000.48,"mature-market medium",40,1368.80,dt,23773318400,BTU,1.37,20.55,349.30,ac,No,0.95
forestland,wood,"Logging residues","Hardwood lowland logging residues","Class 2",Private,55053,"Jackson County",Wisconsin,1000.48,near-term,40,1256.40,dt,21821155200,BTU,1.26,20.55,422.50,ac,No,0.95
forestland,wood,"Logging residues","Hardwood lowland logging residues","Class 2",Private,55055,"Jefferson County",Wisconsin,582.74,Emerging,40,874.70,dt,15191789600,BTU,1.50,20.55,129.70,ac,No,0.95
forestland,wood,"Logging residues","Hardwood lowland logging residues","Class 2",Private,55055,"Jefferson County",Wisconsin,582.74,"mature-market high",40,874.70,dt,15191789600,BTU,1.50,20.55,129.70,ac,No,0.95
forestland,wood,"Logging residues","Hardwood lowland logging residues","Class 2",Private,55055,"Jefferson County",Wisconsin,582.74,"mature-market low",40,874.70,dt,15191789600,BTU,1.50,20.55,129.70,ac,No,0.95
forestland,wood,"Logging residues","Hardwood lowland logging residues","Class 2",Private,55055,"Jefferson County",Wisconsin,582.74,"mature-market medium",40,874.70,dt,15191789600,BTU,1.50,20.55,129.70,ac,No,0.95
forestland,wood,"Logging residues","Hardwood lowland logging residues","Class 2",Private,55055,"Jefferson County",Wisconsin,582.74,near-term,40,450.30,dt,7820810400,BTU,0.77,20.55,99.40,ac,No,0.95
forestland,wood,"Logging residues","Hardwood lowland logging residues","Class 2",Private,55057,"Juneau County",Wisconsin,805.17,Emerging,40,1974.80,dt,34298326400,BTU,2.45,20.55,409.00,ac,No,0.95
forestland,wood,"Logging residues","Hardwood lowland logging residues","Class 2",Private,55057,"Juneau County",Wisconsin,805.17,"mature-market high",40,1974.80,dt,34298326400,BTU,2.45,20.55,409.00,ac,No,0.95
forestland,wood,"Logging residues","Hardwood lowland logging residues","Class 2",Private,55057,"Juneau County",Wisconsin,805.17,"mature-market low",40,1974.80,dt,34298326400,BTU,2.45,20.55,409.00,ac,No,0.95
forestland,wood,"Logging residues","Hardwood lowland logging residues","Class 2",Private,55057,"Juneau County",Wisconsin,805.17,"mature-market medium",40,1974.80,dt,34298326400,BTU,2.45,20.55,409.00,ac,No,0.95
forestland,wood,"Logging residues","Hardwood lowland logging residues","Class 2",Private,55057,"Juneau County",Wisconsin,805.17,near-term,40,1626.00,dt,28240368000,BTU,2.02,20.55,427.00,ac,No,0.95
forestland,wood,"Logging residues","Hardwood lowland logging residues","Class 2",Private,55059,"Kenosha County",Wisconsin,278.42,Emerging,40,559.60,dt,9719132800,BTU,2.01,20.55,133.00,ac,No,0.95
forestland,wood,"Logging residues","Hardwood lowland logging residues","Class 2",Private,55059,"Kenosha County",Wisconsin,278.42,"mature-market high",40,559.60,dt,9719132800,BTU,2.01,20.55,133.00,ac,No,0.95
forestland,wood,"Logging residues","Hardwood lowland logging residues","Class 2",Private,55059,"Kenosha County",Wisconsin,278.42,"mature-market low",40,559.60,dt,9719132800,BTU,2.01,20.55,133.00,ac,No,0.95
forestland,wood,"Logging residues","Hardwood lowland logging residues","Class 2",Private,55059,"Kenosha County",Wisconsin,278.42,"mature-market medium",40,559.60,dt,9719132800,BTU,2.01,20.55,133.00,ac,No,0.95
forestland,wood,"Logging residues","Hardwood lowland logging residues","Class 2",Private,55059,"Kenosha County",Wisconsin,278.42,near-term,40,368.40,dt,6398371200,BTU,1.32,20.55,108.80,ac,No,0.95
forestland,wood,"Logging residues","Hardwood lowland logging residues","Class 2",Private,55061,"Kewaunee County",Wisconsin,343.95,Emerging,40,1658.00,dt,28796144000,BTU,4.82,20.55,221.90,ac,No,0.95
forestland,wood,"Logging residues","Hardwood lowland logging residues","Class 2",Private,55061,"Kewaunee County",Wisconsin,343.95,"mature-market high",40,1658.00,dt,28796144000,BTU,4.82,20.55,221.90,ac,No,0.95
forestland,wood,"Logging residues","Hardwood lowland logging residues","Class 2",Private,55061,"Kewaunee County",Wisconsin,343.95,"mature-market low",40,1658.00,dt,28796144000,BTU,4.82,20.55,221.90,ac,No,0.95
forestland,wood,"Logging residues","Hardwood lowland logging residues","Class 2",Private,55061,"Kewaunee County",Wisconsin,343.95,"mature-market medium",40,1658.00,dt,28796144000,BTU,4.82,20.55,221.90,ac,No,0.95
forestland,wood,"Logging residues","Hardwood lowland logging residues","Class 2",Private,55061,"Kewaunee County",Wisconsin,343.95,near-term,40,62.10,dt,1078552800,BTU,0.18,16.77,9.00,ac,No,0.95
forestland,wood,"Logging residues","Hardwood lowland logging residues","Class 2",Private,55063,"La Crosse County",Wisconsin,480.05,Emerging,40,864.00,dt,15005952000,BTU,1.80,20.55,220.50,ac,No,0.95
forestland,wood,"Logging residues","Hardwood lowland logging residues","Class 2",Private,55063,"La Crosse County",Wisconsin,480.05,"mature-market high",40,864.00,dt,15005952000,BTU,1.80,20.55,220.50,ac,No,0.95
forestland,wood,"Logging residues","Hardwood lowland logging residues","Class 2",Private,55063,"La Crosse County",Wisconsin,480.05,"mature-market low",40,864.00,dt,15005952000,BTU,1.80,20.55,220.50,ac,No,0.95
forestland,wood,"Logging residues","Hardwood lowland logging residues","Class 2",Private,55063,"La Crosse County",Wisconsin,480.05,"mature-market medium",40,864.00,dt,15005952000,BTU,1.80,20.55,220.50,ac,No,0.95
forestland,wood,"Logging residues","Hardwood lowland logging residues","Class 2",Private,55063,"La Crosse County",Wisconsin,480.05,near-term,40,793.10,dt,13774560800,BTU,1.65,20.55,266.70,ac,No,0.95
forestland,wood,"Logging residues","Hardwood lowland logging residues","Class 2",Private,55065,"Lafayette County",Wisconsin,634.57,Emerging,40,431.70,dt,7497765600,BTU,0.68,20.55,86.20,ac,No,0.95
forestland,wood,"Logging residues","Hardwood lowland logging residues","Class 2",Private,55065,"Lafayette County",Wisconsin,634.57,"mature-market high",40,431.70,dt,7497765600,BTU,0.68,20.55,86.20,ac,No,0.95
forestland,wood,"Logging residues","Hardwood lowland logging residues","Class 2",Private,55065,"Lafayette County",Wisconsin,634.57,"mature-market low",40,431.70,dt,7497765600,BTU,0.68,20.55,86.20,ac,No,0.95
forestland,wood,"Logging residues","Hardwood lowland logging residues","Class 2",Private,55065,"Lafayette County",Wisconsin,634.57,"mature-market medium",40,431.70,dt,7497765600,BTU,0.68,20.55,86.20,ac,No,0.95
forestland,wood,"Logging residues","Hardwood lowland logging residues","Class 2",Private,55065,"Lafayette County",Wisconsin,634.57,near-term,40,154.60,dt,2685092800,BTU,0.24,20.55,41.50,ac,No,0.95
forestland,wood,"Logging residues","Hardwood lowland logging residues","Class 2",Private,55067,"Langlade County",Wisconsin,887.79,Emerging,40,8532.10,dt,148185512800,BTU,9.61,20.55,1644.30,ac,No,0.95
forestland,wood,"Logging residues","Hardwood lowland logging residues","Class 2",Private,55067,"Langlade County",Wisconsin,887.79,"mature-market high",40,8532.10,dt,148185512800,BTU,9.61,20.55,1644.30,ac,No,0.95
forestland,wood,"Logging residues","Hardwood lowland logging residues","Class 2",Private,55067,"Langlade County",Wisconsin,887.79,"mature-market low",40,8532.10,dt,148185512800,BTU,9.61,20.55,1644.30,ac,No,0.95
forestland,wood,"Logging residues","Hardwood lowland logging residues","Class 2",Private,55067,"Langlade County",Wisconsin,887.79,"mature-market medium",40,8532.10,dt,148185512800,BTU,9.61,20.55,1644.30,ac,No,0.95
forestland,wood,"Logging residues","Hardwood lowland logging residues","Class 2",Private,55067,"Langlade County",Wisconsin,887.79,near-term,40,10182.10,dt,176842712800,BTU,11.47,20.55,2426.90,ac,No,0.95
forestland,wood,"Logging residues","Hardwood lowland logging residues","Class 2",Private,55069,"Lincoln County",Wisconsin,906.79,Emerging,40,7703.60,dt,133796124800,BTU,8.50,20.55,1507.40,ac,No,0.95
forestland,wood,"Logging residues","Hardwood lowland logging residues","Class 2",Private,55069,"Lincoln County",Wisconsin,906.79,"mature-market high",40,7703.60,dt,133796124800,BTU,8.50,20.55,1507.40,ac,No,0.95
forestland,wood,"Logging residues","Hardwood lowland logging residues","Class 2",Private,55069,"Lincoln County",Wisconsin,906.79,"mature-market low",40,7703.60,dt,133796124800,BTU,8.50,20.55,1507.40,ac,No,0.95
forestland,wood,"Logging residues","Hardwood lowland logging residues","Class 2",Private,55069,"Lincoln County",Wisconsin,906.79,"mature-market medium",40,7703.60,dt,133796124800,BTU,8.50,20.55,1507.40,ac,No,0.95
forestland,wood,"Logging residues","Hardwood lowland logging residues","Class 2",Private,55069,"Lincoln County",Wisconsin,906.79,near-term,40,1256.50,dt,21822892000,BTU,1.39,16.77,216.90,ac,No,0.95
forestland,wood,"Logging residues","Hardwood lowland logging residues","Class 2",Private,55069,"Lincoln County",Wisconsin,906.79,near-term,40,4570.30,dt,79376970400,BTU,5.04,20.55,1080.10,ac,No,0.95
forestland,wood,"Logging residues","Hardwood lowland logging residues","Class 2",Private,55071,"Manitowoc County",Wisconsin,594.62,Emerging,40,3856.80,dt,66984902400,BTU,6.49,20.55,516.10,ac,No,0.95
forestland,wood,"Logging residues","Hardwood lowland logging residues","Class 2",Private,55071,"Manitowoc County",Wisconsin,594.62,"mature-market high",40,3856.80,dt,66984902400,BTU,6.49,20.55,516.10,ac,No,0.95
forestland,wood,"Logging residues","Hardwood lowland logging residues","Class 2",Private,55071,"Manitowoc County",Wisconsin,594.62,"mature-market low",40,3856.80,dt,66984902400,BTU,6.49,20.55,516.10,ac,No,0.95
forestland,wood,"Logging residues","Hardwood lowland logging residues","Class 2",Private,55071,"Manitowoc County",Wisconsin,594.62,"mature-market medium",40,3856.80,dt,66984902400,BTU,6.49,20.55,516.10,ac,No,0.95
forestland,wood,"Logging residues","Hardwood lowland logging residues","Class 2",Private,55071,"Manitowoc County",Wisconsin,594.62,near-term,40,144.50,dt,2509676000,BTU,0.24,16.77,20.90,ac,No,0.95
forestland,wood,"Logging residues","Hardwood lowland logging residues","Class 2",Private,55073,"Marathon County",Wisconsin,1576.33,Emerging,40,9761.80,dt,169542942400,BTU,6.19,20.55,1910.20,ac,No,0.95
forestland,wood,"Logging residues","Hardwood lowland logging residues","Class 2",Private,55073,"Marathon County",Wisconsin,1576.33,"mature-market high",40,9761.80,dt,169542942400,BTU,6.19,20.55,1910.20,ac,No,0.95
forestland,wood,"Logging residues","Hardwood lowland logging residues","Class 2",Private,55073,"Marathon County",Wisconsin,1576.33,"mature-market low",40,9761.80,dt,169542942400,BTU,6.19,20.55,1910.20,ac,No,0.95
forestland,wood,"Logging residues","Hardwood lowland logging residues","Class 2",Private,55073,"Marathon County",Wisconsin,1576.33,"mature-market medium",40,9761.80,dt,169542942400,BTU,6.19,20.55,1910.20,ac,No,0.95
forestland,wood,"Logging residues","Hardwood lowland logging residues","Class 2",Private,55073,"Marathon County",Wisconsin,1576.33,near-term,40,1592.20,dt,27653329600,BTU,1.01,16.77,274.80,ac,No,0.95
forestland,wood,"Logging residues","Hardwood lowland logging residues","Class 2",Private,55073,"Marathon County",Wisconsin,1576.33,near-term,40,5791.40,dt,100585035200,BTU,3.67,20.55,1368.60,ac,No,0.95
forestland,wood,"Logging residues","Hardwood lowland logging residues","Class 2",Private,55075,"Marinette County",Wisconsin,1429.25,Emerging,40,12124.60,dt,210580052800,BTU,8.48,20.55,2336.70,ac,No,0.95
forestland,wood,"Logging residues","Hardwood lowland logging residues","Class 2",Private,55075,"Marinette County",Wisconsin,1429.25,"mature-market high",40,12124.60,dt,210580052800,BTU,8.48,20.55,2336.70,ac,No,0.95
forestland,wood,"Logging residues","Hardwood lowland logging residues","Class 2",Private,55075,"Marinette County",Wisconsin,1429.25,"mature-market low",40,12124.60,dt,210580052800,BTU,8.48,20.55,2336.70,ac,No,0.95
forestland,wood,"Logging residues","Hardwood lowland logging residues","Class 2",Private,55075,"Marinette County",Wisconsin,1429.25,"mature-market medium",40,12124.60,dt,210580052800,BTU,8.48,20.55,2336.70,ac,No,0.95
forestland,wood,"Logging residues","Hardwood lowland logging residues","Class 2",Private,55075,"Marinette County",Wisconsin,1429.25,near-term,40,14469.30,dt,251302802400,BTU,10.12,20.55,3448.70,ac,No,0.95
forestland,wood,"Logging residues","Hardwood lowland logging residues","Class 2",Private,55077,"Marquette County",Wisconsin,464.47,Emerging,40,919.30,dt,15966402400,BTU,1.98,20.55,190.40,ac,No,0.95
forestland,wood,"Logging residues","Hardwood lowland logging residues","Class 2",Private,55077,"Marquette County",Wisconsin,464.47,"mature-market high",40,919.30,dt,15966402400,BTU,1.98,20.55,190.40,ac,No,0.95
forestland,wood,"Logging residues","Hardwood lowland logging residues","Class 2",Private,55077,"Marquette County",Wisconsin,464.47,"mature-market low",40,919.30,dt,15966402400,BTU,1.98,20.55,190.40,ac,No,0.95
forestland,wood,"Logging residues","Hardwood lowland logging residues","Class 2",Private,55077,"Marquette County",Wisconsin,464.47,"mature-market medium",40,919.30,dt,15966402400,BTU,1.98,20.55,190.40,ac,No,0.95
forestland,wood,"Logging residues","Hardwood lowland logging residues","Class 2",Private,55077,"Marquette County",Wisconsin,464.47,near-term,40,756.90,dt,13145839200,BTU,1.63,20.55,198.80,ac,No,0.95
forestland,wood,"Logging residues","Hardwood lowland logging residues","Class 2",Private,55078,"Menominee County",Wisconsin,364.96,Emerging,40,3742.20,dt,64994529600,BTU,10.25,20.55,721.20,ac,No,0.95
forestland,wood,"Logging residues","Hardwood lowland logging residues","Class 2",Private,55078,"Menominee County",Wisconsin,364.96,"mature-market high",40,3742.20,dt,64994529600,BTU,10.25,20.55,721.20,ac,No,0.95
forestland,wood,"Logging residues","Hardwood lowland logging residues","Class 2",Private,55078,"Menominee County",Wisconsin,364.96,"mature-market low",40,3742.20,dt,64994529600,BTU,10.25,20.55,721.20,ac,No,0.95
forestland,wood,"Logging residues","Hardwood lowland logging residues","Class 2",Private,55078,"Menominee County",Wisconsin,364.96,"mature-market medium",40,3742.20,dt,64994529600,BTU,10.25,20.55,721.20,ac,No,0.95
forestland,wood,"Logging residues","Hardwood lowland logging residues","Class 2",Private,55078,"Menominee County",Wisconsin,364.96,near-term,40,4465.80,dt,77562014400,BTU,12.24,20.55,1064.40,ac,No,0.95
forestland,wood,"Logging residues","Hardwood lowland logging residues","Class 2",Private,55079,"Milwaukee County",Wisconsin,242.17,Emerging,40,222.80,dt,3869590400,BTU,0.92,20.55,53.00,ac,No,0.95
forestland,wood,"Logging residues","Hardwood lowland logging residues","Class 2",Private,55079,"Milwaukee County",Wisconsin,242.17,"mature-market high",40,222.80,dt,3869590400,BTU,0.92,20.55,53.00,ac,No,0.95
forestland,wood,"Logging residues","Hardwood lowland logging residues","Class 2",Private,55079,"Milwaukee County",Wisconsin,242.17,"mature-market low",40,222.80,dt,3869590400,BTU,0.92,20.55,53.00,ac,No,0.95
forestland,wood,"Logging residues","Hardwood lowland logging residues","Class 2",Private,55079,"Milwaukee County",Wisconsin,242.17,"mature-market medium",40,222.80,dt,3869590400,BTU,0.92,20.55,53.00,ac,No,0.95
forestland,wood,"Logging residues","Hardwood lowland logging residues","Class 2",Private,55079,"Milwaukee County",Wisconsin,242.17,near-term,40,146.70,dt,2547885600,BTU,0.61,20.55,43.30,ac,No,0.95
forestland,wood,"Logging residues","Hardwood lowland logging residues","Class 2",Private,55081,"Monroe County",Wisconsin,908.08,Emerging,40,1291.10,dt,22423824800,BTU,1.42,20.55,329.50,ac,No,0.95
forestland,wood,"Logging residues","Hardwood lowland logging residues","Class 2",Private,55081,"Monroe County",Wisconsin,908.08,"mature-market high",40,1291.10,dt,22423824800,BTU,1.42,20.55,329.50,ac,No,0.95
forestland,wood,"Logging residues","Hardwood lowland logging residues","Class 2",Private,55081,"Monroe County",Wisconsin,908.08,"mature-market low",40,1291.10,dt,22423824800,BTU,1.42,20.55,329.50,ac,No,0.95
forestland,wood,"Logging residues","Hardwood lowland logging residues","Class 2",Private,55081,"Monroe County",Wisconsin,908.08,"mature-market medium",40,1291.10,dt,22423824800,BTU,1.42,20.55,329.50,ac,No,0.95
forestland,wood,"Logging residues","Hardwood lowland logging residues","Class 2",Private,55081,"Monroe County",Wisconsin,908.08,near-term,40,1185.10,dt,20582816800,BTU,1.31,20.55,398.50,ac,No,0.95
forestland,wood,"Logging residues","Hardwood lowland logging residues","Class 2",Private,55083,"Oconto County",Wisconsin,1016.31,Emerging,40,2282.70,dt,39645933600,BTU,2.25,20.55,439.90,ac,No,0.95
forestland,wood,"Logging residues","Hardwood lowland logging residues","Class 2",Private,55083,"Oconto County",Wisconsin,1016.31,"mature-market high",40,2282.70,dt,39645933600,BTU,2.25,20.55,439.90,ac,No,0.95
forestland,wood,"Logging residues","Hardwood lowland logging residues","Class 2",Private,55083,"Oconto County",Wisconsin,1016.31,"mature-market low",40,2282.70,dt,39645933600,BTU,2.25,20.55,439.90,ac,No,0.95
forestland,wood,"Logging residues","Hardwood lowland logging residues","Class 2",Private,55083,"Oconto County",Wisconsin,1016.31,"mature-market medium",40,2282.70,dt,39645933600,BTU,2.25,20.55,439.90,ac,No,0.95
forestland,wood,"Logging residues","Hardwood lowland logging residues","Class 2",Private,55083,"Oconto County",Wisconsin,1016.31,near-term,40,2724.20,dt,47313905600,BTU,2.68,20.55,649.30,ac,No,0.95
forestland,wood,"Logging residues","Hardwood lowland logging residues","Class 2",Private,55085,"Oneida County",Wisconsin,1236.57,Emerging,40,5116.10,dt,88856424800,BTU,4.14,20.55,1001.10,ac,No,0.95
forestland,wood,"Logging residues","Hardwood lowland logging residues","Class 2",Private,55085,"Oneida County",Wisconsin,1236.57,"mature-market high",40,5116.10,dt,88856424800,BTU,4.14,20.55,1001.10,ac,No,0.95
forestland,wood,"Logging residues","Hardwood lowland logging residues","Class 2",Private,55085,"Oneida County",Wisconsin,1236.57,"mature-market low",40,5116.10,dt,88856424800,BTU,4.14,20.55,1001.10,ac,No,0.95
forestland,wood,"Logging residues","Hardwood lowland logging residues","Class 2",Private,55085,"Oneida County",Wisconsin,1236.57,"mature-market medium",40,5116.10,dt,88856424800,BTU,4.14,20.55,1001.10,ac,No,0.95
forestland,wood,"Logging residues","Hardwood lowland logging residues","Class 2",Private,55085,"Oneida County",Wisconsin,1236.57,near-term,40,834.40,dt,14491859200,BTU,0.67,16.77,144.00,ac,No,0.95
forestland,wood,"Logging residues","Hardwood lowland logging residues","Class 2",Private,55085,"Oneida County",Wisconsin,1236.57,near-term,40,3035.20,dt,52715353600,BTU,2.45,20.55,717.30,ac,No,0.95
forestland,wood,"Logging residues","Hardwood lowland logging residues","Class 2",Private,55087,"Outagamie County",Wisconsin,644.61,Emerging,40,2991.70,dt,51959845600,BTU,4.64,20.55,400.40,ac,No,0.95
forestland,wood,"Logging residues","Hardwood lowland logging residues","Class 2",Private,55087,"Outagamie County",Wisconsin,644.61,"mature-market high",40,2991.70,dt,51959845600,BTU,4.64,20.55,400.40,ac,No,0.95
forestland,wood,"Logging residues","Hardwood lowland logging residues","Class 2",Private,55087,"Outagamie County",Wisconsin,644.61,"mature-market low",40,2991.70,dt,51959845600,BTU,4.64,20.55,400.40,ac,No,0.95
forestland,wood,"Logging residues","Hardwood lowland logging residues","Class 2",Private,55087,"Outagamie County",Wisconsin,644.61,"mature-market medium",40,2991.70,dt,51959845600,BTU,4.64,20.55,400.40,ac,No,0.95
forestland,wood,"Logging residues","Hardwood lowland logging residues","Class 2",Private,55087,"Outagamie County",Wisconsin,644.61,near-term,40,112.10,dt,1946952800,BTU,0.17,16.77,16.20,ac,No,0.95
forestland,wood,"Logging residues","Hardwood lowland logging residues","Class 2",Private,55089,"Ozaukee County",Wisconsin,235.28,Emerging,40,297.10,dt,5160032800,BTU,1.26,20.55,70.60,ac,No,0.95
forestland,wood,"Logging residues","Hardwood lowland logging residues","Class 2",Private,55089,"Ozaukee County",Wisconsin,235.28,"mature-market high",40,297.10,dt,5160032800,BTU,1.26,20.55,70.60,ac,No,0.95
forestland,wood,"Logging residues","Hardwood lowland logging residues","Class 2",Private,55089,"Ozaukee County",Wisconsin,235.28,"mature-market low",40,297.10,dt,5160032800,BTU,1.26,20.55,70.60,ac,No,0.95
forestland,wood,"Logging residues","Hardwood lowland logging residues","Class 2",Private,55089,"Ozaukee County",Wisconsin,235.28,"mature-market medium",40,297.10,dt,5160032800,BTU,1.26,20.55,70.60,ac,No,0.95
forestland,wood,"Logging residues","Hardwood lowland logging residues","Class 2",Private,55089,"Ozaukee County",Wisconsin,235.28,near-term,40,195.60,dt,3397180800,BTU,0.83,20.55,57.80,ac,No,0.95
forestland,wood,"Logging residues","Hardwood lowland logging residues","Class 2",Private,55091,"Pepin County",Wisconsin,248.7,Emerging,40,359.20,dt,6238585600,BTU,1.44,20.55,91.70,ac,No,0.95
forestland,wood,"Logging residues","Hardwood lowland logging residues","Class 2",Private,55091,"Pepin County",Wisconsin,248.7,"mature-market high",40,359.20,dt,6238585600,BTU,1.44,20.55,91.70,ac,No,0.95
forestland,wood,"Logging residues","Hardwood lowland logging residues","Class 2",Private,55091,"Pepin County",Wisconsin,248.7,"mature-market low",40,359.20,dt,6238585600,BTU,1.44,20.55,91.70,ac,No,0.95
forestland,wood,"Logging residues","Hardwood lowland logging residues","Class 2",Private,55091,"Pepin County",Wisconsin,248.7,"mature-market medium",40,359.20,dt,6238585600,BTU,1.44,20.55,91.70,ac,No,0.95
forestland,wood,"Logging residues","Hardwood lowland logging residues","Class 2",Private,55091,"Pepin County",Wisconsin,248.7,near-term,40,329.70,dt,5726229600,BTU,1.33,20.55,110.90,ac,No,0.95
forestland,wood,"Logging residues","Hardwood lowland logging residues","Class 2",Private,55093,"Pierce County",Wisconsin,592.73,Emerging,40,718.40,dt,12477171200,BTU,1.21,20.55,183.30,ac,No,0.95
forestland,wood,"Logging residues","Hardwood lowland logging residues","Class 2",Private,55093,"Pierce County",Wisconsin,592.73,"mature-market high",40,718.40,dt,12477171200,BTU,1.21,20.55,183.30,ac,No,0.95
forestland,wood,"Logging residues","Hardwood lowland logging residues","Class 2",Private,55093,"Pierce County",Wisconsin,592.73,"mature-market low",40,718.40,dt,12477171200,BTU,1.21,20.55,183.30,ac,No,0.95
forestland,wood,"Logging residues","Hardwood lowland logging residues","Class 2",Private,55093,"Pierce County",Wisconsin,592.73,"mature-market medium",40,718.40,dt,12477171200,BTU,1.21,20.55,183.30,ac,No,0.95
forestland,wood,"Logging residues","Hardwood lowland logging residues","Class 2",Private,55093,"Pierce County",Wisconsin,592.73,near-term,40,659.40,dt,11452459200,BTU,1.11,20.55,221.70,ac,No,0.95
forestland,wood,"Logging residues","Hardwood lowland logging residues","Class 2",Private,55095,"Polk County",Wisconsin,956.41,Emerging,40,3515.70,dt,61060677600,BTU,3.68,20.55,821.60,ac,No,0.95
forestland,wood,"Logging residues","Hardwood lowland logging residues","Class 2",Private,55095,"Polk County",Wisconsin,956.41,"mature-market high",40,3515.70,dt,61060677600,BTU,3.68,20.55,821.60,ac,No,0.95
forestland,wood,"Logging residues","Hardwood lowland logging residues","Class 2",Private,55095,"Polk County",Wisconsin,956.41,"mature-market low",40,3515.70,dt,61060677600,BTU,3.68,20.55,821.60,ac,No,0.95
forestland,wood,"Logging residues","Hardwood lowland logging residues","Class 2",Private,55095,"Polk County",Wisconsin,956.41,"mature-market medium",40,3515.70,dt,61060677600,BTU,3.68,20.55,821.60,ac,No,0.95
forestland,wood,"Logging residues","Hardwood lowland logging residues","Class 2",Private,55095,"Polk County",Wisconsin,956.41,near-term,40,1552.60,dt,26965556800,BTU,1.62,16.77,306.60,ac,No,0.95
forestland,wood,"Logging residues","Hardwood lowland logging residues","Class 2",Private,55095,"Polk County",Wisconsin,956.41,near-term,40,4091.50,dt,71061172000,BTU,4.28,20.55,1115.70,ac,No,0.95
forestland,wood,"Logging residues","Hardwood lowland logging residues","Class 2",Private,55097,"Portage County",Wisconsin,822.82,Emerging,40,1770.50,dt,30750044000,BTU,2.15,20.55,366.70,ac,No,0.95
forestland,wood,"Logging residues","Hardwood lowland logging residues","Class 2",Private,55097,"Portage County",Wisconsin,822.82,"mature-market high",40,1770.50,dt,30750044000,BTU,2.15,20.55,366.70,ac,No,0.95
forestland,wood,"Logging residues","Hardwood lowland logging residues","Class 2",Private,55097,"Portage County",Wisconsin,822.82,"mature-market low",40,1770.50,dt,30750044000,BTU,2.15,20.55,366.70,ac,No,0.95
forestland,wood,"Logging residues","Hardwood lowland logging residues","Class 2",Private,55097,"Portage County",Wisconsin,822.82,"mature-market medium",40,1770.50,dt,30750044000,BTU,2.15,20.55,366.70,ac,No,0.95
forestland,wood,"Logging residues","Hardwood lowland logging residues","Class 2",Private,55097,"Portage County",Wisconsin,822.82,near-term,40,1457.80,dt,25319070400,BTU,1.77,20.55,382.80,ac,No,0.95
forestland,wood,"Logging residues","Hardwood lowland logging residues","Class 2",Private,55099,"Price County",Wisconsin,1278.04,Emerging,40,7997.60,dt,138902316800,BTU,6.26,20.55,1565.00,ac,No,0.95
forestland,wood,"Logging residues","Hardwood lowland logging residues","Class 2",Private,55099,"Price County",Wisconsin,1278.04,"mature-market high",40,7997.60,dt,138902316800,BTU,6.26,20.55,1565.00,ac,No,0.95
forestland,wood,"Logging residues","Hardwood lowland logging residues","Class 2",Private,55099,"Price County",Wisconsin,1278.04,"mature-market low",40,7997.60,dt,138902316800,BTU,6.26,20.55,1565.00,ac,No,0.95
forestland,wood,"Logging residues","Hardwood lowland logging residues","Class 2",Private,55099,"Price County",Wisconsin,1278.04,"mature-market medium",40,7997.60,dt,138902316800,BTU,6.26,20.55,1565.00,ac,No,0.95
forestland,wood,"Logging residues","Hardwood lowland logging residues","Class 2",Private,55099,"Price County",Wisconsin,1278.04,near-term,40,1304.40,dt,22654819200,BTU,1.02,16.77,225.10,ac,No,0.95
forestland,wood,"Logging residues","Hardwood lowland logging residues","Class 2",Private,55099,"Price County",Wisconsin,1278.04,near-term,40,4744.80,dt,82407686400,BTU,3.71,20.55,1121.30,ac,No,0.95
forestland,wood,"Logging residues","Hardwood lowland logging residues","Class 2",Private,55101,"Racine County",Wisconsin,340.39,Emerging,40,624.00,dt,10837632000,BTU,1.83,20.55,148.40,ac,No,0.95
forestland,wood,"Logging residues","Hardwood lowland logging residues","Class 2",Private,55101,"Racine County",Wisconsin,340.39,"mature-market high",40,624.00,dt,10837632000,BTU,1.83,20.55,148.40,ac,No,0.95
forestland,wood,"Logging residues","Hardwood lowland logging residues","Class 2",Private,55101,"Racine County",Wisconsin,340.39,"mature-market low",40,624.00,dt,10837632000,BTU,1.83,20.55,148.40,ac,No,0.95
forestland,wood,"Logging residues","Hardwood lowland logging residues","Class 2",Private,55101,"Racine County",Wisconsin,340.39,"mature-market medium",40,624.00,dt,10837632000,BTU,1.83,20.55,148.40,ac,No,0.95
forestland,wood,"Logging residues","Hardwood lowland logging residues","Class 2",Private,55101,"Racine County",Wisconsin,340.39,near-term,40,410.80,dt,7134774400,BTU,1.21,20.55,121.40,ac,No,0.95
forestland,wood,"Logging residues","Hardwood lowland logging residues","Class 2",Private,55103,"Richland County",Wisconsin,589.3,Emerging,40,1834.90,dt,31868543200,BTU,3.11,20.55,366.50,ac,No,0.95
forestland,wood,"Logging residues","Hardwood lowland logging residues","Class 2",Private,55103,"Richland County",Wisconsin,589.3,"mature-market high",40,1834.90,dt,31868543200,BTU,3.11,20.55,366.50,ac,No,0.95
forestland,wood,"Logging residues","Hardwood lowland logging residues","Class 2",Private,55103,"Richland County",Wisconsin,589.3,"mature-market low",40,1834.90,dt,31868543200,BTU,3.11,20.55,366.50,ac,No,0.95
forestland,wood,"Logging residues","Hardwood lowland logging residues","Class 2",Private,55103,"Richland County",Wisconsin,589.3,"mature-market medium",40,1834.90,dt,31868543200,BTU,3.11,20.55,366.50,ac,No,0.95
forestland,wood,"Logging residues","Hardwood lowland logging residues","Class 2",Private,55103,"Richland County",Wisconsin,589.3,near-term,40,657.00,dt,11410776000,BTU,1.11,20.55,176.30,ac,No,0.95
forestland,wood,"Logging residues","Hardwood lowland logging residues","Class 2",Private,55105,"Rock County",Wisconsin,726.16,Emerging,40,1352.80,dt,23495430400,BTU,1.86,20.55,200.50,ac,No,0.95
forestland,wood,"Logging residues","Hardwood lowland logging residues","Class 2",Private,55105,"Rock County",Wisconsin,726.16,"mature-market high",40,1352.80,dt,23495430400,BTU,1.86,20.55,200.50,ac,No,0.95
forestland,wood,"Logging residues","Hardwood lowland logging residues","Class 2",Private,55105,"Rock County",Wisconsin,726.16,"mature-market low",40,1352.80,dt,23495430400,BTU,1.86,20.55,200.50,ac,No,0.95
forestland,wood,"Logging residues","Hardwood lowland logging residues","Class 2",Private,55105,"Rock County",Wisconsin,726.16,"mature-market medium",40,1352.80,dt,23495430400,BTU,1.86,20.55,200.50,ac,No,0.95
forestland,wood,"Logging residues","Hardwood lowland logging residues","Class 2",Private,55105,"Rock County",Wisconsin,726.16,near-term,40,696.40,dt,12095075200,BTU,0.96,20.55,153.80,ac,No,0.95
forestland,wood,"Logging residues","Hardwood lowland logging residues","Class 2",Private,55107,"Rusk County",Wisconsin,930.86,Emerging,40,4238.60,dt,73616004800,BTU,4.55,20.55,990.60,ac,No,0.95
forestland,wood,"Logging residues","Hardwood lowland logging residues","Class 2",Private,55107,"Rusk County",Wisconsin,930.86,"mature-market high",40,4238.60,dt,73616004800,BTU,4.55,20.55,990.60,ac,No,0.95
forestland,wood,"Logging residues","Hardwood lowland logging residues","Class 2",Private,55107,"Rusk County",Wisconsin,930.86,"mature-market low",40,4238.60,dt,73616004800,BTU,4.55,20.55,990.60,ac,No,0.95
forestland,wood,"Logging residues","Hardwood lowland logging residues","Class 2",Private,55107,"Rusk County",Wisconsin,930.86,"mature-market medium",40,4238.60,dt,73616004800,BTU,4.55,20.55,990.60,ac,No,0.95
forestland,wood,"Logging residues","Hardwood lowland logging residues","Class 2",Private,55107,"Rusk County",Wisconsin,930.86,near-term,40,1871.90,dt,32511159200,BTU,2.01,16.77,369.60,ac,No,0.95
forestland,wood,"Logging residues","Hardwood lowland logging residues","Class 2",Private,55107,"Rusk County",Wisconsin,930.86,near-term,40,4932.70,dt,85671133600,BTU,5.30,20.55,1345.10,ac,No,0.95
forestland,wood,"Logging residues","Hardwood lowland logging residues","Class 2",Private,55109,"St. Croix County",Wisconsin,735.19,Emerging,40,553.30,dt,9609714400,BTU,0.75,20.55,141.20,ac,No,0.95
forestland,wood,"Logging residues","Hardwood lowland logging residues","Class 2",Private,55109,"St. Croix County",Wisconsin,735.19,"mature-market high",40,553.30,dt,9609714400,BTU,0.75,20.55,141.20,ac,No,0.95
forestland,wood,"Logging residues","Hardwood lowland logging residues","Class 2",Private,55109,"St. Croix County",Wisconsin,735.19,"mature-market low",40,553.30,dt,9609714400,BTU,0.75,20.55,141.20,ac,No,0.95
forestland,wood,"Logging residues","Hardwood lowland logging residues","Class 2",Private,55109,"St. Croix County",Wisconsin,735.19,"mature-market medium",40,553.30,dt,9609714400,BTU,0.75,20.55,141.20,ac,No,0.95
forestland,wood,"Logging residues","Hardwood lowland logging residues","Class 2",Private,55109,"St. Croix County",Wisconsin,735.19,near-term,40,507.90,dt,8821207200,BTU,0.69,20.55,170.80,ac,No,0.95
forestland,wood,"Logging residues","Hardwood lowland logging residues","Class 2",Private,55111,"Sauk County",Wisconsin,849.19,Emerging,40,1882.90,dt,32702207200,BTU,2.22,20.55,376.10,ac,No,0.95
forestland,wood,"Logging residues","Hardwood lowland logging residues","Class 2",Private,55111,"Sauk County",Wisconsin,849.19,"mature-market high",40,1882.90,dt,32702207200,BTU,2.22,20.55,376.10,ac,No,0.95
forestland,wood,"Logging residues","Hardwood lowland logging residues","Class 2",Private,55111,"Sauk County",Wisconsin,849.19,"mature-market low",40,1882.90,dt,32702207200,BTU,2.22,20.55,376.10,ac,No,0.95
forestland,wood,"Logging residues","Hardwood lowland logging residues","Class 2",Private,55111,"Sauk County",Wisconsin,849.19,"mature-market medium",40,1882.90,dt,32702207200,BTU,2.22,20.55,376.10,ac,No,0.95
forestland,wood,"Logging residues","Hardwood lowland logging residues","Class 2",Private,55111,"Sauk County",Wisconsin,849.19,near-term,40,674.20,dt,11709505600,BTU,0.79,20.55,180.90,ac,No,0.95
forestland,wood,"Logging residues","Hardwood lowland logging residues","Class 2",Private,55113,"Sawyer County",Wisconsin,1350.24,Emerging,40,5092.90,dt,88453487200,BTU,3.77,20.55,1190.20,ac,No,0.95
forestland,wood,"Logging residues","Hardwood lowland logging residues","Class 2",Private,55113,"Sawyer County",Wisconsin,1350.24,"mature-market high",40,5092.90,dt,88453487200,BTU,3.77,20.55,1190.20,ac,No,0.95
forestland,wood,"Logging residues","Hardwood lowland logging residues","Class 2",Private,55113,"Sawyer County",Wisconsin,1350.24,"mature-market low",40,5092.90,dt,88453487200,BTU,3.77,20.55,1190.20,ac,No,0.95
forestland,wood,"Logging residues","Hardwood lowland logging residues","Class 2",Private,55113,"Sawyer County",Wisconsin,1350.24,"mature-market medium",40,5092.90,dt,88453487200,BTU,3.77,20.55,1190.20,ac,No,0.95
forestland,wood,"Logging residues","Hardwood lowland logging residues","Class 2",Private,55113,"Sawyer County",Wisconsin,1350.24,near-term,40,2249.10,dt,39062368800,BTU,1.67,16.77,444.10,ac,No,0.95
forestland,wood,"Logging residues","Hardwood lowland logging residues","Class 2",Private,55113,"Sawyer County",Wisconsin,1350.24,near-term,40,5926.90,dt,102938399200,BTU,4.39,20.55,1616.20,ac,No,0.95
forestland,wood,"Logging residues","Hardwood lowland logging residues","Class 2",Private,55115,"Shawano County",Wisconsin,909.4,Emerging,40,4415.80,dt,76693614400,BTU,4.86,20.55,851.00,ac,No,0.95
forestland,wood,"Logging residues","Hardwood lowland logging residues","Class 2",Private,55115,"Shawano County",Wisconsin,909.4,"mature-market high",40,4415.80,dt,76693614400,BTU,4.86,20.55,851.00,ac,No,0.95
forestland,wood,"Logging residues","Hardwood lowland logging residues","Class 2",Private,55115,"Shawano County",Wisconsin,909.4,"mature-market low",40,4415.80,dt,76693614400,BTU,4.86,20.55,851.00,ac,No,0.95
forestland,wood,"Logging residues","Hardwood lowland logging residues","Class 2",Private,55115,"Shawano County",Wisconsin,909.4,"mature-market medium",40,4415.80,dt,76693614400,BTU,4.86,20.55,851.00,ac,No,0.95
forestland,wood,"Logging residues","Hardwood lowland logging residues","Class 2",Private,55115,"Shawano County",Wisconsin,909.4,near-term,40,5269.70,dt,91524149600,BTU,5.79,20.55,1256.00,ac,No,0.95
forestland,wood,"Logging residues","Hardwood lowland logging residues","Class 2",Private,55117,"Sheboygan County",Wisconsin,517.64,Emerging,40,6668.20,dt,115813297600,BTU,12.88,20.55,892.40,ac,No,0.95
forestland,wood,"Logging residues","Hardwood lowland logging residues","Class 2",Private,55117,"Sheboygan County",Wisconsin,517.64,"mature-market high",40,6668.20,dt,115813297600,BTU,12.88,20.55,892.40,ac,No,0.95
forestland,wood,"Logging residues","Hardwood lowland logging residues","Class 2",Private,55117,"Sheboygan County",Wisconsin,517.64,"mature-market low",40,6668.20,dt,115813297600,BTU,12.88,20.55,892.40,ac,No,0.95
forestland,wood,"Logging residues","Hardwood lowland logging residues","Class 2",Private,55117,"Sheboygan County",Wisconsin,517.64,"mature-market medium",40,6668.20,dt,115813297600,BTU,12.88,20.55,892.40,ac,No,0.95
forestland,wood,"Logging residues","Hardwood lowland logging residues","Class 2",Private,55117,"Sheboygan County",Wisconsin,517.64,near-term,40,249.90,dt,4340263200,BTU,0.48,16.77,36.10,ac,No,0.95
forestland,wood,"Logging residues","Hardwood lowland logging residues","Class 2",Private,55119,"Taylor County",Wisconsin,984.56,Emerging,40,4939.70,dt,85792709600,BTU,5.02,20.55,966.60,ac,No,0.95
forestland,wood,"Logging residues","Hardwood lowland logging residues","Class 2",Private,55119,"Taylor County",Wisconsin,984.56,"mature-market high",40,4939.70,dt,85792709600,BTU,5.02,20.55,966.60,ac,No,0.95
forestland,wood,"Logging residues","Hardwood lowland logging residues","Class 2",Private,55119,"Taylor County",Wisconsin,984.56,"mature-market low",40,4939.70,dt,85792709600,BTU,5.02,20.55,966.60,ac,No,0.95
forestland,wood,"Logging residues","Hardwood lowland logging residues","Class 2",Private,55119,"Taylor County",Wisconsin,984.56,"mature-market medium",40,4939.70,dt,85792709600,BTU,5.02,20.55,966.60,ac,No,0.95
forestland,wood,"Logging residues","Hardwood lowland logging residues","Class 2",Private,55119,"Taylor County",Wisconsin,984.56,near-term,40,805.70,dt,13993397600,BTU,0.82,16.77,139.10,ac,No,0.95
forestland,wood,"Logging residues","Hardwood lowland logging residues","Class 2",Private,55119,"Taylor County",Wisconsin,984.56,near-term,40,2930.60,dt,50898660800,BTU,2.98,20.55,692.60,ac,No,0.95
forestland,wood,"Logging residues","Hardwood lowland logging residues","Class 2",Private,55121,"Trempealeau County",Wisconsin,741.98,Emerging,40,1203.80,dt,20907598400,BTU,1.62,20.55,307.20,ac,No,0.95
forestland,wood,"Logging residues","Hardwood lowland logging residues","Class 2",Private,55121,"Trempealeau County",Wisconsin,741.98,"mature-market high",40,1203.80,dt,20907598400,BTU,1.62,20.55,307.20,ac,No,0.95
forestland,wood,"Logging residues","Hardwood lowland logging residues","Class 2",Private,55121,"Trempealeau County",Wisconsin,741.98,"mature-market low",40,1203.80,dt,20907598400,BTU,1.62,20.55,307.20,ac,No,0.95
forestland,wood,"Logging residues","Hardwood lowland logging residues","Class 2",Private,55121,"Trempealeau County",Wisconsin,741.98,"mature-market medium",40,1203.80,dt,20907598400,BTU,1.62,20.55,307.20,ac,No,0.95
forestland,wood,"Logging residues","Hardwood lowland logging residues","Class 2",Private,55121,"Trempealeau County",Wisconsin,741.98,near-term,40,1105.00,dt,19191640000,BTU,1.49,20.55,371.50,ac,No,0.95
forestland,wood,"Logging residues","Hardwood lowland logging residues","Class 2",Private,55123,"Vernon County",Wisconsin,816.38,Emerging,40,2278.70,dt,39576461600,BTU,2.79,20.55,455.20,ac,No,0.95
forestland,wood,"Logging residues","Hardwood lowland logging residues","Class 2",Private,55123,"Vernon County",Wisconsin,816.38,"mature-market high",40,2278.70,dt,39576461600,BTU,2.79,20.55,455.20,ac,No,0.95
forestland,wood,"Logging residues","Hardwood lowland logging residues","Class 2",Private,55123,"Vernon County",Wisconsin,816.38,"mature-market low",40,2278.70,dt,39576461600,BTU,2.79,20.55,455.20,ac,No,0.95
forestland,wood,"Logging residues","Hardwood lowland logging residues","Class 2",Private,55123,"Vernon County",Wisconsin,816.38,"mature-market medium",40,2278.70,dt,39576461600,BTU,2.79,20.55,455.20,ac,No,0.95
forestland,wood,"Logging residues","Hardwood lowland logging residues","Class 2",Private,55123,"Vernon County",Wisconsin,816.38,near-term,40,815.90,dt,14170551200,BTU,1.00,20.55,218.90,ac,No,0.95
forestland,wood,"Logging residues","Hardwood lowland logging residues","Class 2",Private,55125,"Vilas County",Wisconsin,1017.72,Emerging,40,3293.10,dt,57194560800,BTU,3.24,20.55,644.40,ac,No,0.95
forestland,wood,"Logging residues","Hardwood lowland logging residues","Class 2",Private,55125,"Vilas County",Wisconsin,1017.72,"mature-market high",40,3293.10,dt,57194560800,BTU,3.24,20.55,644.40,ac,No,0.95
forestland,wood,"Logging residues","Hardwood lowland logging residues","Class 2",Private,55125,"Vilas County",Wisconsin,1017.72,"mature-market low",40,3293.10,dt,57194560800,BTU,3.24,20.55,644.40,ac,No,0.95
forestland,wood,"Logging residues","Hardwood lowland logging residues","Class 2",Private,55125,"Vilas County",Wisconsin,1017.72,"mature-market medium",40,3293.10,dt,57194560800,BTU,3.24,20.55,644.40,ac,No,0.95
forestland,wood,"Logging residues","Hardwood lowland logging residues","Class 2",Private,55125,"Vilas County",Wisconsin,1017.72,near-term,40,537.10,dt,9328352800,BTU,0.53,16.77,92.70,ac,No,0.95
forestland,wood,"Logging residues","Hardwood lowland logging residues","Class 2",Private,55125,"Vilas County",Wisconsin,1017.72,near-term,40,1953.70,dt,33931861600,BTU,1.92,20.55,461.70,ac,No,0.95
forestland,wood,"Logging residues","Hardwood lowland logging residues","Class 2",Private,55127,"Walworth County",Wisconsin,576.6,Emerging,40,1203.30,dt,20898914400,BTU,2.09,20.55,286.10,ac,No,0.95
forestland,wood,"Logging residues","Hardwood lowland logging residues","Class 2",Private,55127,"Walworth County",Wisconsin,576.6,"mature-market high",40,1203.30,dt,20898914400,BTU,2.09,20.55,286.10,ac,No,0.95
forestland,wood,"Logging residues","Hardwood lowland logging residues","Class 2",Private,55127,"Walworth County",Wisconsin,576.6,"mature-market low",40,1203.30,dt,20898914400,BTU,2.09,20.55,286.10,ac,No,0.95
forestland,wood,"Logging residues","Hardwood lowland logging residues","Class 2",Private,55127,"Walworth County",Wisconsin,576.6,"mature-market medium",40,1203.30,dt,20898914400,BTU,2.09,20.55,286.10,ac,No,0.95
forestland,wood,"Logging residues","Hardwood lowland logging residues","Class 2",Private,55127,"Walworth County",Wisconsin,576.6,near-term,40,792.20,dt,13758929600,BTU,1.37,20.55,234.10,ac,No,0.95
forestland,wood,"Logging residues","Hardwood lowland logging residues","Class 2",Private,55129,"Washburn County",Wisconsin,853.32,Emerging,40,3975.70,dt,69049957600,BTU,4.66,20.55,929.10,ac,No,0.95
forestland,wood,"Logging residues","Hardwood lowland logging residues","Class 2",Private,55129,"Washburn County",Wisconsin,853.32,"mature-market high",40,3975.70,dt,69049957600,BTU,4.66,20.55,929.10,ac,No,0.95
forestland,wood,"Logging residues","Hardwood lowland logging residues","Class 2",Private,55129,"Washburn County",Wisconsin,853.32,"mature-market low",40,3975.70,dt,69049957600,BTU,4.66,20.55,929.10,ac,No,0.95
forestland,wood,"Logging residues","Hardwood lowland logging residues","Class 2",Private,55129,"Washburn County",Wisconsin,853.32,"mature-market medium",40,3975.70,dt,69049957600,BTU,4.66,20.55,929.10,ac,No,0.95
forestland,wood,"Logging residues","Hardwood lowland logging residues","Class 2",Private,55129,"Washburn County",Wisconsin,853.32,near-term,40,1755.80,dt,30494734400,BTU,2.06,16.77,346.70,ac,No,0.95
forestland,wood,"Logging residues","Hardwood lowland logging residues","Class 2",Private,55129,"Washburn County",Wisconsin,853.32,near-term,40,4626.80,dt,80358262400,BTU,5.42,20.55,1261.60,ac,No,0.95
forestland,wood,"Logging residues","Hardwood lowland logging residues","Class 2",Private,55131,"Washington County",Wisconsin,435.66,Emerging,40,822.00,dt,14276496000,BTU,1.89,20.55,195.40,ac,No,0.95
forestland,wood,"Logging residues","Hardwood lowland logging residues","Class 2",Private,55131,"Washington County",Wisconsin,435.66,"mature-market high",40,822.00,dt,14276496000,BTU,1.89,20.55,195.40,ac,No,0.95
forestland,wood,"Logging residues","Hardwood lowland logging residues","Class 2",Private,55131,"Washington County",Wisconsin,435.66,"mature-market low",40,822.00,dt,14276496000,BTU,1.89,20.55,195.40,ac,No,0.95
forestland,wood,"Logging residues","Hardwood lowland logging residues","Class 2",Private,55131,"Washington County",Wisconsin,435.66,"mature-market medium",40,822.00,dt,14276496000,BTU,1.89,20.55,195.40,ac,No,0.95
forestland,wood,"Logging residues","Hardwood lowland logging residues","Class 2",Private,55131,"Washington County",Wisconsin,435.66,near-term,40,541.20,dt,9399561600,BTU,1.24,20.55,159.90,ac,No,0.95
forestland,wood,"Logging residues","Hardwood lowland logging residues","Class 2",Private,55133,"Waukesha County",Wisconsin,580.54,Emerging,40,1223.10,dt,21242800800,BTU,2.11,20.55,290.80,ac,No,0.95
forestland,wood,"Logging residues","Hardwood lowland logging residues","Class 2",Private,55133,"Waukesha County",Wisconsin,580.54,"mature-market high",40,1223.10,dt,21242800800,BTU,2.11,20.55,290.80,ac,No,0.95
forestland,wood,"Logging residues","Hardwood lowland logging residues","Class 2",Private,55133,"Waukesha County",Wisconsin,580.54,"mature-market low",40,1223.10,dt,21242800800,BTU,2.11,20.55,290.80,ac,No,0.95
forestland,wood,"Logging residues","Hardwood lowland logging residues","Class 2",Private,55133,"Waukesha County",Wisconsin,580.54,"mature-market medium",40,1223.10,dt,21242800800,BTU,2.11,20.55,290.80,ac,No,0.95
forestland,wood,"Logging residues","Hardwood lowland logging residues","Class 2",Private,55133,"Waukesha County",Wisconsin,580.54,near-term,40,805.30,dt,13986450400,BTU,1.39,20.55,237.90,ac,No,0.95
forestland,wood,"Logging residues","Hardwood lowland logging residues","Class 2",Private,55135,"Waupaca County",Wisconsin,765.17,Emerging,40,1441.40,dt,25034235200,BTU,1.88,20.55,298.50,ac,No,0.95
forestland,wood,"Logging residues","Hardwood lowland logging residues","Class 2",Private,55135,"Waupaca County",Wisconsin,765.17,"mature-market high",40,1441.40,dt,25034235200,BTU,1.88,20.55,298.50,ac,No,0.95
forestland,wood,"Logging residues","Hardwood lowland logging residues","Class 2",Private,55135,"Waupaca County",Wisconsin,765.17,"mature-market low",40,1441.40,dt,25034235200,BTU,1.88,20.55,298.50,ac,No,0.95
forestland,wood,"Logging residues","Hardwood lowland logging residues","Class 2",Private,55135,"Waupaca County",Wisconsin,765.17,"mature-market medium",40,1441.40,dt,25034235200,BTU,1.88,20.55,298.50,ac,No,0.95
forestland,wood,"Logging residues","Hardwood lowland logging residues","Class 2",Private,55135,"Waupaca County",Wisconsin,765.17,near-term,40,1186.80,dt,20612342400,BTU,1.55,20.55,311.60,ac,No,0.95
forestland,wood,"Logging residues","Hardwood lowland logging residues","Class 2",Private,55137,"Waushara County",Wisconsin,637.4,Emerging,40,1248.40,dt,21682211200,BTU,1.96,20.55,258.60,ac,No,0.95
forestland,wood,"Logging residues","Hardwood lowland logging residues","Class 2",Private,55137,"Waushara County",Wisconsin,637.4,"mature-market high",40,1248.40,dt,21682211200,BTU,1.96,20.55,258.60,ac,No,0.95
forestland,wood,"Logging residues","Hardwood lowland logging residues","Class 2",Private,55137,"Waushara County",Wisconsin,637.4,"mature-market low",40,1248.40,dt,21682211200,BTU,1.96,20.55,258.60,ac,No,0.95
forestland,wood,"Logging residues","Hardwood lowland logging residues","Class 2",Private,55137,"Waushara County",Wisconsin,637.4,"mature-market medium",40,1248.40,dt,21682211200,BTU,1.96,20.55,258.60,ac,No,0.95
forestland,wood,"Logging residues","Hardwood lowland logging residues","Class 2",Private,55137,"Waushara County",Wisconsin,637.4,near-term,40,1027.90,dt,17852567200,BTU,1.61,20.55,269.90,ac,No,0.95
forestland,wood,"Logging residues","Hardwood lowland logging residues","Class 2",Private,55139,"Winnebago County",Wisconsin,578.57,Emerging,40,1622.00,dt,28170896000,BTU,2.80,20.55,217.10,ac,No,0.95
forestland,wood,"Logging residues","Hardwood lowland logging residues","Class 2",Private,55139,"Winnebago County",Wisconsin,578.57,"mature-market high",40,1622.00,dt,28170896000,BTU,2.80,20.55,217.10,ac,No,0.95
forestland,wood,"Logging residues","Hardwood lowland logging residues","Class 2",Private,55139,"Winnebago County",Wisconsin,578.57,"mature-market low",40,1622.00,dt,28170896000,BTU,2.80,20.55,217.10,ac,No,0.95
forestland,wood,"Logging residues","Hardwood lowland logging residues","Class 2",Private,55139,"Winnebago County",Wisconsin,578.57,"mature-market medium",40,1622.00,dt,28170896000,BTU,2.80,20.55,217.10,ac,No,0.95
forestland,wood,"Logging residues","Hardwood lowland logging residues","Class 2",Private,55139,"Winnebago County",Wisconsin,578.57,near-term,40,60.80,dt,1055974400,BTU,0.11,16.77,8.80,ac,No,0.95
forestland,wood,"Logging residues","Hardwood lowland logging residues","Class 2",Private,55141,"Wood County",Wisconsin,809.25,Emerging,40,1770.50,dt,30750044000,BTU,2.19,20.55,366.70,ac,No,0.95
forestland,wood,"Logging residues","Hardwood lowland logging residues","Class 2",Private,55141,"Wood County",Wisconsin,809.25,"mature-market high",40,1770.50,dt,30750044000,BTU,2.19,20.55,366.70,ac,No,0.95
forestland,wood,"Logging residues","Hardwood lowland logging residues","Class 2",Private,55141,"Wood County",Wisconsin,809.25,"mature-market low",40,1770.50,dt,30750044000,BTU,2.19,20.55,366.70,ac,No,0.95
forestland,wood,"Logging residues","Hardwood lowland logging residues","Class 2",Private,55141,"Wood County",Wisconsin,809.25,"mature-market medium",40,1770.50,dt,30750044000,BTU,2.19,20.55,366.70,ac,No,0.95
forestland,wood,"Logging residues","Hardwood lowland logging residues","Class 2",Private,55141,"Wood County",Wisconsin,809.25,near-term,40,1457.80,dt,25319070400,BTU,1.80,20.55,382.80,ac,No,0.95
forestland,wood,"Logging residues","Hardwood lowland logging residues","Class 2",Public,55001,"Adams County",Wisconsin,687.48,near-term,40,1.50,dt,26052000,BTU,0.00,16.77,0.50,ac,No,0.95
forestland,wood,"Logging residues","Hardwood lowland logging residues","Class 2",Public,55003,"Ashland County",Wisconsin,1054.13,near-term,40,1242.00,dt,21571056000,BTU,1.18,16.77,192.10,ac,No,0.95
forestland,wood,"Logging residues","Hardwood lowland logging residues","Class 2",Public,55007,"Bayfield County",Wisconsin,1511.34,Emerging,40,18612.50,dt,323261900000,BTU,12.32,20.55,3664.30,ac,No,0.95
forestland,wood,"Logging residues","Hardwood lowland logging residues","Class 2",Public,55007,"Bayfield County",Wisconsin,1511.34,"mature-market high",40,18612.50,dt,323261900000,BTU,12.32,20.55,3664.30,ac,No,0.95
forestland,wood,"Logging residues","Hardwood lowland logging residues","Class 2",Public,55007,"Bayfield County",Wisconsin,1511.34,"mature-market low",40,18612.50,dt,323261900000,BTU,12.32,20.55,3664.30,ac,No,0.95
forestland,wood,"Logging residues","Hardwood lowland logging residues","Class 2",Public,55007,"Bayfield County",Wisconsin,1511.34,"mature-market medium",40,18612.50,dt,323261900000,BTU,12.32,20.55,3664.30,ac,No,0.95
forestland,wood,"Logging residues","Hardwood lowland logging residues","Class 2",Public,55007,"Bayfield County",Wisconsin,1511.34,near-term,40,4204.90,dt,73030703200,BTU,2.78,16.77,660.20,ac,No,0.95
forestland,wood,"Logging residues","Hardwood lowland logging residues","Class 2",Public,55013,"Burnett County",Wisconsin,880.22,Emerging,40,1031.00,dt,17906408000,BTU,1.17,20.55,203.00,ac,No,0.95
forestland,wood,"Logging residues","Hardwood lowland logging residues","Class 2",Public,55013,"Burnett County",Wisconsin,880.22,"mature-market high",40,1031.00,dt,17906408000,BTU,1.17,20.55,203.00,ac,No,0.95
forestland,wood,"Logging residues","Hardwood lowland logging residues","Class 2",Public,55013,"Burnett County",Wisconsin,880.22,"mature-market low",40,1031.00,dt,17906408000,BTU,1.17,20.55,203.00,ac,No,0.95
forestland,wood,"Logging residues","Hardwood lowland logging residues","Class 2",Public,55013,"Burnett County",Wisconsin,880.22,"mature-market medium",40,1031.00,dt,17906408000,BTU,1.17,20.55,203.00,ac,No,0.95
forestland,wood,"Logging residues","Hardwood lowland logging residues","Class 2",Public,55013,"Burnett County",Wisconsin,880.22,near-term,40,232.90,dt,4045007200,BTU,0.26,16.77,36.60,ac,No,0.95
forestland,wood,"Logging residues","Hardwood lowland logging residues","Class 2",Public,55031,"Douglas County",Wisconsin,1332.11,Emerging,40,244.20,dt,4241265600,BTU,0.18,20.55,48.10,ac,No,0.95
forestland,wood,"Logging residues","Hardwood lowland logging residues","Class 2",Public,55031,"Douglas County",Wisconsin,1332.11,"mature-market high",40,244.20,dt,4241265600,BTU,0.18,20.55,48.10,ac,No,0.95
forestland,wood,"Logging residues","Hardwood lowland logging residues","Class 2",Public,55031,"Douglas County",Wisconsin,1332.11,"mature-market low",40,244.20,dt,4241265600,BTU,0.18,20.55,48.10,ac,No,0.95
forestland,wood,"Logging residues","Hardwood lowland logging residues","Class 2",Public,55031,"Douglas County",Wisconsin,1332.11,"mature-market medium",40,244.20,dt,4241265600,BTU,0.18,20.55,48.10,ac,No,0.95
forestland,wood,"Logging residues","Hardwood lowland logging residues","Class 2",Public,55031,"Douglas County",Wisconsin,1332.11,near-term,40,55.20,dt,958713600,BTU,0.04,16.77,8.70,ac,No,0.95
forestland,wood,"Logging residues","Hardwood lowland logging residues","Class 2",Public,55037,"Florence County",Wisconsin,497.43,Emerging,40,4717.40,dt,81931803200,BTU,9.48,20.55,867.00,ac,No,0.95
forestland,wood,"Logging residues","Hardwood lowland logging residues","Class 2",Public,55037,"Florence County",Wisconsin,497.43,"mature-market high",40,4717.40,dt,81931803200,BTU,9.48,20.55,867.00,ac,No,0.95
forestland,wood,"Logging residues","Hardwood lowland logging residues","Class 2",Public,55037,"Florence County",Wisconsin,497.43,"mature-market low",40,4717.40,dt,81931803200,BTU,9.48,20.55,867.00,ac,No,0.95
forestland,wood,"Logging residues","Hardwood lowland logging residues","Class 2",Public,55037,"Florence County",Wisconsin,497.43,"mature-market medium",40,4717.40,dt,81931803200,BTU,9.48,20.55,867.00,ac,No,0.95
forestland,wood,"Logging residues","Hardwood lowland logging residues","Class 2",Public,55037,"Florence County",Wisconsin,497.43,near-term,40,405.30,dt,7039250400,BTU,0.81,16.77,65.30,ac,No,0.95
forestland,wood,"Logging residues","Hardwood lowland logging residues","Class 2",Public,55039,"Fond du Lac County",Wisconsin,765.84,Emerging,40,689.00,dt,11966552000,BTU,0.90,20.55,135.60,ac,No,0.95
forestland,wood,"Logging residues","Hardwood lowland logging residues","Class 2",Public,55039,"Fond du Lac County",Wisconsin,765.84,"mature-market high",40,689.00,dt,11966552000,BTU,0.90,20.55,135.60,ac,No,0.95
forestland,wood,"Logging residues","Hardwood lowland logging residues","Class 2",Public,55039,"Fond du Lac County",Wisconsin,765.84,"mature-market low",40,689.00,dt,11966552000,BTU,0.90,20.55,135.60,ac,No,0.95
forestland,wood,"Logging residues","Hardwood lowland logging residues","Class 2",Public,55039,"Fond du Lac County",Wisconsin,765.84,"mature-market medium",40,689.00,dt,11966552000,BTU,0.90,20.55,135.60,ac,No,0.95
forestland,wood,"Logging residues","Hardwood lowland logging residues","Class 2",Public,55039,"Fond du Lac County",Wisconsin,765.84,near-term,40,205.60,dt,3570860800,BTU,0.27,16.77,35.80,ac,No,0.95
forestland,wood,"Logging residues","Hardwood lowland logging residues","Class 2",Public,55039,"Fond du Lac County",Wisconsin,765.84,near-term,40,1352.10,dt,23483272800,BTU,1.77,20.55,322.00,ac,No,0.95
forestland,wood,"Logging residues","Hardwood lowland logging residues","Class 2",Public,55041,"Forest County",Wisconsin,1046.52,Emerging,40,18802.80,dt,326567030400,BTU,17.97,20.55,3455.50,ac,No,0.95
forestland,wood,"Logging residues","Hardwood lowland logging residues","Class 2",Public,55041,"Forest County",Wisconsin,1046.52,"mature-market high",40,18802.80,dt,326567030400,BTU,17.97,20.55,3455.50,ac,No,0.95
forestland,wood,"Logging residues","Hardwood lowland logging residues","Class 2",Public,55041,"Forest County",Wisconsin,1046.52,"mature-market low",40,18802.80,dt,326567030400,BTU,17.97,20.55,3455.50,ac,No,0.95
forestland,wood,"Logging residues","Hardwood lowland logging residues","Class 2",Public,55041,"Forest County",Wisconsin,1046.52,"mature-market medium",40,18802.80,dt,326567030400,BTU,17.97,20.55,3455.50,ac,No,0.95
forestland,wood,"Logging residues","Hardwood lowland logging residues","Class 2",Public,55041,"Forest County",Wisconsin,1046.52,near-term,40,1615.50,dt,28058004000,BTU,1.54,16.77,260.10,ac,No,0.95
forestland,wood,"Logging residues","Hardwood lowland logging residues","Class 2",Public,55057,"Juneau County",Wisconsin,805.17,near-term,40,120.40,dt,2091107200,BTU,0.15,16.77,38.50,ac,No,0.95
forestland,wood,"Logging residues","Hardwood lowland logging residues","Class 2",Public,55067,"Langlade County",Wisconsin,887.79,Emerging,40,2408.90,dt,41837775200,BTU,2.71,20.55,442.70,ac,No,0.95
forestland,wood,"Logging residues","Hardwood lowland logging residues","Class 2",Public,55067,"Langlade County",Wisconsin,887.79,"mature-market high",40,2408.90,dt,41837775200,BTU,2.71,20.55,442.70,ac,No,0.95
forestland,wood,"Logging residues","Hardwood lowland logging residues","Class 2",Public,55067,"Langlade County",Wisconsin,887.79,"mature-market low",40,2408.90,dt,41837775200,BTU,2.71,20.55,442.70,ac,No,0.95
forestland,wood,"Logging residues","Hardwood lowland logging residues","Class 2",Public,55067,"Langlade County",Wisconsin,887.79,"mature-market medium",40,2408.90,dt,41837775200,BTU,2.71,20.55,442.70,ac,No,0.95
forestland,wood,"Logging residues","Hardwood lowland logging residues","Class 2",Public,55067,"Langlade County",Wisconsin,887.79,near-term,40,207.00,dt,3595176000,BTU,0.23,16.77,33.30,ac,No,0.95
forestland,wood,"Logging residues","Hardwood lowland logging residues","Class 2",Public,55077,"Marquette County",Wisconsin,464.47,near-term,40,1.00,dt,17368000,BTU,0.00,16.77,0.30,ac,No,0.95
forestland,wood,"Logging residues","Hardwood lowland logging residues","Class 2",Public,55083,"Oconto County",Wisconsin,1016.31,Emerging,40,7527.80,dt,130742830400,BTU,7.41,20.55,1383.40,ac,No,0.95
forestland,wood,"Logging residues","Hardwood lowland logging residues","Class 2",Public,55083,"Oconto County",Wisconsin,1016.31,"mature-market high",40,7527.80,dt,130742830400,BTU,7.41,20.55,1383.40,ac,No,0.95
forestland,wood,"Logging residues","Hardwood lowland logging residues","Class 2",Public,55083,"Oconto County",Wisconsin,1016.31,"mature-market low",40,7527.80,dt,130742830400,BTU,7.41,20.55,1383.40,ac,No,0.95
forestland,wood,"Logging residues","Hardwood lowland logging residues","Class 2",Public,55083,"Oconto County",Wisconsin,1016.31,"mature-market medium",40,7527.80,dt,130742830400,BTU,7.41,20.55,1383.40,ac,No,0.95
forestland,wood,"Logging residues","Hardwood lowland logging residues","Class 2",Public,55083,"Oconto County",Wisconsin,1016.31,near-term,40,646.80,dt,11233622400,BTU,0.64,16.77,104.10,ac,No,0.95
forestland,wood,"Logging residues","Hardwood lowland logging residues","Class 2",Public,55085,"Oneida County",Wisconsin,1236.57,near-term,40,13.20,dt,229257600,BTU,0.01,16.77,2.00,ac,No,0.95
forestland,wood,"Logging residues","Hardwood lowland logging residues","Class 2",Public,55095,"Polk County",Wisconsin,956.41,Emerging,40,515.50,dt,8953204000,BTU,0.54,20.55,101.50,ac,No,0.95
forestland,wood,"Logging residues","Hardwood lowland logging residues","Class 2",Public,55095,"Polk County",Wisconsin,956.41,"mature-market high",40,515.50,dt,8953204000,BTU,0.54,20.55,101.50,ac,No,0.95
forestland,wood,"Logging residues","Hardwood lowland logging residues","Class 2",Public,55095,"Polk County",Wisconsin,956.41,"mature-market low",40,515.50,dt,8953204000,BTU,0.54,20.55,101.50,ac,No,0.95
forestland,wood,"Logging residues","Hardwood lowland logging residues","Class 2",Public,55095,"Polk County",Wisconsin,956.41,"mature-market medium",40,515.50,dt,8953204000,BTU,0.54,20.55,101.50,ac,No,0.95
forestland,wood,"Logging residues","Hardwood lowland logging residues","Class 2",Public,55095,"Polk County",Wisconsin,956.41,near-term,40,116.50,dt,2023372000,BTU,0.12,16.77,18.30,ac,No,0.95
forestland,wood,"Logging residues","Hardwood lowland logging residues","Class 2",Public,55099,"Price County",Wisconsin,1278.04,near-term,40,964.60,dt,16753172800,BTU,0.75,16.77,149.20,ac,No,0.95
forestland,wood,"Logging residues","Hardwood lowland logging residues","Class 2",Public,55113,"Sawyer County",Wisconsin,1350.24,Emerging,40,6131.80,dt,106497102400,BTU,4.54,20.55,1207.20,ac,No,0.95
forestland,wood,"Logging residues","Hardwood lowland logging residues","Class 2",Public,55113,"Sawyer County",Wisconsin,1350.24,"mature-market high",40,6131.80,dt,106497102400,BTU,4.54,20.55,1207.20,ac,No,0.95
forestland,wood,"Logging residues","Hardwood lowland logging residues","Class 2",Public,55113,"Sawyer County",Wisconsin,1350.24,"mature-market low",40,6131.80,dt,106497102400,BTU,4.54,20.55,1207.20,ac,No,0.95
forestland,wood,"Logging residues","Hardwood lowland logging residues","Class 2",Public,55113,"Sawyer County",Wisconsin,1350.24,"mature-market medium",40,6131.80,dt,106497102400,BTU,4.54,20.55,1207.20,ac,No,0.95
forestland,wood,"Logging residues","Hardwood lowland logging residues","Class 2",Public,55113,"Sawyer County",Wisconsin,1350.24,near-term,40,1385.30,dt,24059890400,BTU,1.03,16.77,217.50,ac,No,0.95
forestland,wood,"Logging residues","Hardwood lowland logging residues","Class 2",Public,55119,"Taylor County",Wisconsin,984.56,near-term,40,1572.40,dt,27309443200,BTU,1.60,16.77,243.20,ac,No,0.95
forestland,wood,"Logging residues","Hardwood lowland logging residues","Class 2",Public,55125,"Vilas County",Wisconsin,1017.72,near-term,40,612.20,dt,10632689600,BTU,0.60,16.77,94.70,ac,No,0.95
forestland,wood,"Logging residues","Hardwood lowland logging residues","Class 2",Public,55129,"Washburn County",Wisconsin,853.32,Emerging,40,596.90,dt,10366959200,BTU,0.70,20.55,117.50,ac,No,0.95
forestland,wood,"Logging residues","Hardwood lowland logging residues","Class 2",Public,55129,"Washburn County",Wisconsin,853.32,"mature-market high",40,596.90,dt,10366959200,BTU,0.70,20.55,117.50,ac,No,0.95
forestland,wood,"Logging residues","Hardwood lowland logging residues","Class 2",Public,55129,"Washburn County",Wisconsin,853.32,"mature-market low",40,596.90,dt,10366959200,BTU,0.70,20.55,117.50,ac,No,0.95
forestland,wood,"Logging residues","Hardwood lowland logging residues","Class 2",Public,55129,"Washburn County",Wisconsin,853.32,"mature-market medium",40,596.90,dt,10366959200,BTU,0.70,20.55,117.50,ac,No,0.95
forestland,wood,"Logging residues","Hardwood lowland logging residues","Class 2",Public,55129,"Washburn County",Wisconsin,853.32,near-term,40,134.90,dt,2342943200,BTU,0.16,16.77,21.20,ac,No,0.95
forestland,wood,"Logging residues","Hardwood lowland logging residues","Class 2",Public,55139,"Winnebago County",Wisconsin,578.57,Emerging,40,1703.50,dt,29586388000,BTU,2.94,20.55,335.20,ac,No,0.95
forestland,wood,"Logging residues","Hardwood lowland logging residues","Class 2",Public,55139,"Winnebago County",Wisconsin,578.57,"mature-market high",40,1703.50,dt,29586388000,BTU,2.94,20.55,335.20,ac,No,0.95
forestland,wood,"Logging residues","Hardwood lowland logging residues","Class 2",Public,55139,"Winnebago County",Wisconsin,578.57,"mature-market low",40,1703.50,dt,29586388000,BTU,2.94,20.55,335.20,ac,No,0.95
forestland,wood,"Logging residues","Hardwood lowland logging residues","Class 2",Public,55139,"Winnebago County",Wisconsin,578.57,"mature-market medium",40,1703.50,dt,29586388000,BTU,2.94,20.55,335.20,ac,No,0.95
forestland,wood,"Logging residues","Hardwood lowland logging residues","Class 2",Public,55139,"Winnebago County",Wisconsin,578.57,near-term,40,508.20,dt,8826417600,BTU,0.88,16.77,88.40,ac,No,0.95
forestland,wood,"Logging residues","Hardwood lowland logging residues","Class 2",Public,55139,"Winnebago County",Wisconsin,578.57,near-term,40,3342.60,dt,58054276800,BTU,5.78,20.55,796.20,ac,No,0.95
forestland,wood,"Logging residues","Hardwood lowland logging residues","Class 2",Public,55141,"Wood County",Wisconsin,809.25,near-term,40,0.50,dt,8684000,BTU,0.00,16.77,0.20,ac,No,0.95
forestland,wood,"Logging residues","Hardwood upland logging residues","Class 2",Private,55001,"Adams County",Wisconsin,687.48,Emerging,40,1618.30,dt,28106634400,BTU,2.35,20.45,350.20,ac,No,0.95
forestland,wood,"Logging residues","Hardwood upland logging residues","Class 2",Private,55001,"Adams County",Wisconsin,687.48,"mature-market high",40,1618.30,dt,28106634400,BTU,2.35,20.45,350.20,ac,No,0.95
forestland,wood,"Logging residues","Hardwood upland logging residues","Class 2",Private,55001,"Adams County",Wisconsin,687.48,"mature-market low",40,1618.30,dt,28106634400,BTU,2.35,20.45,350.20,ac,No,0.95
forestland,wood,"Logging residues","Hardwood upland logging residues","Class 2",Private,55001,"Adams County",Wisconsin,687.48,"mature-market medium",40,1618.30,dt,28106634400,BTU,2.35,20.45,350.20,ac,No,0.95
forestland,wood,"Logging residues","Hardwood upland logging residues","Class 2",Private,55001,"Adams County",Wisconsin,687.48,near-term,40,4218.70,dt,73270381600,BTU,6.14,20.45,1134.00,ac,No,0.95
forestland,wood,"Logging residues","Hardwood upland logging residues","Class 2",Private,55003,"Ashland County",Wisconsin,1054.13,Emerging,40,3865.40,dt,67134267200,BTU,3.67,20.45,751.20,ac,No,0.95
forestland,wood,"Logging residues","Hardwood upland logging residues","Class 2",Private,55003,"Ashland County",Wisconsin,1054.13,"mature-market high",40,3865.40,dt,67134267200,BTU,3.67,20.45,751.20,ac,No,0.95
forestland,wood,"Logging residues","Hardwood upland logging residues","Class 2",Private,55003,"Ashland County",Wisconsin,1054.13,"mature-market low",40,3865.40,dt,67134267200,BTU,3.67,20.45,751.20,ac,No,0.95
forestland,wood,"Logging residues","Hardwood upland logging residues","Class 2",Private,55003,"Ashland County",Wisconsin,1054.13,"mature-market medium",40,3865.40,dt,67134267200,BTU,3.67,20.45,751.20,ac,No,0.95
forestland,wood,"Logging residues","Hardwood upland logging residues","Class 2",Private,55003,"Ashland County",Wisconsin,1054.13,near-term,40,3810.00,dt,66172080000,BTU,3.61,20.45,977.10,ac,No,0.95
forestland,wood,"Logging residues","Hardwood upland logging residues","Class 2",Private,55005,"Barron County",Wisconsin,889.76,Emerging,40,2371.90,dt,41195159200,BTU,2.67,20.45,478.10,ac,No,0.95
forestland,wood,"Logging residues","Hardwood upland logging residues","Class 2",Private,55005,"Barron County",Wisconsin,889.76,"mature-market high",40,2371.90,dt,41195159200,BTU,2.67,20.45,478.10,ac,No,0.95
forestland,wood,"Logging residues","Hardwood upland logging residues","Class 2",Private,55005,"Barron County",Wisconsin,889.76,"mature-market low",40,2371.90,dt,41195159200,BTU,2.67,20.45,478.10,ac,No,0.95
forestland,wood,"Logging residues","Hardwood upland logging residues","Class 2",Private,55005,"Barron County",Wisconsin,889.76,"mature-market medium",40,2371.90,dt,41195159200,BTU,2.67,20.45,478.10,ac,No,0.95
forestland,wood,"Logging residues","Hardwood upland logging residues","Class 2",Private,55005,"Barron County",Wisconsin,889.76,near-term,40,5160.90,dt,89634511200,BTU,5.80,20.45,1323.20,ac,No,0.95
forestland,wood,"Logging residues","Hardwood upland logging residues","Class 2",Private,55007,"Bayfield County",Wisconsin,1511.34,Emerging,40,3132.20,dt,54400049600,BTU,2.07,20.45,631.30,ac,No,0.95
forestland,wood,"Logging residues","Hardwood upland logging residues","Class 2",Private,55007,"Bayfield County",Wisconsin,1511.34,"mature-market high",40,3132.20,dt,54400049600,BTU,2.07,20.45,631.30,ac,No,0.95
forestland,wood,"Logging residues","Hardwood upland logging residues","Class 2",Private,55007,"Bayfield County",Wisconsin,1511.34,"mature-market low",40,3132.20,dt,54400049600,BTU,2.07,20.45,631.30,ac,No,0.95
forestland,wood,"Logging residues","Hardwood upland logging residues","Class 2",Private,55007,"Bayfield County",Wisconsin,1511.34,"mature-market medium",40,3132.20,dt,54400049600,BTU,2.07,20.45,631.30,ac,No,0.95
forestland,wood,"Logging residues","Hardwood upland logging residues","Class 2",Private,55007,"Bayfield County",Wisconsin,1511.34,near-term,40,6815.00,dt,118362920000,BTU,4.51,20.45,1747.30,ac,No,0.95
forestland,wood,"Logging residues","Hardwood upland logging residues","Class 2",Private,55011,"Buffalo County",Wisconsin,709.59,Emerging,40,1808.70,dt,31413501600,BTU,2.55,20.45,342.90,ac,No,0.95
forestland,wood,"Logging residues","Hardwood upland logging residues","Class 2",Private,55011,"Buffalo County",Wisconsin,709.59,"mature-market high",40,1808.70,dt,31413501600,BTU,2.55,20.45,342.90,ac,No,0.95
forestland,wood,"Logging residues","Hardwood upland logging residues","Class 2",Private,55011,"Buffalo County",Wisconsin,709.59,"mature-market low",40,1808.70,dt,31413501600,BTU,2.55,20.45,342.90,ac,No,0.95
forestland,wood,"Logging residues","Hardwood upland logging residues","Class 2",Private,55011,"Buffalo County",Wisconsin,709.59,"mature-market medium",40,1808.70,dt,31413501600,BTU,2.55,20.45,342.90,ac,No,0.95
forestland,wood,"Logging residues","Hardwood upland logging residues","Class 2",Private,55013,"Burnett County",Wisconsin,880.22,Emerging,40,2888.90,dt,50174415200,BTU,3.28,20.45,582.30,ac,No,0.95
forestland,wood,"Logging residues","Hardwood upland logging residues","Class 2",Private,55013,"Burnett County",Wisconsin,880.22,"mature-market high",40,2888.90,dt,50174415200,BTU,3.28,20.45,582.30,ac,No,0.95
forestland,wood,"Logging residues","Hardwood upland logging residues","Class 2",Private,55013,"Burnett County",Wisconsin,880.22,"mature-market low",40,2888.90,dt,50174415200,BTU,3.28,20.45,582.30,ac,No,0.95
forestland,wood,"Logging residues","Hardwood upland logging residues","Class 2",Private,55013,"Burnett County",Wisconsin,880.22,"mature-market medium",40,2888.90,dt,50174415200,BTU,3.28,20.45,582.30,ac,No,0.95
forestland,wood,"Logging residues","Hardwood upland logging residues","Class 2",Private,55013,"Burnett County",Wisconsin,880.22,near-term,40,6285.70,dt,109170037600,BTU,7.14,20.45,1611.60,ac,No,0.95
forestland,wood,"Logging residues","Hardwood upland logging residues","Class 2",Private,55017,"Chippewa County",Wisconsin,1041.27,Emerging,40,2676.00,dt,46476768000,BTU,2.57,20.45,539.40,ac,No,0.95
forestland,wood,"Logging residues","Hardwood upland logging residues","Class 2",Private,55017,"Chippewa County",Wisconsin,1041.27,"mature-market high",40,2676.00,dt,46476768000,BTU,2.57,20.45,539.40,ac,No,0.95
forestland,wood,"Logging residues","Hardwood upland logging residues","Class 2",Private,55017,"Chippewa County",Wisconsin,1041.27,"mature-market low",40,2676.00,dt,46476768000,BTU,2.57,20.45,539.40,ac,No,0.95
forestland,wood,"Logging residues","Hardwood upland logging residues","Class 2",Private,55017,"Chippewa County",Wisconsin,1041.27,"mature-market medium",40,2676.00,dt,46476768000,BTU,2.57,20.45,539.40,ac,No,0.95
forestland,wood,"Logging residues","Hardwood upland logging residues","Class 2",Private,55017,"Chippewa County",Wisconsin,1041.27,near-term,40,5822.50,dt,101125180000,BTU,5.59,20.45,1492.90,ac,No,0.95
forestland,wood,"Logging residues","Hardwood upland logging residues","Class 2",Private,55019,"Clark County",Wisconsin,1218.67,Emerging,40,5838.40,dt,101401331200,BTU,4.79,20.45,1134.60,ac,No,0.95
forestland,wood,"Logging residues","Hardwood upland logging residues","Class 2",Private,55019,"Clark County",Wisconsin,1218.67,"mature-market high",40,5838.40,dt,101401331200,BTU,4.79,20.45,1134.60,ac,No,0.95
forestland,wood,"Logging residues","Hardwood upland logging residues","Class 2",Private,55019,"Clark County",Wisconsin,1218.67,"mature-market low",40,5838.40,dt,101401331200,BTU,4.79,20.45,1134.60,ac,No,0.95
forestland,wood,"Logging residues","Hardwood upland logging residues","Class 2",Private,55019,"Clark County",Wisconsin,1218.67,"mature-market medium",40,5838.40,dt,101401331200,BTU,4.79,20.45,1134.60,ac,No,0.95
forestland,wood,"Logging residues","Hardwood upland logging residues","Class 2",Private,55019,"Clark County",Wisconsin,1218.67,near-term,40,5754.70,dt,99947629600,BTU,4.72,20.45,1475.90,ac,No,0.95
forestland,wood,"Logging residues","Hardwood upland logging residues","Class 2",Private,55023,"Crawford County",Wisconsin,599.21,near-term,40,358.20,dt,6221217600,BTU,0.60,20.45,83.30,ac,No,0.95
forestland,wood,"Logging residues","Hardwood upland logging residues","Class 2",Private,55031,"Douglas County",Wisconsin,1332.11,Emerging,40,3770.80,dt,65491254400,BTU,2.83,20.45,760.00,ac,No,0.95
forestland,wood,"Logging residues","Hardwood upland logging residues","Class 2",Private,55031,"Douglas County",Wisconsin,1332.11,"mature-market high",40,3770.80,dt,65491254400,BTU,2.83,20.45,760.00,ac,No,0.95
forestland,wood,"Logging residues","Hardwood upland logging residues","Class 2",Private,55031,"Douglas County",Wisconsin,1332.11,"mature-market low",40,3770.80,dt,65491254400,BTU,2.83,20.45,760.00,ac,No,0.95
forestland,wood,"Logging residues","Hardwood upland logging residues","Class 2",Private,55031,"Douglas County",Wisconsin,1332.11,"mature-market medium",40,3770.80,dt,65491254400,BTU,2.83,20.45,760.00,ac,No,0.95
forestland,wood,"Logging residues","Hardwood upland logging residues","Class 2",Private,55031,"Douglas County",Wisconsin,1332.11,near-term,40,8204.50,dt,142495756000,BTU,6.16,20.45,2103.60,ac,No,0.95
forestland,wood,"Logging residues","Hardwood upland logging residues","Class 2",Private,55033,"Dunn County",Wisconsin,863.89,Emerging,40,1509.40,dt,26215259200,BTU,1.75,20.45,286.10,ac,No,0.95
forestland,wood,"Logging residues","Hardwood upland logging residues","Class 2",Private,55033,"Dunn County",Wisconsin,863.89,"mature-market high",40,1509.40,dt,26215259200,BTU,1.75,20.45,286.10,ac,No,0.95
forestland,wood,"Logging residues","Hardwood upland logging residues","Class 2",Private,55033,"Dunn County",Wisconsin,863.89,"mature-market low",40,1509.40,dt,26215259200,BTU,1.75,20.45,286.10,ac,No,0.95
forestland,wood,"Logging residues","Hardwood upland logging residues","Class 2",Private,55033,"Dunn County",Wisconsin,863.89,"mature-market medium",40,1509.40,dt,26215259200,BTU,1.75,20.45,286.10,ac,No,0.95
forestland,wood,"Logging residues","Hardwood upland logging residues","Class 2",Private,55035,"Eau Claire County",Wisconsin,645.2,Emerging,40,1197.10,dt,20791232800,BTU,1.86,20.45,226.90,ac,No,0.95
forestland,wood,"Logging residues","Hardwood upland logging residues","Class 2",Private,55035,"Eau Claire County",Wisconsin,645.2,"mature-market high",40,1197.10,dt,20791232800,BTU,1.86,20.45,226.90,ac,No,0.95
forestland,wood,"Logging residues","Hardwood upland logging residues","Class 2",Private,55035,"Eau Claire County",Wisconsin,645.2,"mature-market low",40,1197.10,dt,20791232800,BTU,1.86,20.45,226.90,ac,No,0.95
forestland,wood,"Logging residues","Hardwood upland logging residues","Class 2",Private,55035,"Eau Claire County",Wisconsin,645.2,"mature-market medium",40,1197.10,dt,20791232800,BTU,1.86,20.45,226.90,ac,No,0.95
forestland,wood,"Logging residues","Hardwood upland logging residues","Class 2",Private,55037,"Florence County",Wisconsin,497.43,Emerging,40,1959.20,dt,34027385600,BTU,3.94,20.45,372.40,ac,No,0.95
forestland,wood,"Logging residues","Hardwood upland logging residues","Class 2",Private,55037,"Florence County",Wisconsin,497.43,"mature-market high",40,1959.20,dt,34027385600,BTU,3.94,20.45,372.40,ac,No,0.95
forestland,wood,"Logging residues","Hardwood upland logging residues","Class 2",Private,55037,"Florence County",Wisconsin,497.43,"mature-market low",40,1959.20,dt,34027385600,BTU,3.94,20.45,372.40,ac,No,0.95
forestland,wood,"Logging residues","Hardwood upland logging residues","Class 2",Private,55037,"Florence County",Wisconsin,497.43,"mature-market medium",40,1959.20,dt,34027385600,BTU,3.94,20.45,372.40,ac,No,0.95
forestland,wood,"Logging residues","Hardwood upland logging residues","Class 2",Private,55037,"Florence County",Wisconsin,497.43,near-term,40,2136.20,dt,37101521600,BTU,4.29,20.45,512.50,ac,No,0.95
forestland,wood,"Logging residues","Hardwood upland logging residues","Class 2",Private,55041,"Forest County",Wisconsin,1046.52,Emerging,40,1351.90,dt,23479799200,BTU,1.29,20.45,256.90,ac,No,0.95
forestland,wood,"Logging residues","Hardwood upland logging residues","Class 2",Private,55041,"Forest County",Wisconsin,1046.52,"mature-market high",40,1351.90,dt,23479799200,BTU,1.29,20.45,256.90,ac,No,0.95
forestland,wood,"Logging residues","Hardwood upland logging residues","Class 2",Private,55041,"Forest County",Wisconsin,1046.52,"mature-market low",40,1351.90,dt,23479799200,BTU,1.29,20.45,256.90,ac,No,0.95
forestland,wood,"Logging residues","Hardwood upland logging residues","Class 2",Private,55041,"Forest County",Wisconsin,1046.52,"mature-market medium",40,1351.90,dt,23479799200,BTU,1.29,20.45,256.90,ac,No,0.95
forestland,wood,"Logging residues","Hardwood upland logging residues","Class 2",Private,55041,"Forest County",Wisconsin,1046.52,near-term,40,1474.00,dt,25600432000,BTU,1.41,20.45,353.60,ac,No,0.95
forestland,wood,"Logging residues","Hardwood upland logging residues","Class 2",Private,55043,"Grant County",Wisconsin,1183.37,near-term,40,373.60,dt,6488684800,BTU,0.32,20.45,86.80,ac,No,0.95
forestland,wood,"Logging residues","Hardwood upland logging residues","Class 2",Private,55047,"Green Lake County",Wisconsin,380.13,Emerging,40,260.10,dt,4517416800,BTU,0.68,20.45,56.30,ac,No,0.95
forestland,wood,"Logging residues","Hardwood upland logging residues","Class 2",Private,55047,"Green Lake County",Wisconsin,380.13,"mature-market high",40,260.10,dt,4517416800,BTU,0.68,20.45,56.30,ac,No,0.95
forestland,wood,"Logging residues","Hardwood upland logging residues","Class 2",Private,55047,"Green Lake County",Wisconsin,380.13,"mature-market low",40,260.10,dt,4517416800,BTU,0.68,20.45,56.30,ac,No,0.95
forestland,wood,"Logging residues","Hardwood upland logging residues","Class 2",Private,55047,"Green Lake County",Wisconsin,380.13,"mature-market medium",40,260.10,dt,4517416800,BTU,0.68,20.45,56.30,ac,No,0.95
forestland,wood,"Logging residues","Hardwood upland logging residues","Class 2",Private,55047,"Green Lake County",Wisconsin,380.13,near-term,40,678.00,dt,11775504000,BTU,1.78,20.45,182.30,ac,No,0.95
forestland,wood,"Logging residues","Hardwood upland logging residues","Class 2",Private,55049,"Iowa County",Wisconsin,768.05,near-term,40,285.70,dt,4962037600,BTU,0.37,20.45,66.40,ac,No,0.95
forestland,wood,"Logging residues","Hardwood upland logging residues","Class 2",Private,55051,"Iron County",Wisconsin,802.62,Emerging,40,4026.50,dt,69932252000,BTU,5.02,20.45,782.50,ac,No,0.95
forestland,wood,"Logging residues","Hardwood upland logging residues","Class 2",Private,55051,"Iron County",Wisconsin,802.62,"mature-market high",40,4026.50,dt,69932252000,BTU,5.02,20.45,782.50,ac,No,0.95
forestland,wood,"Logging residues","Hardwood upland logging residues","Class 2",Private,55051,"Iron County",Wisconsin,802.62,"mature-market low",40,4026.50,dt,69932252000,BTU,5.02,20.45,782.50,ac,No,0.95
forestland,wood,"Logging residues","Hardwood upland logging residues","Class 2",Private,55051,"Iron County",Wisconsin,802.62,"mature-market medium",40,4026.50,dt,69932252000,BTU,5.02,20.45,782.50,ac,No,0.95
forestland,wood,"Logging residues","Hardwood upland logging residues","Class 2",Private,55051,"Iron County",Wisconsin,802.62,near-term,40,3968.80,dt,68930118400,BTU,4.94,20.45,1017.80,ac,No,0.95
forestland,wood,"Logging residues","Hardwood upland logging residues","Class 2",Private,55053,"Jackson County",Wisconsin,1000.48,Emerging,40,1834.70,dt,31865069600,BTU,1.83,20.45,347.80,ac,No,0.95
forestland,wood,"Logging residues","Hardwood upland logging residues","Class 2",Private,55053,"Jackson County",Wisconsin,1000.48,"mature-market high",40,1834.70,dt,31865069600,BTU,1.83,20.45,347.80,ac,No,0.95
forestland,wood,"Logging residues","Hardwood upland logging residues","Class 2",Private,55053,"Jackson County",Wisconsin,1000.48,"mature-market low",40,1834.70,dt,31865069600,BTU,1.83,20.45,347.80,ac,No,0.95
forestland,wood,"Logging residues","Hardwood upland logging residues","Class 2",Private,55053,"Jackson County",Wisconsin,1000.48,"mature-market medium",40,1834.70,dt,31865069600,BTU,1.83,20.45,347.80,ac,No,0.95
forestland,wood,"Logging residues","Hardwood upland logging residues","Class 2",Private,55057,"Juneau County",Wisconsin,805.17,Emerging,40,1676.10,dt,29110504800,BTU,2.08,20.45,362.70,ac,No,0.95
forestland,wood,"Logging residues","Hardwood upland logging residues","Class 2",Private,55057,"Juneau County",Wisconsin,805.17,"mature-market high",40,1676.10,dt,29110504800,BTU,2.08,20.45,362.70,ac,No,0.95
forestland,wood,"Logging residues","Hardwood upland logging residues","Class 2",Private,55057,"Juneau County",Wisconsin,805.17,"mature-market low",40,1676.10,dt,29110504800,BTU,2.08,20.45,362.70,ac,No,0.95
forestland,wood,"Logging residues","Hardwood upland logging residues","Class 2",Private,55057,"Juneau County",Wisconsin,805.17,"mature-market medium",40,1676.10,dt,29110504800,BTU,2.08,20.45,362.70,ac,No,0.95
forestland,wood,"Logging residues","Hardwood upland logging residues","Class 2",Private,55057,"Juneau County",Wisconsin,805.17,near-term,40,4369.40,dt,75887739200,BTU,5.43,20.45,1174.50,ac,No,0.95
forestland,wood,"Logging residues","Hardwood upland logging residues","Class 2",Private,55059,"Kenosha County",Wisconsin,278.42,Emerging,40,38.80,dt,673878400,BTU,0.14,20.45,5.30,ac,No,0.95
forestland,wood,"Logging residues","Hardwood upland logging residues","Class 2",Private,55059,"Kenosha County",Wisconsin,278.42,"mature-market high",40,38.80,dt,673878400,BTU,0.14,20.45,5.30,ac,No,0.95
forestland,wood,"Logging residues","Hardwood upland logging residues","Class 2",Private,55059,"Kenosha County",Wisconsin,278.42,"mature-market low",40,38.80,dt,673878400,BTU,0.14,20.45,5.30,ac,No,0.95
forestland,wood,"Logging residues","Hardwood upland logging residues","Class 2",Private,55059,"Kenosha County",Wisconsin,278.42,"mature-market medium",40,38.80,dt,673878400,BTU,0.14,20.45,5.30,ac,No,0.95
forestland,wood,"Logging residues","Hardwood upland logging residues","Class 2",Private,55063,"La Crosse County",Wisconsin,480.05,Emerging,40,1158.10,dt,20113880800,BTU,2.41,20.45,219.50,ac,No,0.95
forestland,wood,"Logging residues","Hardwood upland logging residues","Class 2",Private,55063,"La Crosse County",Wisconsin,480.05,"mature-market high",40,1158.10,dt,20113880800,BTU,2.41,20.45,219.50,ac,No,0.95
forestland,wood,"Logging residues","Hardwood upland logging residues","Class 2",Private,55063,"La Crosse County",Wisconsin,480.05,"mature-market low",40,1158.10,dt,20113880800,BTU,2.41,20.45,219.50,ac,No,0.95
forestland,wood,"Logging residues","Hardwood upland logging residues","Class 2",Private,55063,"La Crosse County",Wisconsin,480.05,"mature-market medium",40,1158.10,dt,20113880800,BTU,2.41,20.45,219.50,ac,No,0.95
forestland,wood,"Logging residues","Hardwood upland logging residues","Class 2",Private,55065,"Lafayette County",Wisconsin,634.57,near-term,40,79.10,dt,1373808800,BTU,0.12,20.45,18.40,ac,No,0.95
forestland,wood,"Logging residues","Hardwood upland logging residues","Class 2",Private,55067,"Langlade County",Wisconsin,887.79,Emerging,40,4467.00,dt,77582856000,BTU,5.03,20.45,849.00,ac,No,0.95
forestland,wood,"Logging residues","Hardwood upland logging residues","Class 2",Private,55067,"Langlade County",Wisconsin,887.79,"mature-market high",40,4467.00,dt,77582856000,BTU,5.03,20.45,849.00,ac,No,0.95
forestland,wood,"Logging residues","Hardwood upland logging residues","Class 2",Private,55067,"Langlade County",Wisconsin,887.79,"mature-market low",40,4467.00,dt,77582856000,BTU,5.03,20.45,849.00,ac,No,0.95
forestland,wood,"Logging residues","Hardwood upland logging residues","Class 2",Private,55067,"Langlade County",Wisconsin,887.79,"mature-market medium",40,4467.00,dt,77582856000,BTU,5.03,20.45,849.00,ac,No,0.95
forestland,wood,"Logging residues","Hardwood upland logging residues","Class 2",Private,55067,"Langlade County",Wisconsin,887.79,near-term,40,4870.50,dt,84590844000,BTU,5.49,20.45,1168.50,ac,No,0.95
forestland,wood,"Logging residues","Hardwood upland logging residues","Class 2",Private,55069,"Lincoln County",Wisconsin,906.79,Emerging,40,5274.70,dt,91610989600,BTU,5.82,20.45,1025.10,ac,No,0.95
forestland,wood,"Logging residues","Hardwood upland logging residues","Class 2",Private,55069,"Lincoln County",Wisconsin,906.79,"mature-market high",40,5274.70,dt,91610989600,BTU,5.82,20.45,1025.10,ac,No,0.95
forestland,wood,"Logging residues","Hardwood upland logging residues","Class 2",Private,55069,"Lincoln County",Wisconsin,906.79,"mature-market low",40,5274.70,dt,91610989600,BTU,5.82,20.45,1025.10,ac,No,0.95
forestland,wood,"Logging residues","Hardwood upland logging residues","Class 2",Private,55069,"Lincoln County",Wisconsin,906.79,"mature-market medium",40,5274.70,dt,91610989600,BTU,5.82,20.45,1025.10,ac,No,0.95
forestland,wood,"Logging residues","Hardwood upland logging residues","Class 2",Private,55069,"Lincoln County",Wisconsin,906.79,near-term,40,5199.10,dt,90297968800,BTU,5.73,20.45,1333.40,ac,No,0.95
forestland,wood,"Logging residues","Hardwood upland logging residues","Class 2",Private,55073,"Marathon County",Wisconsin,1576.33,Emerging,40,6683.90,dt,116085975200,BTU,4.24,20.45,1298.90,ac,No,0.95
forestland,wood,"Logging residues","Hardwood upland logging residues","Class 2",Private,55073,"Marathon County",Wisconsin,1576.33,"mature-market high",40,6683.90,dt,116085975200,BTU,4.24,20.45,1298.90,ac,No,0.95
forestland,wood,"Logging residues","Hardwood upland logging residues","Class 2",Private,55073,"Marathon County",Wisconsin,1576.33,"mature-market low",40,6683.90,dt,116085975200,BTU,4.24,20.45,1298.90,ac,No,0.95
forestland,wood,"Logging residues","Hardwood upland logging residues","Class 2",Private,55073,"Marathon County",Wisconsin,1576.33,"mature-market medium",40,6683.90,dt,116085975200,BTU,4.24,20.45,1298.90,ac,No,0.95
forestland,wood,"Logging residues","Hardwood upland logging residues","Class 2",Private,55073,"Marathon County",Wisconsin,1576.33,near-term,40,6588.20,dt,114423857600,BTU,4.18,20.45,1689.60,ac,No,0.95
forestland,wood,"Logging residues","Hardwood upland logging residues","Class 2",Private,55075,"Marinette County",Wisconsin,1429.25,Emerging,40,6347.90,dt,110250327200,BTU,4.44,20.45,1206.50,ac,No,0.95
forestland,wood,"Logging residues","Hardwood upland logging residues","Class 2",Private,55075,"Marinette County",Wisconsin,1429.25,"mature-market high",40,6347.90,dt,110250327200,BTU,4.44,20.45,1206.50,ac,No,0.95
forestland,wood,"Logging residues","Hardwood upland logging residues","Class 2",Private,55075,"Marinette County",Wisconsin,1429.25,"mature-market low",40,6347.90,dt,110250327200,BTU,4.44,20.45,1206.50,ac,No,0.95
forestland,wood,"Logging residues","Hardwood upland logging residues","Class 2",Private,55075,"Marinette County",Wisconsin,1429.25,"mature-market medium",40,6347.90,dt,110250327200,BTU,4.44,20.45,1206.50,ac,No,0.95
forestland,wood,"Logging residues","Hardwood upland logging residues","Class 2",Private,55075,"Marinette County",Wisconsin,1429.25,near-term,40,6921.30,dt,120209138400,BTU,4.84,20.45,1660.60,ac,No,0.95
forestland,wood,"Logging residues","Hardwood upland logging residues","Class 2",Private,55077,"Marquette County",Wisconsin,464.47,Emerging,40,780.30,dt,13552250400,BTU,1.68,20.45,168.90,ac,No,0.95
forestland,wood,"Logging residues","Hardwood upland logging residues","Class 2",Private,55077,"Marquette County",Wisconsin,464.47,"mature-market high",40,780.30,dt,13552250400,BTU,1.68,20.45,168.90,ac,No,0.95
forestland,wood,"Logging residues","Hardwood upland logging residues","Class 2",Private,55077,"Marquette County",Wisconsin,464.47,"mature-market low",40,780.30,dt,13552250400,BTU,1.68,20.45,168.90,ac,No,0.95
forestland,wood,"Logging residues","Hardwood upland logging residues","Class 2",Private,55077,"Marquette County",Wisconsin,464.47,"mature-market medium",40,780.30,dt,13552250400,BTU,1.68,20.45,168.90,ac,No,0.95
forestland,wood,"Logging residues","Hardwood upland logging residues","Class 2",Private,55077,"Marquette County",Wisconsin,464.47,near-term,40,2034.00,dt,35326512000,BTU,4.38,20.45,546.80,ac,No,0.95
forestland,wood,"Logging residues","Hardwood upland logging residues","Class 2",Private,55078,"Menominee County",Wisconsin,364.96,Emerging,40,1959.20,dt,34027385600,BTU,5.37,20.45,372.40,ac,No,0.95
forestland,wood,"Logging residues","Hardwood upland logging residues","Class 2",Private,55078,"Menominee County",Wisconsin,364.96,"mature-market high",40,1959.20,dt,34027385600,BTU,5.37,20.45,372.40,ac,No,0.95
forestland,wood,"Logging residues","Hardwood upland logging residues","Class 2",Private,55078,"Menominee County",Wisconsin,364.96,"mature-market low",40,1959.20,dt,34027385600,BTU,5.37,20.45,372.40,ac,No,0.95
forestland,wood,"Logging residues","Hardwood upland logging residues","Class 2",Private,55078,"Menominee County",Wisconsin,364.96,"mature-market medium",40,1959.20,dt,34027385600,BTU,5.37,20.45,372.40,ac,No,0.95
forestland,wood,"Logging residues","Hardwood upland logging residues","Class 2",Private,55078,"Menominee County",Wisconsin,364.96,near-term,40,2136.20,dt,37101521600,BTU,5.85,20.45,512.50,ac,No,0.95
forestland,wood,"Logging residues","Hardwood upland logging residues","Class 2",Private,55079,"Milwaukee County",Wisconsin,242.17,Emerging,40,15.40,dt,267467200,BTU,0.06,20.45,2.10,ac,No,0.95
forestland,wood,"Logging residues","Hardwood upland logging residues","Class 2",Private,55079,"Milwaukee County",Wisconsin,242.17,"mature-market high",40,15.40,dt,267467200,BTU,0.06,20.45,2.10,ac,No,0.95
forestland,wood,"Logging residues","Hardwood upland logging residues","Class 2",Private,55079,"Milwaukee County",Wisconsin,242.17,"mature-market low",40,15.40,dt,267467200,BTU,0.06,20.45,2.10,ac,No,0.95
forestland,wood,"Logging residues","Hardwood upland logging residues","Class 2",Private,55079,"Milwaukee County",Wisconsin,242.17,"mature-market medium",40,15.40,dt,267467200,BTU,0.06,20.45,2.10,ac,No,0.95
forestland,wood,"Logging residues","Hardwood upland logging residues","Class 2",Private,55081,"Monroe County",Wisconsin,908.08,Emerging,40,1730.60,dt,30057060800,BTU,1.91,20.45,328.10,ac,No,0.95
forestland,wood,"Logging residues","Hardwood upland logging residues","Class 2",Private,55081,"Monroe County",Wisconsin,908.08,"mature-market high",40,1730.60,dt,30057060800,BTU,1.91,20.45,328.10,ac,No,0.95
forestland,wood,"Logging residues","Hardwood upland logging residues","Class 2",Private,55081,"Monroe County",Wisconsin,908.08,"mature-market low",40,1730.60,dt,30057060800,BTU,1.91,20.45,328.10,ac,No,0.95
forestland,wood,"Logging residues","Hardwood upland logging residues","Class 2",Private,55081,"Monroe County",Wisconsin,908.08,"mature-market medium",40,1730.60,dt,30057060800,BTU,1.91,20.45,328.10,ac,No,0.95
forestland,wood,"Logging residues","Hardwood upland logging residues","Class 2",Private,55083,"Oconto County",Wisconsin,1016.31,Emerging,40,1195.10,dt,20756496800,BTU,1.18,20.45,227.20,ac,No,0.95
forestland,wood,"Logging residues","Hardwood upland logging residues","Class 2",Private,55083,"Oconto County",Wisconsin,1016.31,"mature-market high",40,1195.10,dt,20756496800,BTU,1.18,20.45,227.20,ac,No,0.95
forestland,wood,"Logging residues","Hardwood upland logging residues","Class 2",Private,55083,"Oconto County",Wisconsin,1016.31,"mature-market low",40,1195.10,dt,20756496800,BTU,1.18,20.45,227.20,ac,No,0.95
forestland,wood,"Logging residues","Hardwood upland logging residues","Class 2",Private,55083,"Oconto County",Wisconsin,1016.31,"mature-market medium",40,1195.10,dt,20756496800,BTU,1.18,20.45,227.20,ac,No,0.95
forestland,wood,"Logging residues","Hardwood upland logging residues","Class 2",Private,55083,"Oconto County",Wisconsin,1016.31,near-term,40,1303.10,dt,22632240800,BTU,1.28,20.45,312.60,ac,No,0.95
forestland,wood,"Logging residues","Hardwood upland logging residues","Class 2",Private,55085,"Oneida County",Wisconsin,1236.57,Emerging,40,3503.00,dt,60840104000,BTU,2.83,20.45,680.80,ac,No,0.95
forestland,wood,"Logging residues","Hardwood upland logging residues","Class 2",Private,55085,"Oneida County",Wisconsin,1236.57,"mature-market high",40,3503.00,dt,60840104000,BTU,2.83,20.45,680.80,ac,No,0.95
forestland,wood,"Logging residues","Hardwood upland logging residues","Class 2",Private,55085,"Oneida County",Wisconsin,1236.57,"mature-market low",40,3503.00,dt,60840104000,BTU,2.83,20.45,680.80,ac,No,0.95
forestland,wood,"Logging residues","Hardwood upland logging residues","Class 2",Private,55085,"Oneida County",Wisconsin,1236.57,"mature-market medium",40,3503.00,dt,60840104000,BTU,2.83,20.45,680.80,ac,No,0.95
forestland,wood,"Logging residues","Hardwood upland logging residues","Class 2",Private,55085,"Oneida County",Wisconsin,1236.57,near-term,40,3452.80,dt,59968230400,BTU,2.79,20.45,885.50,ac,No,0.95
forestland,wood,"Logging residues","Hardwood upland logging residues","Class 2",Private,55089,"Ozaukee County",Wisconsin,235.28,Emerging,40,20.60,dt,357780800,BTU,0.09,20.45,2.80,ac,No,0.95
forestland,wood,"Logging residues","Hardwood upland logging residues","Class 2",Private,55089,"Ozaukee County",Wisconsin,235.28,"mature-market high",40,20.60,dt,357780800,BTU,0.09,20.45,2.80,ac,No,0.95
forestland,wood,"Logging residues","Hardwood upland logging residues","Class 2",Private,55089,"Ozaukee County",Wisconsin,235.28,"mature-market low",40,20.60,dt,357780800,BTU,0.09,20.45,2.80,ac,No,0.95
forestland,wood,"Logging residues","Hardwood upland logging residues","Class 2",Private,55089,"Ozaukee County",Wisconsin,235.28,"mature-market medium",40,20.60,dt,357780800,BTU,0.09,20.45,2.80,ac,No,0.95
forestland,wood,"Logging residues","Hardwood upland logging residues","Class 2",Private,55091,"Pepin County",Wisconsin,248.7,Emerging,40,481.50,dt,8362692000,BTU,1.94,20.45,91.30,ac,No,0.95
forestland,wood,"Logging residues","Hardwood upland logging residues","Class 2",Private,55091,"Pepin County",Wisconsin,248.7,"mature-market high",40,481.50,dt,8362692000,BTU,1.94,20.45,91.30,ac,No,0.95
forestland,wood,"Logging residues","Hardwood upland logging residues","Class 2",Private,55091,"Pepin County",Wisconsin,248.7,"mature-market low",40,481.50,dt,8362692000,BTU,1.94,20.45,91.30,ac,No,0.95
forestland,wood,"Logging residues","Hardwood upland logging residues","Class 2",Private,55091,"Pepin County",Wisconsin,248.7,"mature-market medium",40,481.50,dt,8362692000,BTU,1.94,20.45,91.30,ac,No,0.95
forestland,wood,"Logging residues","Hardwood upland logging residues","Class 2",Private,55093,"Pierce County",Wisconsin,592.73,Emerging,40,962.90,dt,16723647200,BTU,1.62,20.45,182.50,ac,No,0.95
forestland,wood,"Logging residues","Hardwood upland logging residues","Class 2",Private,55093,"Pierce County",Wisconsin,592.73,"mature-market high",40,962.90,dt,16723647200,BTU,1.62,20.45,182.50,ac,No,0.95
forestland,wood,"Logging residues","Hardwood upland logging residues","Class 2",Private,55093,"Pierce County",Wisconsin,592.73,"mature-market low",40,962.90,dt,16723647200,BTU,1.62,20.45,182.50,ac,No,0.95
forestland,wood,"Logging residues","Hardwood upland logging residues","Class 2",Private,55093,"Pierce County",Wisconsin,592.73,"mature-market medium",40,962.90,dt,16723647200,BTU,1.62,20.45,182.50,ac,No,0.95
forestland,wood,"Logging residues","Hardwood upland logging residues","Class 2",Private,55095,"Polk County",Wisconsin,956.41,Emerging,40,3253.80,dt,56511998400,BTU,3.40,20.45,655.80,ac,No,0.95
forestland,wood,"Logging residues","Hardwood upland logging residues","Class 2",Private,55095,"Polk County",Wisconsin,956.41,"mature-market high",40,3253.80,dt,56511998400,BTU,3.40,20.45,655.80,ac,No,0.95
forestland,wood,"Logging residues","Hardwood upland logging residues","Class 2",Private,55095,"Polk County",Wisconsin,956.41,"mature-market low",40,3253.80,dt,56511998400,BTU,3.40,20.45,655.80,ac,No,0.95
forestland,wood,"Logging residues","Hardwood upland logging residues","Class 2",Private,55095,"Polk County",Wisconsin,956.41,"mature-market medium",40,3253.80,dt,56511998400,BTU,3.40,20.45,655.80,ac,No,0.95
forestland,wood,"Logging residues","Hardwood upland logging residues","Class 2",Private,55095,"Polk County",Wisconsin,956.41,near-term,40,7079.70,dt,122960229600,BTU,7.40,20.45,1815.20,ac,No,0.95
forestland,wood,"Logging residues","Hardwood upland logging residues","Class 2",Private,55097,"Portage County",Wisconsin,822.82,Emerging,40,1502.70,dt,26098893600,BTU,1.83,20.45,325.20,ac,No,0.95
forestland,wood,"Logging residues","Hardwood upland logging residues","Class 2",Private,55097,"Portage County",Wisconsin,822.82,"mature-market high",40,1502.70,dt,26098893600,BTU,1.83,20.45,325.20,ac,No,0.95
forestland,wood,"Logging residues","Hardwood upland logging residues","Class 2",Private,55097,"Portage County",Wisconsin,822.82,"mature-market low",40,1502.70,dt,26098893600,BTU,1.83,20.45,325.20,ac,No,0.95
forestland,wood,"Logging residues","Hardwood upland logging residues","Class 2",Private,55097,"Portage County",Wisconsin,822.82,"mature-market medium",40,1502.70,dt,26098893600,BTU,1.83,20.45,325.20,ac,No,0.95
forestland,wood,"Logging residues","Hardwood upland logging residues","Class 2",Private,55097,"Portage County",Wisconsin,822.82,near-term,40,3917.40,dt,68037403200,BTU,4.76,20.45,1053.00,ac,No,0.95
forestland,wood,"Logging residues","Hardwood upland logging residues","Class 2",Private,55099,"Price County",Wisconsin,1278.04,Emerging,40,5476.00,dt,95107168000,BTU,4.28,20.45,1064.20,ac,No,0.95
forestland,wood,"Logging residues","Hardwood upland logging residues","Class 2",Private,55099,"Price County",Wisconsin,1278.04,"mature-market high",40,5476.00,dt,95107168000,BTU,4.28,20.45,1064.20,ac,No,0.95
forestland,wood,"Logging residues","Hardwood upland logging residues","Class 2",Private,55099,"Price County",Wisconsin,1278.04,"mature-market low",40,5476.00,dt,95107168000,BTU,4.28,20.45,1064.20,ac,No,0.95
forestland,wood,"Logging residues","Hardwood upland logging residues","Class 2",Private,55099,"Price County",Wisconsin,1278.04,"mature-market medium",40,5476.00,dt,95107168000,BTU,4.28,20.45,1064.20,ac,No,0.95
forestland,wood,"Logging residues","Hardwood upland logging residues","Class 2",Private,55099,"Price County",Wisconsin,1278.04,near-term,40,5397.50,dt,93743780000,BTU,4.22,20.45,1384.20,ac,No,0.95
forestland,wood,"Logging residues","Hardwood upland logging residues","Class 2",Private,55101,"Racine County",Wisconsin,340.39,Emerging,40,43.20,dt,750297600,BTU,0.13,20.45,5.90,ac,No,0.95
forestland,wood,"Logging residues","Hardwood upland logging residues","Class 2",Private,55101,"Racine County",Wisconsin,340.39,"mature-market high",40,43.20,dt,750297600,BTU,0.13,20.45,5.90,ac,No,0.95
forestland,wood,"Logging residues","Hardwood upland logging residues","Class 2",Private,55101,"Racine County",Wisconsin,340.39,"mature-market low",40,43.20,dt,750297600,BTU,0.13,20.45,5.90,ac,No,0.95
forestland,wood,"Logging residues","Hardwood upland logging residues","Class 2",Private,55101,"Racine County",Wisconsin,340.39,"mature-market medium",40,43.20,dt,750297600,BTU,0.13,20.45,5.90,ac,No,0.95
forestland,wood,"Logging residues","Hardwood upland logging residues","Class 2",Private,55103,"Richland County",Wisconsin,589.3,near-term,40,336.20,dt,5839121600,BTU,0.57,20.45,78.20,ac,No,0.95
forestland,wood,"Logging residues","Hardwood upland logging residues","Class 2",Private,55107,"Rusk County",Wisconsin,930.86,Emerging,40,3922.80,dt,68131190400,BTU,4.21,20.45,790.60,ac,No,0.95
forestland,wood,"Logging residues","Hardwood upland logging residues","Class 2",Private,55107,"Rusk County",Wisconsin,930.86,"mature-market high",40,3922.80,dt,68131190400,BTU,4.21,20.45,790.60,ac,No,0.95
forestland,wood,"Logging residues","Hardwood upland logging residues","Class 2",Private,55107,"Rusk County",Wisconsin,930.86,"mature-market low",40,3922.80,dt,68131190400,BTU,4.21,20.45,790.60,ac,No,0.95
forestland,wood,"Logging residues","Hardwood upland logging residues","Class 2",Private,55107,"Rusk County",Wisconsin,930.86,"mature-market medium",40,3922.80,dt,68131190400,BTU,4.21,20.45,790.60,ac,No,0.95
forestland,wood,"Logging residues","Hardwood upland logging residues","Class 2",Private,55107,"Rusk County",Wisconsin,930.86,near-term,40,8535.30,dt,148241090400,BTU,9.17,20.45,2188.40,ac,No,0.95
forestland,wood,"Logging residues","Hardwood upland logging residues","Class 2",Private,55109,"St. Croix County",Wisconsin,735.19,Emerging,40,741.70,dt,12881845600,BTU,1.01,20.45,140.60,ac,No,0.95
forestland,wood,"Logging residues","Hardwood upland logging residues","Class 2",Private,55109,"St. Croix County",Wisconsin,735.19,"mature-market high",40,741.70,dt,12881845600,BTU,1.01,20.45,140.60,ac,No,0.95
forestland,wood,"Logging residues","Hardwood upland logging residues","Class 2",Private,55109,"St. Croix County",Wisconsin,735.19,"mature-market low",40,741.70,dt,12881845600,BTU,1.01,20.45,140.60,ac,No,0.95
forestland,wood,"Logging residues","Hardwood upland logging residues","Class 2",Private,55109,"St. Croix County",Wisconsin,735.19,"mature-market medium",40,741.70,dt,12881845600,BTU,1.01,20.45,140.60,ac,No,0.95
forestland,wood,"Logging residues","Hardwood upland logging residues","Class 2",Private,55111,"Sauk County",Wisconsin,849.19,near-term,40,345.00,dt,5991960000,BTU,0.41,20.45,80.20,ac,No,0.95
forestland,wood,"Logging residues","Hardwood upland logging residues","Class 2",Private,55113,"Sawyer County",Wisconsin,1350.24,Emerging,40,4713.40,dt,81862331200,BTU,3.49,20.45,950.00,ac,No,0.95
forestland,wood,"Logging residues","Hardwood upland logging residues","Class 2",Private,55113,"Sawyer County",Wisconsin,1350.24,"mature-market high",40,4713.40,dt,81862331200,BTU,3.49,20.45,950.00,ac,No,0.95
forestland,wood,"Logging residues","Hardwood upland logging residues","Class 2",Private,55113,"Sawyer County",Wisconsin,1350.24,"mature-market low",40,4713.40,dt,81862331200,BTU,3.49,20.45,950.00,ac,No,0.95
forestland,wood,"Logging residues","Hardwood upland logging residues","Class 2",Private,55113,"Sawyer County",Wisconsin,1350.24,"mature-market medium",40,4713.40,dt,81862331200,BTU,3.49,20.45,950.00,ac,No,0.95
forestland,wood,"Logging residues","Hardwood upland logging residues","Class 2",Private,55113,"Sawyer County",Wisconsin,1350.24,near-term,40,10255.60,dt,178119260800,BTU,7.60,20.45,2629.50,ac,No,0.95
forestland,wood,"Logging residues","Hardwood upland logging residues","Class 2",Private,55115,"Shawano County",Wisconsin,909.4,Emerging,40,2311.90,dt,40153079200,BTU,2.54,20.45,439.40,ac,No,0.95
forestland,wood,"Logging residues","Hardwood upland logging residues","Class 2",Private,55115,"Shawano County",Wisconsin,909.4,"mature-market high",40,2311.90,dt,40153079200,BTU,2.54,20.45,439.40,ac,No,0.95
forestland,wood,"Logging residues","Hardwood upland logging residues","Class 2",Private,55115,"Shawano County",Wisconsin,909.4,"mature-market low",40,2311.90,dt,40153079200,BTU,2.54,20.45,439.40,ac,No,0.95
forestland,wood,"Logging residues","Hardwood upland logging residues","Class 2",Private,55115,"Shawano County",Wisconsin,909.4,"mature-market medium",40,2311.90,dt,40153079200,BTU,2.54,20.45,439.40,ac,No,0.95
forestland,wood,"Logging residues","Hardwood upland logging residues","Class 2",Private,55115,"Shawano County",Wisconsin,909.4,near-term,40,2520.70,dt,43779517600,BTU,2.77,20.45,604.80,ac,No,0.95
forestland,wood,"Logging residues","Hardwood upland logging residues","Class 2",Private,55119,"Taylor County",Wisconsin,984.56,Emerging,40,3382.20,dt,58742049600,BTU,3.44,20.45,657.30,ac,No,0.95
forestland,wood,"Logging residues","Hardwood upland logging residues","Class 2",Private,55119,"Taylor County",Wisconsin,984.56,"mature-market high",40,3382.20,dt,58742049600,BTU,3.44,20.45,657.30,ac,No,0.95
forestland,wood,"Logging residues","Hardwood upland logging residues","Class 2",Private,55119,"Taylor County",Wisconsin,984.56,"mature-market low",40,3382.20,dt,58742049600,BTU,3.44,20.45,657.30,ac,No,0.95
forestland,wood,"Logging residues","Hardwood upland logging residues","Class 2",Private,55119,"Taylor County",Wisconsin,984.56,"mature-market medium",40,3382.20,dt,58742049600,BTU,3.44,20.45,657.30,ac,No,0.95
forestland,wood,"Logging residues","Hardwood upland logging residues","Class 2",Private,55119,"Taylor County",Wisconsin,984.56,near-term,40,3333.80,dt,57901438400,BTU,3.39,20.45,855.00,ac,No,0.95
forestland,wood,"Logging residues","Hardwood upland logging residues","Class 2",Private,55121,"Trempealeau County",Wisconsin,741.98,Emerging,40,1613.50,dt,28023268000,BTU,2.17,20.45,305.90,ac,No,0.95
forestland,wood,"Logging residues","Hardwood upland logging residues","Class 2",Private,55121,"Trempealeau County",Wisconsin,741.98,"mature-market high",40,1613.50,dt,28023268000,BTU,2.17,20.45,305.90,ac,No,0.95
forestland,wood,"Logging residues","Hardwood upland logging residues","Class 2",Private,55121,"Trempealeau County",Wisconsin,741.98,"mature-market low",40,1613.50,dt,28023268000,BTU,2.17,20.45,305.90,ac,No,0.95
forestland,wood,"Logging residues","Hardwood upland logging residues","Class 2",Private,55121,"Trempealeau County",Wisconsin,741.98,"mature-market medium",40,1613.50,dt,28023268000,BTU,2.17,20.45,305.90,ac,No,0.95
forestland,wood,"Logging residues","Hardwood upland logging residues","Class 2",Private,55123,"Vernon County",Wisconsin,816.38,near-term,40,417.50,dt,7251140000,BTU,0.51,20.45,97.10,ac,No,0.95
forestland,wood,"Logging residues","Hardwood upland logging residues","Class 2",Private,55125,"Vilas County",Wisconsin,1017.72,Emerging,40,2254.80,dt,39161366400,BTU,2.22,20.45,438.20,ac,No,0.95
forestland,wood,"Logging residues","Hardwood upland logging residues","Class 2",Private,55125,"Vilas County",Wisconsin,1017.72,"mature-market high",40,2254.80,dt,39161366400,BTU,2.22,20.45,438.20,ac,No,0.95
forestland,wood,"Logging residues","Hardwood upland logging residues","Class 2",Private,55125,"Vilas County",Wisconsin,1017.72,"mature-market low",40,2254.80,dt,39161366400,BTU,2.22,20.45,438.20,ac,No,0.95
forestland,wood,"Logging residues","Hardwood upland logging residues","Class 2",Private,55125,"Vilas County",Wisconsin,1017.72,"mature-market medium",40,2254.80,dt,39161366400,BTU,2.22,20.45,438.20,ac,No,0.95
forestland,wood,"Logging residues","Hardwood upland logging residues","Class 2",Private,55125,"Vilas County",Wisconsin,1017.72,near-term,40,2222.50,dt,38600380000,BTU,2.18,20.45,570.00,ac,No,0.95
forestland,wood,"Logging residues","Hardwood upland logging residues","Class 2",Private,55127,"Walworth County",Wisconsin,576.6,Emerging,40,83.30,dt,1446754400,BTU,0.14,20.45,11.30,ac,No,0.95
forestland,wood,"Logging residues","Hardwood upland logging residues","Class 2",Private,55127,"Walworth County",Wisconsin,576.6,"mature-market high",40,83.30,dt,1446754400,BTU,0.14,20.45,11.30,ac,No,0.95
forestland,wood,"Logging residues","Hardwood upland logging residues","Class 2",Private,55127,"Walworth County",Wisconsin,576.6,"mature-market low",40,83.30,dt,1446754400,BTU,0.14,20.45,11.30,ac,No,0.95
forestland,wood,"Logging residues","Hardwood upland logging residues","Class 2",Private,55127,"Walworth County",Wisconsin,576.6,"mature-market medium",40,83.30,dt,1446754400,BTU,0.14,20.45,11.30,ac,No,0.95
forestland,wood,"Logging residues","Hardwood upland logging residues","Class 2",Private,55129,"Washburn County",Wisconsin,853.32,Emerging,40,3679.50,dt,63905556000,BTU,4.31,20.45,741.60,ac,No,0.95
forestland,wood,"Logging residues","Hardwood upland logging residues","Class 2",Private,55129,"Washburn County",Wisconsin,853.32,"mature-market high",40,3679.50,dt,63905556000,BTU,4.31,20.45,741.60,ac,No,0.95
forestland,wood,"Logging residues","Hardwood upland logging residues","Class 2",Private,55129,"Washburn County",Wisconsin,853.32,"mature-market low",40,3679.50,dt,63905556000,BTU,4.31,20.45,741.60,ac,No,0.95
forestland,wood,"Logging residues","Hardwood upland logging residues","Class 2",Private,55129,"Washburn County",Wisconsin,853.32,"mature-market medium",40,3679.50,dt,63905556000,BTU,4.31,20.45,741.60,ac,No,0.95
forestland,wood,"Logging residues","Hardwood upland logging residues","Class 2",Private,55129,"Washburn County",Wisconsin,853.32,near-term,40,8006.00,dt,139048208000,BTU,9.38,20.45,2052.70,ac,No,0.95
forestland,wood,"Logging residues","Hardwood upland logging residues","Class 2",Private,55131,"Washington County",Wisconsin,435.66,Emerging,40,56.90,dt,988239200,BTU,0.13,20.45,7.70,ac,No,0.95
forestland,wood,"Logging residues","Hardwood upland logging residues","Class 2",Private,55131,"Washington County",Wisconsin,435.66,"mature-market high",40,56.90,dt,988239200,BTU,0.13,20.45,7.70,ac,No,0.95
forestland,wood,"Logging residues","Hardwood upland logging residues","Class 2",Private,55131,"Washington County",Wisconsin,435.66,"mature-market low",40,56.90,dt,988239200,BTU,0.13,20.45,7.70,ac,No,0.95
forestland,wood,"Logging residues","Hardwood upland logging residues","Class 2",Private,55131,"Washington County",Wisconsin,435.66,"mature-market medium",40,56.90,dt,988239200,BTU,0.13,20.45,7.70,ac,No,0.95
forestland,wood,"Logging residues","Hardwood upland logging residues","Class 2",Private,55133,"Waukesha County",Wisconsin,580.54,Emerging,40,84.70,dt,1471069600,BTU,0.15,20.45,11.50,ac,No,0.95
forestland,wood,"Logging residues","Hardwood upland logging residues","Class 2",Private,55133,"Waukesha County",Wisconsin,580.54,"mature-market high",40,84.70,dt,1471069600,BTU,0.15,20.45,11.50,ac,No,0.95
forestland,wood,"Logging residues","Hardwood upland logging residues","Class 2",Private,55133,"Waukesha County",Wisconsin,580.54,"mature-market low",40,84.70,dt,1471069600,BTU,0.15,20.45,11.50,ac,No,0.95
forestland,wood,"Logging residues","Hardwood upland logging residues","Class 2",Private,55133,"Waukesha County",Wisconsin,580.54,"mature-market medium",40,84.70,dt,1471069600,BTU,0.15,20.45,11.50,ac,No,0.95
forestland,wood,"Logging residues","Hardwood upland logging residues","Class 2",Private,55135,"Waupaca County",Wisconsin,765.17,Emerging,40,1223.40,dt,21248011200,BTU,1.60,20.45,264.80,ac,No,0.95
forestland,wood,"Logging residues","Hardwood upland logging residues","Class 2",Private,55135,"Waupaca County",Wisconsin,765.17,"mature-market high",40,1223.40,dt,21248011200,BTU,1.60,20.45,264.80,ac,No,0.95
forestland,wood,"Logging residues","Hardwood upland logging residues","Class 2",Private,55135,"Waupaca County",Wisconsin,765.17,"mature-market low",40,1223.40,dt,21248011200,BTU,1.60,20.45,264.80,ac,No,0.95
forestland,wood,"Logging residues","Hardwood upland logging residues","Class 2",Private,55135,"Waupaca County",Wisconsin,765.17,"mature-market medium",40,1223.40,dt,21248011200,BTU,1.60,20.45,264.80,ac,No,0.95
forestland,wood,"Logging residues","Hardwood upland logging residues","Class 2",Private,55135,"Waupaca County",Wisconsin,765.17,near-term,40,3189.10,dt,55388288800,BTU,4.17,20.45,857.30,ac,No,0.95
forestland,wood,"Logging residues","Hardwood upland logging residues","Class 2",Private,55137,"Waushara County",Wisconsin,637.4,Emerging,40,1059.60,dt,18403132800,BTU,1.66,20.45,229.30,ac,No,0.95
forestland,wood,"Logging residues","Hardwood upland logging residues","Class 2",Private,55137,"Waushara County",Wisconsin,637.4,"mature-market high",40,1059.60,dt,18403132800,BTU,1.66,20.45,229.30,ac,No,0.95
forestland,wood,"Logging residues","Hardwood upland logging residues","Class 2",Private,55137,"Waushara County",Wisconsin,637.4,"mature-market low",40,1059.60,dt,18403132800,BTU,1.66,20.45,229.30,ac,No,0.95
forestland,wood,"Logging residues","Hardwood upland logging residues","Class 2",Private,55137,"Waushara County",Wisconsin,637.4,"mature-market medium",40,1059.60,dt,18403132800,BTU,1.66,20.45,229.30,ac,No,0.95
forestland,wood,"Logging residues","Hardwood upland logging residues","Class 2",Private,55137,"Waushara County",Wisconsin,637.4,near-term,40,2762.20,dt,47973889600,BTU,4.33,20.45,742.50,ac,No,0.95
forestland,wood,"Logging residues","Hardwood upland logging residues","Class 2",Private,55141,"Wood County",Wisconsin,809.25,Emerging,40,1502.70,dt,26098893600,BTU,1.86,20.45,325.20,ac,No,0.95
forestland,wood,"Logging residues","Hardwood upland logging residues","Class 2",Private,55141,"Wood County",Wisconsin,809.25,"mature-market high",40,1502.70,dt,26098893600,BTU,1.86,20.45,325.20,ac,No,0.95
forestland,wood,"Logging residues","Hardwood upland logging residues","Class 2",Private,55141,"Wood County",Wisconsin,809.25,"mature-market low",40,1502.70,dt,26098893600,BTU,1.86,20.45,325.20,ac,No,0.95
forestland,wood,"Logging residues","Hardwood upland logging residues","Class 2",Private,55141,"Wood County",Wisconsin,809.25,"mature-market medium",40,1502.70,dt,26098893600,BTU,1.86,20.45,325.20,ac,No,0.95
forestland,wood,"Logging residues","Hardwood upland logging residues","Class 2",Private,55141,"Wood County",Wisconsin,809.25,near-term,40,3917.40,dt,68037403200,BTU,4.84,20.45,1053.00,ac,No,0.95
forestland,wood,"Logging residues","Hardwood upland logging residues","Class 2",Public,55001,"Adams County",Wisconsin,687.48,Emerging,40,59.90,dt,1040343200,BTU,0.09,20.45,10.60,ac,No,0.95
forestland,wood,"Logging residues","Hardwood upland logging residues","Class 2",Public,55001,"Adams County",Wisconsin,687.48,"mature-market high",40,59.90,dt,1040343200,BTU,0.09,20.45,10.60,ac,No,0.95
forestland,wood,"Logging residues","Hardwood upland logging residues","Class 2",Public,55001,"Adams County",Wisconsin,687.48,"mature-market low",40,59.90,dt,1040343200,BTU,0.09,20.45,10.60,ac,No,0.95
forestland,wood,"Logging residues","Hardwood upland logging residues","Class 2",Public,55001,"Adams County",Wisconsin,687.48,"mature-market medium",40,59.90,dt,1040343200,BTU,0.09,20.45,10.60,ac,No,0.95
forestland,wood,"Logging residues","Hardwood upland logging residues","Class 2",Public,55003,"Ashland County",Wisconsin,1054.13,Emerging,40,6312.30,dt,109632026400,BTU,5.99,20.45,1155.30,ac,No,0.95
forestland,wood,"Logging residues","Hardwood upland logging residues","Class 2",Public,55003,"Ashland County",Wisconsin,1054.13,"mature-market high",40,6312.30,dt,109632026400,BTU,5.99,20.45,1155.30,ac,No,0.95
forestland,wood,"Logging residues","Hardwood upland logging residues","Class 2",Public,55003,"Ashland County",Wisconsin,1054.13,"mature-market low",40,6312.30,dt,109632026400,BTU,5.99,20.45,1155.30,ac,No,0.95
forestland,wood,"Logging residues","Hardwood upland logging residues","Class 2",Public,55003,"Ashland County",Wisconsin,1054.13,"mature-market medium",40,6312.30,dt,109632026400,BTU,5.99,20.45,1155.30,ac,No,0.95
forestland,wood,"Logging residues","Hardwood upland logging residues","Class 2",Public,55003,"Ashland County",Wisconsin,1054.13,near-term,40,5445.80,dt,94582654400,BTU,5.17,20.45,1358.10,ac,No,0.95
forestland,wood,"Logging residues","Hardwood upland logging residues","Class 2",Public,55007,"Bayfield County",Wisconsin,1511.34,Emerging,40,18901.30,dt,328277778400,BTU,12.51,20.45,4264.80,ac,No,0.95
forestland,wood,"Logging residues","Hardwood upland logging residues","Class 2",Public,55007,"Bayfield County",Wisconsin,1511.34,"mature-market high",40,18901.30,dt,328277778400,BTU,12.51,20.45,4264.80,ac,No,0.95
forestland,wood,"Logging residues","Hardwood upland logging residues","Class 2",Public,55007,"Bayfield County",Wisconsin,1511.34,"mature-market low",40,18901.30,dt,328277778400,BTU,12.51,20.45,4264.80,ac,No,0.95
forestland,wood,"Logging residues","Hardwood upland logging residues","Class 2",Public,55007,"Bayfield County",Wisconsin,1511.34,"mature-market medium",40,18901.30,dt,328277778400,BTU,12.51,20.45,4264.80,ac,No,0.95
forestland,wood,"Logging residues","Hardwood upland logging residues","Class 2",Public,55007,"Bayfield County",Wisconsin,1511.34,near-term,40,11977.10,dt,208018272800,BTU,7.92,20.45,3414.20,ac,No,0.95
forestland,wood,"Logging residues","Hardwood upland logging residues","Class 2",Public,55011,"Buffalo County",Wisconsin,709.59,Emerging,40,9.90,dt,171943200,BTU,0.01,20.45,2.50,ac,No,0.95
forestland,wood,"Logging residues","Hardwood upland logging residues","Class 2",Public,55011,"Buffalo County",Wisconsin,709.59,"mature-market high",40,9.90,dt,171943200,BTU,0.01,20.45,2.50,ac,No,0.95
forestland,wood,"Logging residues","Hardwood upland logging residues","Class 2",Public,55011,"Buffalo County",Wisconsin,709.59,"mature-market low",40,9.90,dt,171943200,BTU,0.01,20.45,2.50,ac,No,0.95
forestland,wood,"Logging residues","Hardwood upland logging residues","Class 2",Public,55011,"Buffalo County",Wisconsin,709.59,"mature-market medium",40,9.90,dt,171943200,BTU,0.01,20.45,2.50,ac,No,0.95
forestland,wood,"Logging residues","Hardwood upland logging residues","Class 2",Public,55011,"Buffalo County",Wisconsin,709.59,near-term,40,7.20,dt,125049600,BTU,0.01,20.45,2.10,ac,No,0.95
forestland,wood,"Logging residues","Hardwood upland logging residues","Class 2",Public,55013,"Burnett County",Wisconsin,880.22,Emerging,40,1047.00,dt,18184296000,BTU,1.19,20.45,236.20,ac,No,0.95
forestland,wood,"Logging residues","Hardwood upland logging residues","Class 2",Public,55013,"Burnett County",Wisconsin,880.22,"mature-market high",40,1047.00,dt,18184296000,BTU,1.19,20.45,236.20,ac,No,0.95
forestland,wood,"Logging residues","Hardwood upland logging residues","Class 2",Public,55013,"Burnett County",Wisconsin,880.22,"mature-market low",40,1047.00,dt,18184296000,BTU,1.19,20.45,236.20,ac,No,0.95
forestland,wood,"Logging residues","Hardwood upland logging residues","Class 2",Public,55013,"Burnett County",Wisconsin,880.22,"mature-market medium",40,1047.00,dt,18184296000,BTU,1.19,20.45,236.20,ac,No,0.95
forestland,wood,"Logging residues","Hardwood upland logging residues","Class 2",Public,55013,"Burnett County",Wisconsin,880.22,near-term,40,663.50,dt,11523668000,BTU,0.75,20.45,189.10,ac,No,0.95
forestland,wood,"Logging residues","Hardwood upland logging residues","Class 2",Public,55023,"Crawford County",Wisconsin,599.21,Emerging,40,51.00,dt,885768000,BTU,0.09,20.45,8.30,ac,No,0.95
forestland,wood,"Logging residues","Hardwood upland logging residues","Class 2",Public,55023,"Crawford County",Wisconsin,599.21,"mature-market high",40,51.00,dt,885768000,BTU,0.09,20.45,8.30,ac,No,0.95
forestland,wood,"Logging residues","Hardwood upland logging residues","Class 2",Public,55023,"Crawford County",Wisconsin,599.21,"mature-market low",40,51.00,dt,885768000,BTU,0.09,20.45,8.30,ac,No,0.95
forestland,wood,"Logging residues","Hardwood upland logging residues","Class 2",Public,55023,"Crawford County",Wisconsin,599.21,"mature-market medium",40,51.00,dt,885768000,BTU,0.09,20.45,8.30,ac,No,0.95
forestland,wood,"Logging residues","Hardwood upland logging residues","Class 2",Public,55023,"Crawford County",Wisconsin,599.21,near-term,40,31.20,dt,541881600,BTU,0.05,20.45,7.50,ac,No,0.95
forestland,wood,"Logging residues","Hardwood upland logging residues","Class 2",Public,55031,"Douglas County",Wisconsin,1332.11,Emerging,40,248.00,dt,4307264000,BTU,0.19,20.45,56.00,ac,No,0.95
forestland,wood,"Logging residues","Hardwood upland logging residues","Class 2",Public,55031,"Douglas County",Wisconsin,1332.11,"mature-market high",40,248.00,dt,4307264000,BTU,0.19,20.45,56.00,ac,No,0.95
forestland,wood,"Logging residues","Hardwood upland logging residues","Class 2",Public,55031,"Douglas County",Wisconsin,1332.11,"mature-market low",40,248.00,dt,4307264000,BTU,0.19,20.45,56.00,ac,No,0.95
forestland,wood,"Logging residues","Hardwood upland logging residues","Class 2",Public,55031,"Douglas County",Wisconsin,1332.11,"mature-market medium",40,248.00,dt,4307264000,BTU,0.19,20.45,56.00,ac,No,0.95
forestland,wood,"Logging residues","Hardwood upland logging residues","Class 2",Public,55031,"Douglas County",Wisconsin,1332.11,near-term,40,157.10,dt,2728512800,BTU,0.12,20.45,44.80,ac,No,0.95
forestland,wood,"Logging residues","Hardwood upland logging residues","Class 2",Public,55037,"Florence County",Wisconsin,497.43,Emerging,40,1834.90,dt,31868543200,BTU,3.69,20.45,339.80,ac,No,0.95
forestland,wood,"Logging residues","Hardwood upland logging residues","Class 2",Public,55037,"Florence County",Wisconsin,497.43,"mature-market high",40,1834.90,dt,31868543200,BTU,3.69,20.45,339.80,ac,No,0.95
forestland,wood,"Logging residues","Hardwood upland logging residues","Class 2",Public,55037,"Florence County",Wisconsin,497.43,"mature-market low",40,1834.90,dt,31868543200,BTU,3.69,20.45,339.80,ac,No,0.95
forestland,wood,"Logging residues","Hardwood upland logging residues","Class 2",Public,55037,"Florence County",Wisconsin,497.43,"mature-market medium",40,1834.90,dt,31868543200,BTU,3.69,20.45,339.80,ac,No,0.95
forestland,wood,"Logging residues","Hardwood upland logging residues","Class 2",Public,55037,"Florence County",Wisconsin,497.43,near-term,40,2253.60,dt,39140524800,BTU,4.53,20.45,544.40,ac,No,0.95
forestland,wood,"Logging residues","Hardwood upland logging residues","Class 2",Public,55041,"Forest County",Wisconsin,1046.52,Emerging,40,7313.40,dt,127019131200,BTU,6.99,20.45,1354.50,ac,No,0.95
forestland,wood,"Logging residues","Hardwood upland logging residues","Class 2",Public,55041,"Forest County",Wisconsin,1046.52,"mature-market high",40,7313.40,dt,127019131200,BTU,6.99,20.45,1354.50,ac,No,0.95
forestland,wood,"Logging residues","Hardwood upland logging residues","Class 2",Public,55041,"Forest County",Wisconsin,1046.52,"mature-market low",40,7313.40,dt,127019131200,BTU,6.99,20.45,1354.50,ac,No,0.95
forestland,wood,"Logging residues","Hardwood upland logging residues","Class 2",Public,55041,"Forest County",Wisconsin,1046.52,"mature-market medium",40,7313.40,dt,127019131200,BTU,6.99,20.45,1354.50,ac,No,0.95
forestland,wood,"Logging residues","Hardwood upland logging residues","Class 2",Public,55041,"Forest County",Wisconsin,1046.52,near-term,40,8982.60,dt,156009796800,BTU,8.58,20.45,2169.80,ac,No,0.95
forestland,wood,"Logging residues","Hardwood upland logging residues","Class 2",Public,55043,"Grant County",Wisconsin,1183.37,Emerging,40,200.20,dt,3477073600,BTU,0.17,20.45,32.50,ac,No,0.95
forestland,wood,"Logging residues","Hardwood upland logging residues","Class 2",Public,55043,"Grant County",Wisconsin,1183.37,"mature-market high",40,200.20,dt,3477073600,BTU,0.17,20.45,32.50,ac,No,0.95
forestland,wood,"Logging residues","Hardwood upland logging residues","Class 2",Public,55043,"Grant County",Wisconsin,1183.37,"mature-market low",40,200.20,dt,3477073600,BTU,0.17,20.45,32.50,ac,No,0.95
forestland,wood,"Logging residues","Hardwood upland logging residues","Class 2",Public,55043,"Grant County",Wisconsin,1183.37,"mature-market medium",40,200.20,dt,3477073600,BTU,0.17,20.45,32.50,ac,No,0.95
forestland,wood,"Logging residues","Hardwood upland logging residues","Class 2",Public,55043,"Grant County",Wisconsin,1183.37,near-term,40,122.30,dt,2124106400,BTU,0.10,20.45,29.60,ac,No,0.95
forestland,wood,"Logging residues","Hardwood upland logging residues","Class 2",Public,55053,"Jackson County",Wisconsin,1000.48,Emerging,40,24.80,dt,430726400,BTU,0.02,20.45,6.10,ac,No,0.95
forestland,wood,"Logging residues","Hardwood upland logging residues","Class 2",Public,55053,"Jackson County",Wisconsin,1000.48,"mature-market high",40,24.80,dt,430726400,BTU,0.02,20.45,6.10,ac,No,0.95
forestland,wood,"Logging residues","Hardwood upland logging residues","Class 2",Public,55053,"Jackson County",Wisconsin,1000.48,"mature-market low",40,24.80,dt,430726400,BTU,0.02,20.45,6.10,ac,No,0.95
forestland,wood,"Logging residues","Hardwood upland logging residues","Class 2",Public,55053,"Jackson County",Wisconsin,1000.48,"mature-market medium",40,24.80,dt,430726400,BTU,0.02,20.45,6.10,ac,No,0.95
forestland,wood,"Logging residues","Hardwood upland logging residues","Class 2",Public,55053,"Jackson County",Wisconsin,1000.48,near-term,40,17.90,dt,310887200,BTU,0.02,20.45,5.40,ac,No,0.95
forestland,wood,"Logging residues","Hardwood upland logging residues","Class 2",Public,55057,"Juneau County",Wisconsin,805.17,Emerging,40,4870.40,dt,84589107200,BTU,6.05,20.45,863.00,ac,No,0.95
forestland,wood,"Logging residues","Hardwood upland logging residues","Class 2",Public,55057,"Juneau County",Wisconsin,805.17,"mature-market high",40,4870.40,dt,84589107200,BTU,6.05,20.45,863.00,ac,No,0.95
forestland,wood,"Logging residues","Hardwood upland logging residues","Class 2",Public,55057,"Juneau County",Wisconsin,805.17,"mature-market low",40,4870.40,dt,84589107200,BTU,6.05,20.45,863.00,ac,No,0.95
forestland,wood,"Logging residues","Hardwood upland logging residues","Class 2",Public,55057,"Juneau County",Wisconsin,805.17,"mature-market medium",40,4870.40,dt,84589107200,BTU,6.05,20.45,863.00,ac,No,0.95
forestland,wood,"Logging residues","Hardwood upland logging residues","Class 2",Public,55063,"La Crosse County",Wisconsin,480.05,Emerging,40,19.80,dt,343886400,BTU,0.04,20.45,4.90,ac,No,0.95
forestland,wood,"Logging residues","Hardwood upland logging residues","Class 2",Public,55063,"La Crosse County",Wisconsin,480.05,"mature-market high",40,19.80,dt,343886400,BTU,0.04,20.45,4.90,ac,No,0.95
forestland,wood,"Logging residues","Hardwood upland logging residues","Class 2",Public,55063,"La Crosse County",Wisconsin,480.05,"mature-market low",40,19.80,dt,343886400,BTU,0.04,20.45,4.90,ac,No,0.95
forestland,wood,"Logging residues","Hardwood upland logging residues","Class 2",Public,55063,"La Crosse County",Wisconsin,480.05,"mature-market medium",40,19.80,dt,343886400,BTU,0.04,20.45,4.90,ac,No,0.95
forestland,wood,"Logging residues","Hardwood upland logging residues","Class 2",Public,55063,"La Crosse County",Wisconsin,480.05,near-term,40,14.30,dt,248362400,BTU,0.03,20.45,4.30,ac,No,0.95
forestland,wood,"Logging residues","Hardwood upland logging residues","Class 2",Public,55067,"Langlade County",Wisconsin,887.79,Emerging,40,937.00,dt,16273816000,BTU,1.06,20.45,173.50,ac,No,0.95
forestland,wood,"Logging residues","Hardwood upland logging residues","Class 2",Public,55067,"Langlade County",Wisconsin,887.79,"mature-market high",40,937.00,dt,16273816000,BTU,1.06,20.45,173.50,ac,No,0.95
forestland,wood,"Logging residues","Hardwood upland logging residues","Class 2",Public,55067,"Langlade County",Wisconsin,887.79,"mature-market low",40,937.00,dt,16273816000,BTU,1.06,20.45,173.50,ac,No,0.95
forestland,wood,"Logging residues","Hardwood upland logging residues","Class 2",Public,55067,"Langlade County",Wisconsin,887.79,"mature-market medium",40,937.00,dt,16273816000,BTU,1.06,20.45,173.50,ac,No,0.95
forestland,wood,"Logging residues","Hardwood upland logging residues","Class 2",Public,55067,"Langlade County",Wisconsin,887.79,near-term,40,1150.80,dt,19987094400,BTU,1.30,20.45,278.00,ac,No,0.95
forestland,wood,"Logging residues","Hardwood upland logging residues","Class 2",Public,55077,"Marquette County",Wisconsin,464.47,Emerging,40,39.90,dt,692983200,BTU,0.09,20.45,7.10,ac,No,0.95
forestland,wood,"Logging residues","Hardwood upland logging residues","Class 2",Public,55077,"Marquette County",Wisconsin,464.47,"mature-market high",40,39.90,dt,692983200,BTU,0.09,20.45,7.10,ac,No,0.95
forestland,wood,"Logging residues","Hardwood upland logging residues","Class 2",Public,55077,"Marquette County",Wisconsin,464.47,"mature-market low",40,39.90,dt,692983200,BTU,0.09,20.45,7.10,ac,No,0.95
forestland,wood,"Logging residues","Hardwood upland logging residues","Class 2",Public,55077,"Marquette County",Wisconsin,464.47,"mature-market medium",40,39.90,dt,692983200,BTU,0.09,20.45,7.10,ac,No,0.95
forestland,wood,"Logging residues","Hardwood upland logging residues","Class 2",Public,55081,"Monroe County",Wisconsin,908.08,Emerging,40,4514.40,dt,78406099200,BTU,4.97,20.45,1114.80,ac,No,0.95
forestland,wood,"Logging residues","Hardwood upland logging residues","Class 2",Public,55081,"Monroe County",Wisconsin,908.08,"mature-market high",40,4514.40,dt,78406099200,BTU,4.97,20.45,1114.80,ac,No,0.95
forestland,wood,"Logging residues","Hardwood upland logging residues","Class 2",Public,55081,"Monroe County",Wisconsin,908.08,"mature-market low",40,4514.40,dt,78406099200,BTU,4.97,20.45,1114.80,ac,No,0.95
forestland,wood,"Logging residues","Hardwood upland logging residues","Class 2",Public,55081,"Monroe County",Wisconsin,908.08,"mature-market medium",40,4514.40,dt,78406099200,BTU,4.97,20.45,1114.80,ac,No,0.95
forestland,wood,"Logging residues","Hardwood upland logging residues","Class 2",Public,55081,"Monroe County",Wisconsin,908.08,near-term,40,3264.10,dt,56690888800,BTU,3.59,20.45,974.20,ac,No,0.95
forestland,wood,"Logging residues","Hardwood upland logging residues","Class 2",Public,55083,"Oconto County",Wisconsin,1016.31,Emerging,40,2928.00,dt,50853504000,BTU,2.88,20.45,542.30,ac,No,0.95
forestland,wood,"Logging residues","Hardwood upland logging residues","Class 2",Public,55083,"Oconto County",Wisconsin,1016.31,"mature-market high",40,2928.00,dt,50853504000,BTU,2.88,20.45,542.30,ac,No,0.95
forestland,wood,"Logging residues","Hardwood upland logging residues","Class 2",Public,55083,"Oconto County",Wisconsin,1016.31,"mature-market low",40,2928.00,dt,50853504000,BTU,2.88,20.45,542.30,ac,No,0.95
forestland,wood,"Logging residues","Hardwood upland logging residues","Class 2",Public,55083,"Oconto County",Wisconsin,1016.31,"mature-market medium",40,2928.00,dt,50853504000,BTU,2.88,20.45,542.30,ac,No,0.95
forestland,wood,"Logging residues","Hardwood upland logging residues","Class 2",Public,55083,"Oconto County",Wisconsin,1016.31,near-term,40,3596.20,dt,62458801600,BTU,3.54,20.45,868.70,ac,No,0.95
forestland,wood,"Logging residues","Hardwood upland logging residues","Class 2",Public,55085,"Oneida County",Wisconsin,1236.57,Emerging,40,67.20,dt,1167129600,BTU,0.05,20.45,12.30,ac,No,0.95
forestland,wood,"Logging residues","Hardwood upland logging residues","Class 2",Public,55085,"Oneida County",Wisconsin,1236.57,"mature-market high",40,67.20,dt,1167129600,BTU,0.05,20.45,12.30,ac,No,0.95
forestland,wood,"Logging residues","Hardwood upland logging residues","Class 2",Public,55085,"Oneida County",Wisconsin,1236.57,"mature-market low",40,67.20,dt,1167129600,BTU,0.05,20.45,12.30,ac,No,0.95
forestland,wood,"Logging residues","Hardwood upland logging residues","Class 2",Public,55085,"Oneida County",Wisconsin,1236.57,"mature-market medium",40,67.20,dt,1167129600,BTU,0.05,20.45,12.30,ac,No,0.95
forestland,wood,"Logging residues","Hardwood upland logging residues","Class 2",Public,55085,"Oneida County",Wisconsin,1236.57,near-term,40,57.90,dt,1005607200,BTU,0.05,20.45,14.40,ac,No,0.95
forestland,wood,"Logging residues","Hardwood upland logging residues","Class 2",Public,55093,"Pierce County",Wisconsin,592.73,Emerging,40,49.60,dt,861452800,BTU,0.08,20.45,12.30,ac,No,0.95
forestland,wood,"Logging residues","Hardwood upland logging residues","Class 2",Public,55093,"Pierce County",Wisconsin,592.73,"mature-market high",40,49.60,dt,861452800,BTU,0.08,20.45,12.30,ac,No,0.95
forestland,wood,"Logging residues","Hardwood upland logging residues","Class 2",Public,55093,"Pierce County",Wisconsin,592.73,"mature-market low",40,49.60,dt,861452800,BTU,0.08,20.45,12.30,ac,No,0.95
forestland,wood,"Logging residues","Hardwood upland logging residues","Class 2",Public,55093,"Pierce County",Wisconsin,592.73,"mature-market medium",40,49.60,dt,861452800,BTU,0.08,20.45,12.30,ac,No,0.95
forestland,wood,"Logging residues","Hardwood upland logging residues","Class 2",Public,55093,"Pierce County",Wisconsin,592.73,near-term,40,35.90,dt,623511200,BTU,0.06,20.45,10.70,ac,No,0.95
forestland,wood,"Logging residues","Hardwood upland logging residues","Class 2",Public,55095,"Polk County",Wisconsin,956.41,Emerging,40,523.50,dt,9092148000,BTU,0.55,20.45,118.10,ac,No,0.95
forestland,wood,"Logging residues","Hardwood upland logging residues","Class 2",Public,55095,"Polk County",Wisconsin,956.41,"mature-market high",40,523.50,dt,9092148000,BTU,0.55,20.45,118.10,ac,No,0.95
forestland,wood,"Logging residues","Hardwood upland logging residues","Class 2",Public,55095,"Polk County",Wisconsin,956.41,"mature-market low",40,523.50,dt,9092148000,BTU,0.55,20.45,118.10,ac,No,0.95
forestland,wood,"Logging residues","Hardwood upland logging residues","Class 2",Public,55095,"Polk County",Wisconsin,956.41,"mature-market medium",40,523.50,dt,9092148000,BTU,0.55,20.45,118.10,ac,No,0.95
forestland,wood,"Logging residues","Hardwood upland logging residues","Class 2",Public,55095,"Polk County",Wisconsin,956.41,near-term,40,331.70,dt,5760965600,BTU,0.35,20.45,94.60,ac,No,0.95
forestland,wood,"Logging residues","Hardwood upland logging residues","Class 2",Public,55099,"Price County",Wisconsin,1278.04,Emerging,40,4902.10,dt,85139672800,BTU,3.84,20.45,897.20,ac,No,0.95
forestland,wood,"Logging residues","Hardwood upland logging residues","Class 2",Public,55099,"Price County",Wisconsin,1278.04,"mature-market high",40,4902.10,dt,85139672800,BTU,3.84,20.45,897.20,ac,No,0.95
forestland,wood,"Logging residues","Hardwood upland logging residues","Class 2",Public,55099,"Price County",Wisconsin,1278.04,"mature-market low",40,4902.10,dt,85139672800,BTU,3.84,20.45,897.20,ac,No,0.95
forestland,wood,"Logging residues","Hardwood upland logging residues","Class 2",Public,55099,"Price County",Wisconsin,1278.04,"mature-market medium",40,4902.10,dt,85139672800,BTU,3.84,20.45,897.20,ac,No,0.95
forestland,wood,"Logging residues","Hardwood upland logging residues","Class 2",Public,55099,"Price County",Wisconsin,1278.04,near-term,40,4229.20,dt,73452745600,BTU,3.31,20.45,1054.70,ac,No,0.95
forestland,wood,"Logging residues","Hardwood upland logging residues","Class 2",Public,55109,"St. Croix County",Wisconsin,735.19,Emerging,40,327.40,dt,5686283200,BTU,0.45,20.45,80.90,ac,No,0.95
forestland,wood,"Logging residues","Hardwood upland logging residues","Class 2",Public,55109,"St. Croix County",Wisconsin,735.19,"mature-market high",40,327.40,dt,5686283200,BTU,0.45,20.45,80.90,ac,No,0.95
forestland,wood,"Logging residues","Hardwood upland logging residues","Class 2",Public,55109,"St. Croix County",Wisconsin,735.19,"mature-market low",40,327.40,dt,5686283200,BTU,0.45,20.45,80.90,ac,No,0.95
forestland,wood,"Logging residues","Hardwood upland logging residues","Class 2",Public,55109,"St. Croix County",Wisconsin,735.19,"mature-market medium",40,327.40,dt,5686283200,BTU,0.45,20.45,80.90,ac,No,0.95
forestland,wood,"Logging residues","Hardwood upland logging residues","Class 2",Public,55109,"St. Croix County",Wisconsin,735.19,near-term,40,236.70,dt,4111005600,BTU,0.32,20.45,70.70,ac,No,0.95
forestland,wood,"Logging residues","Hardwood upland logging residues","Class 2",Public,55111,"Sauk County",Wisconsin,849.19,Emerging,40,487.60,dt,8468636800,BTU,0.57,20.45,79.10,ac,No,0.95
forestland,wood,"Logging residues","Hardwood upland logging residues","Class 2",Public,55111,"Sauk County",Wisconsin,849.19,"mature-market high",40,487.60,dt,8468636800,BTU,0.57,20.45,79.10,ac,No,0.95
forestland,wood,"Logging residues","Hardwood upland logging residues","Class 2",Public,55111,"Sauk County",Wisconsin,849.19,"mature-market low",40,487.60,dt,8468636800,BTU,0.57,20.45,79.10,ac,No,0.95
forestland,wood,"Logging residues","Hardwood upland logging residues","Class 2",Public,55111,"Sauk County",Wisconsin,849.19,"mature-market medium",40,487.60,dt,8468636800,BTU,0.57,20.45,79.10,ac,No,0.95
forestland,wood,"Logging residues","Hardwood upland logging residues","Class 2",Public,55111,"Sauk County",Wisconsin,849.19,near-term,40,298.00,dt,5175664000,BTU,0.35,20.45,72.10,ac,No,0.95
forestland,wood,"Logging residues","Hardwood upland logging residues","Class 2",Public,55113,"Sawyer County",Wisconsin,1350.24,Emerging,40,6227.00,dt,108150536000,BTU,4.61,20.45,1405.00,ac,No,0.95
forestland,wood,"Logging residues","Hardwood upland logging residues","Class 2",Public,55113,"Sawyer County",Wisconsin,1350.24,"mature-market high",40,6227.00,dt,108150536000,BTU,4.61,20.45,1405.00,ac,No,0.95
forestland,wood,"Logging residues","Hardwood upland logging residues","Class 2",Public,55113,"Sawyer County",Wisconsin,1350.24,"mature-market low",40,6227.00,dt,108150536000,BTU,4.61,20.45,1405.00,ac,No,0.95
forestland,wood,"Logging residues","Hardwood upland logging residues","Class 2",Public,55113,"Sawyer County",Wisconsin,1350.24,"mature-market medium",40,6227.00,dt,108150536000,BTU,4.61,20.45,1405.00,ac,No,0.95
forestland,wood,"Logging residues","Hardwood upland logging residues","Class 2",Public,55113,"Sawyer County",Wisconsin,1350.24,near-term,40,3945.80,dt,68530654400,BTU,2.92,20.45,1124.80,ac,No,0.95
forestland,wood,"Logging residues","Hardwood upland logging residues","Class 2",Public,55119,"Taylor County",Wisconsin,984.56,Emerging,40,7991.10,dt,138789424800,BTU,8.12,20.45,1462.50,ac,No,0.95
forestland,wood,"Logging residues","Hardwood upland logging residues","Class 2",Public,55119,"Taylor County",Wisconsin,984.56,"mature-market high",40,7991.10,dt,138789424800,BTU,8.12,20.45,1462.50,ac,No,0.95
forestland,wood,"Logging residues","Hardwood upland logging residues","Class 2",Public,55119,"Taylor County",Wisconsin,984.56,"mature-market low",40,7991.10,dt,138789424800,BTU,8.12,20.45,1462.50,ac,No,0.95
forestland,wood,"Logging residues","Hardwood upland logging residues","Class 2",Public,55119,"Taylor County",Wisconsin,984.56,"mature-market medium",40,7991.10,dt,138789424800,BTU,8.12,20.45,1462.50,ac,No,0.95
forestland,wood,"Logging residues","Hardwood upland logging residues","Class 2",Public,55119,"Taylor County",Wisconsin,984.56,near-term,40,6894.10,dt,119736728800,BTU,7.00,20.45,1719.30,ac,No,0.95
forestland,wood,"Logging residues","Hardwood upland logging residues","Class 2",Public,55121,"Trempealeau County",Wisconsin,741.98,Emerging,40,19.80,dt,343886400,BTU,0.03,20.45,4.90,ac,No,0.95
forestland,wood,"Logging residues","Hardwood upland logging residues","Class 2",Public,55121,"Trempealeau County",Wisconsin,741.98,"mature-market high",40,19.80,dt,343886400,BTU,0.03,20.45,4.90,ac,No,0.95
forestland,wood,"Logging residues","Hardwood upland logging residues","Class 2",Public,55121,"Trempealeau County",Wisconsin,741.98,"mature-market low",40,19.80,dt,343886400,BTU,0.03,20.45,4.90,ac,No,0.95
forestland,wood,"Logging residues","Hardwood upland logging residues","Class 2",Public,55121,"Trempealeau County",Wisconsin,741.98,"mature-market medium",40,19.80,dt,343886400,BTU,0.03,20.45,4.90,ac,No,0.95
forestland,wood,"Logging residues","Hardwood upland logging residues","Class 2",Public,55121,"Trempealeau County",Wisconsin,741.98,near-term,40,14.30,dt,248362400,BTU,0.02,20.45,4.30,ac,No,0.95
forestland,wood,"Logging residues","Hardwood upland logging residues","Class 2",Public,55123,"Vernon County",Wisconsin,816.38,Emerging,40,34.00,dt,590512000,BTU,0.04,20.45,5.50,ac,No,0.95
forestland,wood,"Logging residues","Hardwood upland logging residues","Class 2",Public,55123,"Vernon County",Wisconsin,816.38,"mature-market high",40,34.00,dt,590512000,BTU,0.04,20.45,5.50,ac,No,0.95
forestland,wood,"Logging residues","Hardwood upland logging residues","Class 2",Public,55123,"Vernon County",Wisconsin,816.38,"mature-market low",40,34.00,dt,590512000,BTU,0.04,20.45,5.50,ac,No,0.95
forestland,wood,"Logging residues","Hardwood upland logging residues","Class 2",Public,55123,"Vernon County",Wisconsin,816.38,"mature-market medium",40,34.00,dt,590512000,BTU,0.04,20.45,5.50,ac,No,0.95
forestland,wood,"Logging residues","Hardwood upland logging residues","Class 2",Public,55123,"Vernon County",Wisconsin,816.38,near-term,40,20.80,dt,361254400,BTU,0.03,20.45,5.00,ac,No,0.95
forestland,wood,"Logging residues","Hardwood upland logging residues","Class 2",Public,55125,"Vilas County",Wisconsin,1017.72,Emerging,40,3111.40,dt,54038795200,BTU,3.06,20.45,569.40,ac,No,0.95
forestland,wood,"Logging residues","Hardwood upland logging residues","Class 2",Public,55125,"Vilas County",Wisconsin,1017.72,"mature-market high",40,3111.40,dt,54038795200,BTU,3.06,20.45,569.40,ac,No,0.95
forestland,wood,"Logging residues","Hardwood upland logging residues","Class 2",Public,55125,"Vilas County",Wisconsin,1017.72,"mature-market low",40,3111.40,dt,54038795200,BTU,3.06,20.45,569.40,ac,No,0.95
forestland,wood,"Logging residues","Hardwood upland logging residues","Class 2",Public,55125,"Vilas County",Wisconsin,1017.72,"mature-market medium",40,3111.40,dt,54038795200,BTU,3.06,20.45,569.40,ac,No,0.95
forestland,wood,"Logging residues","Hardwood upland logging residues","Class 2",Public,55125,"Vilas County",Wisconsin,1017.72,near-term,40,2684.30,dt,46620922400,BTU,2.64,20.45,669.40,ac,No,0.95
forestland,wood,"Logging residues","Hardwood upland logging residues","Class 2",Public,55129,"Washburn County",Wisconsin,853.32,Emerging,40,606.20,dt,10528481600,BTU,0.71,20.45,136.80,ac,No,0.95
forestland,wood,"Logging residues","Hardwood upland logging residues","Class 2",Public,55129,"Washburn County",Wisconsin,853.32,"mature-market high",40,606.20,dt,10528481600,BTU,0.71,20.45,136.80,ac,No,0.95
forestland,wood,"Logging residues","Hardwood upland logging residues","Class 2",Public,55129,"Washburn County",Wisconsin,853.32,"mature-market low",40,606.20,dt,10528481600,BTU,0.71,20.45,136.80,ac,No,0.95
forestland,wood,"Logging residues","Hardwood upland logging residues","Class 2",Public,55129,"Washburn County",Wisconsin,853.32,"mature-market medium",40,606.20,dt,10528481600,BTU,0.71,20.45,136.80,ac,No,0.95
forestland,wood,"Logging residues","Hardwood upland logging residues","Class 2",Public,55129,"Washburn County",Wisconsin,853.32,near-term,40,384.10,dt,6671048800,BTU,0.45,20.45,109.50,ac,No,0.95
forestland,wood,"Logging residues","Hardwood upland logging residues","Class 2",Public,55141,"Wood County",Wisconsin,809.25,Emerging,40,20.00,dt,347360000,BTU,0.02,20.45,3.50,ac,No,0.95
forestland,wood,"Logging residues","Hardwood upland logging residues","Class 2",Public,55141,"Wood County",Wisconsin,809.25,"mature-market high",40,20.00,dt,347360000,BTU,0.02,20.45,3.50,ac,No,0.95
forestland,wood,"Logging residues","Hardwood upland logging residues","Class 2",Public,55141,"Wood County",Wisconsin,809.25,"mature-market low",40,20.00,dt,347360000,BTU,0.02,20.45,3.50,ac,No,0.95
forestland,wood,"Logging residues","Hardwood upland logging residues","Class 2",Public,55141,"Wood County",Wisconsin,809.25,"mature-market medium",40,20.00,dt,347360000,BTU,0.02,20.45,3.50,ac,No,0.95
forestland,wood,"Logging residues","Mixedwood logging residues","Class 1",Public,55001,"Adams County",Wisconsin,687.48,Emerging,40,4.00,dt,69472000,BTU,0.01,16.52,0.50,ac,No,0.95
forestland,wood,"Logging residues","Mixedwood logging residues","Class 1",Public,55001,"Adams County",Wisconsin,687.48,"mature-market high",40,4.00,dt,69472000,BTU,0.01,16.52,0.50,ac,No,0.95
forestland,wood,"Logging residues","Mixedwood logging residues","Class 1",Public,55001,"Adams County",Wisconsin,687.48,"mature-market low",40,4.00,dt,69472000,BTU,0.01,16.52,0.50,ac,No,0.95
forestland,wood,"Logging residues","Mixedwood logging residues","Class 1",Public,55001,"Adams County",Wisconsin,687.48,"mature-market medium",40,4.00,dt,69472000,BTU,0.01,16.52,0.50,ac,No,0.95
forestland,wood,"Logging residues","Mixedwood logging residues","Class 1",Public,55001,"Adams County",Wisconsin,687.48,near-term,40,2.30,dt,39946400,BTU,0.00,16.52,0.40,ac,No,0.95
forestland,wood,"Logging residues","Mixedwood logging residues","Class 1",Public,55003,"Ashland County",Wisconsin,1054.13,Emerging,40,2383.10,dt,41389680800,BTU,2.26,16.52,221.20,ac,No,0.95
forestland,wood,"Logging residues","Mixedwood logging residues","Class 1",Public,55003,"Ashland County",Wisconsin,1054.13,"mature-market high",40,2383.10,dt,41389680800,BTU,2.26,16.52,221.20,ac,No,0.95
forestland,wood,"Logging residues","Mixedwood logging residues","Class 1",Public,55003,"Ashland County",Wisconsin,1054.13,"mature-market low",40,2383.10,dt,41389680800,BTU,2.26,16.52,221.20,ac,No,0.95
forestland,wood,"Logging residues","Mixedwood logging residues","Class 1",Public,55003,"Ashland County",Wisconsin,1054.13,"mature-market medium",40,2383.10,dt,41389680800,BTU,2.26,16.52,221.20,ac,No,0.95
forestland,wood,"Logging residues","Mixedwood logging residues","Class 1",Public,55003,"Ashland County",Wisconsin,1054.13,near-term,40,2191.20,dt,38056761600,BTU,2.08,16.52,252.40,ac,No,0.95
forestland,wood,"Logging residues","Mixedwood logging residues","Class 1",Public,55007,"Bayfield County",Wisconsin,1511.34,Emerging,40,2911.80,dt,50572142400,BTU,1.93,16.52,353.60,ac,No,0.95
forestland,wood,"Logging residues","Mixedwood logging residues","Class 1",Public,55007,"Bayfield County",Wisconsin,1511.34,"mature-market high",40,2911.80,dt,50572142400,BTU,1.93,16.52,353.60,ac,No,0.95
forestland,wood,"Logging residues","Mixedwood logging residues","Class 1",Public,55007,"Bayfield County",Wisconsin,1511.34,"mature-market low",40,2911.80,dt,50572142400,BTU,1.93,16.52,353.60,ac,No,0.95
forestland,wood,"Logging residues","Mixedwood logging residues","Class 1",Public,55007,"Bayfield County",Wisconsin,1511.34,"mature-market medium",40,2911.80,dt,50572142400,BTU,1.93,16.52,353.60,ac,No,0.95
forestland,wood,"Logging residues","Mixedwood logging residues","Class 1",Public,55007,"Bayfield County",Wisconsin,1511.34,near-term,40,2468.70,dt,42876381600,BTU,1.63,16.52,355.90,ac,No,0.95
forestland,wood,"Logging residues","Mixedwood logging residues","Class 1",Public,55011,"Buffalo County",Wisconsin,709.59,Emerging,40,10.20,dt,177153600,BTU,0.01,16.52,1.70,ac,No,0.95
forestland,wood,"Logging residues","Mixedwood logging residues","Class 1",Public,55011,"Buffalo County",Wisconsin,709.59,"mature-market high",40,10.20,dt,177153600,BTU,0.01,16.52,1.70,ac,No,0.95
forestland,wood,"Logging residues","Mixedwood logging residues","Class 1",Public,55011,"Buffalo County",Wisconsin,709.59,"mature-market low",40,10.20,dt,177153600,BTU,0.01,16.52,1.70,ac,No,0.95
forestland,wood,"Logging residues","Mixedwood logging residues","Class 1",Public,55011,"Buffalo County",Wisconsin,709.59,"mature-market medium",40,10.20,dt,177153600,BTU,0.01,16.52,1.70,ac,No,0.95
forestland,wood,"Logging residues","Mixedwood logging residues","Class 1",Public,55011,"Buffalo County",Wisconsin,709.59,near-term,40,7.60,dt,131996800,BTU,0.01,16.52,1.40,ac,No,0.95
forestland,wood,"Logging residues","Mixedwood logging residues","Class 1",Public,55013,"Burnett County",Wisconsin,880.22,Emerging,40,62.80,dt,1090710400,BTU,0.07,16.52,7.60,ac,No,0.95
forestland,wood,"Logging residues","Mixedwood logging residues","Class 1",Public,55013,"Burnett County",Wisconsin,880.22,"mature-market high",40,62.80,dt,1090710400,BTU,0.07,16.52,7.60,ac,No,0.95
forestland,wood,"Logging residues","Mixedwood logging residues","Class 1",Public,55013,"Burnett County",Wisconsin,880.22,"mature-market low",40,62.80,dt,1090710400,BTU,0.07,16.52,7.60,ac,No,0.95
forestland,wood,"Logging residues","Mixedwood logging residues","Class 1",Public,55013,"Burnett County",Wisconsin,880.22,"mature-market medium",40,62.80,dt,1090710400,BTU,0.07,16.52,7.60,ac,No,0.95
forestland,wood,"Logging residues","Mixedwood logging residues","Class 1",Public,55013,"Burnett County",Wisconsin,880.22,near-term,40,53.20,dt,923977600,BTU,0.06,16.52,7.70,ac,No,0.95
forestland,wood,"Logging residues","Mixedwood logging residues","Class 1",Public,55031,"Douglas County",Wisconsin,1332.11,Emerging,40,19.60,dt,340412800,BTU,0.01,16.52,2.40,ac,No,0.95
forestland,wood,"Logging residues","Mixedwood logging residues","Class 1",Public,55031,"Douglas County",Wisconsin,1332.11,"mature-market high",40,19.60,dt,340412800,BTU,0.01,16.52,2.40,ac,No,0.95
forestland,wood,"Logging residues","Mixedwood logging residues","Class 1",Public,55031,"Douglas County",Wisconsin,1332.11,"mature-market low",40,19.60,dt,340412800,BTU,0.01,16.52,2.40,ac,No,0.95
forestland,wood,"Logging residues","Mixedwood logging residues","Class 1",Public,55031,"Douglas County",Wisconsin,1332.11,"mature-market medium",40,19.60,dt,340412800,BTU,0.01,16.52,2.40,ac,No,0.95
forestland,wood,"Logging residues","Mixedwood logging residues","Class 1",Public,55031,"Douglas County",Wisconsin,1332.11,near-term,40,16.60,dt,288308800,BTU,0.01,16.52,2.40,ac,No,0.95
forestland,wood,"Logging residues","Mixedwood logging residues","Class 1",Public,55037,"Florence County",Wisconsin,497.43,Emerging,40,445.00,dt,7728760000,BTU,0.89,16.52,56.90,ac,No,0.95
forestland,wood,"Logging residues","Mixedwood logging residues","Class 1",Public,55037,"Florence County",Wisconsin,497.43,"mature-market high",40,445.00,dt,7728760000,BTU,0.89,16.52,56.90,ac,No,0.95
forestland,wood,"Logging residues","Mixedwood logging residues","Class 1",Public,55037,"Florence County",Wisconsin,497.43,"mature-market low",40,445.00,dt,7728760000,BTU,0.89,16.52,56.90,ac,No,0.95
forestland,wood,"Logging residues","Mixedwood logging residues","Class 1",Public,55037,"Florence County",Wisconsin,497.43,"mature-market medium",40,445.00,dt,7728760000,BTU,0.89,16.52,56.90,ac,No,0.95
forestland,wood,"Logging residues","Mixedwood logging residues","Class 1",Public,55037,"Florence County",Wisconsin,497.43,near-term,40,352.60,dt,6123956800,BTU,0.71,16.52,52.00,ac,No,0.95
forestland,wood,"Logging residues","Mixedwood logging residues","Class 1",Public,55041,"Forest County",Wisconsin,1046.52,Emerging,40,2349.20,dt,40800905600,BTU,2.24,16.52,300.30,ac,No,0.95
forestland,wood,"Logging residues","Mixedwood logging residues","Class 1",Public,55041,"Forest County",Wisconsin,1046.52,"mature-market high",40,2349.20,dt,40800905600,BTU,2.24,16.52,300.30,ac,No,0.95
forestland,wood,"Logging residues","Mixedwood logging residues","Class 1",Public,55041,"Forest County",Wisconsin,1046.52,"mature-market low",40,2349.20,dt,40800905600,BTU,2.24,16.52,300.30,ac,No,0.95
forestland,wood,"Logging residues","Mixedwood logging residues","Class 1",Public,55041,"Forest County",Wisconsin,1046.52,"mature-market medium",40,2349.20,dt,40800905600,BTU,2.24,16.52,300.30,ac,No,0.95
forestland,wood,"Logging residues","Mixedwood logging residues","Class 1",Public,55041,"Forest County",Wisconsin,1046.52,near-term,40,1861.60,dt,32332268800,BTU,1.78,16.52,274.70,ac,No,0.95
forestland,wood,"Logging residues","Mixedwood logging residues","Class 1",Public,55053,"Jackson County",Wisconsin,1000.48,Emerging,40,68.10,dt,1182760800,BTU,0.07,16.52,11.40,ac,No,0.95
forestland,wood,"Logging residues","Mixedwood logging residues","Class 1",Public,55053,"Jackson County",Wisconsin,1000.48,"mature-market high",40,68.10,dt,1182760800,BTU,0.07,16.52,11.40,ac,No,0.95
forestland,wood,"Logging residues","Mixedwood logging residues","Class 1",Public,55053,"Jackson County",Wisconsin,1000.48,"mature-market low",40,68.10,dt,1182760800,BTU,0.07,16.52,11.40,ac,No,0.95
forestland,wood,"Logging residues","Mixedwood logging residues","Class 1",Public,55053,"Jackson County",Wisconsin,1000.48,"mature-market medium",40,68.10,dt,1182760800,BTU,0.07,16.52,11.40,ac,No,0.95
forestland,wood,"Logging residues","Mixedwood logging residues","Class 1",Public,55053,"Jackson County",Wisconsin,1000.48,near-term,40,50.70,dt,880557600,BTU,0.05,16.52,9.40,ac,No,0.95
forestland,wood,"Logging residues","Mixedwood logging residues","Class 1",Public,55057,"Juneau County",Wisconsin,805.17,Emerging,40,1315.20,dt,22842393600,BTU,1.63,16.52,178.30,ac,No,0.95
forestland,wood,"Logging residues","Mixedwood logging residues","Class 1",Public,55057,"Juneau County",Wisconsin,805.17,"mature-market high",40,1315.20,dt,22842393600,BTU,1.63,16.52,178.30,ac,No,0.95
forestland,wood,"Logging residues","Mixedwood logging residues","Class 1",Public,55057,"Juneau County",Wisconsin,805.17,"mature-market low",40,1315.20,dt,22842393600,BTU,1.63,16.52,178.30,ac,No,0.95
forestland,wood,"Logging residues","Mixedwood logging residues","Class 1",Public,55057,"Juneau County",Wisconsin,805.17,"mature-market medium",40,1315.20,dt,22842393600,BTU,1.63,16.52,178.30,ac,No,0.95
forestland,wood,"Logging residues","Mixedwood logging residues","Class 1",Public,55057,"Juneau County",Wisconsin,805.17,near-term,40,759.40,dt,13189259200,BTU,0.94,16.52,125.60,ac,No,0.95
forestland,wood,"Logging residues","Mixedwood logging residues","Class 1",Public,55063,"La Crosse County",Wisconsin,480.05,Emerging,40,27.20,dt,472409600,BTU,0.06,16.52,4.60,ac,No,0.95
forestland,wood,"Logging residues","Mixedwood logging residues","Class 1",Public,55063,"La Crosse County",Wisconsin,480.05,"mature-market high",40,27.20,dt,472409600,BTU,0.06,16.52,4.60,ac,No,0.95
forestland,wood,"Logging residues","Mixedwood logging residues","Class 1",Public,55063,"La Crosse County",Wisconsin,480.05,"mature-market low",40,27.20,dt,472409600,BTU,0.06,16.52,4.60,ac,No,0.95
forestland,wood,"Logging residues","Mixedwood logging residues","Class 1",Public,55063,"La Crosse County",Wisconsin,480.05,"mature-market medium",40,27.20,dt,472409600,BTU,0.06,16.52,4.60,ac,No,0.95
forestland,wood,"Logging residues","Mixedwood logging residues","Class 1",Public,55063,"La Crosse County",Wisconsin,480.05,near-term,40,20.30,dt,352570400,BTU,0.04,16.52,3.80,ac,No,0.95
forestland,wood,"Logging residues","Mixedwood logging residues","Class 1",Public,55067,"Langlade County",Wisconsin,887.79,Emerging,40,113.10,dt,1964320800,BTU,0.13,16.52,14.50,ac,No,0.95
forestland,wood,"Logging residues","Mixedwood logging residues","Class 1",Public,55067,"Langlade County",Wisconsin,887.79,"mature-market high",40,113.10,dt,1964320800,BTU,0.13,16.52,14.50,ac,No,0.95
forestland,wood,"Logging residues","Mixedwood logging residues","Class 1",Public,55067,"Langlade County",Wisconsin,887.79,"mature-market low",40,113.10,dt,1964320800,BTU,0.13,16.52,14.50,ac,No,0.95
forestland,wood,"Logging residues","Mixedwood logging residues","Class 1",Public,55067,"Langlade County",Wisconsin,887.79,"mature-market medium",40,113.10,dt,1964320800,BTU,0.13,16.52,14.50,ac,No,0.95
forestland,wood,"Logging residues","Mixedwood logging residues","Class 1",Public,55067,"Langlade County",Wisconsin,887.79,near-term,40,89.60,dt,1556172800,BTU,0.10,16.52,13.20,ac,No,0.95
forestland,wood,"Logging residues","Mixedwood logging residues","Class 1",Public,55081,"Monroe County",Wisconsin,908.08,Emerging,40,3061.70,dt,53175605600,BTU,3.37,16.52,514.30,ac,No,0.95
forestland,wood,"Logging residues","Mixedwood logging residues","Class 1",Public,55081,"Monroe County",Wisconsin,908.08,"mature-market high",40,3061.70,dt,53175605600,BTU,3.37,16.52,514.30,ac,No,0.95
forestland,wood,"Logging residues","Mixedwood logging residues","Class 1",Public,55081,"Monroe County",Wisconsin,908.08,"mature-market low",40,3061.70,dt,53175605600,BTU,3.37,16.52,514.30,ac,No,0.95
forestland,wood,"Logging residues","Mixedwood logging residues","Class 1",Public,55081,"Monroe County",Wisconsin,908.08,"mature-market medium",40,3061.70,dt,53175605600,BTU,3.37,16.52,514.30,ac,No,0.95
forestland,wood,"Logging residues","Mixedwood logging residues","Class 1",Public,55081,"Monroe County",Wisconsin,908.08,near-term,40,2280.90,dt,39614671200,BTU,2.51,16.52,422.60,ac,No,0.95
forestland,wood,"Logging residues","Mixedwood logging residues","Class 1",Public,55083,"Oconto County",Wisconsin,1016.31,Emerging,40,863.50,dt,14997268000,BTU,0.85,16.52,110.40,ac,No,0.95
forestland,wood,"Logging residues","Mixedwood logging residues","Class 1",Public,55083,"Oconto County",Wisconsin,1016.31,"mature-market high",40,863.50,dt,14997268000,BTU,0.85,16.52,110.40,ac,No,0.95
forestland,wood,"Logging residues","Mixedwood logging residues","Class 1",Public,55083,"Oconto County",Wisconsin,1016.31,"mature-market low",40,863.50,dt,14997268000,BTU,0.85,16.52,110.40,ac,No,0.95
forestland,wood,"Logging residues","Mixedwood logging residues","Class 1",Public,55083,"Oconto County",Wisconsin,1016.31,"mature-market medium",40,863.50,dt,14997268000,BTU,0.85,16.52,110.40,ac,No,0.95
forestland,wood,"Logging residues","Mixedwood logging residues","Class 1",Public,55083,"Oconto County",Wisconsin,1016.31,near-term,40,684.30,dt,11884922400,BTU,0.67,16.52,101.00,ac,No,0.95
forestland,wood,"Logging residues","Mixedwood logging residues","Class 1",Public,55085,"Oneida County",Wisconsin,1236.57,Emerging,40,127.50,dt,2214420000,BTU,0.10,16.52,11.80,ac,No,0.95
forestland,wood,"Logging residues","Mixedwood logging residues","Class 1",Public,55085,"Oneida County",Wisconsin,1236.57,"mature-market high",40,127.50,dt,2214420000,BTU,0.10,16.52,11.80,ac,No,0.95
forestland,wood,"Logging residues","Mixedwood logging residues","Class 1",Public,55085,"Oneida County",Wisconsin,1236.57,"mature-market low",40,127.50,dt,2214420000,BTU,0.10,16.52,11.80,ac,No,0.95
forestland,wood,"Logging residues","Mixedwood logging residues","Class 1",Public,55085,"Oneida County",Wisconsin,1236.57,"mature-market medium",40,127.50,dt,2214420000,BTU,0.10,16.52,11.80,ac,No,0.95
forestland,wood,"Logging residues","Mixedwood logging residues","Class 1",Public,55085,"Oneida County",Wisconsin,1236.57,near-term,40,117.20,dt,2035529600,BTU,0.09,16.52,13.50,ac,No,0.95
forestland,wood,"Logging residues","Mixedwood logging residues","Class 1",Public,55093,"Pierce County",Wisconsin,592.73,Emerging,40,64.70,dt,1123709600,BTU,0.11,16.52,10.90,ac,No,0.95
forestland,wood,"Logging residues","Mixedwood logging residues","Class 1",Public,55093,"Pierce County",Wisconsin,592.73,"mature-market high",40,64.70,dt,1123709600,BTU,0.11,16.52,10.90,ac,No,0.95
forestland,wood,"Logging residues","Mixedwood logging residues","Class 1",Public,55093,"Pierce County",Wisconsin,592.73,"mature-market low",40,64.70,dt,1123709600,BTU,0.11,16.52,10.90,ac,No,0.95
forestland,wood,"Logging residues","Mixedwood logging residues","Class 1",Public,55093,"Pierce County",Wisconsin,592.73,"mature-market medium",40,64.70,dt,1123709600,BTU,0.11,16.52,10.90,ac,No,0.95
forestland,wood,"Logging residues","Mixedwood logging residues","Class 1",Public,55093,"Pierce County",Wisconsin,592.73,near-term,40,48.20,dt,837137600,BTU,0.08,16.52,8.90,ac,No,0.95
forestland,wood,"Logging residues","Mixedwood logging residues","Class 1",Public,55095,"Polk County",Wisconsin,956.41,Emerging,40,7.80,dt,135470400,BTU,0.01,16.52,1.00,ac,No,0.95
forestland,wood,"Logging residues","Mixedwood logging residues","Class 1",Public,55095,"Polk County",Wisconsin,956.41,"mature-market high",40,7.80,dt,135470400,BTU,0.01,16.52,1.00,ac,No,0.95
forestland,wood,"Logging residues","Mixedwood logging residues","Class 1",Public,55095,"Polk County",Wisconsin,956.41,"mature-market low",40,7.80,dt,135470400,BTU,0.01,16.52,1.00,ac,No,0.95
forestland,wood,"Logging residues","Mixedwood logging residues","Class 1",Public,55095,"Polk County",Wisconsin,956.41,"mature-market medium",40,7.80,dt,135470400,BTU,0.01,16.52,1.00,ac,No,0.95
forestland,wood,"Logging residues","Mixedwood logging residues","Class 1",Public,55095,"Polk County",Wisconsin,956.41,near-term,40,6.70,dt,116365600,BTU,0.01,16.52,1.00,ac,No,0.95
forestland,wood,"Logging residues","Mixedwood logging residues","Class 1",Public,55099,"Price County",Wisconsin,1278.04,Emerging,40,1080.70,dt,18769597600,BTU,0.85,16.52,100.30,ac,No,0.95
forestland,wood,"Logging residues","Mixedwood logging residues","Class 1",Public,55099,"Price County",Wisconsin,1278.04,"mature-market high",40,1080.70,dt,18769597600,BTU,0.85,16.52,100.30,ac,No,0.95
forestland,wood,"Logging residues","Mixedwood logging residues","Class 1",Public,55099,"Price County",Wisconsin,1278.04,"mature-market low",40,1080.70,dt,18769597600,BTU,0.85,16.52,100.30,ac,No,0.95
forestland,wood,"Logging residues","Mixedwood logging residues","Class 1",Public,55099,"Price County",Wisconsin,1278.04,"mature-market medium",40,1080.70,dt,18769597600,BTU,0.85,16.52,100.30,ac,No,0.95
forestland,wood,"Logging residues","Mixedwood logging residues","Class 1",Public,55099,"Price County",Wisconsin,1278.04,near-term,40,993.70,dt,17258581600,BTU,0.78,16.52,114.40,ac,No,0.95
forestland,wood,"Logging residues","Mixedwood logging residues","Class 1",Public,55109,"St. Croix County",Wisconsin,735.19,Emerging,40,166.90,dt,2898719200,BTU,0.23,16.52,28.00,ac,No,0.95
forestland,wood,"Logging residues","Mixedwood logging residues","Class 1",Public,55109,"St. Croix County",Wisconsin,735.19,"mature-market high",40,166.90,dt,2898719200,BTU,0.23,16.52,28.00,ac,No,0.95
forestland,wood,"Logging residues","Mixedwood logging residues","Class 1",Public,55109,"St. Croix County",Wisconsin,735.19,"mature-market low",40,166.90,dt,2898719200,BTU,0.23,16.52,28.00,ac,No,0.95
forestland,wood,"Logging residues","Mixedwood logging residues","Class 1",Public,55109,"St. Croix County",Wisconsin,735.19,"mature-market medium",40,166.90,dt,2898719200,BTU,0.23,16.52,28.00,ac,No,0.95
forestland,wood,"Logging residues","Mixedwood logging residues","Class 1",Public,55109,"St. Croix County",Wisconsin,735.19,near-term,40,124.30,dt,2158842400,BTU,0.17,16.52,23.00,ac,No,0.95
forestland,wood,"Logging residues","Mixedwood logging residues","Class 1",Public,55113,"Sawyer County",Wisconsin,1350.24,Emerging,40,835.90,dt,14517911200,BTU,0.62,16.52,101.50,ac,No,0.95
forestland,wood,"Logging residues","Mixedwood logging residues","Class 1",Public,55113,"Sawyer County",Wisconsin,1350.24,"mature-market high",40,835.90,dt,14517911200,BTU,0.62,16.52,101.50,ac,No,0.95
forestland,wood,"Logging residues","Mixedwood logging residues","Class 1",Public,55113,"Sawyer County",Wisconsin,1350.24,"mature-market low",40,835.90,dt,14517911200,BTU,0.62,16.52,101.50,ac,No,0.95
forestland,wood,"Logging residues","Mixedwood logging residues","Class 1",Public,55113,"Sawyer County",Wisconsin,1350.24,"mature-market medium",40,835.90,dt,14517911200,BTU,0.62,16.52,101.50,ac,No,0.95
forestland,wood,"Logging residues","Mixedwood logging residues","Class 1",Public,55113,"Sawyer County",Wisconsin,1350.24,near-term,40,708.70,dt,12308701600,BTU,0.52,16.52,102.20,ac,No,0.95
forestland,wood,"Logging residues","Mixedwood logging residues","Class 1",Public,55119,"Taylor County",Wisconsin,984.56,Emerging,40,903.30,dt,15688514400,BTU,0.92,16.52,83.80,ac,No,0.95
forestland,wood,"Logging residues","Mixedwood logging residues","Class 1",Public,55119,"Taylor County",Wisconsin,984.56,"mature-market high",40,903.30,dt,15688514400,BTU,0.92,16.52,83.80,ac,No,0.95
forestland,wood,"Logging residues","Mixedwood logging residues","Class 1",Public,55119,"Taylor County",Wisconsin,984.56,"mature-market low",40,903.30,dt,15688514400,BTU,0.92,16.52,83.80,ac,No,0.95
forestland,wood,"Logging residues","Mixedwood logging residues","Class 1",Public,55119,"Taylor County",Wisconsin,984.56,"mature-market medium",40,903.30,dt,15688514400,BTU,0.92,16.52,83.80,ac,No,0.95
forestland,wood,"Logging residues","Mixedwood logging residues","Class 1",Public,55119,"Taylor County",Wisconsin,984.56,near-term,40,830.60,dt,14425860800,BTU,0.84,16.52,95.70,ac,No,0.95
forestland,wood,"Logging residues","Mixedwood logging residues","Class 1",Public,55121,"Trempealeau County",Wisconsin,741.98,Emerging,40,10.20,dt,177153600,BTU,0.01,16.52,1.70,ac,No,0.95
forestland,wood,"Logging residues","Mixedwood logging residues","Class 1",Public,55121,"Trempealeau County",Wisconsin,741.98,"mature-market high",40,10.20,dt,177153600,BTU,0.01,16.52,1.70,ac,No,0.95
forestland,wood,"Logging residues","Mixedwood logging residues","Class 1",Public,55121,"Trempealeau County",Wisconsin,741.98,"mature-market low",40,10.20,dt,177153600,BTU,0.01,16.52,1.70,ac,No,0.95
forestland,wood,"Logging residues","Mixedwood logging residues","Class 1",Public,55121,"Trempealeau County",Wisconsin,741.98,"mature-market medium",40,10.20,dt,177153600,BTU,0.01,16.52,1.70,ac,No,0.95
forestland,wood,"Logging residues","Mixedwood logging residues","Class 1",Public,55121,"Trempealeau County",Wisconsin,741.98,near-term,40,7.60,dt,131996800,BTU,0.01,16.52,1.40,ac,No,0.95
forestland,wood,"Logging residues","Mixedwood logging residues","Class 1",Public,55125,"Vilas County",Wisconsin,1017.72,Emerging,40,1041.90,dt,18095719200,BTU,1.02,16.52,96.70,ac,No,0.95
forestland,wood,"Logging residues","Mixedwood logging residues","Class 1",Public,55125,"Vilas County",Wisconsin,1017.72,"mature-market high",40,1041.90,dt,18095719200,BTU,1.02,16.52,96.70,ac,No,0.95
forestland,wood,"Logging residues","Mixedwood logging residues","Class 1",Public,55125,"Vilas County",Wisconsin,1017.72,"mature-market low",40,1041.90,dt,18095719200,BTU,1.02,16.52,96.70,ac,No,0.95
forestland,wood,"Logging residues","Mixedwood logging residues","Class 1",Public,55125,"Vilas County",Wisconsin,1017.72,"mature-market medium",40,1041.90,dt,18095719200,BTU,1.02,16.52,96.70,ac,No,0.95
forestland,wood,"Logging residues","Mixedwood logging residues","Class 1",Public,55125,"Vilas County",Wisconsin,1017.72,near-term,40,958.00,dt,16638544000,BTU,0.94,16.52,110.30,ac,No,0.95
forestland,wood,"Logging residues","Mixedwood logging residues","Class 1",Public,55129,"Washburn County",Wisconsin,853.32,Emerging,40,86.30,dt,1498858400,BTU,0.10,16.52,10.50,ac,No,0.95
forestland,wood,"Logging residues","Mixedwood logging residues","Class 1",Public,55129,"Washburn County",Wisconsin,853.32,"mature-market high",40,86.30,dt,1498858400,BTU,0.10,16.52,10.50,ac,No,0.95
forestland,wood,"Logging residues","Mixedwood logging residues","Class 1",Public,55129,"Washburn County",Wisconsin,853.32,"mature-market low",40,86.30,dt,1498858400,BTU,0.10,16.52,10.50,ac,No,0.95
forestland,wood,"Logging residues","Mixedwood logging residues","Class 1",Public,55129,"Washburn County",Wisconsin,853.32,"mature-market medium",40,86.30,dt,1498858400,BTU,0.10,16.52,10.50,ac,No,0.95
forestland,wood,"Logging residues","Mixedwood logging residues","Class 1",Public,55129,"Washburn County",Wisconsin,853.32,near-term,40,73.20,dt,1271337600,BTU,0.09,16.52,10.60,ac,No,0.95
forestland,wood,"Logging residues","Mixedwood logging residues","Class 1",Public,55141,"Wood County",Wisconsin,809.25,Emerging,40,4.00,dt,69472000,BTU,0.00,16.52,0.50,ac,No,0.95
forestland,wood,"Logging residues","Mixedwood logging residues","Class 1",Public,55141,"Wood County",Wisconsin,809.25,"mature-market high",40,4.00,dt,69472000,BTU,0.00,16.52,0.50,ac,No,0.95
forestland,wood,"Logging residues","Mixedwood logging residues","Class 1",Public,55141,"Wood County",Wisconsin,809.25,"mature-market low",40,4.00,dt,69472000,BTU,0.00,16.52,0.50,ac,No,0.95
forestland,wood,"Logging residues","Mixedwood logging residues","Class 1",Public,55141,"Wood County",Wisconsin,809.25,"mature-market medium",40,4.00,dt,69472000,BTU,0.00,16.52,0.50,ac,No,0.95
forestland,wood,"Logging residues","Mixedwood logging residues","Class 1",Public,55141,"Wood County",Wisconsin,809.25,near-term,40,2.30,dt,39946400,BTU,0.00,16.52,0.40,ac,No,0.95
forestland,wood,"Logging residues","Mixedwood logging residues","Class 2",Public,55001,"Adams County",Wisconsin,687.48,near-term,40,2.40,dt,41683200,BTU,0.00,20.01,1.10,ac,No,0.95
forestland,wood,"Logging residues","Mixedwood logging residues","Class 2",Public,55003,"Ashland County",Wisconsin,1054.13,near-term,40,1295.20,dt,22495033600,BTU,1.23,20.01,342.20,ac,No,0.95
forestland,wood,"Logging residues","Mixedwood logging residues","Class 2",Public,55007,"Bayfield County",Wisconsin,1511.34,near-term,40,2372.90,dt,41212527200,BTU,1.57,20.01,612.40,ac,No,0.95
forestland,wood,"Logging residues","Mixedwood logging residues","Class 2",Public,55011,"Buffalo County",Wisconsin,709.59,near-term,40,7.30,dt,126786400,BTU,0.01,16.52,1.10,ac,No,0.95
forestland,wood,"Logging residues","Mixedwood logging residues","Class 2",Public,55011,"Buffalo County",Wisconsin,709.59,near-term,40,7.90,dt,137207200,BTU,0.01,20.01,1.70,ac,No,0.95
forestland,wood,"Logging residues","Mixedwood logging residues","Class 2",Public,55013,"Burnett County",Wisconsin,880.22,near-term,40,51.20,dt,889241600,BTU,0.06,20.01,13.20,ac,No,0.95
forestland,wood,"Logging residues","Mixedwood logging residues","Class 2",Public,55023,"Crawford County",Wisconsin,599.21,near-term,40,11.30,dt,196258400,BTU,0.02,16.52,3.50,ac,No,0.95
forestland,wood,"Logging residues","Mixedwood logging residues","Class 2",Public,55023,"Crawford County",Wisconsin,599.21,near-term,40,16.50,dt,286572000,BTU,0.03,20.01,6.70,ac,No,0.95
forestland,wood,"Logging residues","Mixedwood logging residues","Class 2",Public,55031,"Douglas County",Wisconsin,1332.11,near-term,40,16.00,dt,277888000,BTU,0.01,20.01,4.10,ac,No,0.95
forestland,wood,"Logging residues","Mixedwood logging residues","Class 2",Public,55043,"Grant County",Wisconsin,1183.37,near-term,40,20.80,dt,361254400,BTU,0.02,16.52,6.40,ac,No,0.95
forestland,wood,"Logging residues","Mixedwood logging residues","Class 2",Public,55043,"Grant County",Wisconsin,1183.37,near-term,40,30.50,dt,529724000,BTU,0.03,20.01,12.40,ac,No,0.95
forestland,wood,"Logging residues","Mixedwood logging residues","Class 2",Public,55053,"Jackson County",Wisconsin,1000.48,near-term,40,48.70,dt,845821600,BTU,0.05,16.52,7.60,ac,No,0.95
forestland,wood,"Logging residues","Mixedwood logging residues","Class 2",Public,55053,"Jackson County",Wisconsin,1000.48,near-term,40,52.80,dt,917030400,BTU,0.05,20.01,11.10,ac,No,0.95
forestland,wood,"Logging residues","Mixedwood logging residues","Class 2",Public,55057,"Juneau County",Wisconsin,805.17,near-term,40,798.80,dt,13873558400,BTU,0.99,20.01,357.60,ac,No,0.95
forestland,wood,"Logging residues","Mixedwood logging residues","Class 2",Public,55063,"La Crosse County",Wisconsin,480.05,near-term,40,19.50,dt,338676000,BTU,0.04,16.52,3.10,ac,No,0.95
forestland,wood,"Logging residues","Mixedwood logging residues","Class 2",Public,55063,"La Crosse County",Wisconsin,480.05,near-term,40,21.10,dt,366464800,BTU,0.04,20.01,4.40,ac,No,0.95
forestland,wood,"Logging residues","Mixedwood logging residues","Class 2",Public,55081,"Monroe County",Wisconsin,908.08,near-term,40,2191.10,dt,38055024800,BTU,2.41,16.52,343.20,ac,No,0.95
forestland,wood,"Logging residues","Mixedwood logging residues","Class 2",Public,55081,"Monroe County",Wisconsin,908.08,near-term,40,2374.40,dt,41238579200,BTU,2.61,20.01,497.80,ac,No,0.95
forestland,wood,"Logging residues","Mixedwood logging residues","Class 2",Public,55085,"Oneida County",Wisconsin,1236.57,near-term,40,69.30,dt,1203602400,BTU,0.06,20.01,18.30,ac,No,0.95
forestland,wood,"Logging residues","Mixedwood logging residues","Class 2",Public,55093,"Pierce County",Wisconsin,592.73,near-term,40,46.30,dt,804138400,BTU,0.08,16.52,7.30,ac,No,0.95
forestland,wood,"Logging residues","Mixedwood logging residues","Class 2",Public,55093,"Pierce County",Wisconsin,592.73,near-term,40,50.20,dt,871873600,BTU,0.08,20.01,10.50,ac,No,0.95
forestland,wood,"Logging residues","Mixedwood logging residues","Class 2",Public,55095,"Polk County",Wisconsin,956.41,near-term,40,6.40,dt,111155200,BTU,0.01,20.01,1.70,ac,No,0.95
forestland,wood,"Logging residues","Mixedwood logging residues","Class 2",Public,55099,"Price County",Wisconsin,1278.04,near-term,40,587.40,dt,10201963200,BTU,0.46,20.01,155.20,ac,No,0.95
forestland,wood,"Logging residues","Mixedwood logging residues","Class 2",Public,55109,"St. Croix County",Wisconsin,735.19,near-term,40,119.40,dt,2073739200,BTU,0.16,16.52,18.70,ac,No,0.95
forestland,wood,"Logging residues","Mixedwood logging residues","Class 2",Public,55109,"St. Croix County",Wisconsin,735.19,near-term,40,129.40,dt,2247419200,BTU,0.18,20.01,27.10,ac,No,0.95
forestland,wood,"Logging residues","Mixedwood logging residues","Class 2",Public,55111,"Sauk County",Wisconsin,849.19,near-term,40,23.40,dt,406411200,BTU,0.03,16.52,7.20,ac,No,0.95
forestland,wood,"Logging residues","Mixedwood logging residues","Class 2",Public,55111,"Sauk County",Wisconsin,849.19,near-term,40,34.30,dt,595722400,BTU,0.04,20.01,13.90,ac,No,0.95
forestland,wood,"Logging residues","Mixedwood logging residues","Class 2",Public,55113,"Sawyer County",Wisconsin,1350.24,near-term,40,681.20,dt,11831081600,BTU,0.50,20.01,175.80,ac,No,0.95
forestland,wood,"Logging residues","Mixedwood logging residues","Class 2",Public,55119,"Taylor County",Wisconsin,984.56,near-term,40,491.00,dt,8527688000,BTU,0.50,20.01,129.70,ac,No,0.95
forestland,wood,"Logging residues","Mixedwood logging residues","Class 2",Public,55121,"Trempealeau County",Wisconsin,741.98,near-term,40,7.30,dt,126786400,BTU,0.01,16.52,1.10,ac,No,0.95
forestland,wood,"Logging residues","Mixedwood logging residues","Class 2",Public,55121,"Trempealeau County",Wisconsin,741.98,near-term,40,7.90,dt,137207200,BTU,0.01,20.01,1.70,ac,No,0.95
forestland,wood,"Logging residues","Mixedwood logging residues","Class 2",Public,55123,"Vernon County",Wisconsin,816.38,near-term,40,10.50,dt,182364000,BTU,0.01,16.52,3.20,ac,No,0.95
forestland,wood,"Logging residues","Mixedwood logging residues","Class 2",Public,55123,"Vernon County",Wisconsin,816.38,near-term,40,15.30,dt,265730400,BTU,0.02,20.01,6.20,ac,No,0.95
forestland,wood,"Logging residues","Mixedwood logging residues","Class 2",Public,55125,"Vilas County",Wisconsin,1017.72,near-term,40,566.30,dt,9835498400,BTU,0.56,20.01,149.60,ac,No,0.95
forestland,wood,"Logging residues","Mixedwood logging residues","Class 2",Public,55129,"Washburn County",Wisconsin,853.32,near-term,40,70.40,dt,1222707200,BTU,0.08,20.01,18.20,ac,No,0.95
forestland,wood,"Logging residues","Mixedwood logging residues","Class 2",Public,55141,"Wood County",Wisconsin,809.25,near-term,40,2.40,dt,41683200,BTU,0.00,20.01,1.10,ac,No,0.95
forestland,wood,"Logging residues","Softwood natural logging residues","Class 1",Private,55001,"Adams County",Wisconsin,687.48,Emerging,40,1463.60,dt,25419804800,BTU,2.13,16.62,248.40,ac,No,0.95
forestland,wood,"Logging residues","Softwood natural logging residues","Class 1",Private,55001,"Adams County",Wisconsin,687.48,"mature-market high",40,1463.60,dt,25419804800,BTU,2.13,16.62,248.40,ac,No,0.95
forestland,wood,"Logging residues","Softwood natural logging residues","Class 1",Private,55001,"Adams County",Wisconsin,687.48,"mature-market low",40,1463.60,dt,25419804800,BTU,2.13,16.62,248.40,ac,No,0.95
forestland,wood,"Logging residues","Softwood natural logging residues","Class 1",Private,55001,"Adams County",Wisconsin,687.48,"mature-market medium",40,1463.60,dt,25419804800,BTU,2.13,16.62,248.40,ac,No,0.95
forestland,wood,"Logging residues","Softwood natural logging residues","Class 1",Private,55001,"Adams County",Wisconsin,687.48,near-term,40,2692.50,dt,46763340000,BTU,3.92,16.62,536.10,ac,No,0.95
forestland,wood,"Logging residues","Softwood natural logging residues","Class 1",Private,55009,"Brown County",Wisconsin,531.24,Emerging,40,187.00,dt,3247816000,BTU,0.35,16.62,30.30,ac,No,0.95
forestland,wood,"Logging residues","Softwood natural logging residues","Class 1",Private,55009,"Brown County",Wisconsin,531.24,"mature-market high",40,187.00,dt,3247816000,BTU,0.35,16.62,30.30,ac,No,0.95
forestland,wood,"Logging residues","Softwood natural logging residues","Class 1",Private,55009,"Brown County",Wisconsin,531.24,"mature-market low",40,187.00,dt,3247816000,BTU,0.35,16.62,30.30,ac,No,0.95
forestland,wood,"Logging residues","Softwood natural logging residues","Class 1",Private,55009,"Brown County",Wisconsin,531.24,"mature-market medium",40,187.00,dt,3247816000,BTU,0.35,16.62,30.30,ac,No,0.95
forestland,wood,"Logging residues","Softwood natural logging residues","Class 1",Private,55009,"Brown County",Wisconsin,531.24,near-term,40,119.80,dt,2080686400,BTU,0.23,16.62,22.90,ac,No,0.95
forestland,wood,"Logging residues","Softwood natural logging residues","Class 1",Private,55011,"Buffalo County",Wisconsin,709.59,Emerging,40,88.10,dt,1530120800,BTU,0.12,16.62,14.90,ac,No,0.95
forestland,wood,"Logging residues","Softwood natural logging residues","Class 1",Private,55011,"Buffalo County",Wisconsin,709.59,"mature-market high",40,88.10,dt,1530120800,BTU,0.12,16.62,14.90,ac,No,0.95
forestland,wood,"Logging residues","Softwood natural logging residues","Class 1",Private,55011,"Buffalo County",Wisconsin,709.59,"mature-market low",40,88.10,dt,1530120800,BTU,0.12,16.62,14.90,ac,No,0.95
forestland,wood,"Logging residues","Softwood natural logging residues","Class 1",Private,55011,"Buffalo County",Wisconsin,709.59,"mature-market medium",40,88.10,dt,1530120800,BTU,0.12,16.62,14.90,ac,No,0.95
forestland,wood,"Logging residues","Softwood natural logging residues","Class 1",Private,55015,"Calumet County",Wisconsin,397.08,Emerging,40,36.40,dt,632195200,BTU,0.09,16.62,5.90,ac,No,0.95
forestland,wood,"Logging residues","Softwood natural logging residues","Class 1",Private,55015,"Calumet County",Wisconsin,397.08,"mature-market high",40,36.40,dt,632195200,BTU,0.09,16.62,5.90,ac,No,0.95
forestland,wood,"Logging residues","Softwood natural logging residues","Class 1",Private,55015,"Calumet County",Wisconsin,397.08,"mature-market low",40,36.40,dt,632195200,BTU,0.09,16.62,5.90,ac,No,0.95
forestland,wood,"Logging residues","Softwood natural logging residues","Class 1",Private,55015,"Calumet County",Wisconsin,397.08,"mature-market medium",40,36.40,dt,632195200,BTU,0.09,16.62,5.90,ac,No,0.95
forestland,wood,"Logging residues","Softwood natural logging residues","Class 1",Private,55015,"Calumet County",Wisconsin,397.08,near-term,40,23.30,dt,404674400,BTU,0.06,16.62,4.40,ac,No,0.95
forestland,wood,"Logging residues","Softwood natural logging residues","Class 1",Private,55029,"Door County",Wisconsin,487.56,Emerging,40,428.60,dt,7443924800,BTU,0.88,16.62,69.50,ac,No,0.95
forestland,wood,"Logging residues","Softwood natural logging residues","Class 1",Private,55029,"Door County",Wisconsin,487.56,"mature-market high",40,428.60,dt,7443924800,BTU,0.88,16.62,69.50,ac,No,0.95
forestland,wood,"Logging residues","Softwood natural logging residues","Class 1",Private,55029,"Door County",Wisconsin,487.56,"mature-market low",40,428.60,dt,7443924800,BTU,0.88,16.62,69.50,ac,No,0.95
forestland,wood,"Logging residues","Softwood natural logging residues","Class 1",Private,55029,"Door County",Wisconsin,487.56,"mature-market medium",40,428.60,dt,7443924800,BTU,0.88,16.62,69.50,ac,No,0.95
forestland,wood,"Logging residues","Softwood natural logging residues","Class 1",Private,55029,"Door County",Wisconsin,487.56,near-term,40,274.50,dt,4767516000,BTU,0.56,16.62,52.40,ac,No,0.95
forestland,wood,"Logging residues","Softwood natural logging residues","Class 1",Private,55033,"Dunn County",Wisconsin,863.89,Emerging,40,364.30,dt,6327162400,BTU,0.42,16.62,61.70,ac,No,0.95
forestland,wood,"Logging residues","Softwood natural logging residues","Class 1",Private,55033,"Dunn County",Wisconsin,863.89,"mature-market high",40,364.30,dt,6327162400,BTU,0.42,16.62,61.70,ac,No,0.95
forestland,wood,"Logging residues","Softwood natural logging residues","Class 1",Private,55033,"Dunn County",Wisconsin,863.89,"mature-market low",40,364.30,dt,6327162400,BTU,0.42,16.62,61.70,ac,No,0.95
forestland,wood,"Logging residues","Softwood natural logging residues","Class 1",Private,55033,"Dunn County",Wisconsin,863.89,"mature-market medium",40,364.30,dt,6327162400,BTU,0.42,16.62,61.70,ac,No,0.95
forestland,wood,"Logging residues","Softwood natural logging residues","Class 1",Private,55035,"Eau Claire County",Wisconsin,645.2,Emerging,40,508.40,dt,8829891200,BTU,0.79,16.62,86.10,ac,No,0.95
forestland,wood,"Logging residues","Softwood natural logging residues","Class 1",Private,55035,"Eau Claire County",Wisconsin,645.2,"mature-market high",40,508.40,dt,8829891200,BTU,0.79,16.62,86.10,ac,No,0.95
forestland,wood,"Logging residues","Softwood natural logging residues","Class 1",Private,55035,"Eau Claire County",Wisconsin,645.2,"mature-market low",40,508.40,dt,8829891200,BTU,0.79,16.62,86.10,ac,No,0.95
forestland,wood,"Logging residues","Softwood natural logging residues","Class 1",Private,55035,"Eau Claire County",Wisconsin,645.2,"mature-market medium",40,508.40,dt,8829891200,BTU,0.79,16.62,86.10,ac,No,0.95
forestland,wood,"Logging residues","Softwood natural logging residues","Class 1",Private,55039,"Fond du Lac County",Wisconsin,765.84,Emerging,40,519.50,dt,9022676000,BTU,0.68,16.62,84.20,ac,No,0.95
forestland,wood,"Logging residues","Softwood natural logging residues","Class 1",Private,55039,"Fond du Lac County",Wisconsin,765.84,"mature-market high",40,519.50,dt,9022676000,BTU,0.68,16.62,84.20,ac,No,0.95
forestland,wood,"Logging residues","Softwood natural logging residues","Class 1",Private,55039,"Fond du Lac County",Wisconsin,765.84,"mature-market low",40,519.50,dt,9022676000,BTU,0.68,16.62,84.20,ac,No,0.95
forestland,wood,"Logging residues","Softwood natural logging residues","Class 1",Private,55039,"Fond du Lac County",Wisconsin,765.84,"mature-market medium",40,519.50,dt,9022676000,BTU,0.68,16.62,84.20,ac,No,0.95
forestland,wood,"Logging residues","Softwood natural logging residues","Class 1",Private,55039,"Fond du Lac County",Wisconsin,765.84,near-term,40,332.80,dt,5780070400,BTU,0.43,16.62,63.50,ac,No,0.95
forestland,wood,"Logging residues","Softwood natural logging residues","Class 1",Private,55047,"Green Lake County",Wisconsin,380.13,Emerging,40,49.30,dt,856242400,BTU,0.13,16.62,8.40,ac,No,0.95
forestland,wood,"Logging residues","Softwood natural logging residues","Class 1",Private,55047,"Green Lake County",Wisconsin,380.13,"mature-market high",40,49.30,dt,856242400,BTU,0.13,16.62,8.40,ac,No,0.95
forestland,wood,"Logging residues","Softwood natural logging residues","Class 1",Private,55047,"Green Lake County",Wisconsin,380.13,"mature-market low",40,49.30,dt,856242400,BTU,0.13,16.62,8.40,ac,No,0.95
forestland,wood,"Logging residues","Softwood natural logging residues","Class 1",Private,55047,"Green Lake County",Wisconsin,380.13,"mature-market medium",40,49.30,dt,856242400,BTU,0.13,16.62,8.40,ac,No,0.95
forestland,wood,"Logging residues","Softwood natural logging residues","Class 1",Private,55047,"Green Lake County",Wisconsin,380.13,near-term,40,90.70,dt,1575277600,BTU,0.24,16.62,18.00,ac,No,0.95
forestland,wood,"Logging residues","Softwood natural logging residues","Class 1",Private,55053,"Jackson County",Wisconsin,1000.48,Emerging,40,1769.20,dt,30727465600,BTU,1.77,16.62,299.70,ac,No,0.95
forestland,wood,"Logging residues","Softwood natural logging residues","Class 1",Private,55053,"Jackson County",Wisconsin,1000.48,"mature-market high",40,1769.20,dt,30727465600,BTU,1.77,16.62,299.70,ac,No,0.95
forestland,wood,"Logging residues","Softwood natural logging residues","Class 1",Private,55053,"Jackson County",Wisconsin,1000.48,"mature-market low",40,1769.20,dt,30727465600,BTU,1.77,16.62,299.70,ac,No,0.95
forestland,wood,"Logging residues","Softwood natural logging residues","Class 1",Private,55053,"Jackson County",Wisconsin,1000.48,"mature-market medium",40,1769.20,dt,30727465600,BTU,1.77,16.62,299.70,ac,No,0.95
forestland,wood,"Logging residues","Softwood natural logging residues","Class 1",Private,55057,"Juneau County",Wisconsin,805.17,Emerging,40,561.80,dt,9757342400,BTU,0.70,16.62,95.30,ac,No,0.95
forestland,wood,"Logging residues","Softwood natural logging residues","Class 1",Private,55057,"Juneau County",Wisconsin,805.17,"mature-market high",40,561.80,dt,9757342400,BTU,0.70,16.62,95.30,ac,No,0.95
forestland,wood,"Logging residues","Softwood natural logging residues","Class 1",Private,55057,"Juneau County",Wisconsin,805.17,"mature-market low",40,561.80,dt,9757342400,BTU,0.70,16.62,95.30,ac,No,0.95
forestland,wood,"Logging residues","Softwood natural logging residues","Class 1",Private,55057,"Juneau County",Wisconsin,805.17,"mature-market medium",40,561.80,dt,9757342400,BTU,0.70,16.62,95.30,ac,No,0.95
forestland,wood,"Logging residues","Softwood natural logging residues","Class 1",Private,55057,"Juneau County",Wisconsin,805.17,near-term,40,1033.50,dt,17949828000,BTU,1.28,16.62,205.80,ac,No,0.95
forestland,wood,"Logging residues","Softwood natural logging residues","Class 1",Private,55061,"Kewaunee County",Wisconsin,343.95,Emerging,40,109.10,dt,1894848800,BTU,0.32,16.62,17.70,ac,No,0.95
forestland,wood,"Logging residues","Softwood natural logging residues","Class 1",Private,55061,"Kewaunee County",Wisconsin,343.95,"mature-market high",40,109.10,dt,1894848800,BTU,0.32,16.62,17.70,ac,No,0.95
forestland,wood,"Logging residues","Softwood natural logging residues","Class 1",Private,55061,"Kewaunee County",Wisconsin,343.95,"mature-market low",40,109.10,dt,1894848800,BTU,0.32,16.62,17.70,ac,No,0.95
forestland,wood,"Logging residues","Softwood natural logging residues","Class 1",Private,55061,"Kewaunee County",Wisconsin,343.95,"mature-market medium",40,109.10,dt,1894848800,BTU,0.32,16.62,17.70,ac,No,0.95
forestland,wood,"Logging residues","Softwood natural logging residues","Class 1",Private,55061,"Kewaunee County",Wisconsin,343.95,near-term,40,69.90,dt,1214023200,BTU,0.20,16.62,13.30,ac,No,0.95
forestland,wood,"Logging residues","Softwood natural logging residues","Class 1",Private,55063,"La Crosse County",Wisconsin,480.05,Emerging,40,140.10,dt,2433256800,BTU,0.29,16.62,23.70,ac,No,0.95
forestland,wood,"Logging residues","Softwood natural logging residues","Class 1",Private,55063,"La Crosse County",Wisconsin,480.05,"mature-market high",40,140.10,dt,2433256800,BTU,0.29,16.62,23.70,ac,No,0.95
forestland,wood,"Logging residues","Softwood natural logging residues","Class 1",Private,55063,"La Crosse County",Wisconsin,480.05,"mature-market low",40,140.10,dt,2433256800,BTU,0.29,16.62,23.70,ac,No,0.95
forestland,wood,"Logging residues","Softwood natural logging residues","Class 1",Private,55063,"La Crosse County",Wisconsin,480.05,"mature-market medium",40,140.10,dt,2433256800,BTU,0.29,16.62,23.70,ac,No,0.95
forestland,wood,"Logging residues","Softwood natural logging residues","Class 1",Private,55071,"Manitowoc County",Wisconsin,594.62,Emerging,40,210.40,dt,3654227200,BTU,0.35,16.62,34.10,ac,No,0.95
forestland,wood,"Logging residues","Softwood natural logging residues","Class 1",Private,55071,"Manitowoc County",Wisconsin,594.62,"mature-market high",40,210.40,dt,3654227200,BTU,0.35,16.62,34.10,ac,No,0.95
forestland,wood,"Logging residues","Softwood natural logging residues","Class 1",Private,55071,"Manitowoc County",Wisconsin,594.62,"mature-market low",40,210.40,dt,3654227200,BTU,0.35,16.62,34.10,ac,No,0.95
forestland,wood,"Logging residues","Softwood natural logging residues","Class 1",Private,55071,"Manitowoc County",Wisconsin,594.62,"mature-market medium",40,210.40,dt,3654227200,BTU,0.35,16.62,34.10,ac,No,0.95
forestland,wood,"Logging residues","Softwood natural logging residues","Class 1",Private,55071,"Manitowoc County",Wisconsin,594.62,near-term,40,134.80,dt,2341206400,BTU,0.23,16.62,25.70,ac,No,0.95
forestland,wood,"Logging residues","Softwood natural logging residues","Class 1",Private,55077,"Marquette County",Wisconsin,464.47,Emerging,40,394.20,dt,6846465600,BTU,0.85,16.62,66.90,ac,No,0.95
forestland,wood,"Logging residues","Softwood natural logging residues","Class 1",Private,55077,"Marquette County",Wisconsin,464.47,"mature-market high",40,394.20,dt,6846465600,BTU,0.85,16.62,66.90,ac,No,0.95
forestland,wood,"Logging residues","Softwood natural logging residues","Class 1",Private,55077,"Marquette County",Wisconsin,464.47,"mature-market low",40,394.20,dt,6846465600,BTU,0.85,16.62,66.90,ac,No,0.95
forestland,wood,"Logging residues","Softwood natural logging residues","Class 1",Private,55077,"Marquette County",Wisconsin,464.47,"mature-market medium",40,394.20,dt,6846465600,BTU,0.85,16.62,66.90,ac,No,0.95
forestland,wood,"Logging residues","Softwood natural logging residues","Class 1",Private,55077,"Marquette County",Wisconsin,464.47,near-term,40,725.20,dt,12595273600,BTU,1.56,16.62,144.40,ac,No,0.95
forestland,wood,"Logging residues","Softwood natural logging residues","Class 1",Private,55081,"Monroe County",Wisconsin,908.08,Emerging,40,432.30,dt,7508186400,BTU,0.48,16.62,73.20,ac,No,0.95
forestland,wood,"Logging residues","Softwood natural logging residues","Class 1",Private,55081,"Monroe County",Wisconsin,908.08,"mature-market high",40,432.30,dt,7508186400,BTU,0.48,16.62,73.20,ac,No,0.95
forestland,wood,"Logging residues","Softwood natural logging residues","Class 1",Private,55081,"Monroe County",Wisconsin,908.08,"mature-market low",40,432.30,dt,7508186400,BTU,0.48,16.62,73.20,ac,No,0.95
forestland,wood,"Logging residues","Softwood natural logging residues","Class 1",Private,55081,"Monroe County",Wisconsin,908.08,"mature-market medium",40,432.30,dt,7508186400,BTU,0.48,16.62,73.20,ac,No,0.95
forestland,wood,"Logging residues","Softwood natural logging residues","Class 1",Private,55087,"Outagamie County",Wisconsin,644.61,Emerging,40,228.60,dt,3970324800,BTU,0.35,16.62,37.10,ac,No,0.95
forestland,wood,"Logging residues","Softwood natural logging residues","Class 1",Private,55087,"Outagamie County",Wisconsin,644.61,"mature-market high",40,228.60,dt,3970324800,BTU,0.35,16.62,37.10,ac,No,0.95
forestland,wood,"Logging residues","Softwood natural logging residues","Class 1",Private,55087,"Outagamie County",Wisconsin,644.61,"mature-market low",40,228.60,dt,3970324800,BTU,0.35,16.62,37.10,ac,No,0.95
forestland,wood,"Logging residues","Softwood natural logging residues","Class 1",Private,55087,"Outagamie County",Wisconsin,644.61,"mature-market medium",40,228.60,dt,3970324800,BTU,0.35,16.62,37.10,ac,No,0.95
forestland,wood,"Logging residues","Softwood natural logging residues","Class 1",Private,55087,"Outagamie County",Wisconsin,644.61,near-term,40,146.40,dt,2542675200,BTU,0.23,16.62,28.00,ac,No,0.95
forestland,wood,"Logging residues","Softwood natural logging residues","Class 1",Private,55091,"Pepin County",Wisconsin,248.7,Emerging,40,28.00,dt,486304000,BTU,0.11,16.62,4.70,ac,No,0.95
forestland,wood,"Logging residues","Softwood natural logging residues","Class 1",Private,55091,"Pepin County",Wisconsin,248.7,"mature-market high",40,28.00,dt,486304000,BTU,0.11,16.62,4.70,ac,No,0.95
forestland,wood,"Logging residues","Softwood natural logging residues","Class 1",Private,55091,"Pepin County",Wisconsin,248.7,"mature-market low",40,28.00,dt,486304000,BTU,0.11,16.62,4.70,ac,No,0.95
forestland,wood,"Logging residues","Softwood natural logging residues","Class 1",Private,55091,"Pepin County",Wisconsin,248.7,"mature-market medium",40,28.00,dt,486304000,BTU,0.11,16.62,4.70,ac,No,0.95
forestland,wood,"Logging residues","Softwood natural logging residues","Class 1",Private,55093,"Pierce County",Wisconsin,592.73,Emerging,40,80.10,dt,1391176800,BTU,0.14,16.62,13.60,ac,No,0.95
forestland,wood,"Logging residues","Softwood natural logging residues","Class 1",Private,55093,"Pierce County",Wisconsin,592.73,"mature-market high",40,80.10,dt,1391176800,BTU,0.14,16.62,13.60,ac,No,0.95
forestland,wood,"Logging residues","Softwood natural logging residues","Class 1",Private,55093,"Pierce County",Wisconsin,592.73,"mature-market low",40,80.10,dt,1391176800,BTU,0.14,16.62,13.60,ac,No,0.95
forestland,wood,"Logging residues","Softwood natural logging residues","Class 1",Private,55093,"Pierce County",Wisconsin,592.73,"mature-market medium",40,80.10,dt,1391176800,BTU,0.14,16.62,13.60,ac,No,0.95
forestland,wood,"Logging residues","Softwood natural logging residues","Class 1",Private,55097,"Portage County",Wisconsin,822.82,Emerging,40,625.80,dt,10868894400,BTU,0.76,16.62,106.20,ac,No,0.95
forestland,wood,"Logging residues","Softwood natural logging residues","Class 1",Private,55097,"Portage County",Wisconsin,822.82,"mature-market high",40,625.80,dt,10868894400,BTU,0.76,16.62,106.20,ac,No,0.95
forestland,wood,"Logging residues","Softwood natural logging residues","Class 1",Private,55097,"Portage County",Wisconsin,822.82,"mature-market low",40,625.80,dt,10868894400,BTU,0.76,16.62,106.20,ac,No,0.95
forestland,wood,"Logging residues","Softwood natural logging residues","Class 1",Private,55097,"Portage County",Wisconsin,822.82,"mature-market medium",40,625.80,dt,10868894400,BTU,0.76,16.62,106.20,ac,No,0.95
forestland,wood,"Logging residues","Softwood natural logging residues","Class 1",Private,55097,"Portage County",Wisconsin,822.82,near-term,40,1151.30,dt,19995778400,BTU,1.40,16.62,229.20,ac,No,0.95
forestland,wood,"Logging residues","Softwood natural logging residues","Class 1",Private,55109,"St. Croix County",Wisconsin,735.19,Emerging,40,364.30,dt,6327162400,BTU,0.50,16.62,61.70,ac,No,0.95
forestland,wood,"Logging residues","Softwood natural logging residues","Class 1",Private,55109,"St. Croix County",Wisconsin,735.19,"mature-market high",40,364.30,dt,6327162400,BTU,0.50,16.62,61.70,ac,No,0.95
forestland,wood,"Logging residues","Softwood natural logging residues","Class 1",Private,55109,"St. Croix County",Wisconsin,735.19,"mature-market low",40,364.30,dt,6327162400,BTU,0.50,16.62,61.70,ac,No,0.95
forestland,wood,"Logging residues","Softwood natural logging residues","Class 1",Private,55109,"St. Croix County",Wisconsin,735.19,"mature-market medium",40,364.30,dt,6327162400,BTU,0.50,16.62,61.70,ac,No,0.95
forestland,wood,"Logging residues","Softwood natural logging residues","Class 1",Private,55117,"Sheboygan County",Wisconsin,517.64,Emerging,40,727.30,dt,12631746400,BTU,1.41,16.62,117.90,ac,No,0.95
forestland,wood,"Logging residues","Softwood natural logging residues","Class 1",Private,55117,"Sheboygan County",Wisconsin,517.64,"mature-market high",40,727.30,dt,12631746400,BTU,1.41,16.62,117.90,ac,No,0.95
forestland,wood,"Logging residues","Softwood natural logging residues","Class 1",Private,55117,"Sheboygan County",Wisconsin,517.64,"mature-market low",40,727.30,dt,12631746400,BTU,1.41,16.62,117.90,ac,No,0.95
forestland,wood,"Logging residues","Softwood natural logging residues","Class 1",Private,55117,"Sheboygan County",Wisconsin,517.64,"mature-market medium",40,727.30,dt,12631746400,BTU,1.41,16.62,117.90,ac,No,0.95
forestland,wood,"Logging residues","Softwood natural logging residues","Class 1",Private,55117,"Sheboygan County",Wisconsin,517.64,near-term,40,465.90,dt,8091751200,BTU,0.90,16.62,89.00,ac,No,0.95
forestland,wood,"Logging residues","Softwood natural logging residues","Class 1",Private,55121,"Trempealeau County",Wisconsin,741.98,Emerging,40,228.20,dt,3963377600,BTU,0.31,16.62,38.60,ac,No,0.95
forestland,wood,"Logging residues","Softwood natural logging residues","Class 1",Private,55121,"Trempealeau County",Wisconsin,741.98,"mature-market high",40,228.20,dt,3963377600,BTU,0.31,16.62,38.60,ac,No,0.95
forestland,wood,"Logging residues","Softwood natural logging residues","Class 1",Private,55121,"Trempealeau County",Wisconsin,741.98,"mature-market low",40,228.20,dt,3963377600,BTU,0.31,16.62,38.60,ac,No,0.95
forestland,wood,"Logging residues","Softwood natural logging residues","Class 1",Private,55121,"Trempealeau County",Wisconsin,741.98,"mature-market medium",40,228.20,dt,3963377600,BTU,0.31,16.62,38.60,ac,No,0.95
forestland,wood,"Logging residues","Softwood natural logging residues","Class 1",Private,55135,"Waupaca County",Wisconsin,765.17,Emerging,40,340.00,dt,5905120000,BTU,0.44,16.62,57.70,ac,No,0.95
forestland,wood,"Logging residues","Softwood natural logging residues","Class 1",Private,55135,"Waupaca County",Wisconsin,765.17,"mature-market high",40,340.00,dt,5905120000,BTU,0.44,16.62,57.70,ac,No,0.95
forestland,wood,"Logging residues","Softwood natural logging residues","Class 1",Private,55135,"Waupaca County",Wisconsin,765.17,"mature-market low",40,340.00,dt,5905120000,BTU,0.44,16.62,57.70,ac,No,0.95
forestland,wood,"Logging residues","Softwood natural logging residues","Class 1",Private,55135,"Waupaca County",Wisconsin,765.17,"mature-market medium",40,340.00,dt,5905120000,BTU,0.44,16.62,57.70,ac,No,0.95
forestland,wood,"Logging residues","Softwood natural logging residues","Class 1",Private,55135,"Waupaca County",Wisconsin,765.17,near-term,40,625.50,dt,10863684000,BTU,0.82,16.62,124.50,ac,No,0.95
forestland,wood,"Logging residues","Softwood natural logging residues","Class 1",Private,55137,"Waushara County",Wisconsin,637.4,Emerging,40,852.50,dt,14806220000,BTU,1.34,16.62,144.70,ac,No,0.95
forestland,wood,"Logging residues","Softwood natural logging residues","Class 1",Private,55137,"Waushara County",Wisconsin,637.4,"mature-market high",40,852.50,dt,14806220000,BTU,1.34,16.62,144.70,ac,No,0.95
forestland,wood,"Logging residues","Softwood natural logging residues","Class 1",Private,55137,"Waushara County",Wisconsin,637.4,"mature-market low",40,852.50,dt,14806220000,BTU,1.34,16.62,144.70,ac,No,0.95
forestland,wood,"Logging residues","Softwood natural logging residues","Class 1",Private,55137,"Waushara County",Wisconsin,637.4,"mature-market medium",40,852.50,dt,14806220000,BTU,1.34,16.62,144.70,ac,No,0.95
forestland,wood,"Logging residues","Softwood natural logging residues","Class 1",Private,55137,"Waushara County",Wisconsin,637.4,near-term,40,1568.30,dt,27238234400,BTU,2.46,16.62,312.30,ac,No,0.95
forestland,wood,"Logging residues","Softwood natural logging residues","Class 1",Private,55139,"Winnebago County",Wisconsin,578.57,Emerging,40,148.10,dt,2572200800,BTU,0.26,16.62,24.00,ac,No,0.95
forestland,wood,"Logging residues","Softwood natural logging residues","Class 1",Private,55139,"Winnebago County",Wisconsin,578.57,"mature-market high",40,148.10,dt,2572200800,BTU,0.26,16.62,24.00,ac,No,0.95
forestland,wood,"Logging residues","Softwood natural logging residues","Class 1",Private,55139,"Winnebago County",Wisconsin,578.57,"mature-market low",40,148.10,dt,2572200800,BTU,0.26,16.62,24.00,ac,No,0.95
forestland,wood,"Logging residues","Softwood natural logging residues","Class 1",Private,55139,"Winnebago County",Wisconsin,578.57,"mature-market medium",40,148.10,dt,2572200800,BTU,0.26,16.62,24.00,ac,No,0.95
forestland,wood,"Logging residues","Softwood natural logging residues","Class 1",Private,55139,"Winnebago County",Wisconsin,578.57,near-term,40,94.80,dt,1646486400,BTU,0.16,16.62,18.10,ac,No,0.95
forestland,wood,"Logging residues","Softwood natural logging residues","Class 1",Private,55141,"Wood County",Wisconsin,809.25,Emerging,40,645.60,dt,11212780800,BTU,0.80,16.62,109.50,ac,No,0.95
forestland,wood,"Logging residues","Softwood natural logging residues","Class 1",Private,55141,"Wood County",Wisconsin,809.25,"mature-market high",40,645.60,dt,11212780800,BTU,0.80,16.62,109.50,ac,No,0.95
forestland,wood,"Logging residues","Softwood natural logging residues","Class 1",Private,55141,"Wood County",Wisconsin,809.25,"mature-market low",40,645.60,dt,11212780800,BTU,0.80,16.62,109.50,ac,No,0.95
forestland,wood,"Logging residues","Softwood natural logging residues","Class 1",Private,55141,"Wood County",Wisconsin,809.25,"mature-market medium",40,645.60,dt,11212780800,BTU,0.80,16.62,109.50,ac,No,0.95
forestland,wood,"Logging residues","Softwood natural logging residues","Class 1",Private,55141,"Wood County",Wisconsin,809.25,near-term,40,1187.60,dt,20626236800,BTU,1.47,16.62,236.50,ac,No,0.95
forestland,wood,"Logging residues","Softwood natural logging residues","Class 1",Public,55011,"Buffalo County",Wisconsin,709.59,Emerging,40,1.60,dt,27788800,BTU,0.00,16.62,0.40,ac,No,0.95
forestland,wood,"Logging residues","Softwood natural logging residues","Class 1",Public,55011,"Buffalo County",Wisconsin,709.59,"mature-market high",40,1.60,dt,27788800,BTU,0.00,16.62,0.40,ac,No,0.95
forestland,wood,"Logging residues","Softwood natural logging residues","Class 1",Public,55011,"Buffalo County",Wisconsin,709.59,"mature-market low",40,1.60,dt,27788800,BTU,0.00,16.62,0.40,ac,No,0.95
forestland,wood,"Logging residues","Softwood natural logging residues","Class 1",Public,55011,"Buffalo County",Wisconsin,709.59,"mature-market medium",40,1.60,dt,27788800,BTU,0.00,16.62,0.40,ac,No,0.95
forestland,wood,"Logging residues","Softwood natural logging residues","Class 1",Public,55011,"Buffalo County",Wisconsin,709.59,near-term,40,3.00,dt,52104000,BTU,0.00,16.62,0.80,ac,No,0.95
forestland,wood,"Logging residues","Softwood natural logging residues","Class 1",Public,55053,"Jackson County",Wisconsin,1000.48,Emerging,40,21.40,dt,371675200,BTU,0.02,16.62,4.60,ac,No,0.95
forestland,wood,"Logging residues","Softwood natural logging residues","Class 1",Public,55053,"Jackson County",Wisconsin,1000.48,"mature-market high",40,21.40,dt,371675200,BTU,0.02,16.62,4.60,ac,No,0.95
forestland,wood,"Logging residues","Softwood natural logging residues","Class 1",Public,55053,"Jackson County",Wisconsin,1000.48,"mature-market low",40,21.40,dt,371675200,BTU,0.02,16.62,4.60,ac,No,0.95
forestland,wood,"Logging residues","Softwood natural logging residues","Class 1",Public,55053,"Jackson County",Wisconsin,1000.48,"mature-market medium",40,21.40,dt,371675200,BTU,0.02,16.62,4.60,ac,No,0.95
forestland,wood,"Logging residues","Softwood natural logging residues","Class 1",Public,55053,"Jackson County",Wisconsin,1000.48,near-term,40,39.10,dt,679088800,BTU,0.04,16.62,9.90,ac,No,0.95
forestland,wood,"Logging residues","Softwood natural logging residues","Class 1",Public,55063,"La Crosse County",Wisconsin,480.05,Emerging,40,3.30,dt,57314400,BTU,0.01,16.62,0.70,ac,No,0.95
forestland,wood,"Logging residues","Softwood natural logging residues","Class 1",Public,55063,"La Crosse County",Wisconsin,480.05,"mature-market high",40,3.30,dt,57314400,BTU,0.01,16.62,0.70,ac,No,0.95
forestland,wood,"Logging residues","Softwood natural logging residues","Class 1",Public,55063,"La Crosse County",Wisconsin,480.05,"mature-market low",40,3.30,dt,57314400,BTU,0.01,16.62,0.70,ac,No,0.95
forestland,wood,"Logging residues","Softwood natural logging residues","Class 1",Public,55063,"La Crosse County",Wisconsin,480.05,"mature-market medium",40,3.30,dt,57314400,BTU,0.01,16.62,0.70,ac,No,0.95
forestland,wood,"Logging residues","Softwood natural logging residues","Class 1",Public,55063,"La Crosse County",Wisconsin,480.05,near-term,40,6.00,dt,104208000,BTU,0.01,16.62,1.50,ac,No,0.95
forestland,wood,"Logging residues","Softwood natural logging residues","Class 1",Public,55081,"Monroe County",Wisconsin,908.08,Emerging,40,1522.50,dt,26442780000,BTU,1.68,16.62,327.30,ac,No,0.95
forestland,wood,"Logging residues","Softwood natural logging residues","Class 1",Public,55081,"Monroe County",Wisconsin,908.08,"mature-market high",40,1522.50,dt,26442780000,BTU,1.68,16.62,327.30,ac,No,0.95
forestland,wood,"Logging residues","Softwood natural logging residues","Class 1",Public,55081,"Monroe County",Wisconsin,908.08,"mature-market low",40,1522.50,dt,26442780000,BTU,1.68,16.62,327.30,ac,No,0.95
forestland,wood,"Logging residues","Softwood natural logging residues","Class 1",Public,55081,"Monroe County",Wisconsin,908.08,"mature-market medium",40,1522.50,dt,26442780000,BTU,1.68,16.62,327.30,ac,No,0.95
forestland,wood,"Logging residues","Softwood natural logging residues","Class 1",Public,55081,"Monroe County",Wisconsin,908.08,near-term,40,2782.40,dt,48324723200,BTU,3.06,16.62,706.40,ac,No,0.95
forestland,wood,"Logging residues","Softwood natural logging residues","Class 1",Public,55093,"Pierce County",Wisconsin,592.73,Emerging,40,13.20,dt,229257600,BTU,0.02,16.62,2.80,ac,No,0.95
forestland,wood,"Logging residues","Softwood natural logging residues","Class 1",Public,55093,"Pierce County",Wisconsin,592.73,"mature-market high",40,13.20,dt,229257600,BTU,0.02,16.62,2.80,ac,No,0.95
forestland,wood,"Logging residues","Softwood natural logging residues","Class 1",Public,55093,"Pierce County",Wisconsin,592.73,"mature-market low",40,13.20,dt,229257600,BTU,0.02,16.62,2.80,ac,No,0.95
forestland,wood,"Logging residues","Softwood natural logging residues","Class 1",Public,55093,"Pierce County",Wisconsin,592.73,"mature-market medium",40,13.20,dt,229257600,BTU,0.02,16.62,2.80,ac,No,0.95
forestland,wood,"Logging residues","Softwood natural logging residues","Class 1",Public,55093,"Pierce County",Wisconsin,592.73,near-term,40,24.10,dt,418568800,BTU,0.04,16.62,6.10,ac,No,0.95
forestland,wood,"Logging residues","Softwood natural logging residues","Class 1",Public,55109,"St. Croix County",Wisconsin,735.19,Emerging,40,84.00,dt,1458912000,BTU,0.11,16.62,18.10,ac,No,0.95
forestland,wood,"Logging residues","Softwood natural logging residues","Class 1",Public,55109,"St. Croix County",Wisconsin,735.19,"mature-market high",40,84.00,dt,1458912000,BTU,0.11,16.62,18.10,ac,No,0.95
forestland,wood,"Logging residues","Softwood natural logging residues","Class 1",Public,55109,"St. Croix County",Wisconsin,735.19,"mature-market low",40,84.00,dt,1458912000,BTU,0.11,16.62,18.10,ac,No,0.95
forestland,wood,"Logging residues","Softwood natural logging residues","Class 1",Public,55109,"St. Croix County",Wisconsin,735.19,"mature-market medium",40,84.00,dt,1458912000,BTU,0.11,16.62,18.10,ac,No,0.95
forestland,wood,"Logging residues","Softwood natural logging residues","Class 1",Public,55109,"St. Croix County",Wisconsin,735.19,near-term,40,153.60,dt,2667724800,BTU,0.21,16.62,39.00,ac,No,0.95
forestland,wood,"Logging residues","Softwood natural logging residues","Class 1",Public,55121,"Trempealeau County",Wisconsin,741.98,Emerging,40,1.60,dt,27788800,BTU,0.00,16.62,0.40,ac,No,0.95
forestland,wood,"Logging residues","Softwood natural logging residues","Class 1",Public,55121,"Trempealeau County",Wisconsin,741.98,"mature-market high",40,1.60,dt,27788800,BTU,0.00,16.62,0.40,ac,No,0.95
forestland,wood,"Logging residues","Softwood natural logging residues","Class 1",Public,55121,"Trempealeau County",Wisconsin,741.98,"mature-market low",40,1.60,dt,27788800,BTU,0.00,16.62,0.40,ac,No,0.95
forestland,wood,"Logging residues","Softwood natural logging residues","Class 1",Public,55121,"Trempealeau County",Wisconsin,741.98,"mature-market medium",40,1.60,dt,27788800,BTU,0.00,16.62,0.40,ac,No,0.95
forestland,wood,"Logging residues","Softwood natural logging residues","Class 1",Public,55121,"Trempealeau County",Wisconsin,741.98,near-term,40,3.00,dt,52104000,BTU,0.00,16.62,0.80,ac,No,0.95
forestland,wood,"Logging residues","Softwood natural logging residues","Class 2",Private,55001,"Adams County",Wisconsin,687.48,Emerging,40,636.40,dt,11052995200,BTU,0.93,16.66,208.60,ac,No,0.95
forestland,wood,"Logging residues","Softwood natural logging residues","Class 2",Private,55001,"Adams County",Wisconsin,687.48,Emerging,40,822.90,dt,14292127200,BTU,1.20,16.62,216.80,ac,No,0.95
forestland,wood,"Logging residues","Softwood natural logging residues","Class 2",Private,55001,"Adams County",Wisconsin,687.48,"mature-market high",40,636.40,dt,11052995200,BTU,0.93,16.66,208.60,ac,No,0.95
forestland,wood,"Logging residues","Softwood natural logging residues","Class 2",Private,55001,"Adams County",Wisconsin,687.48,"mature-market high",40,822.90,dt,14292127200,BTU,1.20,16.62,216.80,ac,No,0.95
forestland,wood,"Logging residues","Softwood natural logging residues","Class 2",Private,55001,"Adams County",Wisconsin,687.48,"mature-market low",40,636.40,dt,11052995200,BTU,0.93,16.66,208.60,ac,No,0.95
forestland,wood,"Logging residues","Softwood natural logging residues","Class 2",Private,55001,"Adams County",Wisconsin,687.48,"mature-market low",40,822.90,dt,14292127200,BTU,1.20,16.62,216.80,ac,No,0.95
forestland,wood,"Logging residues","Softwood natural logging residues","Class 2",Private,55001,"Adams County",Wisconsin,687.48,"mature-market medium",40,636.40,dt,11052995200,BTU,0.93,16.66,208.60,ac,No,0.95
forestland,wood,"Logging residues","Softwood natural logging residues","Class 2",Private,55001,"Adams County",Wisconsin,687.48,"mature-market medium",40,822.90,dt,14292127200,BTU,1.20,16.62,216.80,ac,No,0.95
forestland,wood,"Logging residues","Softwood natural logging residues","Class 2",Private,55001,"Adams County",Wisconsin,687.48,near-term,40,341.20,dt,5925961600,BTU,0.50,16.66,150.80,ac,No,0.95
forestland,wood,"Logging residues","Softwood natural logging residues","Class 2",Private,55001,"Adams County",Wisconsin,687.48,near-term,40,405.60,dt,7044460800,BTU,0.59,16.62,134.90,ac,No,0.95
forestland,wood,"Logging residues","Softwood natural logging residues","Class 2",Private,55003,"Ashland County",Wisconsin,1054.13,Emerging,40,1072.20,dt,18621969600,BTU,1.02,16.66,426.90,ac,No,0.95
forestland,wood,"Logging residues","Softwood natural logging residues","Class 2",Private,55003,"Ashland County",Wisconsin,1054.13,"mature-market high",40,1072.20,dt,18621969600,BTU,1.02,16.66,426.90,ac,No,0.95
forestland,wood,"Logging residues","Softwood natural logging residues","Class 2",Private,55003,"Ashland County",Wisconsin,1054.13,"mature-market low",40,1072.20,dt,18621969600,BTU,1.02,16.66,426.90,ac,No,0.95
forestland,wood,"Logging residues","Softwood natural logging residues","Class 2",Private,55003,"Ashland County",Wisconsin,1054.13,"mature-market medium",40,1072.20,dt,18621969600,BTU,1.02,16.66,426.90,ac,No,0.95
forestland,wood,"Logging residues","Softwood natural logging residues","Class 2",Private,55005,"Barron County",Wisconsin,889.76,Emerging,40,104.80,dt,1820166400,BTU,0.12,16.66,48.60,ac,No,0.95
forestland,wood,"Logging residues","Softwood natural logging residues","Class 2",Private,55005,"Barron County",Wisconsin,889.76,"mature-market high",40,104.80,dt,1820166400,BTU,0.12,16.66,48.60,ac,No,0.95
forestland,wood,"Logging residues","Softwood natural logging residues","Class 2",Private,55005,"Barron County",Wisconsin,889.76,"mature-market low",40,104.80,dt,1820166400,BTU,0.12,16.66,48.60,ac,No,0.95
forestland,wood,"Logging residues","Softwood natural logging residues","Class 2",Private,55005,"Barron County",Wisconsin,889.76,"mature-market medium",40,104.80,dt,1820166400,BTU,0.12,16.66,48.60,ac,No,0.95
forestland,wood,"Logging residues","Softwood natural logging residues","Class 2",Private,55005,"Barron County",Wisconsin,889.76,near-term,40,62.10,dt,1078552800,BTU,0.07,16.66,38.80,ac,No,0.95
forestland,wood,"Logging residues","Softwood natural logging residues","Class 2",Private,55007,"Bayfield County",Wisconsin,1511.34,Emerging,40,824.90,dt,14326863200,BTU,0.55,16.66,382.60,ac,No,0.95
forestland,wood,"Logging residues","Softwood natural logging residues","Class 2",Private,55007,"Bayfield County",Wisconsin,1511.34,"mature-market high",40,824.90,dt,14326863200,BTU,0.55,16.66,382.60,ac,No,0.95
forestland,wood,"Logging residues","Softwood natural logging residues","Class 2",Private,55007,"Bayfield County",Wisconsin,1511.34,"mature-market low",40,824.90,dt,14326863200,BTU,0.55,16.66,382.60,ac,No,0.95
forestland,wood,"Logging residues","Softwood natural logging residues","Class 2",Private,55007,"Bayfield County",Wisconsin,1511.34,"mature-market medium",40,824.90,dt,14326863200,BTU,0.55,16.66,382.60,ac,No,0.95
forestland,wood,"Logging residues","Softwood natural logging residues","Class 2",Private,55007,"Bayfield County",Wisconsin,1511.34,near-term,40,489.10,dt,8494688800,BTU,0.32,16.66,305.30,ac,No,0.95
forestland,wood,"Logging residues","Softwood natural logging residues","Class 2",Private,55009,"Brown County",Wisconsin,531.24,Emerging,40,51.40,dt,892715200,BTU,0.10,16.66,15.70,ac,No,0.95
forestland,wood,"Logging residues","Softwood natural logging residues","Class 2",Private,55009,"Brown County",Wisconsin,531.24,"mature-market high",40,51.40,dt,892715200,BTU,0.10,16.66,15.70,ac,No,0.95
forestland,wood,"Logging residues","Softwood natural logging residues","Class 2",Private,55009,"Brown County",Wisconsin,531.24,"mature-market low",40,51.40,dt,892715200,BTU,0.10,16.66,15.70,ac,No,0.95
forestland,wood,"Logging residues","Softwood natural logging residues","Class 2",Private,55009,"Brown County",Wisconsin,531.24,"mature-market medium",40,51.40,dt,892715200,BTU,0.10,16.66,15.70,ac,No,0.95
forestland,wood,"Logging residues","Softwood natural logging residues","Class 2",Private,55009,"Brown County",Wisconsin,531.24,near-term,40,126.00,dt,2188368000,BTU,0.24,16.66,46.40,ac,No,0.95
forestland,wood,"Logging residues","Softwood natural logging residues","Class 2",Private,55011,"Buffalo County",Wisconsin,709.59,Emerging,40,37.70,dt,654773600,BTU,0.05,16.66,13.80,ac,No,0.95
forestland,wood,"Logging residues","Softwood natural logging residues","Class 2",Private,55011,"Buffalo County",Wisconsin,709.59,"mature-market high",40,37.70,dt,654773600,BTU,0.05,16.66,13.80,ac,No,0.95
forestland,wood,"Logging residues","Softwood natural logging residues","Class 2",Private,55011,"Buffalo County",Wisconsin,709.59,"mature-market low",40,37.70,dt,654773600,BTU,0.05,16.66,13.80,ac,No,0.95
forestland,wood,"Logging residues","Softwood natural logging residues","Class 2",Private,55011,"Buffalo County",Wisconsin,709.59,"mature-market medium",40,37.70,dt,654773600,BTU,0.05,16.66,13.80,ac,No,0.95
forestland,wood,"Logging residues","Softwood natural logging residues","Class 2",Private,55011,"Buffalo County",Wisconsin,709.59,near-term,40,4.80,dt,83366400,BTU,0.01,16.62,1.80,ac,No,0.95
forestland,wood,"Logging residues","Softwood natural logging residues","Class 2",Private,55011,"Buffalo County",Wisconsin,709.59,near-term,40,33.50,dt,581828000,BTU,0.05,16.66,17.00,ac,No,0.95
forestland,wood,"Logging residues","Softwood natural logging residues","Class 2",Private,55013,"Burnett County",Wisconsin,880.22,Emerging,40,453.00,dt,7867704000,BTU,0.51,16.66,210.10,ac,No,0.95
forestland,wood,"Logging residues","Softwood natural logging residues","Class 2",Private,55013,"Burnett County",Wisconsin,880.22,"mature-market high",40,453.00,dt,7867704000,BTU,0.51,16.66,210.10,ac,No,0.95
forestland,wood,"Logging residues","Softwood natural logging residues","Class 2",Private,55013,"Burnett County",Wisconsin,880.22,"mature-market low",40,453.00,dt,7867704000,BTU,0.51,16.66,210.10,ac,No,0.95
forestland,wood,"Logging residues","Softwood natural logging residues","Class 2",Private,55013,"Burnett County",Wisconsin,880.22,"mature-market medium",40,453.00,dt,7867704000,BTU,0.51,16.66,210.10,ac,No,0.95
forestland,wood,"Logging residues","Softwood natural logging residues","Class 2",Private,55013,"Burnett County",Wisconsin,880.22,near-term,40,268.60,dt,4665044800,BTU,0.31,16.66,167.70,ac,No,0.95
forestland,wood,"Logging residues","Softwood natural logging residues","Class 2",Private,55015,"Calumet County",Wisconsin,397.08,Emerging,40,10.00,dt,173680000,BTU,0.03,16.66,3.00,ac,No,0.95
forestland,wood,"Logging residues","Softwood natural logging residues","Class 2",Private,55015,"Calumet County",Wisconsin,397.08,"mature-market high",40,10.00,dt,173680000,BTU,0.03,16.66,3.00,ac,No,0.95
forestland,wood,"Logging residues","Softwood natural logging residues","Class 2",Private,55015,"Calumet County",Wisconsin,397.08,"mature-market low",40,10.00,dt,173680000,BTU,0.03,16.66,3.00,ac,No,0.95
forestland,wood,"Logging residues","Softwood natural logging residues","Class 2",Private,55015,"Calumet County",Wisconsin,397.08,"mature-market medium",40,10.00,dt,173680000,BTU,0.03,16.66,3.00,ac,No,0.95
forestland,wood,"Logging residues","Softwood natural logging residues","Class 2",Private,55015,"Calumet County",Wisconsin,397.08,near-term,40,24.50,dt,425516000,BTU,0.06,16.66,9.00,ac,No,0.95
forestland,wood,"Logging residues","Softwood natural logging residues","Class 2",Private,55017,"Chippewa County",Wisconsin,1041.27,Emerging,40,101.40,dt,1761115200,BTU,0.10,16.66,47.00,ac,No,0.95
forestland,wood,"Logging residues","Softwood natural logging residues","Class 2",Private,55017,"Chippewa County",Wisconsin,1041.27,"mature-market high",40,101.40,dt,1761115200,BTU,0.10,16.66,47.00,ac,No,0.95
forestland,wood,"Logging residues","Softwood natural logging residues","Class 2",Private,55017,"Chippewa County",Wisconsin,1041.27,"mature-market low",40,101.40,dt,1761115200,BTU,0.10,16.66,47.00,ac,No,0.95
forestland,wood,"Logging residues","Softwood natural logging residues","Class 2",Private,55017,"Chippewa County",Wisconsin,1041.27,"mature-market medium",40,101.40,dt,1761115200,BTU,0.10,16.66,47.00,ac,No,0.95
forestland,wood,"Logging residues","Softwood natural logging residues","Class 2",Private,55017,"Chippewa County",Wisconsin,1041.27,near-term,40,60.10,dt,1043816800,BTU,0.06,16.66,37.50,ac,No,0.95
forestland,wood,"Logging residues","Softwood natural logging residues","Class 2",Private,55019,"Clark County",Wisconsin,1218.67,Emerging,40,1543.60,dt,26809244800,BTU,1.27,16.66,614.60,ac,No,0.95
forestland,wood,"Logging residues","Softwood natural logging residues","Class 2",Private,55019,"Clark County",Wisconsin,1218.67,"mature-market high",40,1543.60,dt,26809244800,BTU,1.27,16.66,614.60,ac,No,0.95
forestland,wood,"Logging residues","Softwood natural logging residues","Class 2",Private,55019,"Clark County",Wisconsin,1218.67,"mature-market low",40,1543.60,dt,26809244800,BTU,1.27,16.66,614.60,ac,No,0.95
forestland,wood,"Logging residues","Softwood natural logging residues","Class 2",Private,55019,"Clark County",Wisconsin,1218.67,"mature-market medium",40,1543.60,dt,26809244800,BTU,1.27,16.66,614.60,ac,No,0.95
forestland,wood,"Logging residues","Softwood natural logging residues","Class 2",Private,55023,"Crawford County",Wisconsin,599.21,Emerging,40,1.70,dt,29525600,BTU,0.00,16.66,2.20,ac,No,0.95
forestland,wood,"Logging residues","Softwood natural logging residues","Class 2",Private,55023,"Crawford County",Wisconsin,599.21,"mature-market high",40,1.70,dt,29525600,BTU,0.00,16.66,2.20,ac,No,0.95
forestland,wood,"Logging residues","Softwood natural logging residues","Class 2",Private,55023,"Crawford County",Wisconsin,599.21,"mature-market low",40,1.70,dt,29525600,BTU,0.00,16.66,2.20,ac,No,0.95
forestland,wood,"Logging residues","Softwood natural logging residues","Class 2",Private,55023,"Crawford County",Wisconsin,599.21,"mature-market medium",40,1.70,dt,29525600,BTU,0.00,16.66,2.20,ac,No,0.95
forestland,wood,"Logging residues","Softwood natural logging residues","Class 2",Private,55023,"Crawford County",Wisconsin,599.21,near-term,40,0.10,dt,1736800,BTU,0.00,16.66,0.20,ac,No,0.95
forestland,wood,"Logging residues","Softwood natural logging residues","Class 2",Private,55029,"Door County",Wisconsin,487.56,Emerging,40,117.70,dt,2044213600,BTU,0.24,16.66,35.90,ac,No,0.95
forestland,wood,"Logging residues","Softwood natural logging residues","Class 2",Private,55029,"Door County",Wisconsin,487.56,"mature-market high",40,117.70,dt,2044213600,BTU,0.24,16.66,35.90,ac,No,0.95
forestland,wood,"Logging residues","Softwood natural logging residues","Class 2",Private,55029,"Door County",Wisconsin,487.56,"mature-market low",40,117.70,dt,2044213600,BTU,0.24,16.66,35.90,ac,No,0.95
forestland,wood,"Logging residues","Softwood natural logging residues","Class 2",Private,55029,"Door County",Wisconsin,487.56,"mature-market medium",40,117.70,dt,2044213600,BTU,0.24,16.66,35.90,ac,No,0.95
forestland,wood,"Logging residues","Softwood natural logging residues","Class 2",Private,55029,"Door County",Wisconsin,487.56,near-term,40,288.80,dt,5015878400,BTU,0.59,16.66,106.20,ac,No,0.95
forestland,wood,"Logging residues","Softwood natural logging residues","Class 2",Private,55031,"Douglas County",Wisconsin,1332.11,Emerging,40,1129.10,dt,19610208800,BTU,0.85,16.66,523.70,ac,No,0.95
forestland,wood,"Logging residues","Softwood natural logging residues","Class 2",Private,55031,"Douglas County",Wisconsin,1332.11,"mature-market high",40,1129.10,dt,19610208800,BTU,0.85,16.66,523.70,ac,No,0.95
forestland,wood,"Logging residues","Softwood natural logging residues","Class 2",Private,55031,"Douglas County",Wisconsin,1332.11,"mature-market low",40,1129.10,dt,19610208800,BTU,0.85,16.66,523.70,ac,No,0.95
forestland,wood,"Logging residues","Softwood natural logging residues","Class 2",Private,55031,"Douglas County",Wisconsin,1332.11,"mature-market medium",40,1129.10,dt,19610208800,BTU,0.85,16.66,523.70,ac,No,0.95
forestland,wood,"Logging residues","Softwood natural logging residues","Class 2",Private,55031,"Douglas County",Wisconsin,1332.11,near-term,40,669.50,dt,11627876000,BTU,0.50,16.66,417.90,ac,No,0.95
forestland,wood,"Logging residues","Softwood natural logging residues","Class 2",Private,55033,"Dunn County",Wisconsin,863.89,Emerging,40,155.90,dt,2707671200,BTU,0.18,16.66,57.10,ac,No,0.95
forestland,wood,"Logging residues","Softwood natural logging residues","Class 2",Private,55033,"Dunn County",Wisconsin,863.89,"mature-market high",40,155.90,dt,2707671200,BTU,0.18,16.66,57.10,ac,No,0.95
forestland,wood,"Logging residues","Softwood natural logging residues","Class 2",Private,55033,"Dunn County",Wisconsin,863.89,"mature-market low",40,155.90,dt,2707671200,BTU,0.18,16.66,57.10,ac,No,0.95
forestland,wood,"Logging residues","Softwood natural logging residues","Class 2",Private,55033,"Dunn County",Wisconsin,863.89,"mature-market medium",40,155.90,dt,2707671200,BTU,0.18,16.66,57.10,ac,No,0.95
forestland,wood,"Logging residues","Softwood natural logging residues","Class 2",Private,55033,"Dunn County",Wisconsin,863.89,near-term,40,19.80,dt,343886400,BTU,0.02,16.62,7.60,ac,No,0.95
forestland,wood,"Logging residues","Softwood natural logging residues","Class 2",Private,55033,"Dunn County",Wisconsin,863.89,near-term,40,138.40,dt,2403731200,BTU,0.16,16.66,70.20,ac,No,0.95
forestland,wood,"Logging residues","Softwood natural logging residues","Class 2",Private,55035,"Eau Claire County",Wisconsin,645.2,Emerging,40,217.60,dt,3779276800,BTU,0.34,16.66,79.70,ac,No,0.95
forestland,wood,"Logging residues","Softwood natural logging residues","Class 2",Private,55035,"Eau Claire County",Wisconsin,645.2,"mature-market high",40,217.60,dt,3779276800,BTU,0.34,16.66,79.70,ac,No,0.95
forestland,wood,"Logging residues","Softwood natural logging residues","Class 2",Private,55035,"Eau Claire County",Wisconsin,645.2,"mature-market low",40,217.60,dt,3779276800,BTU,0.34,16.66,79.70,ac,No,0.95
forestland,wood,"Logging residues","Softwood natural logging residues","Class 2",Private,55035,"Eau Claire County",Wisconsin,645.2,"mature-market medium",40,217.60,dt,3779276800,BTU,0.34,16.66,79.70,ac,No,0.95
forestland,wood,"Logging residues","Softwood natural logging residues","Class 2",Private,55035,"Eau Claire County",Wisconsin,645.2,near-term,40,27.70,dt,481093600,BTU,0.04,16.62,10.60,ac,No,0.95
forestland,wood,"Logging residues","Softwood natural logging residues","Class 2",Private,55035,"Eau Claire County",Wisconsin,645.2,near-term,40,193.10,dt,3353760800,BTU,0.30,16.66,97.90,ac,No,0.95
forestland,wood,"Logging residues","Softwood natural logging residues","Class 2",Private,55037,"Florence County",Wisconsin,497.43,Emerging,40,7.00,dt,121576000,BTU,0.01,16.66,2.00,ac,No,0.95
forestland,wood,"Logging residues","Softwood natural logging residues","Class 2",Private,55037,"Florence County",Wisconsin,497.43,Emerging,40,406.40,dt,7058355200,BTU,0.82,16.62,89.30,ac,No,0.95
forestland,wood,"Logging residues","Softwood natural logging residues","Class 2",Private,55037,"Florence County",Wisconsin,497.43,"mature-market high",40,7.00,dt,121576000,BTU,0.01,16.66,2.00,ac,No,0.95
forestland,wood,"Logging residues","Softwood natural logging residues","Class 2",Private,55037,"Florence County",Wisconsin,497.43,"mature-market high",40,406.40,dt,7058355200,BTU,0.82,16.62,89.30,ac,No,0.95
forestland,wood,"Logging residues","Softwood natural logging residues","Class 2",Private,55037,"Florence County",Wisconsin,497.43,"mature-market low",40,7.00,dt,121576000,BTU,0.01,16.66,2.00,ac,No,0.95
forestland,wood,"Logging residues","Softwood natural logging residues","Class 2",Private,55037,"Florence County",Wisconsin,497.43,"mature-market low",40,406.40,dt,7058355200,BTU,0.82,16.62,89.30,ac,No,0.95
forestland,wood,"Logging residues","Softwood natural logging residues","Class 2",Private,55037,"Florence County",Wisconsin,497.43,"mature-market medium",40,7.00,dt,121576000,BTU,0.01,16.66,2.00,ac,No,0.95
forestland,wood,"Logging residues","Softwood natural logging residues","Class 2",Private,55037,"Florence County",Wisconsin,497.43,"mature-market medium",40,406.40,dt,7058355200,BTU,0.82,16.62,89.30,ac,No,0.95
forestland,wood,"Logging residues","Softwood natural logging residues","Class 2",Private,55037,"Florence County",Wisconsin,497.43,near-term,40,24.30,dt,422042400,BTU,0.05,16.66,8.50,ac,No,0.95
forestland,wood,"Logging residues","Softwood natural logging residues","Class 2",Private,55037,"Florence County",Wisconsin,497.43,near-term,40,394.40,dt,6849939200,BTU,0.79,16.62,101.70,ac,No,0.95
forestland,wood,"Logging residues","Softwood natural logging residues","Class 2",Private,55039,"Fond du Lac County",Wisconsin,765.84,Emerging,40,142.70,dt,2478413600,BTU,0.19,16.66,43.50,ac,No,0.95
forestland,wood,"Logging residues","Softwood natural logging residues","Class 2",Private,55039,"Fond du Lac County",Wisconsin,765.84,"mature-market high",40,142.70,dt,2478413600,BTU,0.19,16.66,43.50,ac,No,0.95
forestland,wood,"Logging residues","Softwood natural logging residues","Class 2",Private,55039,"Fond du Lac County",Wisconsin,765.84,"mature-market low",40,142.70,dt,2478413600,BTU,0.19,16.66,43.50,ac,No,0.95
forestland,wood,"Logging residues","Softwood natural logging residues","Class 2",Private,55039,"Fond du Lac County",Wisconsin,765.84,"mature-market medium",40,142.70,dt,2478413600,BTU,0.19,16.66,43.50,ac,No,0.95
forestland,wood,"Logging residues","Softwood natural logging residues","Class 2",Private,55039,"Fond du Lac County",Wisconsin,765.84,near-term,40,350.00,dt,6078800000,BTU,0.46,16.66,128.80,ac,No,0.95
forestland,wood,"Logging residues","Softwood natural logging residues","Class 2",Private,55041,"Forest County",Wisconsin,1046.52,Emerging,40,9.80,dt,170206400,BTU,0.01,16.66,2.80,ac,No,0.95
forestland,wood,"Logging residues","Softwood natural logging residues","Class 2",Private,55041,"Forest County",Wisconsin,1046.52,Emerging,40,568.90,dt,9880655200,BTU,0.54,16.62,125.10,ac,No,0.95
forestland,wood,"Logging residues","Softwood natural logging residues","Class 2",Private,55041,"Forest County",Wisconsin,1046.52,"mature-market high",40,9.80,dt,170206400,BTU,0.01,16.66,2.80,ac,No,0.95
forestland,wood,"Logging residues","Softwood natural logging residues","Class 2",Private,55041,"Forest County",Wisconsin,1046.52,"mature-market high",40,568.90,dt,9880655200,BTU,0.54,16.62,125.10,ac,No,0.95
forestland,wood,"Logging residues","Softwood natural logging residues","Class 2",Private,55041,"Forest County",Wisconsin,1046.52,"mature-market low",40,9.80,dt,170206400,BTU,0.01,16.66,2.80,ac,No,0.95
forestland,wood,"Logging residues","Softwood natural logging residues","Class 2",Private,55041,"Forest County",Wisconsin,1046.52,"mature-market low",40,568.90,dt,9880655200,BTU,0.54,16.62,125.10,ac,No,0.95
forestland,wood,"Logging residues","Softwood natural logging residues","Class 2",Private,55041,"Forest County",Wisconsin,1046.52,"mature-market medium",40,9.80,dt,170206400,BTU,0.01,16.66,2.80,ac,No,0.95
forestland,wood,"Logging residues","Softwood natural logging residues","Class 2",Private,55041,"Forest County",Wisconsin,1046.52,"mature-market medium",40,568.90,dt,9880655200,BTU,0.54,16.62,125.10,ac,No,0.95
forestland,wood,"Logging residues","Softwood natural logging residues","Class 2",Private,55041,"Forest County",Wisconsin,1046.52,near-term,40,34.10,dt,592248800,BTU,0.03,16.66,12.00,ac,No,0.95
forestland,wood,"Logging residues","Softwood natural logging residues","Class 2",Private,55041,"Forest County",Wisconsin,1046.52,near-term,40,552.20,dt,9590609600,BTU,0.53,16.62,142.40,ac,No,0.95
forestland,wood,"Logging residues","Softwood natural logging residues","Class 2",Private,55043,"Grant County",Wisconsin,1183.37,Emerging,40,4.60,dt,79892800,BTU,0.00,16.66,6.00,ac,No,0.95
forestland,wood,"Logging residues","Softwood natural logging residues","Class 2",Private,55043,"Grant County",Wisconsin,1183.37,"mature-market high",40,4.60,dt,79892800,BTU,0.00,16.66,6.00,ac,No,0.95
forestland,wood,"Logging residues","Softwood natural logging residues","Class 2",Private,55043,"Grant County",Wisconsin,1183.37,"mature-market low",40,4.60,dt,79892800,BTU,0.00,16.66,6.00,ac,No,0.95
forestland,wood,"Logging residues","Softwood natural logging residues","Class 2",Private,55043,"Grant County",Wisconsin,1183.37,"mature-market medium",40,4.60,dt,79892800,BTU,0.00,16.66,6.00,ac,No,0.95
forestland,wood,"Logging residues","Softwood natural logging residues","Class 2",Private,55043,"Grant County",Wisconsin,1183.37,near-term,40,0.30,dt,5210400,BTU,0.00,16.66,0.60,ac,No,0.95
forestland,wood,"Logging residues","Softwood natural logging residues","Class 2",Private,55047,"Green Lake County",Wisconsin,380.13,Emerging,40,21.40,dt,371675200,BTU,0.06,16.66,7.00,ac,No,0.95
forestland,wood,"Logging residues","Softwood natural logging residues","Class 2",Private,55047,"Green Lake County",Wisconsin,380.13,Emerging,40,27.70,dt,481093600,BTU,0.07,16.62,7.30,ac,No,0.95
forestland,wood,"Logging residues","Softwood natural logging residues","Class 2",Private,55047,"Green Lake County",Wisconsin,380.13,"mature-market high",40,21.40,dt,371675200,BTU,0.06,16.66,7.00,ac,No,0.95
forestland,wood,"Logging residues","Softwood natural logging residues","Class 2",Private,55047,"Green Lake County",Wisconsin,380.13,"mature-market high",40,27.70,dt,481093600,BTU,0.07,16.62,7.30,ac,No,0.95
forestland,wood,"Logging residues","Softwood natural logging residues","Class 2",Private,55047,"Green Lake County",Wisconsin,380.13,"mature-market low",40,21.40,dt,371675200,BTU,0.06,16.66,7.00,ac,No,0.95
forestland,wood,"Logging residues","Softwood natural logging residues","Class 2",Private,55047,"Green Lake County",Wisconsin,380.13,"mature-market low",40,27.70,dt,481093600,BTU,0.07,16.62,7.30,ac,No,0.95
forestland,wood,"Logging residues","Softwood natural logging residues","Class 2",Private,55047,"Green Lake County",Wisconsin,380.13,"mature-market medium",40,21.40,dt,371675200,BTU,0.06,16.66,7.00,ac,No,0.95
forestland,wood,"Logging residues","Softwood natural logging residues","Class 2",Private,55047,"Green Lake County",Wisconsin,380.13,"mature-market medium",40,27.70,dt,481093600,BTU,0.07,16.62,7.30,ac,No,0.95
forestland,wood,"Logging residues","Softwood natural logging residues","Class 2",Private,55047,"Green Lake County",Wisconsin,380.13,near-term,40,11.50,dt,199732000,BTU,0.03,16.66,5.10,ac,No,0.95
forestland,wood,"Logging residues","Softwood natural logging residues","Class 2",Private,55047,"Green Lake County",Wisconsin,380.13,near-term,40,13.70,dt,237941600,BTU,0.04,16.62,4.50,ac,No,0.95
forestland,wood,"Logging residues","Softwood natural logging residues","Class 2",Private,55049,"Iowa County",Wisconsin,768.05,Emerging,40,5.20,dt,90313600,BTU,0.01,16.66,6.80,ac,No,0.95
forestland,wood,"Logging residues","Softwood natural logging residues","Class 2",Private,55049,"Iowa County",Wisconsin,768.05,"mature-market high",40,5.20,dt,90313600,BTU,0.01,16.66,6.80,ac,No,0.95
forestland,wood,"Logging residues","Softwood natural logging residues","Class 2",Private,55049,"Iowa County",Wisconsin,768.05,"mature-market low",40,5.20,dt,90313600,BTU,0.01,16.66,6.80,ac,No,0.95
forestland,wood,"Logging residues","Softwood natural logging residues","Class 2",Private,55049,"Iowa County",Wisconsin,768.05,"mature-market medium",40,5.20,dt,90313600,BTU,0.01,16.66,6.80,ac,No,0.95
forestland,wood,"Logging residues","Softwood natural logging residues","Class 2",Private,55049,"Iowa County",Wisconsin,768.05,near-term,40,0.40,dt,6947200,BTU,0.00,16.66,0.70,ac,No,0.95
forestland,wood,"Logging residues","Softwood natural logging residues","Class 2",Private,55051,"Iron County",Wisconsin,802.62,Emerging,40,462.20,dt,8027489600,BTU,0.58,16.66,184.00,ac,No,0.95
forestland,wood,"Logging residues","Softwood natural logging residues","Class 2",Private,55051,"Iron County",Wisconsin,802.62,"mature-market high",40,462.20,dt,8027489600,BTU,0.58,16.66,184.00,ac,No,0.95
forestland,wood,"Logging residues","Softwood natural logging residues","Class 2",Private,55051,"Iron County",Wisconsin,802.62,"mature-market low",40,462.20,dt,8027489600,BTU,0.58,16.66,184.00,ac,No,0.95
forestland,wood,"Logging residues","Softwood natural logging residues","Class 2",Private,55051,"Iron County",Wisconsin,802.62,"mature-market medium",40,462.20,dt,8027489600,BTU,0.58,16.66,184.00,ac,No,0.95
forestland,wood,"Logging residues","Softwood natural logging residues","Class 2",Private,55053,"Jackson County",Wisconsin,1000.48,Emerging,40,757.20,dt,13151049600,BTU,0.76,16.66,277.30,ac,No,0.95
forestland,wood,"Logging residues","Softwood natural logging residues","Class 2",Private,55053,"Jackson County",Wisconsin,1000.48,"mature-market high",40,757.20,dt,13151049600,BTU,0.76,16.66,277.30,ac,No,0.95
forestland,wood,"Logging residues","Softwood natural logging residues","Class 2",Private,55053,"Jackson County",Wisconsin,1000.48,"mature-market low",40,757.20,dt,13151049600,BTU,0.76,16.66,277.30,ac,No,0.95
forestland,wood,"Logging residues","Softwood natural logging residues","Class 2",Private,55053,"Jackson County",Wisconsin,1000.48,"mature-market medium",40,757.20,dt,13151049600,BTU,0.76,16.66,277.30,ac,No,0.95
forestland,wood,"Logging residues","Softwood natural logging residues","Class 2",Private,55053,"Jackson County",Wisconsin,1000.48,near-term,40,96.40,dt,1674275200,BTU,0.10,16.62,37.00,ac,No,0.95
forestland,wood,"Logging residues","Softwood natural logging residues","Class 2",Private,55053,"Jackson County",Wisconsin,1000.48,near-term,40,672.10,dt,11673032800,BTU,0.67,16.66,340.80,ac,No,0.95
forestland,wood,"Logging residues","Softwood natural logging residues","Class 2",Private,55057,"Juneau County",Wisconsin,805.17,Emerging,40,244.30,dt,4243002400,BTU,0.30,16.66,80.10,ac,No,0.95
forestland,wood,"Logging residues","Softwood natural logging residues","Class 2",Private,55057,"Juneau County",Wisconsin,805.17,Emerging,40,315.90,dt,5486551200,BTU,0.39,16.62,83.20,ac,No,0.95
forestland,wood,"Logging residues","Softwood natural logging residues","Class 2",Private,55057,"Juneau County",Wisconsin,805.17,"mature-market high",40,244.30,dt,4243002400,BTU,0.30,16.66,80.10,ac,No,0.95
forestland,wood,"Logging residues","Softwood natural logging residues","Class 2",Private,55057,"Juneau County",Wisconsin,805.17,"mature-market high",40,315.90,dt,5486551200,BTU,0.39,16.62,83.20,ac,No,0.95
forestland,wood,"Logging residues","Softwood natural logging residues","Class 2",Private,55057,"Juneau County",Wisconsin,805.17,"mature-market low",40,244.30,dt,4243002400,BTU,0.30,16.66,80.10,ac,No,0.95
forestland,wood,"Logging residues","Softwood natural logging residues","Class 2",Private,55057,"Juneau County",Wisconsin,805.17,"mature-market low",40,315.90,dt,5486551200,BTU,0.39,16.62,83.20,ac,No,0.95
forestland,wood,"Logging residues","Softwood natural logging residues","Class 2",Private,55057,"Juneau County",Wisconsin,805.17,"mature-market medium",40,244.30,dt,4243002400,BTU,0.30,16.66,80.10,ac,No,0.95
forestland,wood,"Logging residues","Softwood natural logging residues","Class 2",Private,55057,"Juneau County",Wisconsin,805.17,"mature-market medium",40,315.90,dt,5486551200,BTU,0.39,16.62,83.20,ac,No,0.95
forestland,wood,"Logging residues","Softwood natural logging residues","Class 2",Private,55057,"Juneau County",Wisconsin,805.17,near-term,40,131.00,dt,2275208000,BTU,0.16,16.66,57.90,ac,No,0.95
forestland,wood,"Logging residues","Softwood natural logging residues","Class 2",Private,55057,"Juneau County",Wisconsin,805.17,near-term,40,155.70,dt,2704197600,BTU,0.19,16.62,51.80,ac,No,0.95
forestland,wood,"Logging residues","Softwood natural logging residues","Class 2",Private,55059,"Kenosha County",Wisconsin,278.42,Emerging,40,2.40,dt,41683200,BTU,0.01,16.62,0.40,ac,No,0.95
forestland,wood,"Logging residues","Softwood natural logging residues","Class 2",Private,55059,"Kenosha County",Wisconsin,278.42,"mature-market high",40,2.40,dt,41683200,BTU,0.01,16.62,0.40,ac,No,0.95
forestland,wood,"Logging residues","Softwood natural logging residues","Class 2",Private,55059,"Kenosha County",Wisconsin,278.42,"mature-market low",40,2.40,dt,41683200,BTU,0.01,16.62,0.40,ac,No,0.95
forestland,wood,"Logging residues","Softwood natural logging residues","Class 2",Private,55059,"Kenosha County",Wisconsin,278.42,"mature-market medium",40,2.40,dt,41683200,BTU,0.01,16.62,0.40,ac,No,0.95
forestland,wood,"Logging residues","Softwood natural logging residues","Class 2",Private,55059,"Kenosha County",Wisconsin,278.42,near-term,40,4.40,dt,76419200,BTU,0.02,16.62,1.10,ac,No,0.95
forestland,wood,"Logging residues","Softwood natural logging residues","Class 2",Private,55061,"Kewaunee County",Wisconsin,343.95,Emerging,40,30.00,dt,521040000,BTU,0.09,16.66,9.10,ac,No,0.95
forestland,wood,"Logging residues","Softwood natural logging residues","Class 2",Private,55061,"Kewaunee County",Wisconsin,343.95,"mature-market high",40,30.00,dt,521040000,BTU,0.09,16.66,9.10,ac,No,0.95
forestland,wood,"Logging residues","Softwood natural logging residues","Class 2",Private,55061,"Kewaunee County",Wisconsin,343.95,"mature-market low",40,30.00,dt,521040000,BTU,0.09,16.66,9.10,ac,No,0.95
forestland,wood,"Logging residues","Softwood natural logging residues","Class 2",Private,55061,"Kewaunee County",Wisconsin,343.95,"mature-market medium",40,30.00,dt,521040000,BTU,0.09,16.66,9.10,ac,No,0.95
forestland,wood,"Logging residues","Softwood natural logging residues","Class 2",Private,55061,"Kewaunee County",Wisconsin,343.95,near-term,40,73.50,dt,1276548000,BTU,0.21,16.66,27.00,ac,No,0.95
forestland,wood,"Logging residues","Softwood natural logging residues","Class 2",Private,55063,"La Crosse County",Wisconsin,480.05,Emerging,40,60.00,dt,1042080000,BTU,0.12,16.66,22.00,ac,No,0.95
forestland,wood,"Logging residues","Softwood natural logging residues","Class 2",Private,55063,"La Crosse County",Wisconsin,480.05,"mature-market high",40,60.00,dt,1042080000,BTU,0.12,16.66,22.00,ac,No,0.95
forestland,wood,"Logging residues","Softwood natural logging residues","Class 2",Private,55063,"La Crosse County",Wisconsin,480.05,"mature-market low",40,60.00,dt,1042080000,BTU,0.12,16.66,22.00,ac,No,0.95
forestland,wood,"Logging residues","Softwood natural logging residues","Class 2",Private,55063,"La Crosse County",Wisconsin,480.05,"mature-market medium",40,60.00,dt,1042080000,BTU,0.12,16.66,22.00,ac,No,0.95
forestland,wood,"Logging residues","Softwood natural logging residues","Class 2",Private,55063,"La Crosse County",Wisconsin,480.05,near-term,40,7.60,dt,131996800,BTU,0.02,16.62,2.90,ac,No,0.95
forestland,wood,"Logging residues","Softwood natural logging residues","Class 2",Private,55063,"La Crosse County",Wisconsin,480.05,near-term,40,53.20,dt,923977600,BTU,0.11,16.66,27.00,ac,No,0.95
forestland,wood,"Logging residues","Softwood natural logging residues","Class 2",Private,55065,"Lafayette County",Wisconsin,634.57,Emerging,40,0.50,dt,8684000,BTU,0.00,16.66,0.70,ac,No,0.95
forestland,wood,"Logging residues","Softwood natural logging residues","Class 2",Private,55065,"Lafayette County",Wisconsin,634.57,"mature-market high",40,0.50,dt,8684000,BTU,0.00,16.66,0.70,ac,No,0.95
forestland,wood,"Logging residues","Softwood natural logging residues","Class 2",Private,55065,"Lafayette County",Wisconsin,634.57,"mature-market low",40,0.50,dt,8684000,BTU,0.00,16.66,0.70,ac,No,0.95
forestland,wood,"Logging residues","Softwood natural logging residues","Class 2",Private,55065,"Lafayette County",Wisconsin,634.57,"mature-market medium",40,0.50,dt,8684000,BTU,0.00,16.66,0.70,ac,No,0.95
forestland,wood,"Logging residues","Softwood natural logging residues","Class 2",Private,55067,"Langlade County",Wisconsin,887.79,Emerging,40,9.20,dt,159785600,BTU,0.01,16.66,2.60,ac,No,0.95
forestland,wood,"Logging residues","Softwood natural logging residues","Class 2",Private,55067,"Langlade County",Wisconsin,887.79,Emerging,40,537.60,dt,9337036800,BTU,0.61,16.62,118.20,ac,No,0.95
forestland,wood,"Logging residues","Softwood natural logging residues","Class 2",Private,55067,"Langlade County",Wisconsin,887.79,"mature-market high",40,9.20,dt,159785600,BTU,0.01,16.66,2.60,ac,No,0.95
forestland,wood,"Logging residues","Softwood natural logging residues","Class 2",Private,55067,"Langlade County",Wisconsin,887.79,"mature-market high",40,537.60,dt,9337036800,BTU,0.61,16.62,118.20,ac,No,0.95
forestland,wood,"Logging residues","Softwood natural logging residues","Class 2",Private,55067,"Langlade County",Wisconsin,887.79,"mature-market low",40,9.20,dt,159785600,BTU,0.01,16.66,2.60,ac,No,0.95
forestland,wood,"Logging residues","Softwood natural logging residues","Class 2",Private,55067,"Langlade County",Wisconsin,887.79,"mature-market low",40,537.60,dt,9337036800,BTU,0.61,16.62,118.20,ac,No,0.95
forestland,wood,"Logging residues","Softwood natural logging residues","Class 2",Private,55067,"Langlade County",Wisconsin,887.79,"mature-market medium",40,9.20,dt,159785600,BTU,0.01,16.66,2.60,ac,No,0.95
forestland,wood,"Logging residues","Softwood natural logging residues","Class 2",Private,55067,"Langlade County",Wisconsin,887.79,"mature-market medium",40,537.60,dt,9337036800,BTU,0.61,16.62,118.20,ac,No,0.95
forestland,wood,"Logging residues","Softwood natural logging residues","Class 2",Private,55067,"Langlade County",Wisconsin,887.79,near-term,40,32.20,dt,559249600,BTU,0.04,16.66,11.30,ac,No,0.95
forestland,wood,"Logging residues","Softwood natural logging residues","Class 2",Private,55067,"Langlade County",Wisconsin,887.79,near-term,40,521.90,dt,9064359200,BTU,0.59,16.62,134.60,ac,No,0.95
forestland,wood,"Logging residues","Softwood natural logging residues","Class 2",Private,55069,"Lincoln County",Wisconsin,906.79,Emerging,40,1081.50,dt,18783492000,BTU,1.19,16.66,430.60,ac,No,0.95
forestland,wood,"Logging residues","Softwood natural logging residues","Class 2",Private,55069,"Lincoln County",Wisconsin,906.79,"mature-market high",40,1081.50,dt,18783492000,BTU,1.19,16.66,430.60,ac,No,0.95
forestland,wood,"Logging residues","Softwood natural logging residues","Class 2",Private,55069,"Lincoln County",Wisconsin,906.79,"mature-market low",40,1081.50,dt,18783492000,BTU,1.19,16.66,430.60,ac,No,0.95
forestland,wood,"Logging residues","Softwood natural logging residues","Class 2",Private,55069,"Lincoln County",Wisconsin,906.79,"mature-market medium",40,1081.50,dt,18783492000,BTU,1.19,16.66,430.60,ac,No,0.95
forestland,wood,"Logging residues","Softwood natural logging residues","Class 2",Private,55071,"Manitowoc County",Wisconsin,594.62,Emerging,40,57.80,dt,1003870400,BTU,0.10,16.66,17.60,ac,No,0.95
forestland,wood,"Logging residues","Softwood natural logging residues","Class 2",Private,55071,"Manitowoc County",Wisconsin,594.62,"mature-market high",40,57.80,dt,1003870400,BTU,0.10,16.66,17.60,ac,No,0.95
forestland,wood,"Logging residues","Softwood natural logging residues","Class 2",Private,55071,"Manitowoc County",Wisconsin,594.62,"mature-market low",40,57.80,dt,1003870400,BTU,0.10,16.66,17.60,ac,No,0.95
forestland,wood,"Logging residues","Softwood natural logging residues","Class 2",Private,55071,"Manitowoc County",Wisconsin,594.62,"mature-market medium",40,57.80,dt,1003870400,BTU,0.10,16.66,17.60,ac,No,0.95
forestland,wood,"Logging residues","Softwood natural logging residues","Class 2",Private,55071,"Manitowoc County",Wisconsin,594.62,near-term,40,141.80,dt,2462782400,BTU,0.24,16.66,52.20,ac,No,0.95
forestland,wood,"Logging residues","Softwood natural logging residues","Class 2",Private,55073,"Marathon County",Wisconsin,1576.33,Emerging,40,1109.20,dt,19264585600,BTU,0.70,16.66,441.60,ac,No,0.95
forestland,wood,"Logging residues","Softwood natural logging residues","Class 2",Private,55073,"Marathon County",Wisconsin,1576.33,"mature-market high",40,1109.20,dt,19264585600,BTU,0.70,16.66,441.60,ac,No,0.95
forestland,wood,"Logging residues","Softwood natural logging residues","Class 2",Private,55073,"Marathon County",Wisconsin,1576.33,"mature-market low",40,1109.20,dt,19264585600,BTU,0.70,16.66,441.60,ac,No,0.95
forestland,wood,"Logging residues","Softwood natural logging residues","Class 2",Private,55073,"Marathon County",Wisconsin,1576.33,"mature-market medium",40,1109.20,dt,19264585600,BTU,0.70,16.66,441.60,ac,No,0.95
forestland,wood,"Logging residues","Softwood natural logging residues","Class 2",Private,55075,"Marinette County",Wisconsin,1429.25,Emerging,40,35.00,dt,607880000,BTU,0.02,16.66,9.90,ac,No,0.95
forestland,wood,"Logging residues","Softwood natural logging residues","Class 2",Private,55075,"Marinette County",Wisconsin,1429.25,Emerging,40,2038.10,dt,35397720800,BTU,1.43,16.62,448.10,ac,No,0.95
forestland,wood,"Logging residues","Softwood natural logging residues","Class 2",Private,55075,"Marinette County",Wisconsin,1429.25,"mature-market high",40,35.00,dt,607880000,BTU,0.02,16.66,9.90,ac,No,0.95
forestland,wood,"Logging residues","Softwood natural logging residues","Class 2",Private,55075,"Marinette County",Wisconsin,1429.25,"mature-market high",40,2038.10,dt,35397720800,BTU,1.43,16.62,448.10,ac,No,0.95
forestland,wood,"Logging residues","Softwood natural logging residues","Class 2",Private,55075,"Marinette County",Wisconsin,1429.25,"mature-market low",40,35.00,dt,607880000,BTU,0.02,16.66,9.90,ac,No,0.95
forestland,wood,"Logging residues","Softwood natural logging residues","Class 2",Private,55075,"Marinette County",Wisconsin,1429.25,"mature-market low",40,2038.10,dt,35397720800,BTU,1.43,16.62,448.10,ac,No,0.95
forestland,wood,"Logging residues","Softwood natural logging residues","Class 2",Private,55075,"Marinette County",Wisconsin,1429.25,"mature-market medium",40,35.00,dt,607880000,BTU,0.02,16.66,9.90,ac,No,0.95
forestland,wood,"Logging residues","Softwood natural logging residues","Class 2",Private,55075,"Marinette County",Wisconsin,1429.25,"mature-market medium",40,2038.10,dt,35397720800,BTU,1.43,16.62,448.10,ac,No,0.95
forestland,wood,"Logging residues","Softwood natural logging residues","Class 2",Private,55075,"Marinette County",Wisconsin,1429.25,near-term,40,122.10,dt,2120632800,BTU,0.09,16.66,42.80,ac,No,0.95
forestland,wood,"Logging residues","Softwood natural logging residues","Class 2",Private,55075,"Marinette County",Wisconsin,1429.25,near-term,40,1978.20,dt,34357377600,BTU,1.38,16.62,510.10,ac,No,0.95
forestland,wood,"Logging residues","Softwood natural logging residues","Class 2",Private,55077,"Marquette County",Wisconsin,464.47,Emerging,40,171.40,dt,2976875200,BTU,0.37,16.66,56.20,ac,No,0.95
forestland,wood,"Logging residues","Softwood natural logging residues","Class 2",Private,55077,"Marquette County",Wisconsin,464.47,Emerging,40,221.70,dt,3850485600,BTU,0.48,16.62,58.40,ac,No,0.95
forestland,wood,"Logging residues","Softwood natural logging residues","Class 2",Private,55077,"Marquette County",Wisconsin,464.47,"mature-market high",40,171.40,dt,2976875200,BTU,0.37,16.66,56.20,ac,No,0.95
forestland,wood,"Logging residues","Softwood natural logging residues","Class 2",Private,55077,"Marquette County",Wisconsin,464.47,"mature-market high",40,221.70,dt,3850485600,BTU,0.48,16.62,58.40,ac,No,0.95
forestland,wood,"Logging residues","Softwood natural logging residues","Class 2",Private,55077,"Marquette County",Wisconsin,464.47,"mature-market low",40,171.40,dt,2976875200,BTU,0.37,16.66,56.20,ac,No,0.95
forestland,wood,"Logging residues","Softwood natural logging residues","Class 2",Private,55077,"Marquette County",Wisconsin,464.47,"mature-market low",40,221.70,dt,3850485600,BTU,0.48,16.62,58.40,ac,No,0.95
forestland,wood,"Logging residues","Softwood natural logging residues","Class 2",Private,55077,"Marquette County",Wisconsin,464.47,"mature-market medium",40,171.40,dt,2976875200,BTU,0.37,16.66,56.20,ac,No,0.95
forestland,wood,"Logging residues","Softwood natural logging residues","Class 2",Private,55077,"Marquette County",Wisconsin,464.47,"mature-market medium",40,221.70,dt,3850485600,BTU,0.48,16.62,58.40,ac,No,0.95
forestland,wood,"Logging residues","Softwood natural logging residues","Class 2",Private,55077,"Marquette County",Wisconsin,464.47,near-term,40,91.90,dt,1596119200,BTU,0.20,16.66,40.60,ac,No,0.95
forestland,wood,"Logging residues","Softwood natural logging residues","Class 2",Private,55077,"Marquette County",Wisconsin,464.47,near-term,40,109.30,dt,1898322400,BTU,0.24,16.62,36.30,ac,No,0.95
forestland,wood,"Logging residues","Softwood natural logging residues","Class 2",Private,55078,"Menominee County",Wisconsin,364.96,Emerging,40,15.30,dt,265730400,BTU,0.04,16.66,4.30,ac,No,0.95
forestland,wood,"Logging residues","Softwood natural logging residues","Class 2",Private,55078,"Menominee County",Wisconsin,364.96,Emerging,40,887.70,dt,15417573600,BTU,2.43,16.62,195.20,ac,No,0.95
forestland,wood,"Logging residues","Softwood natural logging residues","Class 2",Private,55078,"Menominee County",Wisconsin,364.96,"mature-market high",40,15.30,dt,265730400,BTU,0.04,16.66,4.30,ac,No,0.95
forestland,wood,"Logging residues","Softwood natural logging residues","Class 2",Private,55078,"Menominee County",Wisconsin,364.96,"mature-market high",40,887.70,dt,15417573600,BTU,2.43,16.62,195.20,ac,No,0.95
forestland,wood,"Logging residues","Softwood natural logging residues","Class 2",Private,55078,"Menominee County",Wisconsin,364.96,"mature-market low",40,15.30,dt,265730400,BTU,0.04,16.66,4.30,ac,No,0.95
forestland,wood,"Logging residues","Softwood natural logging residues","Class 2",Private,55078,"Menominee County",Wisconsin,364.96,"mature-market low",40,887.70,dt,15417573600,BTU,2.43,16.62,195.20,ac,No,0.95
forestland,wood,"Logging residues","Softwood natural logging residues","Class 2",Private,55078,"Menominee County",Wisconsin,364.96,"mature-market medium",40,15.30,dt,265730400,BTU,0.04,16.66,4.30,ac,No,0.95
forestland,wood,"Logging residues","Softwood natural logging residues","Class 2",Private,55078,"Menominee County",Wisconsin,364.96,"mature-market medium",40,887.70,dt,15417573600,BTU,2.43,16.62,195.20,ac,No,0.95
forestland,wood,"Logging residues","Softwood natural logging residues","Class 2",Private,55078,"Menominee County",Wisconsin,364.96,near-term,40,53.20,dt,923977600,BTU,0.15,16.66,18.70,ac,No,0.95
forestland,wood,"Logging residues","Softwood natural logging residues","Class 2",Private,55078,"Menominee County",Wisconsin,364.96,near-term,40,861.70,dt,14966005600,BTU,2.36,16.62,222.20,ac,No,0.95
forestland,wood,"Logging residues","Softwood natural logging residues","Class 2",Private,55079,"Milwaukee County",Wisconsin,242.17,Emerging,40,0.60,dt,10420800,BTU,0.00,16.62,0.10,ac,No,0.95
forestland,wood,"Logging residues","Softwood natural logging residues","Class 2",Private,55079,"Milwaukee County",Wisconsin,242.17,"mature-market high",40,0.60,dt,10420800,BTU,0.00,16.62,0.10,ac,No,0.95
forestland,wood,"Logging residues","Softwood natural logging residues","Class 2",Private,55079,"Milwaukee County",Wisconsin,242.17,"mature-market low",40,0.60,dt,10420800,BTU,0.00,16.62,0.10,ac,No,0.95
forestland,wood,"Logging residues","Softwood natural logging residues","Class 2",Private,55079,"Milwaukee County",Wisconsin,242.17,"mature-market medium",40,0.60,dt,10420800,BTU,0.00,16.62,0.10,ac,No,0.95
forestland,wood,"Logging residues","Softwood natural logging residues","Class 2",Private,55079,"Milwaukee County",Wisconsin,242.17,near-term,40,1.10,dt,19104800,BTU,0.00,16.62,0.30,ac,No,0.95
forestland,wood,"Logging residues","Softwood natural logging residues","Class 2",Private,55081,"Monroe County",Wisconsin,908.08,Emerging,40,185.00,dt,3213080000,BTU,0.20,16.66,67.70,ac,No,0.95
forestland,wood,"Logging residues","Softwood natural logging residues","Class 2",Private,55081,"Monroe County",Wisconsin,908.08,"mature-market high",40,185.00,dt,3213080000,BTU,0.20,16.66,67.70,ac,No,0.95
forestland,wood,"Logging residues","Softwood natural logging residues","Class 2",Private,55081,"Monroe County",Wisconsin,908.08,"mature-market low",40,185.00,dt,3213080000,BTU,0.20,16.66,67.70,ac,No,0.95
forestland,wood,"Logging residues","Softwood natural logging residues","Class 2",Private,55081,"Monroe County",Wisconsin,908.08,"mature-market medium",40,185.00,dt,3213080000,BTU,0.20,16.66,67.70,ac,No,0.95
forestland,wood,"Logging residues","Softwood natural logging residues","Class 2",Private,55081,"Monroe County",Wisconsin,908.08,near-term,40,23.50,dt,408148000,BTU,0.03,16.62,9.10,ac,No,0.95
forestland,wood,"Logging residues","Softwood natural logging residues","Class 2",Private,55081,"Monroe County",Wisconsin,908.08,near-term,40,164.20,dt,2851825600,BTU,0.18,16.66,83.30,ac,No,0.95
forestland,wood,"Logging residues","Softwood natural logging residues","Class 2",Private,55083,"Oconto County",Wisconsin,1016.31,Emerging,40,16.60,dt,288308800,BTU,0.02,16.66,4.70,ac,No,0.95
forestland,wood,"Logging residues","Softwood natural logging residues","Class 2",Private,55083,"Oconto County",Wisconsin,1016.31,Emerging,40,969.00,dt,16829592000,BTU,0.95,16.62,213.10,ac,No,0.95
forestland,wood,"Logging residues","Softwood natural logging residues","Class 2",Private,55083,"Oconto County",Wisconsin,1016.31,"mature-market high",40,16.60,dt,288308800,BTU,0.02,16.66,4.70,ac,No,0.95
forestland,wood,"Logging residues","Softwood natural logging residues","Class 2",Private,55083,"Oconto County",Wisconsin,1016.31,"mature-market high",40,969.00,dt,16829592000,BTU,0.95,16.62,213.10,ac,No,0.95
forestland,wood,"Logging residues","Softwood natural logging residues","Class 2",Private,55083,"Oconto County",Wisconsin,1016.31,"mature-market low",40,16.60,dt,288308800,BTU,0.02,16.66,4.70,ac,No,0.95
forestland,wood,"Logging residues","Softwood natural logging residues","Class 2",Private,55083,"Oconto County",Wisconsin,1016.31,"mature-market low",40,969.00,dt,16829592000,BTU,0.95,16.62,213.10,ac,No,0.95
forestland,wood,"Logging residues","Softwood natural logging residues","Class 2",Private,55083,"Oconto County",Wisconsin,1016.31,"mature-market medium",40,16.60,dt,288308800,BTU,0.02,16.66,4.70,ac,No,0.95
forestland,wood,"Logging residues","Softwood natural logging residues","Class 2",Private,55083,"Oconto County",Wisconsin,1016.31,"mature-market medium",40,969.00,dt,16829592000,BTU,0.95,16.62,213.10,ac,No,0.95
forestland,wood,"Logging residues","Softwood natural logging residues","Class 2",Private,55083,"Oconto County",Wisconsin,1016.31,near-term,40,58.00,dt,1007344000,BTU,0.06,16.66,20.40,ac,No,0.95
forestland,wood,"Logging residues","Softwood natural logging residues","Class 2",Private,55083,"Oconto County",Wisconsin,1016.31,near-term,40,940.60,dt,16336340800,BTU,0.93,16.62,242.50,ac,No,0.95
forestland,wood,"Logging residues","Softwood natural logging residues","Class 2",Private,55085,"Oneida County",Wisconsin,1236.57,Emerging,40,1857.90,dt,32268007200,BTU,1.50,16.66,739.70,ac,No,0.95
forestland,wood,"Logging residues","Softwood natural logging residues","Class 2",Private,55085,"Oneida County",Wisconsin,1236.57,"mature-market high",40,1857.90,dt,32268007200,BTU,1.50,16.66,739.70,ac,No,0.95
forestland,wood,"Logging residues","Softwood natural logging residues","Class 2",Private,55085,"Oneida County",Wisconsin,1236.57,"mature-market low",40,1857.90,dt,32268007200,BTU,1.50,16.66,739.70,ac,No,0.95
forestland,wood,"Logging residues","Softwood natural logging residues","Class 2",Private,55085,"Oneida County",Wisconsin,1236.57,"mature-market medium",40,1857.90,dt,32268007200,BTU,1.50,16.66,739.70,ac,No,0.95
forestland,wood,"Logging residues","Softwood natural logging residues","Class 2",Private,55087,"Outagamie County",Wisconsin,644.61,Emerging,40,62.80,dt,1090710400,BTU,0.10,16.66,19.10,ac,No,0.95
forestland,wood,"Logging residues","Softwood natural logging residues","Class 2",Private,55087,"Outagamie County",Wisconsin,644.61,"mature-market high",40,62.80,dt,1090710400,BTU,0.10,16.66,19.10,ac,No,0.95
forestland,wood,"Logging residues","Softwood natural logging residues","Class 2",Private,55087,"Outagamie County",Wisconsin,644.61,"mature-market low",40,62.80,dt,1090710400,BTU,0.10,16.66,19.10,ac,No,0.95
forestland,wood,"Logging residues","Softwood natural logging residues","Class 2",Private,55087,"Outagamie County",Wisconsin,644.61,"mature-market medium",40,62.80,dt,1090710400,BTU,0.10,16.66,19.10,ac,No,0.95
forestland,wood,"Logging residues","Softwood natural logging residues","Class 2",Private,55087,"Outagamie County",Wisconsin,644.61,near-term,40,154.00,dt,2674672000,BTU,0.24,16.66,56.70,ac,No,0.95
forestland,wood,"Logging residues","Softwood natural logging residues","Class 2",Private,55089,"Ozaukee County",Wisconsin,235.28,Emerging,40,6.80,dt,118102400,BTU,0.03,16.62,1.30,ac,No,0.95
forestland,wood,"Logging residues","Softwood natural logging residues","Class 2",Private,55089,"Ozaukee County",Wisconsin,235.28,"mature-market high",40,6.80,dt,118102400,BTU,0.03,16.62,1.30,ac,No,0.95
forestland,wood,"Logging residues","Softwood natural logging residues","Class 2",Private,55089,"Ozaukee County",Wisconsin,235.28,"mature-market low",40,6.80,dt,118102400,BTU,0.03,16.62,1.30,ac,No,0.95
forestland,wood,"Logging residues","Softwood natural logging residues","Class 2",Private,55089,"Ozaukee County",Wisconsin,235.28,"mature-market medium",40,6.80,dt,118102400,BTU,0.03,16.62,1.30,ac,No,0.95
forestland,wood,"Logging residues","Softwood natural logging residues","Class 2",Private,55089,"Ozaukee County",Wisconsin,235.28,near-term,40,12.60,dt,218836800,BTU,0.05,16.62,3.20,ac,No,0.95
forestland,wood,"Logging residues","Softwood natural logging residues","Class 2",Private,55091,"Pepin County",Wisconsin,248.7,Emerging,40,12.00,dt,208416000,BTU,0.05,16.66,4.40,ac,No,0.95
forestland,wood,"Logging residues","Softwood natural logging residues","Class 2",Private,55091,"Pepin County",Wisconsin,248.7,"mature-market high",40,12.00,dt,208416000,BTU,0.05,16.66,4.40,ac,No,0.95
forestland,wood,"Logging residues","Softwood natural logging residues","Class 2",Private,55091,"Pepin County",Wisconsin,248.7,"mature-market low",40,12.00,dt,208416000,BTU,0.05,16.66,4.40,ac,No,0.95
forestland,wood,"Logging residues","Softwood natural logging residues","Class 2",Private,55091,"Pepin County",Wisconsin,248.7,"mature-market medium",40,12.00,dt,208416000,BTU,0.05,16.66,4.40,ac,No,0.95
forestland,wood,"Logging residues","Softwood natural logging residues","Class 2",Private,55091,"Pepin County",Wisconsin,248.7,near-term,40,1.50,dt,26052000,BTU,0.01,16.62,0.60,ac,No,0.95
forestland,wood,"Logging residues","Softwood natural logging residues","Class 2",Private,55091,"Pepin County",Wisconsin,248.7,near-term,40,10.60,dt,184100800,BTU,0.04,16.66,5.40,ac,No,0.95
forestland,wood,"Logging residues","Softwood natural logging residues","Class 2",Private,55093,"Pierce County",Wisconsin,592.73,Emerging,40,34.30,dt,595722400,BTU,0.06,16.66,12.50,ac,No,0.95
forestland,wood,"Logging residues","Softwood natural logging residues","Class 2",Private,55093,"Pierce County",Wisconsin,592.73,"mature-market high",40,34.30,dt,595722400,BTU,0.06,16.66,12.50,ac,No,0.95
forestland,wood,"Logging residues","Softwood natural logging residues","Class 2",Private,55093,"Pierce County",Wisconsin,592.73,"mature-market low",40,34.30,dt,595722400,BTU,0.06,16.66,12.50,ac,No,0.95
forestland,wood,"Logging residues","Softwood natural logging residues","Class 2",Private,55093,"Pierce County",Wisconsin,592.73,"mature-market medium",40,34.30,dt,595722400,BTU,0.06,16.66,12.50,ac,No,0.95
forestland,wood,"Logging residues","Softwood natural logging residues","Class 2",Private,55093,"Pierce County",Wisconsin,592.73,near-term,40,4.40,dt,76419200,BTU,0.01,16.62,1.70,ac,No,0.95
forestland,wood,"Logging residues","Softwood natural logging residues","Class 2",Private,55093,"Pierce County",Wisconsin,592.73,near-term,40,30.40,dt,527987200,BTU,0.05,16.66,15.40,ac,No,0.95
forestland,wood,"Logging residues","Softwood natural logging residues","Class 2",Private,55095,"Polk County",Wisconsin,956.41,Emerging,40,138.60,dt,2407204800,BTU,0.14,16.66,64.30,ac,No,0.95
forestland,wood,"Logging residues","Softwood natural logging residues","Class 2",Private,55095,"Polk County",Wisconsin,956.41,"mature-market high",40,138.60,dt,2407204800,BTU,0.14,16.66,64.30,ac,No,0.95
forestland,wood,"Logging residues","Softwood natural logging residues","Class 2",Private,55095,"Polk County",Wisconsin,956.41,"mature-market low",40,138.60,dt,2407204800,BTU,0.14,16.66,64.30,ac,No,0.95
forestland,wood,"Logging residues","Softwood natural logging residues","Class 2",Private,55095,"Polk County",Wisconsin,956.41,"mature-market medium",40,138.60,dt,2407204800,BTU,0.14,16.66,64.30,ac,No,0.95
forestland,wood,"Logging residues","Softwood natural logging residues","Class 2",Private,55095,"Polk County",Wisconsin,956.41,near-term,40,82.20,dt,1427649600,BTU,0.09,16.66,51.30,ac,No,0.95
forestland,wood,"Logging residues","Softwood natural logging residues","Class 2",Private,55097,"Portage County",Wisconsin,822.82,Emerging,40,272.10,dt,4725832800,BTU,0.33,16.66,89.20,ac,No,0.95
forestland,wood,"Logging residues","Softwood natural logging residues","Class 2",Private,55097,"Portage County",Wisconsin,822.82,Emerging,40,351.90,dt,6111799200,BTU,0.43,16.62,92.70,ac,No,0.95
forestland,wood,"Logging residues","Softwood natural logging residues","Class 2",Private,55097,"Portage County",Wisconsin,822.82,"mature-market high",40,272.10,dt,4725832800,BTU,0.33,16.66,89.20,ac,No,0.95
forestland,wood,"Logging residues","Softwood natural logging residues","Class 2",Private,55097,"Portage County",Wisconsin,822.82,"mature-market high",40,351.90,dt,6111799200,BTU,0.43,16.62,92.70,ac,No,0.95
forestland,wood,"Logging residues","Softwood natural logging residues","Class 2",Private,55097,"Portage County",Wisconsin,822.82,"mature-market low",40,272.10,dt,4725832800,BTU,0.33,16.66,89.20,ac,No,0.95
forestland,wood,"Logging residues","Softwood natural logging residues","Class 2",Private,55097,"Portage County",Wisconsin,822.82,"mature-market low",40,351.90,dt,6111799200,BTU,0.43,16.62,92.70,ac,No,0.95
forestland,wood,"Logging residues","Softwood natural logging residues","Class 2",Private,55097,"Portage County",Wisconsin,822.82,"mature-market medium",40,272.10,dt,4725832800,BTU,0.33,16.66,89.20,ac,No,0.95
forestland,wood,"Logging residues","Softwood natural logging residues","Class 2",Private,55097,"Portage County",Wisconsin,822.82,"mature-market medium",40,351.90,dt,6111799200,BTU,0.43,16.62,92.70,ac,No,0.95
forestland,wood,"Logging residues","Softwood natural logging residues","Class 2",Private,55097,"Portage County",Wisconsin,822.82,near-term,40,145.90,dt,2533991200,BTU,0.18,16.66,64.50,ac,No,0.95
forestland,wood,"Logging residues","Softwood natural logging residues","Class 2",Private,55097,"Portage County",Wisconsin,822.82,near-term,40,173.50,dt,3013348000,BTU,0.21,16.62,57.70,ac,No,0.95
forestland,wood,"Logging residues","Softwood natural logging residues","Class 2",Private,55099,"Price County",Wisconsin,1278.04,Emerging,40,332.80,dt,5780070400,BTU,0.26,16.66,132.50,ac,No,0.95
forestland,wood,"Logging residues","Softwood natural logging residues","Class 2",Private,55099,"Price County",Wisconsin,1278.04,"mature-market high",40,332.80,dt,5780070400,BTU,0.26,16.66,132.50,ac,No,0.95
forestland,wood,"Logging residues","Softwood natural logging residues","Class 2",Private,55099,"Price County",Wisconsin,1278.04,"mature-market low",40,332.80,dt,5780070400,BTU,0.26,16.66,132.50,ac,No,0.95
forestland,wood,"Logging residues","Softwood natural logging residues","Class 2",Private,55099,"Price County",Wisconsin,1278.04,"mature-market medium",40,332.80,dt,5780070400,BTU,0.26,16.66,132.50,ac,No,0.95
forestland,wood,"Logging residues","Softwood natural logging residues","Class 2",Private,55101,"Racine County",Wisconsin,340.39,Emerging,40,3.40,dt,59051200,BTU,0.01,16.62,0.60,ac,No,0.95
forestland,wood,"Logging residues","Softwood natural logging residues","Class 2",Private,55101,"Racine County",Wisconsin,340.39,"mature-market high",40,3.40,dt,59051200,BTU,0.01,16.62,0.60,ac,No,0.95
forestland,wood,"Logging residues","Softwood natural logging residues","Class 2",Private,55101,"Racine County",Wisconsin,340.39,"mature-market low",40,3.40,dt,59051200,BTU,0.01,16.62,0.60,ac,No,0.95
forestland,wood,"Logging residues","Softwood natural logging residues","Class 2",Private,55101,"Racine County",Wisconsin,340.39,"mature-market medium",40,3.40,dt,59051200,BTU,0.01,16.62,0.60,ac,No,0.95
forestland,wood,"Logging residues","Softwood natural logging residues","Class 2",Private,55101,"Racine County",Wisconsin,340.39,near-term,40,6.20,dt,107681600,BTU,0.02,16.62,1.60,ac,No,0.95
forestland,wood,"Logging residues","Softwood natural logging residues","Class 2",Private,55103,"Richland County",Wisconsin,589.3,Emerging,40,4.50,dt,78156000,BTU,0.01,16.66,5.80,ac,No,0.95
forestland,wood,"Logging residues","Softwood natural logging residues","Class 2",Private,55103,"Richland County",Wisconsin,589.3,"mature-market high",40,4.50,dt,78156000,BTU,0.01,16.66,5.80,ac,No,0.95
forestland,wood,"Logging residues","Softwood natural logging residues","Class 2",Private,55103,"Richland County",Wisconsin,589.3,"mature-market low",40,4.50,dt,78156000,BTU,0.01,16.66,5.80,ac,No,0.95
forestland,wood,"Logging residues","Softwood natural logging residues","Class 2",Private,55103,"Richland County",Wisconsin,589.3,"mature-market medium",40,4.50,dt,78156000,BTU,0.01,16.66,5.80,ac,No,0.95
forestland,wood,"Logging residues","Softwood natural logging residues","Class 2",Private,55103,"Richland County",Wisconsin,589.3,near-term,40,0.30,dt,5210400,BTU,0.00,16.66,0.60,ac,No,0.95
forestland,wood,"Logging residues","Softwood natural logging residues","Class 2",Private,55107,"Rusk County",Wisconsin,930.86,Emerging,40,33.80,dt,587038400,BTU,0.04,16.66,15.70,ac,No,0.95
forestland,wood,"Logging residues","Softwood natural logging residues","Class 2",Private,55107,"Rusk County",Wisconsin,930.86,"mature-market high",40,33.80,dt,587038400,BTU,0.04,16.66,15.70,ac,No,0.95
forestland,wood,"Logging residues","Softwood natural logging residues","Class 2",Private,55107,"Rusk County",Wisconsin,930.86,"mature-market low",40,33.80,dt,587038400,BTU,0.04,16.66,15.70,ac,No,0.95
forestland,wood,"Logging residues","Softwood natural logging residues","Class 2",Private,55107,"Rusk County",Wisconsin,930.86,"mature-market medium",40,33.80,dt,587038400,BTU,0.04,16.66,15.70,ac,No,0.95
forestland,wood,"Logging residues","Softwood natural logging residues","Class 2",Private,55107,"Rusk County",Wisconsin,930.86,near-term,40,20.00,dt,347360000,BTU,0.02,16.66,12.50,ac,No,0.95
forestland,wood,"Logging residues","Softwood natural logging residues","Class 2",Private,55109,"St. Croix County",Wisconsin,735.19,Emerging,40,155.90,dt,2707671200,BTU,0.21,16.66,57.10,ac,No,0.95
forestland,wood,"Logging residues","Softwood natural logging residues","Class 2",Private,55109,"St. Croix County",Wisconsin,735.19,"mature-market high",40,155.90,dt,2707671200,BTU,0.21,16.66,57.10,ac,No,0.95
forestland,wood,"Logging residues","Softwood natural logging residues","Class 2",Private,55109,"St. Croix County",Wisconsin,735.19,"mature-market low",40,155.90,dt,2707671200,BTU,0.21,16.66,57.10,ac,No,0.95
forestland,wood,"Logging residues","Softwood natural logging residues","Class 2",Private,55109,"St. Croix County",Wisconsin,735.19,"mature-market medium",40,155.90,dt,2707671200,BTU,0.21,16.66,57.10,ac,No,0.95
forestland,wood,"Logging residues","Softwood natural logging residues","Class 2",Private,55109,"St. Croix County",Wisconsin,735.19,near-term,40,19.80,dt,343886400,BTU,0.03,16.62,7.60,ac,No,0.95
forestland,wood,"Logging residues","Softwood natural logging residues","Class 2",Private,55109,"St. Croix County",Wisconsin,735.19,near-term,40,138.40,dt,2403731200,BTU,0.19,16.66,70.20,ac,No,0.95
forestland,wood,"Logging residues","Softwood natural logging residues","Class 2",Private,55111,"Sauk County",Wisconsin,849.19,Emerging,40,15.00,dt,260520000,BTU,0.02,16.66,19.50,ac,No,0.95
forestland,wood,"Logging residues","Softwood natural logging residues","Class 2",Private,55111,"Sauk County",Wisconsin,849.19,"mature-market high",40,15.00,dt,260520000,BTU,0.02,16.66,19.50,ac,No,0.95
forestland,wood,"Logging residues","Softwood natural logging residues","Class 2",Private,55111,"Sauk County",Wisconsin,849.19,"mature-market low",40,15.00,dt,260520000,BTU,0.02,16.66,19.50,ac,No,0.95
forestland,wood,"Logging residues","Softwood natural logging residues","Class 2",Private,55111,"Sauk County",Wisconsin,849.19,"mature-market medium",40,15.00,dt,260520000,BTU,0.02,16.66,19.50,ac,No,0.95
forestland,wood,"Logging residues","Softwood natural logging residues","Class 2",Private,55111,"Sauk County",Wisconsin,849.19,near-term,40,1.10,dt,19104800,BTU,0.00,16.66,2.10,ac,No,0.95
forestland,wood,"Logging residues","Softwood natural logging residues","Class 2",Private,55113,"Sawyer County",Wisconsin,1350.24,Emerging,40,280.60,dt,4873460800,BTU,0.21,16.66,130.10,ac,No,0.95
forestland,wood,"Logging residues","Softwood natural logging residues","Class 2",Private,55113,"Sawyer County",Wisconsin,1350.24,"mature-market high",40,280.60,dt,4873460800,BTU,0.21,16.66,130.10,ac,No,0.95
forestland,wood,"Logging residues","Softwood natural logging residues","Class 2",Private,55113,"Sawyer County",Wisconsin,1350.24,"mature-market low",40,280.60,dt,4873460800,BTU,0.21,16.66,130.10,ac,No,0.95
forestland,wood,"Logging residues","Softwood natural logging residues","Class 2",Private,55113,"Sawyer County",Wisconsin,1350.24,"mature-market medium",40,280.60,dt,4873460800,BTU,0.21,16.66,130.10,ac,No,0.95
forestland,wood,"Logging residues","Softwood natural logging residues","Class 2",Private,55113,"Sawyer County",Wisconsin,1350.24,near-term,40,166.40,dt,2890035200,BTU,0.12,16.66,103.80,ac,No,0.95
forestland,wood,"Logging residues","Softwood natural logging residues","Class 2",Private,55115,"Shawano County",Wisconsin,909.4,Emerging,40,14.50,dt,251836000,BTU,0.02,16.66,4.10,ac,No,0.95
forestland,wood,"Logging residues","Softwood natural logging residues","Class 2",Private,55115,"Shawano County",Wisconsin,909.4,Emerging,40,844.00,dt,14658592000,BTU,0.93,16.62,185.60,ac,No,0.95
forestland,wood,"Logging residues","Softwood natural logging residues","Class 2",Private,55115,"Shawano County",Wisconsin,909.4,"mature-market high",40,14.50,dt,251836000,BTU,0.02,16.66,4.10,ac,No,0.95
forestland,wood,"Logging residues","Softwood natural logging residues","Class 2",Private,55115,"Shawano County",Wisconsin,909.4,"mature-market high",40,844.00,dt,14658592000,BTU,0.93,16.62,185.60,ac,No,0.95
forestland,wood,"Logging residues","Softwood natural logging residues","Class 2",Private,55115,"Shawano County",Wisconsin,909.4,"mature-market low",40,14.50,dt,251836000,BTU,0.02,16.66,4.10,ac,No,0.95
forestland,wood,"Logging residues","Softwood natural logging residues","Class 2",Private,55115,"Shawano County",Wisconsin,909.4,"mature-market low",40,844.00,dt,14658592000,BTU,0.93,16.62,185.60,ac,No,0.95
forestland,wood,"Logging residues","Softwood natural logging residues","Class 2",Private,55115,"Shawano County",Wisconsin,909.4,"mature-market medium",40,14.50,dt,251836000,BTU,0.02,16.66,4.10,ac,No,0.95
forestland,wood,"Logging residues","Softwood natural logging residues","Class 2",Private,55115,"Shawano County",Wisconsin,909.4,"mature-market medium",40,844.00,dt,14658592000,BTU,0.93,16.62,185.60,ac,No,0.95
forestland,wood,"Logging residues","Softwood natural logging residues","Class 2",Private,55115,"Shawano County",Wisconsin,909.4,near-term,40,50.50,dt,877084000,BTU,0.06,16.66,17.70,ac,No,0.95
forestland,wood,"Logging residues","Softwood natural logging residues","Class 2",Private,55115,"Shawano County",Wisconsin,909.4,near-term,40,819.20,dt,14227865600,BTU,0.90,16.62,211.20,ac,No,0.95
forestland,wood,"Logging residues","Softwood natural logging residues","Class 2",Private,55117,"Sheboygan County",Wisconsin,517.64,Emerging,40,199.80,dt,3470126400,BTU,0.39,16.66,60.90,ac,No,0.95
forestland,wood,"Logging residues","Softwood natural logging residues","Class 2",Private,55117,"Sheboygan County",Wisconsin,517.64,"mature-market high",40,199.80,dt,3470126400,BTU,0.39,16.66,60.90,ac,No,0.95
forestland,wood,"Logging residues","Softwood natural logging residues","Class 2",Private,55117,"Sheboygan County",Wisconsin,517.64,"mature-market low",40,199.80,dt,3470126400,BTU,0.39,16.66,60.90,ac,No,0.95
forestland,wood,"Logging residues","Softwood natural logging residues","Class 2",Private,55117,"Sheboygan County",Wisconsin,517.64,"mature-market medium",40,199.80,dt,3470126400,BTU,0.39,16.66,60.90,ac,No,0.95
forestland,wood,"Logging residues","Softwood natural logging residues","Class 2",Private,55117,"Sheboygan County",Wisconsin,517.64,near-term,40,490.00,dt,8510320000,BTU,0.95,16.66,180.30,ac,No,0.95
forestland,wood,"Logging residues","Softwood natural logging residues","Class 2",Private,55119,"Taylor County",Wisconsin,984.56,Emerging,40,175.60,dt,3049820800,BTU,0.18,16.66,69.90,ac,No,0.95
forestland,wood,"Logging residues","Softwood natural logging residues","Class 2",Private,55119,"Taylor County",Wisconsin,984.56,"mature-market high",40,175.60,dt,3049820800,BTU,0.18,16.66,69.90,ac,No,0.95
forestland,wood,"Logging residues","Softwood natural logging residues","Class 2",Private,55119,"Taylor County",Wisconsin,984.56,"mature-market low",40,175.60,dt,3049820800,BTU,0.18,16.66,69.90,ac,No,0.95
forestland,wood,"Logging residues","Softwood natural logging residues","Class 2",Private,55119,"Taylor County",Wisconsin,984.56,"mature-market medium",40,175.60,dt,3049820800,BTU,0.18,16.66,69.90,ac,No,0.95
forestland,wood,"Logging residues","Softwood natural logging residues","Class 2",Private,55121,"Trempealeau County",Wisconsin,741.98,Emerging,40,97.60,dt,1695116800,BTU,0.13,16.66,35.80,ac,No,0.95
forestland,wood,"Logging residues","Softwood natural logging residues","Class 2",Private,55121,"Trempealeau County",Wisconsin,741.98,"mature-market high",40,97.60,dt,1695116800,BTU,0.13,16.66,35.80,ac,No,0.95
forestland,wood,"Logging residues","Softwood natural logging residues","Class 2",Private,55121,"Trempealeau County",Wisconsin,741.98,"mature-market low",40,97.60,dt,1695116800,BTU,0.13,16.66,35.80,ac,No,0.95
forestland,wood,"Logging residues","Softwood natural logging residues","Class 2",Private,55121,"Trempealeau County",Wisconsin,741.98,"mature-market medium",40,97.60,dt,1695116800,BTU,0.13,16.66,35.80,ac,No,0.95
forestland,wood,"Logging residues","Softwood natural logging residues","Class 2",Private,55121,"Trempealeau County",Wisconsin,741.98,near-term,40,12.40,dt,215363200,BTU,0.02,16.62,4.80,ac,No,0.95
forestland,wood,"Logging residues","Softwood natural logging residues","Class 2",Private,55121,"Trempealeau County",Wisconsin,741.98,near-term,40,86.70,dt,1505805600,BTU,0.12,16.66,43.90,ac,No,0.95
forestland,wood,"Logging residues","Softwood natural logging residues","Class 2",Private,55123,"Vernon County",Wisconsin,816.38,Emerging,40,5.70,dt,98997600,BTU,0.01,16.66,7.50,ac,No,0.95
forestland,wood,"Logging residues","Softwood natural logging residues","Class 2",Private,55123,"Vernon County",Wisconsin,816.38,"mature-market high",40,5.70,dt,98997600,BTU,0.01,16.66,7.50,ac,No,0.95
forestland,wood,"Logging residues","Softwood natural logging residues","Class 2",Private,55123,"Vernon County",Wisconsin,816.38,"mature-market low",40,5.70,dt,98997600,BTU,0.01,16.66,7.50,ac,No,0.95
forestland,wood,"Logging residues","Softwood natural logging residues","Class 2",Private,55123,"Vernon County",Wisconsin,816.38,"mature-market medium",40,5.70,dt,98997600,BTU,0.01,16.66,7.50,ac,No,0.95
forestland,wood,"Logging residues","Softwood natural logging residues","Class 2",Private,55123,"Vernon County",Wisconsin,816.38,near-term,40,0.40,dt,6947200,BTU,0.00,16.66,0.80,ac,No,0.95
forestland,wood,"Logging residues","Softwood natural logging residues","Class 2",Private,55125,"Vilas County",Wisconsin,1017.72,Emerging,40,1608.30,dt,27932954400,BTU,1.58,16.66,640.30,ac,No,0.95
forestland,wood,"Logging residues","Softwood natural logging residues","Class 2",Private,55125,"Vilas County",Wisconsin,1017.72,"mature-market high",40,1608.30,dt,27932954400,BTU,1.58,16.66,640.30,ac,No,0.95
forestland,wood,"Logging residues","Softwood natural logging residues","Class 2",Private,55125,"Vilas County",Wisconsin,1017.72,"mature-market low",40,1608.30,dt,27932954400,BTU,1.58,16.66,640.30,ac,No,0.95
forestland,wood,"Logging residues","Softwood natural logging residues","Class 2",Private,55125,"Vilas County",Wisconsin,1017.72,"mature-market medium",40,1608.30,dt,27932954400,BTU,1.58,16.66,640.30,ac,No,0.95
forestland,wood,"Logging residues","Softwood natural logging residues","Class 2",Private,55127,"Walworth County",Wisconsin,576.6,Emerging,40,32.70,dt,567933600,BTU,0.06,16.62,6.20,ac,No,0.95
forestland,wood,"Logging residues","Softwood natural logging residues","Class 2",Private,55127,"Walworth County",Wisconsin,576.6,"mature-market high",40,32.70,dt,567933600,BTU,0.06,16.62,6.20,ac,No,0.95
forestland,wood,"Logging residues","Softwood natural logging residues","Class 2",Private,55127,"Walworth County",Wisconsin,576.6,"mature-market low",40,32.70,dt,567933600,BTU,0.06,16.62,6.20,ac,No,0.95
forestland,wood,"Logging residues","Softwood natural logging residues","Class 2",Private,55127,"Walworth County",Wisconsin,576.6,"mature-market medium",40,32.70,dt,567933600,BTU,0.06,16.62,6.20,ac,No,0.95
forestland,wood,"Logging residues","Softwood natural logging residues","Class 2",Private,55127,"Walworth County",Wisconsin,576.6,near-term,40,60.50,dt,1050764000,BTU,0.10,16.62,15.20,ac,No,0.95
forestland,wood,"Logging residues","Softwood natural logging residues","Class 2",Private,55129,"Washburn County",Wisconsin,853.32,Emerging,40,311.00,dt,5401448000,BTU,0.36,16.66,144.20,ac,No,0.95
forestland,wood,"Logging residues","Softwood natural logging residues","Class 2",Private,55129,"Washburn County",Wisconsin,853.32,"mature-market high",40,311.00,dt,5401448000,BTU,0.36,16.66,144.20,ac,No,0.95
forestland,wood,"Logging residues","Softwood natural logging residues","Class 2",Private,55129,"Washburn County",Wisconsin,853.32,"mature-market low",40,311.00,dt,5401448000,BTU,0.36,16.66,144.20,ac,No,0.95
forestland,wood,"Logging residues","Softwood natural logging residues","Class 2",Private,55129,"Washburn County",Wisconsin,853.32,"mature-market medium",40,311.00,dt,5401448000,BTU,0.36,16.66,144.20,ac,No,0.95
forestland,wood,"Logging residues","Softwood natural logging residues","Class 2",Private,55129,"Washburn County",Wisconsin,853.32,near-term,40,184.40,dt,3202659200,BTU,0.22,16.66,115.10,ac,No,0.95
forestland,wood,"Logging residues","Softwood natural logging residues","Class 2",Private,55131,"Washington County",Wisconsin,435.66,Emerging,40,33.30,dt,578354400,BTU,0.08,16.62,6.30,ac,No,0.95
forestland,wood,"Logging residues","Softwood natural logging residues","Class 2",Private,55131,"Washington County",Wisconsin,435.66,"mature-market high",40,33.30,dt,578354400,BTU,0.08,16.62,6.30,ac,No,0.95
forestland,wood,"Logging residues","Softwood natural logging residues","Class 2",Private,55131,"Washington County",Wisconsin,435.66,"mature-market low",40,33.30,dt,578354400,BTU,0.08,16.62,6.30,ac,No,0.95
forestland,wood,"Logging residues","Softwood natural logging residues","Class 2",Private,55131,"Washington County",Wisconsin,435.66,"mature-market medium",40,33.30,dt,578354400,BTU,0.08,16.62,6.30,ac,No,0.95
forestland,wood,"Logging residues","Softwood natural logging residues","Class 2",Private,55131,"Washington County",Wisconsin,435.66,near-term,40,61.60,dt,1069868800,BTU,0.14,16.62,15.50,ac,No,0.95
forestland,wood,"Logging residues","Softwood natural logging residues","Class 2",Private,55133,"Waukesha County",Wisconsin,580.54,Emerging,40,45.00,dt,781560000,BTU,0.08,16.62,8.50,ac,No,0.95
forestland,wood,"Logging residues","Softwood natural logging residues","Class 2",Private,55133,"Waukesha County",Wisconsin,580.54,"mature-market high",40,45.00,dt,781560000,BTU,0.08,16.62,8.50,ac,No,0.95
forestland,wood,"Logging residues","Softwood natural logging residues","Class 2",Private,55133,"Waukesha County",Wisconsin,580.54,"mature-market low",40,45.00,dt,781560000,BTU,0.08,16.62,8.50,ac,No,0.95
forestland,wood,"Logging residues","Softwood natural logging residues","Class 2",Private,55133,"Waukesha County",Wisconsin,580.54,"mature-market medium",40,45.00,dt,781560000,BTU,0.08,16.62,8.50,ac,No,0.95
forestland,wood,"Logging residues","Softwood natural logging residues","Class 2",Private,55133,"Waukesha County",Wisconsin,580.54,near-term,40,83.20,dt,1445017600,BTU,0.14,16.62,20.90,ac,No,0.95
forestland,wood,"Logging residues","Softwood natural logging residues","Class 2",Private,55135,"Waupaca County",Wisconsin,765.17,Emerging,40,147.90,dt,2568727200,BTU,0.19,16.66,48.50,ac,No,0.95
forestland,wood,"Logging residues","Softwood natural logging residues","Class 2",Private,55135,"Waupaca County",Wisconsin,765.17,Emerging,40,191.20,dt,3320761600,BTU,0.25,16.62,50.40,ac,No,0.95
forestland,wood,"Logging residues","Softwood natural logging residues","Class 2",Private,55135,"Waupaca County",Wisconsin,765.17,"mature-market high",40,147.90,dt,2568727200,BTU,0.19,16.66,48.50,ac,No,0.95
forestland,wood,"Logging residues","Softwood natural logging residues","Class 2",Private,55135,"Waupaca County",Wisconsin,765.17,"mature-market high",40,191.20,dt,3320761600,BTU,0.25,16.62,50.40,ac,No,0.95
forestland,wood,"Logging residues","Softwood natural logging residues","Class 2",Private,55135,"Waupaca County",Wisconsin,765.17,"mature-market low",40,147.90,dt,2568727200,BTU,0.19,16.66,48.50,ac,No,0.95
forestland,wood,"Logging residues","Softwood natural logging residues","Class 2",Private,55135,"Waupaca County",Wisconsin,765.17,"mature-market low",40,191.20,dt,3320761600,BTU,0.25,16.62,50.40,ac,No,0.95
forestland,wood,"Logging residues","Softwood natural logging residues","Class 2",Private,55135,"Waupaca County",Wisconsin,765.17,"mature-market medium",40,147.90,dt,2568727200,BTU,0.19,16.66,48.50,ac,No,0.95
forestland,wood,"Logging residues","Softwood natural logging residues","Class 2",Private,55135,"Waupaca County",Wisconsin,765.17,"mature-market medium",40,191.20,dt,3320761600,BTU,0.25,16.62,50.40,ac,No,0.95
forestland,wood,"Logging residues","Softwood natural logging residues","Class 2",Private,55135,"Waupaca County",Wisconsin,765.17,near-term,40,79.30,dt,1377282400,BTU,0.10,16.66,35.00,ac,No,0.95
forestland,wood,"Logging residues","Softwood natural logging residues","Class 2",Private,55135,"Waupaca County",Wisconsin,765.17,near-term,40,94.20,dt,1636065600,BTU,0.12,16.62,31.30,ac,No,0.95
forestland,wood,"Logging residues","Softwood natural logging residues","Class 2",Private,55137,"Waushara County",Wisconsin,637.4,Emerging,40,370.70,dt,6438317600,BTU,0.58,16.66,121.50,ac,No,0.95
forestland,wood,"Logging residues","Softwood natural logging residues","Class 2",Private,55137,"Waushara County",Wisconsin,637.4,Emerging,40,479.30,dt,8324482400,BTU,0.75,16.62,126.30,ac,No,0.95
forestland,wood,"Logging residues","Softwood natural logging residues","Class 2",Private,55137,"Waushara County",Wisconsin,637.4,"mature-market high",40,370.70,dt,6438317600,BTU,0.58,16.66,121.50,ac,No,0.95
forestland,wood,"Logging residues","Softwood natural logging residues","Class 2",Private,55137,"Waushara County",Wisconsin,637.4,"mature-market high",40,479.30,dt,8324482400,BTU,0.75,16.62,126.30,ac,No,0.95
forestland,wood,"Logging residues","Softwood natural logging residues","Class 2",Private,55137,"Waushara County",Wisconsin,637.4,"mature-market low",40,370.70,dt,6438317600,BTU,0.58,16.66,121.50,ac,No,0.95
forestland,wood,"Logging residues","Softwood natural logging residues","Class 2",Private,55137,"Waushara County",Wisconsin,637.4,"mature-market low",40,479.30,dt,8324482400,BTU,0.75,16.62,126.30,ac,No,0.95
forestland,wood,"Logging residues","Softwood natural logging residues","Class 2",Private,55137,"Waushara County",Wisconsin,637.4,"mature-market medium",40,370.70,dt,6438317600,BTU,0.58,16.66,121.50,ac,No,0.95
forestland,wood,"Logging residues","Softwood natural logging residues","Class 2",Private,55137,"Waushara County",Wisconsin,637.4,"mature-market medium",40,479.30,dt,8324482400,BTU,0.75,16.62,126.30,ac,No,0.95
forestland,wood,"Logging residues","Softwood natural logging residues","Class 2",Private,55137,"Waushara County",Wisconsin,637.4,near-term,40,198.70,dt,3451021600,BTU,0.31,16.66,87.80,ac,No,0.95
forestland,wood,"Logging residues","Softwood natural logging residues","Class 2",Private,55137,"Waushara County",Wisconsin,637.4,near-term,40,236.30,dt,4104058400,BTU,0.37,16.62,78.60,ac,No,0.95
forestland,wood,"Logging residues","Softwood natural logging residues","Class 2",Private,55139,"Winnebago County",Wisconsin,578.57,Emerging,40,40.70,dt,706877600,BTU,0.07,16.66,12.40,ac,No,0.95
forestland,wood,"Logging residues","Softwood natural logging residues","Class 2",Private,55139,"Winnebago County",Wisconsin,578.57,"mature-market high",40,40.70,dt,706877600,BTU,0.07,16.66,12.40,ac,No,0.95
forestland,wood,"Logging residues","Softwood natural logging residues","Class 2",Private,55139,"Winnebago County",Wisconsin,578.57,"mature-market low",40,40.70,dt,706877600,BTU,0.07,16.66,12.40,ac,No,0.95
forestland,wood,"Logging residues","Softwood natural logging residues","Class 2",Private,55139,"Winnebago County",Wisconsin,578.57,"mature-market medium",40,40.70,dt,706877600,BTU,0.07,16.66,12.40,ac,No,0.95
forestland,wood,"Logging residues","Softwood natural logging residues","Class 2",Private,55139,"Winnebago County",Wisconsin,578.57,near-term,40,99.80,dt,1733326400,BTU,0.17,16.66,36.70,ac,No,0.95
forestland,wood,"Logging residues","Softwood natural logging residues","Class 2",Private,55141,"Wood County",Wisconsin,809.25,Emerging,40,280.70,dt,4875197600,BTU,0.35,16.66,92.00,ac,No,0.95
forestland,wood,"Logging residues","Softwood natural logging residues","Class 2",Private,55141,"Wood County",Wisconsin,809.25,Emerging,40,363.00,dt,6304584000,BTU,0.45,16.62,95.60,ac,No,0.95
forestland,wood,"Logging residues","Softwood natural logging residues","Class 2",Private,55141,"Wood County",Wisconsin,809.25,"mature-market high",40,280.70,dt,4875197600,BTU,0.35,16.66,92.00,ac,No,0.95
forestland,wood,"Logging residues","Softwood natural logging residues","Class 2",Private,55141,"Wood County",Wisconsin,809.25,"mature-market high",40,363.00,dt,6304584000,BTU,0.45,16.62,95.60,ac,No,0.95
forestland,wood,"Logging residues","Softwood natural logging residues","Class 2",Private,55141,"Wood County",Wisconsin,809.25,"mature-market low",40,280.70,dt,4875197600,BTU,0.35,16.66,92.00,ac,No,0.95
forestland,wood,"Logging residues","Softwood natural logging residues","Class 2",Private,55141,"Wood County",Wisconsin,809.25,"mature-market low",40,363.00,dt,6304584000,BTU,0.45,16.62,95.60,ac,No,0.95
forestland,wood,"Logging residues","Softwood natural logging residues","Class 2",Private,55141,"Wood County",Wisconsin,809.25,"mature-market medium",40,280.70,dt,4875197600,BTU,0.35,16.66,92.00,ac,No,0.95
forestland,wood,"Logging residues","Softwood natural logging residues","Class 2",Private,55141,"Wood County",Wisconsin,809.25,"mature-market medium",40,363.00,dt,6304584000,BTU,0.45,16.62,95.60,ac,No,0.95
forestland,wood,"Logging residues","Softwood natural logging residues","Class 2",Private,55141,"Wood County",Wisconsin,809.25,near-term,40,150.50,dt,2613884000,BTU,0.19,16.66,66.50,ac,No,0.95
forestland,wood,"Logging residues","Softwood natural logging residues","Class 2",Private,55141,"Wood County",Wisconsin,809.25,near-term,40,178.90,dt,3107135200,BTU,0.22,16.62,59.50,ac,No,0.95
forestland,wood,"Logging residues","Softwood natural logging residues","Class 2",Public,55001,"Adams County",Wisconsin,687.48,Emerging,40,33.90,dt,588775200,BTU,0.05,16.66,0.50,ac,No,0.95
forestland,wood,"Logging residues","Softwood natural logging residues","Class 2",Public,55001,"Adams County",Wisconsin,687.48,Emerging,40,62.60,dt,1087236800,BTU,0.09,16.62,0.70,ac,No,0.95
forestland,wood,"Logging residues","Softwood natural logging residues","Class 2",Public,55001,"Adams County",Wisconsin,687.48,"mature-market high",40,33.90,dt,588775200,BTU,0.05,16.66,0.50,ac,No,0.95
forestland,wood,"Logging residues","Softwood natural logging residues","Class 2",Public,55001,"Adams County",Wisconsin,687.48,"mature-market high",40,62.60,dt,1087236800,BTU,0.09,16.62,0.70,ac,No,0.95
forestland,wood,"Logging residues","Softwood natural logging residues","Class 2",Public,55001,"Adams County",Wisconsin,687.48,"mature-market low",40,33.90,dt,588775200,BTU,0.05,16.66,0.50,ac,No,0.95
forestland,wood,"Logging residues","Softwood natural logging residues","Class 2",Public,55001,"Adams County",Wisconsin,687.48,"mature-market low",40,62.60,dt,1087236800,BTU,0.09,16.62,0.70,ac,No,0.95
forestland,wood,"Logging residues","Softwood natural logging residues","Class 2",Public,55001,"Adams County",Wisconsin,687.48,"mature-market medium",40,33.90,dt,588775200,BTU,0.05,16.66,0.50,ac,No,0.95
forestland,wood,"Logging residues","Softwood natural logging residues","Class 2",Public,55001,"Adams County",Wisconsin,687.48,"mature-market medium",40,62.60,dt,1087236800,BTU,0.09,16.62,0.70,ac,No,0.95
forestland,wood,"Logging residues","Softwood natural logging residues","Class 2",Public,55007,"Bayfield County",Wisconsin,1511.34,near-term,40,2539.00,dt,44097352000,BTU,1.68,16.66,1520.00,ac,No,0.95
forestland,wood,"Logging residues","Softwood natural logging residues","Class 2",Public,55011,"Buffalo County",Wisconsin,709.59,Emerging,40,2.80,dt,48630400,BTU,0.00,16.66,1.00,ac,No,0.95
forestland,wood,"Logging residues","Softwood natural logging residues","Class 2",Public,55011,"Buffalo County",Wisconsin,709.59,"mature-market high",40,2.80,dt,48630400,BTU,0.00,16.66,1.00,ac,No,0.95
forestland,wood,"Logging residues","Softwood natural logging residues","Class 2",Public,55011,"Buffalo County",Wisconsin,709.59,"mature-market low",40,2.80,dt,48630400,BTU,0.00,16.66,1.00,ac,No,0.95
forestland,wood,"Logging residues","Softwood natural logging residues","Class 2",Public,55011,"Buffalo County",Wisconsin,709.59,"mature-market medium",40,2.80,dt,48630400,BTU,0.00,16.66,1.00,ac,No,0.95
forestland,wood,"Logging residues","Softwood natural logging residues","Class 2",Public,55011,"Buffalo County",Wisconsin,709.59,near-term,40,3.10,dt,53840800,BTU,0.00,16.66,1.40,ac,No,0.95
forestland,wood,"Logging residues","Softwood natural logging residues","Class 2",Public,55013,"Burnett County",Wisconsin,880.22,near-term,40,27.90,dt,484567200,BTU,0.03,16.66,16.70,ac,No,0.95
forestland,wood,"Logging residues","Softwood natural logging residues","Class 2",Public,55031,"Douglas County",Wisconsin,1332.11,near-term,40,3.10,dt,53840800,BTU,0.00,16.66,1.90,ac,No,0.95
forestland,wood,"Logging residues","Softwood natural logging residues","Class 2",Public,55037,"Florence County",Wisconsin,497.43,Emerging,40,418.00,dt,7259824000,BTU,0.84,16.66,157.40,ac,No,0.95
forestland,wood,"Logging residues","Softwood natural logging residues","Class 2",Public,55037,"Florence County",Wisconsin,497.43,"mature-market high",40,418.00,dt,7259824000,BTU,0.84,16.66,157.40,ac,No,0.95
forestland,wood,"Logging residues","Softwood natural logging residues","Class 2",Public,55037,"Florence County",Wisconsin,497.43,"mature-market low",40,418.00,dt,7259824000,BTU,0.84,16.66,157.40,ac,No,0.95
forestland,wood,"Logging residues","Softwood natural logging residues","Class 2",Public,55037,"Florence County",Wisconsin,497.43,"mature-market medium",40,418.00,dt,7259824000,BTU,0.84,16.66,157.40,ac,No,0.95
forestland,wood,"Logging residues","Softwood natural logging residues","Class 2",Public,55039,"Fond du Lac County",Wisconsin,765.84,Emerging,40,488.60,dt,8486004800,BTU,0.64,16.66,134.80,ac,No,0.95
forestland,wood,"Logging residues","Softwood natural logging residues","Class 2",Public,55039,"Fond du Lac County",Wisconsin,765.84,"mature-market high",40,488.60,dt,8486004800,BTU,0.64,16.66,134.80,ac,No,0.95
forestland,wood,"Logging residues","Softwood natural logging residues","Class 2",Public,55039,"Fond du Lac County",Wisconsin,765.84,"mature-market low",40,488.60,dt,8486004800,BTU,0.64,16.66,134.80,ac,No,0.95
forestland,wood,"Logging residues","Softwood natural logging residues","Class 2",Public,55039,"Fond du Lac County",Wisconsin,765.84,"mature-market medium",40,488.60,dt,8486004800,BTU,0.64,16.66,134.80,ac,No,0.95
forestland,wood,"Logging residues","Softwood natural logging residues","Class 2",Public,55041,"Forest County",Wisconsin,1046.52,Emerging,40,2216.00,dt,38487488000,BTU,2.12,16.66,834.30,ac,No,0.95
forestland,wood,"Logging residues","Softwood natural logging residues","Class 2",Public,55041,"Forest County",Wisconsin,1046.52,"mature-market high",40,2216.00,dt,38487488000,BTU,2.12,16.66,834.30,ac,No,0.95
forestland,wood,"Logging residues","Softwood natural logging residues","Class 2",Public,55041,"Forest County",Wisconsin,1046.52,"mature-market low",40,2216.00,dt,38487488000,BTU,2.12,16.66,834.30,ac,No,0.95
forestland,wood,"Logging residues","Softwood natural logging residues","Class 2",Public,55041,"Forest County",Wisconsin,1046.52,"mature-market medium",40,2216.00,dt,38487488000,BTU,2.12,16.66,834.30,ac,No,0.95
forestland,wood,"Logging residues","Softwood natural logging residues","Class 2",Public,55053,"Jackson County",Wisconsin,1000.48,Emerging,40,36.20,dt,628721600,BTU,0.04,16.66,12.50,ac,No,0.95
forestland,wood,"Logging residues","Softwood natural logging residues","Class 2",Public,55053,"Jackson County",Wisconsin,1000.48,"mature-market high",40,36.20,dt,628721600,BTU,0.04,16.66,12.50,ac,No,0.95
forestland,wood,"Logging residues","Softwood natural logging residues","Class 2",Public,55053,"Jackson County",Wisconsin,1000.48,"mature-market low",40,36.20,dt,628721600,BTU,0.04,16.66,12.50,ac,No,0.95
forestland,wood,"Logging residues","Softwood natural logging residues","Class 2",Public,55053,"Jackson County",Wisconsin,1000.48,"mature-market medium",40,36.20,dt,628721600,BTU,0.04,16.66,12.50,ac,No,0.95
forestland,wood,"Logging residues","Softwood natural logging residues","Class 2",Public,55053,"Jackson County",Wisconsin,1000.48,near-term,40,39.90,dt,692983200,BTU,0.04,16.66,18.50,ac,No,0.95
forestland,wood,"Logging residues","Softwood natural logging residues","Class 2",Public,55057,"Juneau County",Wisconsin,805.17,Emerging,40,8408.30,dt,146035354400,BTU,10.44,16.66,116.40,ac,No,0.95
forestland,wood,"Logging residues","Softwood natural logging residues","Class 2",Public,55057,"Juneau County",Wisconsin,805.17,Emerging,40,15533.10,dt,269778880800,BTU,19.29,16.62,174.90,ac,No,0.95
forestland,wood,"Logging residues","Softwood natural logging residues","Class 2",Public,55057,"Juneau County",Wisconsin,805.17,"mature-market high",40,8408.30,dt,146035354400,BTU,10.44,16.66,116.40,ac,No,0.95
forestland,wood,"Logging residues","Softwood natural logging residues","Class 2",Public,55057,"Juneau County",Wisconsin,805.17,"mature-market high",40,15533.10,dt,269778880800,BTU,19.29,16.62,174.90,ac,No,0.95
forestland,wood,"Logging residues","Softwood natural logging residues","Class 2",Public,55057,"Juneau County",Wisconsin,805.17,"mature-market low",40,8408.30,dt,146035354400,BTU,10.44,16.66,116.40,ac,No,0.95
forestland,wood,"Logging residues","Softwood natural logging residues","Class 2",Public,55057,"Juneau County",Wisconsin,805.17,"mature-market low",40,15533.10,dt,269778880800,BTU,19.29,16.62,174.90,ac,No,0.95
forestland,wood,"Logging residues","Softwood natural logging residues","Class 2",Public,55057,"Juneau County",Wisconsin,805.17,"mature-market medium",40,8408.30,dt,146035354400,BTU,10.44,16.66,116.40,ac,No,0.95
forestland,wood,"Logging residues","Softwood natural logging residues","Class 2",Public,55057,"Juneau County",Wisconsin,805.17,"mature-market medium",40,15533.10,dt,269778880800,BTU,19.29,16.62,174.90,ac,No,0.95
forestland,wood,"Logging residues","Softwood natural logging residues","Class 2",Public,55057,"Juneau County",Wisconsin,805.17,near-term,40,93.30,dt,1620434400,BTU,0.12,16.62,1.40,ac,No,0.95
forestland,wood,"Logging residues","Softwood natural logging residues","Class 2",Public,55063,"La Crosse County",Wisconsin,480.05,Emerging,40,5.60,dt,97260800,BTU,0.01,16.66,1.90,ac,No,0.95
forestland,wood,"Logging residues","Softwood natural logging residues","Class 2",Public,55063,"La Crosse County",Wisconsin,480.05,"mature-market high",40,5.60,dt,97260800,BTU,0.01,16.66,1.90,ac,No,0.95
forestland,wood,"Logging residues","Softwood natural logging residues","Class 2",Public,55063,"La Crosse County",Wisconsin,480.05,"mature-market low",40,5.60,dt,97260800,BTU,0.01,16.66,1.90,ac,No,0.95
forestland,wood,"Logging residues","Softwood natural logging residues","Class 2",Public,55063,"La Crosse County",Wisconsin,480.05,"mature-market medium",40,5.60,dt,97260800,BTU,0.01,16.66,1.90,ac,No,0.95
forestland,wood,"Logging residues","Softwood natural logging residues","Class 2",Public,55063,"La Crosse County",Wisconsin,480.05,near-term,40,6.10,dt,105944800,BTU,0.01,16.66,2.80,ac,No,0.95
forestland,wood,"Logging residues","Softwood natural logging residues","Class 2",Public,55067,"Langlade County",Wisconsin,887.79,Emerging,40,246.80,dt,4286422400,BTU,0.28,16.66,92.90,ac,No,0.95
forestland,wood,"Logging residues","Softwood natural logging residues","Class 2",Public,55067,"Langlade County",Wisconsin,887.79,"mature-market high",40,246.80,dt,4286422400,BTU,0.28,16.66,92.90,ac,No,0.95
forestland,wood,"Logging residues","Softwood natural logging residues","Class 2",Public,55067,"Langlade County",Wisconsin,887.79,"mature-market low",40,246.80,dt,4286422400,BTU,0.28,16.66,92.90,ac,No,0.95
forestland,wood,"Logging residues","Softwood natural logging residues","Class 2",Public,55067,"Langlade County",Wisconsin,887.79,"mature-market medium",40,246.80,dt,4286422400,BTU,0.28,16.66,92.90,ac,No,0.95
forestland,wood,"Logging residues","Softwood natural logging residues","Class 2",Public,55081,"Monroe County",Wisconsin,908.08,Emerging,40,2574.90,dt,44720863200,BTU,2.84,16.66,889.80,ac,No,0.95
forestland,wood,"Logging residues","Softwood natural logging residues","Class 2",Public,55081,"Monroe County",Wisconsin,908.08,"mature-market high",40,2574.90,dt,44720863200,BTU,2.84,16.66,889.80,ac,No,0.95
forestland,wood,"Logging residues","Softwood natural logging residues","Class 2",Public,55081,"Monroe County",Wisconsin,908.08,"mature-market low",40,2574.90,dt,44720863200,BTU,2.84,16.66,889.80,ac,No,0.95
forestland,wood,"Logging residues","Softwood natural logging residues","Class 2",Public,55081,"Monroe County",Wisconsin,908.08,"mature-market medium",40,2574.90,dt,44720863200,BTU,2.84,16.66,889.80,ac,No,0.95
forestland,wood,"Logging residues","Softwood natural logging residues","Class 2",Public,55081,"Monroe County",Wisconsin,908.08,near-term,40,2832.70,dt,49198333600,BTU,3.12,16.66,1314.70,ac,No,0.95
forestland,wood,"Logging residues","Softwood natural logging residues","Class 2",Public,55083,"Oconto County",Wisconsin,1016.31,Emerging,40,2160.60,dt,37525300800,BTU,2.13,16.66,813.50,ac,No,0.95
forestland,wood,"Logging residues","Softwood natural logging residues","Class 2",Public,55083,"Oconto County",Wisconsin,1016.31,"mature-market high",40,2160.60,dt,37525300800,BTU,2.13,16.66,813.50,ac,No,0.95
forestland,wood,"Logging residues","Softwood natural logging residues","Class 2",Public,55083,"Oconto County",Wisconsin,1016.31,"mature-market low",40,2160.60,dt,37525300800,BTU,2.13,16.66,813.50,ac,No,0.95
forestland,wood,"Logging residues","Softwood natural logging residues","Class 2",Public,55083,"Oconto County",Wisconsin,1016.31,"mature-market medium",40,2160.60,dt,37525300800,BTU,2.13,16.66,813.50,ac,No,0.95
forestland,wood,"Logging residues","Softwood natural logging residues","Class 2",Public,55093,"Pierce County",Wisconsin,592.73,Emerging,40,22.30,dt,387306400,BTU,0.04,16.66,7.70,ac,No,0.95
forestland,wood,"Logging residues","Softwood natural logging residues","Class 2",Public,55093,"Pierce County",Wisconsin,592.73,"mature-market high",40,22.30,dt,387306400,BTU,0.04,16.66,7.70,ac,No,0.95
forestland,wood,"Logging residues","Softwood natural logging residues","Class 2",Public,55093,"Pierce County",Wisconsin,592.73,"mature-market low",40,22.30,dt,387306400,BTU,0.04,16.66,7.70,ac,No,0.95
forestland,wood,"Logging residues","Softwood natural logging residues","Class 2",Public,55093,"Pierce County",Wisconsin,592.73,"mature-market medium",40,22.30,dt,387306400,BTU,0.04,16.66,7.70,ac,No,0.95
forestland,wood,"Logging residues","Softwood natural logging residues","Class 2",Public,55093,"Pierce County",Wisconsin,592.73,near-term,40,24.50,dt,425516000,BTU,0.04,16.66,11.40,ac,No,0.95
forestland,wood,"Logging residues","Softwood natural logging residues","Class 2",Public,55095,"Polk County",Wisconsin,956.41,near-term,40,3.10,dt,53840800,BTU,0.00,16.66,1.90,ac,No,0.95
forestland,wood,"Logging residues","Softwood natural logging residues","Class 2",Public,55109,"St. Croix County",Wisconsin,735.19,Emerging,40,142.10,dt,2467992800,BTU,0.19,16.66,49.10,ac,No,0.95
forestland,wood,"Logging residues","Softwood natural logging residues","Class 2",Public,55109,"St. Croix County",Wisconsin,735.19,"mature-market high",40,142.10,dt,2467992800,BTU,0.19,16.66,49.10,ac,No,0.95
forestland,wood,"Logging residues","Softwood natural logging residues","Class 2",Public,55109,"St. Croix County",Wisconsin,735.19,"mature-market low",40,142.10,dt,2467992800,BTU,0.19,16.66,49.10,ac,No,0.95
forestland,wood,"Logging residues","Softwood natural logging residues","Class 2",Public,55109,"St. Croix County",Wisconsin,735.19,"mature-market medium",40,142.10,dt,2467992800,BTU,0.19,16.66,49.10,ac,No,0.95
forestland,wood,"Logging residues","Softwood natural logging residues","Class 2",Public,55109,"St. Croix County",Wisconsin,735.19,near-term,40,156.40,dt,2716355200,BTU,0.21,16.66,72.60,ac,No,0.95
forestland,wood,"Logging residues","Softwood natural logging residues","Class 2",Public,55113,"Sawyer County",Wisconsin,1350.24,near-term,40,464.50,dt,8067436000,BTU,0.34,16.66,278.00,ac,No,0.95
forestland,wood,"Logging residues","Softwood natural logging residues","Class 2",Public,55121,"Trempealeau County",Wisconsin,741.98,Emerging,40,2.80,dt,48630400,BTU,0.00,16.66,1.00,ac,No,0.95
forestland,wood,"Logging residues","Softwood natural logging residues","Class 2",Public,55121,"Trempealeau County",Wisconsin,741.98,"mature-market high",40,2.80,dt,48630400,BTU,0.00,16.66,1.00,ac,No,0.95
forestland,wood,"Logging residues","Softwood natural logging residues","Class 2",Public,55121,"Trempealeau County",Wisconsin,741.98,"mature-market low",40,2.80,dt,48630400,BTU,0.00,16.66,1.00,ac,No,0.95
forestland,wood,"Logging residues","Softwood natural logging residues","Class 2",Public,55121,"Trempealeau County",Wisconsin,741.98,"mature-market medium",40,2.80,dt,48630400,BTU,0.00,16.66,1.00,ac,No,0.95
forestland,wood,"Logging residues","Softwood natural logging residues","Class 2",Public,55121,"Trempealeau County",Wisconsin,741.98,near-term,40,3.10,dt,53840800,BTU,0.00,16.66,1.40,ac,No,0.95
forestland,wood,"Logging residues","Softwood natural logging residues","Class 2",Public,55129,"Washburn County",Wisconsin,853.32,near-term,40,55.70,dt,967397600,BTU,0.07,16.66,33.40,ac,No,0.95
forestland,wood,"Logging residues","Softwood natural logging residues","Class 2",Public,55139,"Winnebago County",Wisconsin,578.57,Emerging,40,122.20,dt,2122369600,BTU,0.21,16.66,33.70,ac,No,0.95
forestland,wood,"Logging residues","Softwood natural logging residues","Class 2",Public,55139,"Winnebago County",Wisconsin,578.57,"mature-market high",40,122.20,dt,2122369600,BTU,0.21,16.66,33.70,ac,No,0.95
forestland,wood,"Logging residues","Softwood natural logging residues","Class 2",Public,55139,"Winnebago County",Wisconsin,578.57,"mature-market low",40,122.20,dt,2122369600,BTU,0.21,16.66,33.70,ac,No,0.95
forestland,wood,"Logging residues","Softwood natural logging residues","Class 2",Public,55139,"Winnebago County",Wisconsin,578.57,"mature-market medium",40,122.20,dt,2122369600,BTU,0.21,16.66,33.70,ac,No,0.95
forestland,wood,"Logging residues","Softwood natural logging residues","Class 2",Public,55141,"Wood County",Wisconsin,809.25,Emerging,40,25.40,dt,441147200,BTU,0.03,16.66,0.40,ac,No,0.95
forestland,wood,"Logging residues","Softwood natural logging residues","Class 2",Public,55141,"Wood County",Wisconsin,809.25,Emerging,40,46.90,dt,814559200,BTU,0.06,16.62,0.50,ac,No,0.95
forestland,wood,"Logging residues","Softwood natural logging residues","Class 2",Public,55141,"Wood County",Wisconsin,809.25,"mature-market high",40,25.40,dt,441147200,BTU,0.03,16.66,0.40,ac,No,0.95
forestland,wood,"Logging residues","Softwood natural logging residues","Class 2",Public,55141,"Wood County",Wisconsin,809.25,"mature-market high",40,46.90,dt,814559200,BTU,0.06,16.62,0.50,ac,No,0.95
forestland,wood,"Logging residues","Softwood natural logging residues","Class 2",Public,55141,"Wood County",Wisconsin,809.25,"mature-market low",40,25.40,dt,441147200,BTU,0.03,16.66,0.40,ac,No,0.95
forestland,wood,"Logging residues","Softwood natural logging residues","Class 2",Public,55141,"Wood County",Wisconsin,809.25,"mature-market low",40,46.90,dt,814559200,BTU,0.06,16.62,0.50,ac,No,0.95
forestland,wood,"Logging residues","Softwood natural logging residues","Class 2",Public,55141,"Wood County",Wisconsin,809.25,"mature-market medium",40,25.40,dt,441147200,BTU,0.03,16.66,0.40,ac,No,0.95
forestland,wood,"Logging residues","Softwood natural logging residues","Class 2",Public,55141,"Wood County",Wisconsin,809.25,"mature-market medium",40,46.90,dt,814559200,BTU,0.06,16.62,0.50,ac,No,0.95
forestland,wood,"Logging residues","Softwood planted logging residues","Class 1",Public,55039,"Fond du Lac County",Wisconsin,765.84,Emerging,40,433.30,dt,7525554400,BTU,0.57,16.62,39.80,ac,No,0.95
forestland,wood,"Logging residues","Softwood planted logging residues","Class 1",Public,55039,"Fond du Lac County",Wisconsin,765.84,"mature-market high",40,433.30,dt,7525554400,BTU,0.57,16.62,39.80,ac,No,0.95
forestland,wood,"Logging residues","Softwood planted logging residues","Class 1",Public,55039,"Fond du Lac County",Wisconsin,765.84,"mature-market low",40,433.30,dt,7525554400,BTU,0.57,16.62,39.80,ac,No,0.95
forestland,wood,"Logging residues","Softwood planted logging residues","Class 1",Public,55039,"Fond du Lac County",Wisconsin,765.84,"mature-market medium",40,433.30,dt,7525554400,BTU,0.57,16.62,39.80,ac,No,0.95
forestland,wood,"Logging residues","Softwood planted logging residues","Class 1",Public,55139,"Winnebago County",Wisconsin,578.57,Emerging,40,108.30,dt,1880954400,BTU,0.19,16.62,9.90,ac,No,0.95
forestland,wood,"Logging residues","Softwood planted logging residues","Class 1",Public,55139,"Winnebago County",Wisconsin,578.57,"mature-market high",40,108.30,dt,1880954400,BTU,0.19,16.62,9.90,ac,No,0.95
forestland,wood,"Logging residues","Softwood planted logging residues","Class 1",Public,55139,"Winnebago County",Wisconsin,578.57,"mature-market low",40,108.30,dt,1880954400,BTU,0.19,16.62,9.90,ac,No,0.95
forestland,wood,"Logging residues","Softwood planted logging residues","Class 1",Public,55139,"Winnebago County",Wisconsin,578.57,"mature-market medium",40,108.30,dt,1880954400,BTU,0.19,16.62,9.90,ac,No,0.95
forestland,wood,"Logging residues","Softwood planted logging residues","Class 2",Private,55001,"Adams County",Wisconsin,687.48,near-term,40,943.90,dt,16393655200,BTU,1.37,20.14,244.50,ac,No,0.95
forestland,wood,"Logging residues","Softwood planted logging residues","Class 2",Private,55003,"Ashland County",Wisconsin,1054.13,near-term,40,195.00,dt,3386760000,BTU,0.18,20.14,51.10,ac,No,0.95
forestland,wood,"Logging residues","Softwood planted logging residues","Class 2",Private,55005,"Barron County",Wisconsin,889.76,near-term,40,49.10,dt,852768800,BTU,0.06,20.14,15.90,ac,No,0.95
forestland,wood,"Logging residues","Softwood planted logging residues","Class 2",Private,55007,"Bayfield County",Wisconsin,1511.34,near-term,40,386.30,dt,6709258400,BTU,0.26,20.14,125.20,ac,No,0.95
forestland,wood,"Logging residues","Softwood planted logging residues","Class 2",Private,55009,"Brown County",Wisconsin,531.24,near-term,40,41.40,dt,719035200,BTU,0.08,20.14,16.80,ac,No,0.95
forestland,wood,"Logging residues","Softwood planted logging residues","Class 2",Private,55011,"Buffalo County",Wisconsin,709.59,near-term,40,44.40,dt,771139200,BTU,0.06,20.14,10.60,ac,No,0.95
forestland,wood,"Logging residues","Softwood planted logging residues","Class 2",Private,55013,"Burnett County",Wisconsin,880.22,near-term,40,212.10,dt,3683752800,BTU,0.24,20.14,68.80,ac,No,0.95
forestland,wood,"Logging residues","Softwood planted logging residues","Class 2",Private,55015,"Calumet County",Wisconsin,397.08,near-term,40,8.00,dt,138944000,BTU,0.02,20.14,3.30,ac,No,0.95
forestland,wood,"Logging residues","Softwood planted logging residues","Class 2",Private,55017,"Chippewa County",Wisconsin,1041.27,near-term,40,47.50,dt,824980000,BTU,0.05,20.14,15.40,ac,No,0.95
forestland,wood,"Logging residues","Softwood planted logging residues","Class 2",Private,55019,"Clark County",Wisconsin,1218.67,near-term,40,280.80,dt,4876934400,BTU,0.23,20.14,73.60,ac,No,0.95
forestland,wood,"Logging residues","Softwood planted logging residues","Class 2",Private,55021,"Columbia County",Wisconsin,795.99,near-term,40,240.10,dt,4170056800,BTU,0.30,20.14,77.00,ac,No,0.95
forestland,wood,"Logging residues","Softwood planted logging residues","Class 2",Private,55023,"Crawford County",Wisconsin,599.21,near-term,40,37.60,dt,653036800,BTU,0.06,20.14,9.60,ac,No,0.95
forestland,wood,"Logging residues","Softwood planted logging residues","Class 2",Private,55025,"Dane County",Wisconsin,1237.5,near-term,40,76.60,dt,1330388800,BTU,0.06,20.14,24.60,ac,No,0.95
forestland,wood,"Logging residues","Softwood planted logging residues","Class 2",Private,55027,"Dodge County",Wisconsin,907.1,near-term,40,43.20,dt,750297600,BTU,0.05,20.14,13.90,ac,No,0.95
forestland,wood,"Logging residues","Softwood planted logging residues","Class 2",Private,55029,"Door County",Wisconsin,487.56,near-term,40,94.80,dt,1646486400,BTU,0.19,20.14,38.60,ac,No,0.95
forestland,wood,"Logging residues","Softwood planted logging residues","Class 2",Private,55031,"Douglas County",Wisconsin,1332.11,near-term,40,528.80,dt,9184198400,BTU,0.40,20.14,171.40,ac,No,0.95
forestland,wood,"Logging residues","Softwood planted logging residues","Class 2",Private,55033,"Dunn County",Wisconsin,863.89,near-term,40,183.80,dt,3192238400,BTU,0.21,20.14,44.00,ac,No,0.95
forestland,wood,"Logging residues","Softwood planted logging residues","Class 2",Private,55035,"Eau Claire County",Wisconsin,645.2,near-term,40,256.60,dt,4456628800,BTU,0.40,20.14,61.40,ac,No,0.95
forestland,wood,"Logging residues","Softwood planted logging residues","Class 2",Private,55037,"Florence County",Wisconsin,497.43,near-term,40,90.00,dt,1563120000,BTU,0.18,20.14,28.50,ac,No,0.95
forestland,wood,"Logging residues","Softwood planted logging residues","Class 2",Private,55039,"Fond du Lac County",Wisconsin,765.84,near-term,40,114.90,dt,1995583200,BTU,0.15,20.14,46.80,ac,No,0.95
forestland,wood,"Logging residues","Softwood planted logging residues","Class 2",Private,55041,"Forest County",Wisconsin,1046.52,near-term,40,126.00,dt,2188368000,BTU,0.12,20.14,40.00,ac,No,0.95
forestland,wood,"Logging residues","Softwood planted logging residues","Class 2",Private,55043,"Grant County",Wisconsin,1183.37,near-term,40,100.50,dt,1745484000,BTU,0.08,20.14,25.70,ac,No,0.95
forestland,wood,"Logging residues","Softwood planted logging residues","Class 2",Private,55045,"Green County",Wisconsin,584.55,near-term,40,11.30,dt,196258400,BTU,0.02,20.14,3.60,ac,No,0.95
forestland,wood,"Logging residues","Softwood planted logging residues","Class 2",Private,55047,"Green Lake County",Wisconsin,380.13,near-term,40,31.80,dt,552302400,BTU,0.08,20.14,8.20,ac,No,0.95
forestland,wood,"Logging residues","Softwood planted logging residues","Class 2",Private,55049,"Iowa County",Wisconsin,768.05,near-term,40,114.40,dt,1986899200,BTU,0.15,20.14,29.30,ac,No,0.95
forestland,wood,"Logging residues","Softwood planted logging residues","Class 2",Private,55051,"Iron County",Wisconsin,802.62,near-term,40,84.10,dt,1460648800,BTU,0.10,20.14,22.00,ac,No,0.95
forestland,wood,"Logging residues","Softwood planted logging residues","Class 2",Private,55053,"Jackson County",Wisconsin,1000.48,near-term,40,893.00,dt,15509624000,BTU,0.89,20.14,213.70,ac,No,0.95
forestland,wood,"Logging residues","Softwood planted logging residues","Class 2",Private,55055,"Jefferson County",Wisconsin,582.74,near-term,40,49.10,dt,852768800,BTU,0.08,20.14,15.80,ac,No,0.95
forestland,wood,"Logging residues","Softwood planted logging residues","Class 2",Private,55057,"Juneau County",Wisconsin,805.17,near-term,40,362.30,dt,6292426400,BTU,0.45,20.14,93.90,ac,No,0.95
forestland,wood,"Logging residues","Softwood planted logging residues","Class 2",Private,55059,"Kenosha County",Wisconsin,278.42,near-term,40,4.70,dt,81629600,BTU,0.02,20.14,1.20,ac,No,0.95
forestland,wood,"Logging residues","Softwood planted logging residues","Class 2",Private,55061,"Kewaunee County",Wisconsin,343.95,near-term,40,24.10,dt,418568800,BTU,0.07,20.14,9.80,ac,No,0.95
forestland,wood,"Logging residues","Softwood planted logging residues","Class 2",Private,55063,"La Crosse County",Wisconsin,480.05,near-term,40,70.70,dt,1227917600,BTU,0.15,20.14,16.90,ac,No,0.95
forestland,wood,"Logging residues","Softwood planted logging residues","Class 2",Private,55065,"Lafayette County",Wisconsin,634.57,near-term,40,11.40,dt,197995200,BTU,0.02,20.14,2.90,ac,No,0.95
forestland,wood,"Logging residues","Softwood planted logging residues","Class 2",Private,55067,"Langlade County",Wisconsin,887.79,near-term,40,119.00,dt,2066792000,BTU,0.13,20.14,37.80,ac,No,0.95
forestland,wood,"Logging residues","Softwood planted logging residues","Class 2",Private,55069,"Lincoln County",Wisconsin,906.79,near-term,40,196.70,dt,3416285600,BTU,0.22,20.14,51.50,ac,No,0.95
forestland,wood,"Logging residues","Softwood planted logging residues","Class 2",Private,55071,"Manitowoc County",Wisconsin,594.62,near-term,40,46.50,dt,807612000,BTU,0.08,20.14,18.90,ac,No,0.95
forestland,wood,"Logging residues","Softwood planted logging residues","Class 2",Private,55073,"Marathon County",Wisconsin,1576.33,near-term,40,201.80,dt,3504862400,BTU,0.13,20.14,52.90,ac,No,0.95
forestland,wood,"Logging residues","Softwood planted logging residues","Class 2",Private,55075,"Marinette County",Wisconsin,1429.25,near-term,40,451.20,dt,7836441600,BTU,0.32,20.14,143.20,ac,No,0.95
forestland,wood,"Logging residues","Softwood planted logging residues","Class 2",Private,55077,"Marquette County",Wisconsin,464.47,near-term,40,254.20,dt,4414945600,BTU,0.55,20.14,65.90,ac,No,0.95
forestland,wood,"Logging residues","Softwood planted logging residues","Class 2",Private,55078,"Menominee County",Wisconsin,364.96,near-term,40,196.50,dt,3412812000,BTU,0.54,20.14,62.40,ac,No,0.95
forestland,wood,"Logging residues","Softwood planted logging residues","Class 2",Private,55079,"Milwaukee County",Wisconsin,242.17,near-term,40,1.20,dt,20841600,BTU,0.00,20.14,0.30,ac,No,0.95
forestland,wood,"Logging residues","Softwood planted logging residues","Class 2",Private,55081,"Monroe County",Wisconsin,908.08,near-term,40,218.20,dt,3789697600,BTU,0.24,20.14,52.20,ac,No,0.95
forestland,wood,"Logging residues","Softwood planted logging residues","Class 2",Private,55083,"Oconto County",Wisconsin,1016.31,near-term,40,214.50,dt,3725436000,BTU,0.21,20.14,68.10,ac,No,0.95
forestland,wood,"Logging residues","Softwood planted logging residues","Class 2",Private,55085,"Oneida County",Wisconsin,1236.57,near-term,40,337.90,dt,5868647200,BTU,0.27,20.14,88.50,ac,No,0.95
forestland,wood,"Logging residues","Softwood planted logging residues","Class 2",Private,55087,"Outagamie County",Wisconsin,644.61,near-term,40,50.50,dt,877084000,BTU,0.08,20.14,20.60,ac,No,0.95
forestland,wood,"Logging residues","Softwood planted logging residues","Class 2",Private,55089,"Ozaukee County",Wisconsin,235.28,near-term,40,13.50,dt,234468000,BTU,0.06,20.14,3.40,ac,No,0.95
forestland,wood,"Logging residues","Softwood planted logging residues","Class 2",Private,55091,"Pepin County",Wisconsin,248.7,near-term,40,14.10,dt,244888800,BTU,0.06,20.14,3.40,ac,No,0.95
forestland,wood,"Logging residues","Softwood planted logging residues","Class 2",Private,55093,"Pierce County",Wisconsin,592.73,near-term,40,40.40,dt,701667200,BTU,0.07,20.14,9.70,ac,No,0.95
forestland,wood,"Logging residues","Softwood planted logging residues","Class 2",Private,55095,"Polk County",Wisconsin,956.41,near-term,40,64.90,dt,1127183200,BTU,0.07,20.14,21.00,ac,No,0.95
forestland,wood,"Logging residues","Softwood planted logging residues","Class 2",Private,55097,"Portage County",Wisconsin,822.82,near-term,40,403.60,dt,7009724800,BTU,0.49,20.14,104.60,ac,No,0.95
forestland,wood,"Logging residues","Softwood planted logging residues","Class 2",Private,55099,"Price County",Wisconsin,1278.04,near-term,40,60.50,dt,1050764000,BTU,0.05,20.14,15.90,ac,No,0.95
forestland,wood,"Logging residues","Softwood planted logging residues","Class 2",Private,55101,"Racine County",Wisconsin,340.39,near-term,40,6.60,dt,114628800,BTU,0.02,20.14,1.70,ac,No,0.95
forestland,wood,"Logging residues","Softwood planted logging residues","Class 2",Private,55103,"Richland County",Wisconsin,589.3,near-term,40,98.00,dt,1702064000,BTU,0.17,20.14,25.10,ac,No,0.95
forestland,wood,"Logging residues","Softwood planted logging residues","Class 2",Private,55105,"Rock County",Wisconsin,726.16,near-term,40,29.70,dt,515829600,BTU,0.04,20.14,9.50,ac,No,0.95
forestland,wood,"Logging residues","Softwood planted logging residues","Class 2",Private,55107,"Rusk County",Wisconsin,930.86,near-term,40,15.80,dt,274414400,BTU,0.02,20.14,5.10,ac,No,0.95
forestland,wood,"Logging residues","Softwood planted logging residues","Class 2",Private,55109,"St. Croix County",Wisconsin,735.19,near-term,40,183.80,dt,3192238400,BTU,0.25,20.14,44.00,ac,No,0.95
forestland,wood,"Logging residues","Softwood planted logging residues","Class 2",Private,55111,"Sauk County",Wisconsin,849.19,near-term,40,328.40,dt,5703651200,BTU,0.39,20.14,84.10,ac,No,0.95
forestland,wood,"Logging residues","Softwood planted logging residues","Class 2",Private,55113,"Sawyer County",Wisconsin,1350.24,near-term,40,131.40,dt,2282155200,BTU,0.10,20.14,42.60,ac,No,0.95
forestland,wood,"Logging residues","Softwood planted logging residues","Class 2",Private,55115,"Shawano County",Wisconsin,909.4,near-term,40,186.90,dt,3246079200,BTU,0.21,20.14,59.30,ac,No,0.95
forestland,wood,"Logging residues","Softwood planted logging residues","Class 2",Private,55117,"Sheboygan County",Wisconsin,517.64,near-term,40,160.80,dt,2792774400,BTU,0.31,20.14,65.50,ac,No,0.95
forestland,wood,"Logging residues","Softwood planted logging residues","Class 2",Private,55119,"Taylor County",Wisconsin,984.56,near-term,40,31.90,dt,554039200,BTU,0.03,20.14,8.40,ac,No,0.95
forestland,wood,"Logging residues","Softwood planted logging residues","Class 2",Private,55121,"Trempealeau County",Wisconsin,741.98,near-term,40,115.20,dt,2000793600,BTU,0.16,20.14,27.60,ac,No,0.95
forestland,wood,"Logging residues","Softwood planted logging residues","Class 2",Private,55123,"Vernon County",Wisconsin,816.38,near-term,40,125.80,dt,2184894400,BTU,0.15,20.14,32.20,ac,No,0.95
forestland,wood,"Logging residues","Softwood planted logging residues","Class 2",Private,55125,"Vilas County",Wisconsin,1017.72,near-term,40,292.50,dt,5080140000,BTU,0.29,20.14,76.60,ac,No,0.95
forestland,wood,"Logging residues","Softwood planted logging residues","Class 2",Private,55127,"Walworth County",Wisconsin,576.6,near-term,40,64.40,dt,1118499200,BTU,0.11,20.14,16.50,ac,No,0.95
forestland,wood,"Logging residues","Softwood planted logging residues","Class 2",Private,55129,"Washburn County",Wisconsin,853.32,near-term,40,145.70,dt,2530517600,BTU,0.17,20.14,47.20,ac,No,0.95
forestland,wood,"Logging residues","Softwood planted logging residues","Class 2",Private,55131,"Washington County",Wisconsin,435.66,near-term,40,65.60,dt,1139340800,BTU,0.15,20.14,16.80,ac,No,0.95
forestland,wood,"Logging residues","Softwood planted logging residues","Class 2",Private,55133,"Waukesha County",Wisconsin,580.54,near-term,40,88.60,dt,1538804800,BTU,0.15,20.14,22.70,ac,No,0.95
forestland,wood,"Logging residues","Softwood planted logging residues","Class 2",Private,55135,"Waupaca County",Wisconsin,765.17,near-term,40,219.30,dt,3808802400,BTU,0.29,20.14,56.80,ac,No,0.95
forestland,wood,"Logging residues","Softwood planted logging residues","Class 2",Private,55137,"Waushara County",Wisconsin,637.4,near-term,40,549.80,dt,9548926400,BTU,0.86,20.14,142.40,ac,No,0.95
forestland,wood,"Logging residues","Softwood planted logging residues","Class 2",Private,55139,"Winnebago County",Wisconsin,578.57,near-term,40,32.70,dt,567933600,BTU,0.06,20.14,13.30,ac,No,0.95
forestland,wood,"Logging residues","Softwood planted logging residues","Class 2",Private,55141,"Wood County",Wisconsin,809.25,near-term,40,416.30,dt,7230298400,BTU,0.51,20.14,107.90,ac,No,0.95
forestland,wood,"Logging residues","Softwood planted logging residues","Class 2",Public,55003,"Ashland County",Wisconsin,1054.13,near-term,40,553.20,dt,9607977600,BTU,0.52,20.14,253.30,ac,No,0.95
forestland,wood,"Logging residues","Softwood planted logging residues","Class 2",Public,55007,"Bayfield County",Wisconsin,1511.34,near-term,40,2520.20,dt,43770833600,BTU,1.67,20.14,824.90,ac,No,0.95
forestland,wood,"Logging residues","Softwood planted logging residues","Class 2",Public,55011,"Buffalo County",Wisconsin,709.59,near-term,40,1.30,dt,22578400,BTU,0.00,20.14,0.40,ac,No,0.95
forestland,wood,"Logging residues","Softwood planted logging residues","Class 2",Public,55013,"Burnett County",Wisconsin,880.22,near-term,40,27.70,dt,481093600,BTU,0.03,20.14,9.10,ac,No,0.95
forestland,wood,"Logging residues","Softwood planted logging residues","Class 2",Public,55023,"Crawford County",Wisconsin,599.21,near-term,40,12.70,dt,220573600,BTU,0.02,20.14,10.90,ac,No,0.95
forestland,wood,"Logging residues","Softwood planted logging residues","Class 2",Public,55031,"Douglas County",Wisconsin,1332.11,near-term,40,3.10,dt,53840800,BTU,0.00,20.14,1.00,ac,No,0.95
forestland,wood,"Logging residues","Softwood planted logging residues","Class 2",Public,55037,"Florence County",Wisconsin,497.43,near-term,40,82.50,dt,1432860000,BTU,0.17,20.14,25.30,ac,No,0.95
forestland,wood,"Logging residues","Softwood planted logging residues","Class 2",Public,55041,"Forest County",Wisconsin,1046.52,near-term,40,437.30,dt,7595026400,BTU,0.42,20.14,133.90,ac,No,0.95
forestland,wood,"Logging residues","Softwood planted logging residues","Class 2",Public,55043,"Grant County",Wisconsin,1183.37,near-term,40,11.60,dt,201468800,BTU,0.01,20.14,10.00,ac,No,0.95
forestland,wood,"Logging residues","Softwood planted logging residues","Class 2",Public,55053,"Jackson County",Wisconsin,1000.48,near-term,40,16.30,dt,283098400,BTU,0.02,20.14,5.10,ac,No,0.95
forestland,wood,"Logging residues","Softwood planted logging residues","Class 2",Public,55057,"Juneau County",Wisconsin,805.17,near-term,40,39.30,dt,682562400,BTU,0.05,20.14,6.90,ac,No,0.95
forestland,wood,"Logging residues","Softwood planted logging residues","Class 2",Public,55063,"La Crosse County",Wisconsin,480.05,near-term,40,2.50,dt,43420000,BTU,0.01,20.14,0.80,ac,No,0.95
forestland,wood,"Logging residues","Softwood planted logging residues","Class 2",Public,55067,"Langlade County",Wisconsin,887.79,near-term,40,48.70,dt,845821600,BTU,0.05,20.14,14.90,ac,No,0.95
forestland,wood,"Logging residues","Softwood planted logging residues","Class 2",Public,55081,"Monroe County",Wisconsin,908.08,near-term,40,1159.50,dt,20138196000,BTU,1.28,20.14,359.80,ac,No,0.95
forestland,wood,"Logging residues","Softwood planted logging residues","Class 2",Public,55083,"Oconto County",Wisconsin,1016.31,near-term,40,426.30,dt,7403978400,BTU,0.42,20.14,130.60,ac,No,0.95
forestland,wood,"Logging residues","Softwood planted logging residues","Class 2",Public,55085,"Oneida County",Wisconsin,1236.57,near-term,40,98.60,dt,1712484800,BTU,0.08,20.14,45.20,ac,No,0.95
forestland,wood,"Logging residues","Softwood planted logging residues","Class 2",Public,55093,"Pierce County",Wisconsin,592.73,near-term,40,10.00,dt,173680000,BTU,0.02,20.14,3.10,ac,No,0.95
forestland,wood,"Logging residues","Softwood planted logging residues","Class 2",Public,55095,"Polk County",Wisconsin,956.41,near-term,40,3.10,dt,53840800,BTU,0.00,20.14,1.00,ac,No,0.95
forestland,wood,"Logging residues","Softwood planted logging residues","Class 2",Public,55099,"Price County",Wisconsin,1278.04,near-term,40,181.40,dt,3150555200,BTU,0.14,20.14,83.00,ac,No,0.95
forestland,wood,"Logging residues","Softwood planted logging residues","Class 2",Public,55109,"St. Croix County",Wisconsin,735.19,near-term,40,64.00,dt,1111552000,BTU,0.09,20.14,19.90,ac,No,0.95
forestland,wood,"Logging residues","Softwood planted logging residues","Class 2",Public,55111,"Sauk County",Wisconsin,849.19,near-term,40,4.10,dt,71208800,BTU,0.00,20.14,3.60,ac,No,0.95
forestland,wood,"Logging residues","Softwood planted logging residues","Class 2",Public,55113,"Sawyer County",Wisconsin,1350.24,near-term,40,461.00,dt,8006648000,BTU,0.34,20.14,150.90,ac,No,0.95
forestland,wood,"Logging residues","Softwood planted logging residues","Class 2",Public,55119,"Taylor County",Wisconsin,984.56,near-term,40,78.20,dt,1358177600,BTU,0.08,20.14,35.80,ac,No,0.95
forestland,wood,"Logging residues","Softwood planted logging residues","Class 2",Public,55121,"Trempealeau County",Wisconsin,741.98,near-term,40,1.30,dt,22578400,BTU,0.00,20.14,0.40,ac,No,0.95
forestland,wood,"Logging residues","Softwood planted logging residues","Class 2",Public,55123,"Vernon County",Wisconsin,816.38,near-term,40,5.00,dt,86840000,BTU,0.01,20.14,4.30,ac,No,0.95
forestland,wood,"Logging residues","Softwood planted logging residues","Class 2",Public,55125,"Vilas County",Wisconsin,1017.72,near-term,40,222.20,dt,3859169600,BTU,0.22,20.14,101.70,ac,No,0.95
forestland,wood,"Logging residues","Softwood planted logging residues","Class 2",Public,55129,"Washburn County",Wisconsin,853.32,near-term,40,55.30,dt,960450400,BTU,0.06,20.14,18.10,ac,No,0.95
forestland,wood,"Other forest waste","Forest waste human generated",Unavailable,11,55001,"Adams County",Wisconsin,687.48,Emerging,50,1309.51,dt,22743521945,BTU,0.19,0.0,0.0,,No,0.95
forestland,wood,"Other forest waste","Forest waste human generated",Unavailable,11,55001,"Adams County",Wisconsin,687.48,"mature-market high",50,1309.51,dt,22743521945,BTU,0.19,0.0,0.0,,No,0.95
forestland,wood,"Other forest waste","Forest waste human generated",Unavailable,11,55001,"Adams County",Wisconsin,687.48,"mature-market low",50,1309.51,dt,22743521945,BTU,0.19,0.0,0.0,,No,0.95
forestland,wood,"Other forest waste","Forest waste human generated",Unavailable,11,55001,"Adams County",Wisconsin,687.48,"mature-market medium",50,1309.51,dt,22743521945,BTU,0.19,0.0,0.0,,No,0.95
forestland,wood,"Other forest waste","Forest waste human generated",Unavailable,11,55001,"Adams County",Wisconsin,687.48,near-term,50,1309.51,dt,22743521945,BTU,0.19,0.0,0.0,,No,0.95
forestland,wood,"Other forest waste","Forest waste human generated",Unavailable,11,55011,"Buffalo County",Wisconsin,709.59,Emerging,50,340.87,dt,5920252976,BTU,0.05,0.0,0.0,,No,0.95
forestland,wood,"Other forest waste","Forest waste human generated",Unavailable,11,55011,"Buffalo County",Wisconsin,709.59,"mature-market high",50,340.87,dt,5920252976,BTU,0.05,0.0,0.0,,No,0.95
forestland,wood,"Other forest waste","Forest waste human generated",Unavailable,11,55011,"Buffalo County",Wisconsin,709.59,"mature-market low",50,340.87,dt,5920252976,BTU,0.05,0.0,0.0,,No,0.95
forestland,wood,"Other forest waste","Forest waste human generated",Unavailable,11,55011,"Buffalo County",Wisconsin,709.59,"mature-market medium",50,340.87,dt,5920252976,BTU,0.05,0.0,0.0,,No,0.95
forestland,wood,"Other forest waste","Forest waste human generated",Unavailable,11,55011,"Buffalo County",Wisconsin,709.59,near-term,50,340.87,dt,5920252976,BTU,0.05,0.0,0.0,,No,0.95
forestland,wood,"Other forest waste","Forest waste human generated",Unavailable,11,55019,"Clark County",Wisconsin,1218.67,Emerging,50,2049.38,dt,35593659207,BTU,0.17,0.0,0.0,,No,0.95
forestland,wood,"Other forest waste","Forest waste human generated",Unavailable,11,55019,"Clark County",Wisconsin,1218.67,"mature-market high",50,2049.38,dt,35593659207,BTU,0.17,0.0,0.0,,No,0.95
forestland,wood,"Other forest waste","Forest waste human generated",Unavailable,11,55019,"Clark County",Wisconsin,1218.67,"mature-market low",50,2049.38,dt,35593659207,BTU,0.17,0.0,0.0,,No,0.95
forestland,wood,"Other forest waste","Forest waste human generated",Unavailable,11,55019,"Clark County",Wisconsin,1218.67,"mature-market medium",50,2049.38,dt,35593659207,BTU,0.17,0.0,0.0,,No,0.95
forestland,wood,"Other forest waste","Forest waste human generated",Unavailable,11,55019,"Clark County",Wisconsin,1218.67,near-term,50,2049.38,dt,35593659207,BTU,0.17,0.0,0.0,,No,0.95
forestland,wood,"Other forest waste","Forest waste human generated",Unavailable,11,55023,"Crawford County",Wisconsin,599.21,Emerging,50,1750.09,dt,30395607569,BTU,0.29,0.0,0.0,,No,0.95
forestland,wood,"Other forest waste","Forest waste human generated",Unavailable,11,55023,"Crawford County",Wisconsin,599.21,"mature-market high",50,1750.09,dt,30395607569,BTU,0.29,0.0,0.0,,No,0.95
forestland,wood,"Other forest waste","Forest waste human generated",Unavailable,11,55023,"Crawford County",Wisconsin,599.21,"mature-market low",50,1750.09,dt,30395607569,BTU,0.29,0.0,0.0,,No,0.95
forestland,wood,"Other forest waste","Forest waste human generated",Unavailable,11,55023,"Crawford County",Wisconsin,599.21,"mature-market medium",50,1750.09,dt,30395607569,BTU,0.29,0.0,0.0,,No,0.95
forestland,wood,"Other forest waste","Forest waste human generated",Unavailable,11,55023,"Crawford County",Wisconsin,599.21,near-term,50,1750.09,dt,30395607569,BTU,0.29,0.0,0.0,,No,0.95
forestland,wood,"Other forest waste","Forest waste human generated",Unavailable,11,55029,"Door County",Wisconsin,487.56,Emerging,50,9116.86,dt,158341565119,BTU,1.87,0.0,0.0,,No,0.95
forestland,wood,"Other forest waste","Forest waste human generated",Unavailable,11,55029,"Door County",Wisconsin,487.56,"mature-market high",50,9116.86,dt,158341565119,BTU,1.87,0.0,0.0,,No,0.95
forestland,wood,"Other forest waste","Forest waste human generated",Unavailable,11,55029,"Door County",Wisconsin,487.56,"mature-market low",50,9116.86,dt,158341565119,BTU,1.87,0.0,0.0,,No,0.95
forestland,wood,"Other forest waste","Forest waste human generated",Unavailable,11,55029,"Door County",Wisconsin,487.56,"mature-market medium",50,9116.86,dt,158341565119,BTU,1.87,0.0,0.0,,No,0.95
forestland,wood,"Other forest waste","Forest waste human generated",Unavailable,11,55029,"Door County",Wisconsin,487.56,near-term,50,9116.86,dt,158341565119,BTU,1.87,0.0,0.0,,No,0.95
forestland,wood,"Other forest waste","Forest waste human generated",Unavailable,11,55033,"Dunn County",Wisconsin,863.89,Emerging,50,1771.69,dt,30770797448,BTU,0.21,0.0,0.0,,No,0.95
forestland,wood,"Other forest waste","Forest waste human generated",Unavailable,11,55033,"Dunn County",Wisconsin,863.89,Emerging,50,2185.78,dt,37962696508,BTU,0.25,0.0,0.0,,No,0.95
forestland,wood,"Other forest waste","Forest waste human generated",Unavailable,11,55033,"Dunn County",Wisconsin,863.89,"mature-market high",50,1771.69,dt,30770797448,BTU,0.21,0.0,0.0,,No,0.95
forestland,wood,"Other forest waste","Forest waste human generated",Unavailable,11,55033,"Dunn County",Wisconsin,863.89,"mature-market high",50,2185.78,dt,37962696508,BTU,0.25,0.0,0.0,,No,0.95
forestland,wood,"Other forest waste","Forest waste human generated",Unavailable,11,55033,"Dunn County",Wisconsin,863.89,"mature-market low",50,1771.69,dt,30770797448,BTU,0.21,0.0,0.0,,No,0.95
forestland,wood,"Other forest waste","Forest waste human generated",Unavailable,11,55033,"Dunn County",Wisconsin,863.89,"mature-market low",50,2185.78,dt,37962696508,BTU,0.25,0.0,0.0,,No,0.95
forestland,wood,"Other forest waste","Forest waste human generated",Unavailable,11,55033,"Dunn County",Wisconsin,863.89,"mature-market medium",50,1771.69,dt,30770797448,BTU,0.21,0.0,0.0,,No,0.95
forestland,wood,"Other forest waste","Forest waste human generated",Unavailable,11,55033,"Dunn County",Wisconsin,863.89,"mature-market medium",50,2185.78,dt,37962696508,BTU,0.25,0.0,0.0,,No,0.95
forestland,wood,"Other forest waste","Forest waste human generated",Unavailable,11,55033,"Dunn County",Wisconsin,863.89,near-term,50,1771.69,dt,30770797448,BTU,0.21,0.0,0.0,,No,0.95
forestland,wood,"Other forest waste","Forest waste human generated",Unavailable,11,55033,"Dunn County",Wisconsin,863.89,near-term,50,2185.78,dt,37962696508,BTU,0.25,0.0,0.0,,No,0.95
forestland,wood,"Other forest waste","Forest waste human generated",Unavailable,11,55043,"Grant County",Wisconsin,1183.37,Emerging,50,473.38,dt,8221684448,BTU,0.04,0.0,0.0,,No,0.95
forestland,wood,"Other forest waste","Forest waste human generated",Unavailable,11,55043,"Grant County",Wisconsin,1183.37,"mature-market high",50,473.38,dt,8221684448,BTU,0.04,0.0,0.0,,No,0.95
forestland,wood,"Other forest waste","Forest waste human generated",Unavailable,11,55043,"Grant County",Wisconsin,1183.37,"mature-market low",50,473.38,dt,8221684448,BTU,0.04,0.0,0.0,,No,0.95
forestland,wood,"Other forest waste","Forest waste human generated",Unavailable,11,55043,"Grant County",Wisconsin,1183.37,"mature-market medium",50,473.38,dt,8221684448,BTU,0.04,0.0,0.0,,No,0.95
forestland,wood,"Other forest waste","Forest waste human generated",Unavailable,11,55043,"Grant County",Wisconsin,1183.37,near-term,50,473.38,dt,8221684448,BTU,0.04,0.0,0.0,,No,0.95
forestland,wood,"Other forest waste","Forest waste human generated",Unavailable,11,55045,"Green County",Wisconsin,584.55,Emerging,50,21.74,dt,377549927,BTU,0.00,0.0,0.0,,No,0.95
forestland,wood,"Other forest waste","Forest waste human generated",Unavailable,11,55045,"Green County",Wisconsin,584.55,"mature-market high",50,21.74,dt,377549927,BTU,0.00,0.0,0.0,,No,0.95
forestland,wood,"Other forest waste","Forest waste human generated",Unavailable,11,55045,"Green County",Wisconsin,584.55,"mature-market low",50,21.74,dt,377549927,BTU,0.00,0.0,0.0,,No,0.95
forestland,wood,"Other forest waste","Forest waste human generated",Unavailable,11,55045,"Green County",Wisconsin,584.55,"mature-market medium",50,21.74,dt,377549927,BTU,0.00,0.0,0.0,,No,0.95
forestland,wood,"Other forest waste","Forest waste human generated",Unavailable,11,55045,"Green County",Wisconsin,584.55,near-term,50,21.74,dt,377549927,BTU,0.00,0.0,0.0,,No,0.95
forestland,wood,"Other forest waste","Forest waste human generated",Unavailable,11,55053,"Jackson County",Wisconsin,1000.48,Emerging,50,693.79,dt,12049753439,BTU,0.07,0.0,0.0,,No,0.95
forestland,wood,"Other forest waste","Forest waste human generated",Unavailable,11,55053,"Jackson County",Wisconsin,1000.48,"mature-market high",50,693.79,dt,12049753439,BTU,0.07,0.0,0.0,,No,0.95
forestland,wood,"Other forest waste","Forest waste human generated",Unavailable,11,55053,"Jackson County",Wisconsin,1000.48,"mature-market low",50,693.79,dt,12049753439,BTU,0.07,0.0,0.0,,No,0.95
forestland,wood,"Other forest waste","Forest waste human generated",Unavailable,11,55053,"Jackson County",Wisconsin,1000.48,"mature-market medium",50,693.79,dt,12049753439,BTU,0.07,0.0,0.0,,No,0.95
forestland,wood,"Other forest waste","Forest waste human generated",Unavailable,11,55053,"Jackson County",Wisconsin,1000.48,near-term,50,693.79,dt,12049753439,BTU,0.07,0.0,0.0,,No,0.95
forestland,wood,"Other forest waste","Forest waste human generated",Unavailable,11,55091,"Pepin County",Wisconsin,248.7,Emerging,50,52.71,dt,915523943,BTU,0.02,0.0,0.0,,No,0.95
forestland,wood,"Other forest waste","Forest waste human generated",Unavailable,11,55091,"Pepin County",Wisconsin,248.7,"mature-market high",50,52.71,dt,915523943,BTU,0.02,0.0,0.0,,No,0.95
forestland,wood,"Other forest waste","Forest waste human generated",Unavailable,11,55091,"Pepin County",Wisconsin,248.7,"mature-market low",50,52.71,dt,915523943,BTU,0.02,0.0,0.0,,No,0.95
forestland,wood,"Other forest waste","Forest waste human generated",Unavailable,11,55091,"Pepin County",Wisconsin,248.7,"mature-market medium",50,52.71,dt,915523943,BTU,0.02,0.0,0.0,,No,0.95
forestland,wood,"Other forest waste","Forest waste human generated",Unavailable,11,55091,"Pepin County",Wisconsin,248.7,near-term,50,52.71,dt,915523943,BTU,0.02,0.0,0.0,,No,0.95
forestland,wood,"Other forest waste","Forest waste human generated",Unavailable,11,55103,"Richland County",Wisconsin,589.3,Emerging,50,937.67,dt,16285426018,BTU,0.16,0.0,0.0,,No,0.95
forestland,wood,"Other forest waste","Forest waste human generated",Unavailable,11,55103,"Richland County",Wisconsin,589.3,"mature-market high",50,937.67,dt,16285426018,BTU,0.16,0.0,0.0,,No,0.95
forestland,wood,"Other forest waste","Forest waste human generated",Unavailable,11,55103,"Richland County",Wisconsin,589.3,"mature-market low",50,937.67,dt,16285426018,BTU,0.16,0.0,0.0,,No,0.95
forestland,wood,"Other forest waste","Forest waste human generated",Unavailable,11,55103,"Richland County",Wisconsin,589.3,"mature-market medium",50,937.67,dt,16285426018,BTU,0.16,0.0,0.0,,No,0.95
forestland,wood,"Other forest waste","Forest waste human generated",Unavailable,11,55103,"Richland County",Wisconsin,589.3,near-term,50,937.67,dt,16285426018,BTU,0.16,0.0,0.0,,No,0.95
forestland,wood,"Other forest waste","Forest waste human generated",Unavailable,11,55109,"St. Croix County",Wisconsin,735.19,Emerging,50,678.97,dt,11792306319,BTU,0.09,0.0,0.0,,No,0.95
forestland,wood,"Other forest waste","Forest waste human generated",Unavailable,11,55109,"St. Croix County",Wisconsin,735.19,"mature-market high",50,678.97,dt,11792306319,BTU,0.09,0.0,0.0,,No,0.95
forestland,wood,"Other forest waste","Forest waste human generated",Unavailable,11,55109,"St. Croix County",Wisconsin,735.19,"mature-market low",50,678.97,dt,11792306319,BTU,0.09,0.0,0.0,,No,0.95
forestland,wood,"Other forest waste","Forest waste human generated",Unavailable,11,55109,"St. Croix County",Wisconsin,735.19,"mature-market medium",50,678.97,dt,11792306319,BTU,0.09,0.0,0.0,,No,0.95
forestland,wood,"Other forest waste","Forest waste human generated",Unavailable,11,55109,"St. Croix County",Wisconsin,735.19,near-term,50,678.97,dt,11792306319,BTU,0.09,0.0,0.0,,No,0.95
forestland,wood,"Other forest waste","Forest waste human generated",Unavailable,11,55119,"Taylor County",Wisconsin,984.56,Emerging,50,649.91,dt,11287598698,BTU,0.07,0.0,0.0,,No,0.95
forestland,wood,"Other forest waste","Forest waste human generated",Unavailable,11,55119,"Taylor County",Wisconsin,984.56,Emerging,50,1001.75,dt,17398423927,BTU,0.10,0.0,0.0,,No,0.95
forestland,wood,"Other forest waste","Forest waste human generated",Unavailable,11,55119,"Taylor County",Wisconsin,984.56,"mature-market high",50,649.91,dt,11287598698,BTU,0.07,0.0,0.0,,No,0.95
forestland,wood,"Other forest waste","Forest waste human generated",Unavailable,11,55119,"Taylor County",Wisconsin,984.56,"mature-market high",50,1001.75,dt,17398423927,BTU,0.10,0.0,0.0,,No,0.95
forestland,wood,"Other forest waste","Forest waste human generated",Unavailable,11,55119,"Taylor County",Wisconsin,984.56,"mature-market low",50,649.91,dt,11287598698,BTU,0.07,0.0,0.0,,No,0.95
forestland,wood,"Other forest waste","Forest waste human generated",Unavailable,11,55119,"Taylor County",Wisconsin,984.56,"mature-market low",50,1001.75,dt,17398423927,BTU,0.10,0.0,0.0,,No,0.95
forestland,wood,"Other forest waste","Forest waste human generated",Unavailable,11,55119,"Taylor County",Wisconsin,984.56,"mature-market medium",50,649.91,dt,11287598698,BTU,0.07,0.0,0.0,,No,0.95
forestland,wood,"Other forest waste","Forest waste human generated",Unavailable,11,55119,"Taylor County",Wisconsin,984.56,"mature-market medium",50,1001.75,dt,17398423927,BTU,0.10,0.0,0.0,,No,0.95
forestland,wood,"Other forest waste","Forest waste human generated",Unavailable,11,55119,"Taylor County",Wisconsin,984.56,near-term,50,649.91,dt,11287598698,BTU,0.07,0.0,0.0,,No,0.95
forestland,wood,"Other forest waste","Forest waste human generated",Unavailable,11,55119,"Taylor County",Wisconsin,984.56,near-term,50,1001.75,dt,17398423927,BTU,0.10,0.0,0.0,,No,0.95
forestland,wood,"Other forest waste","Forest waste human generated",Unavailable,11,55121,"Trempealeau County",Wisconsin,741.98,Emerging,50,751.56,dt,13053178986,BTU,0.10,0.0,0.0,,No,0.95
forestland,wood,"Other forest waste","Forest waste human generated",Unavailable,11,55121,"Trempealeau County",Wisconsin,741.98,"mature-market high",50,751.56,dt,13053178986,BTU,0.10,0.0,0.0,,No,0.95
forestland,wood,"Other forest waste","Forest waste human generated",Unavailable,11,55121,"Trempealeau County",Wisconsin,741.98,"mature-market low",50,751.56,dt,13053178986,BTU,0.10,0.0,0.0,,No,0.95
forestland,wood,"Other forest waste","Forest waste human generated",Unavailable,11,55121,"Trempealeau County",Wisconsin,741.98,"mature-market medium",50,751.56,dt,13053178986,BTU,0.10,0.0,0.0,,No,0.95
forestland,wood,"Other forest waste","Forest waste human generated",Unavailable,11,55121,"Trempealeau County",Wisconsin,741.98,near-term,50,751.56,dt,13053178986,BTU,0.10,0.0,0.0,,No,0.95
forestland,wood,"Other forest waste","Forest waste human generated",Unavailable,11,55137,"Waushara County",Wisconsin,637.4,Emerging,50,5182.26,dt,90005568225,BTU,0.81,0.0,0.0,,No,0.95
forestland,wood,"Other forest waste","Forest waste human generated",Unavailable,11,55137,"Waushara County",Wisconsin,637.4,"mature-market high",50,5182.26,dt,90005568225,BTU,0.81,0.0,0.0,,No,0.95
forestland,wood,"Other forest waste","Forest waste human generated",Unavailable,11,55137,"Waushara County",Wisconsin,637.4,"mature-market low",50,5182.26,dt,90005568225,BTU,0.81,0.0,0.0,,No,0.95
forestland,wood,"Other forest waste","Forest waste human generated",Unavailable,11,55137,"Waushara County",Wisconsin,637.4,"mature-market medium",50,5182.26,dt,90005568225,BTU,0.81,0.0,0.0,,No,0.95
forestland,wood,"Other forest waste","Forest waste human generated",Unavailable,11,55137,"Waushara County",Wisconsin,637.4,near-term,50,5182.26,dt,90005568225,BTU,0.81,0.0,0.0,,No,0.95
forestland,wood,"Other forest waste","Forest waste human generated",Unavailable,12,55065,"Lafayette County",Wisconsin,634.57,Emerging,50,90.63,dt,1574083371,BTU,0.01,0.0,0.0,,No,0.95
forestland,wood,"Other forest waste","Forest waste human generated",Unavailable,12,55065,"Lafayette County",Wisconsin,634.57,"mature-market high",50,90.63,dt,1574083371,BTU,0.01,0.0,0.0,,No,0.95
forestland,wood,"Other forest waste","Forest waste human generated",Unavailable,12,55065,"Lafayette County",Wisconsin,634.57,"mature-market low",50,90.63,dt,1574083371,BTU,0.01,0.0,0.0,,No,0.95
forestland,wood,"Other forest waste","Forest waste human generated",Unavailable,12,55065,"Lafayette County",Wisconsin,634.57,"mature-market medium",50,90.63,dt,1574083371,BTU,0.01,0.0,0.0,,No,0.95
forestland,wood,"Other forest waste","Forest waste human generated",Unavailable,12,55065,"Lafayette County",Wisconsin,634.57,near-term,50,90.63,dt,1574083371,BTU,0.01,0.0,0.0,,No,0.95
forestland,wood,"Other forest waste","Forest waste human generated",Unavailable,12,55137,"Waushara County",Wisconsin,637.4,Emerging,50,603.93,dt,10489119930,BTU,0.09,0.0,0.0,,No,0.95
forestland,wood,"Other forest waste","Forest waste human generated",Unavailable,12,55137,"Waushara County",Wisconsin,637.4,"mature-market high",50,603.93,dt,10489119930,BTU,0.09,0.0,0.0,,No,0.95
forestland,wood,"Other forest waste","Forest waste human generated",Unavailable,12,55137,"Waushara County",Wisconsin,637.4,"mature-market low",50,603.93,dt,10489119930,BTU,0.09,0.0,0.0,,No,0.95
forestland,wood,"Other forest waste","Forest waste human generated",Unavailable,12,55137,"Waushara County",Wisconsin,637.4,"mature-market medium",50,603.93,dt,10489119930,BTU,0.09,0.0,0.0,,No,0.95
forestland,wood,"Other forest waste","Forest waste human generated",Unavailable,12,55137,"Waushara County",Wisconsin,637.4,near-term,50,603.93,dt,10489119930,BTU,0.09,0.0,0.0,,No,0.95
forestland,wood,"Other forest waste","Forest waste human generated",Unavailable,13,55017,"Chippewa County",Wisconsin,1041.27,Emerging,50,14927.52,dt,259261128545,BTU,1.43,0.0,0.0,,No,0.95
forestland,wood,"Other forest waste","Forest waste human generated",Unavailable,13,55017,"Chippewa County",Wisconsin,1041.27,"mature-market high",50,14927.52,dt,259261128545,BTU,1.43,0.0,0.0,,No,0.95
forestland,wood,"Other forest waste","Forest waste human generated",Unavailable,13,55017,"Chippewa County",Wisconsin,1041.27,"mature-market low",50,14927.52,dt,259261128545,BTU,1.43,0.0,0.0,,No,0.95
forestland,wood,"Other forest waste","Forest waste human generated",Unavailable,13,55017,"Chippewa County",Wisconsin,1041.27,"mature-market medium",50,14927.52,dt,259261128545,BTU,1.43,0.0,0.0,,No,0.95
forestland,wood,"Other forest waste","Forest waste human generated",Unavailable,13,55017,"Chippewa County",Wisconsin,1041.27,near-term,50,14927.52,dt,259261128545,BTU,1.43,0.0,0.0,,No,0.95
forestland,wood,"Other forest waste","Forest waste human generated",Unavailable,30,55001,"Adams County",Wisconsin,687.48,Emerging,50,5058.42,dt,87854569703,BTU,0.74,0.0,0.0,,No,0.95
forestland,wood,"Other forest waste","Forest waste human generated",Unavailable,30,55001,"Adams County",Wisconsin,687.48,"mature-market high",50,5058.42,dt,87854569703,BTU,0.74,0.0,0.0,,No,0.95
forestland,wood,"Other forest waste","Forest waste human generated",Unavailable,30,55001,"Adams County",Wisconsin,687.48,"mature-market low",50,5058.42,dt,87854569703,BTU,0.74,0.0,0.0,,No,0.95
forestland,wood,"Other forest waste","Forest waste human generated",Unavailable,30,55001,"Adams County",Wisconsin,687.48,"mature-market medium",50,5058.42,dt,87854569703,BTU,0.74,0.0,0.0,,No,0.95
forestland,wood,"Other forest waste","Forest waste human generated",Unavailable,30,55001,"Adams County",Wisconsin,687.48,near-term,50,5058.42,dt,87854569703,BTU,0.74,0.0,0.0,,No,0.95
forestland,wood,"Other forest waste","Forest waste human generated",Unavailable,30,55003,"Ashland County",Wisconsin,1054.13,Emerging,50,1640.30,dt,28488789815,BTU,0.16,0.0,0.0,,No,0.95
forestland,wood,"Other forest waste","Forest waste human generated",Unavailable,30,55003,"Ashland County",Wisconsin,1054.13,"mature-market high",50,1640.30,dt,28488789815,BTU,0.16,0.0,0.0,,No,0.95
forestland,wood,"Other forest waste","Forest waste human generated",Unavailable,30,55003,"Ashland County",Wisconsin,1054.13,"mature-market low",50,1640.30,dt,28488789815,BTU,0.16,0.0,0.0,,No,0.95
forestland,wood,"Other forest waste","Forest waste human generated",Unavailable,30,55003,"Ashland County",Wisconsin,1054.13,"mature-market medium",50,1640.30,dt,28488789815,BTU,0.16,0.0,0.0,,No,0.95
forestland,wood,"Other forest waste","Forest waste human generated",Unavailable,30,55003,"Ashland County",Wisconsin,1054.13,near-term,50,1640.30,dt,28488789815,BTU,0.16,0.0,0.0,,No,0.95
forestland,wood,"Other forest waste","Forest waste human generated",Unavailable,30,55081,"Monroe County",Wisconsin,908.08,Emerging,50,6039.04,dt,104885991663,BTU,0.67,0.0,0.0,,No,0.95
forestland,wood,"Other forest waste","Forest waste human generated",Unavailable,30,55081,"Monroe County",Wisconsin,908.08,"mature-market high",50,6039.04,dt,104885991663,BTU,0.67,0.0,0.0,,No,0.95
forestland,wood,"Other forest waste","Forest waste human generated",Unavailable,30,55081,"Monroe County",Wisconsin,908.08,"mature-market low",50,6039.04,dt,104885991663,BTU,0.67,0.0,0.0,,No,0.95
forestland,wood,"Other forest waste","Forest waste human generated",Unavailable,30,55081,"Monroe County",Wisconsin,908.08,"mature-market medium",50,6039.04,dt,104885991663,BTU,0.67,0.0,0.0,,No,0.95
forestland,wood,"Other forest waste","Forest waste human generated",Unavailable,30,55081,"Monroe County",Wisconsin,908.08,near-term,50,6039.04,dt,104885991663,BTU,0.67,0.0,0.0,,No,0.95
forestland,wood,"Other forest waste","Forest waste human generated",Unavailable,30,55085,"Oneida County",Wisconsin,1236.57,Emerging,50,1517.93,dt,26363322118,BTU,0.12,0.0,0.0,,No,0.95
forestland,wood,"Other forest waste","Forest waste human generated",Unavailable,30,55085,"Oneida County",Wisconsin,1236.57,"mature-market high",50,1517.93,dt,26363322118,BTU,0.12,0.0,0.0,,No,0.95
forestland,wood,"Other forest waste","Forest waste human generated",Unavailable,30,55085,"Oneida County",Wisconsin,1236.57,"mature-market low",50,1517.93,dt,26363322118,BTU,0.12,0.0,0.0,,No,0.95
forestland,wood,"Other forest waste","Forest waste human generated",Unavailable,30,55085,"Oneida County",Wisconsin,1236.57,"mature-market medium",50,1517.93,dt,26363322118,BTU,0.12,0.0,0.0,,No,0.95
forestland,wood,"Other forest waste","Forest waste human generated",Unavailable,30,55085,"Oneida County",Wisconsin,1236.57,near-term,50,1517.93,dt,26363322118,BTU,0.12,0.0,0.0,,No,0.95
forestland,wood,"Other forest waste","Forest waste human generated",Unavailable,30,55095,"Polk County",Wisconsin,956.41,Emerging,50,5783.29,dt,100444122516,BTU,0.60,0.0,0.0,,No,0.95
forestland,wood,"Other forest waste","Forest waste human generated",Unavailable,30,55095,"Polk County",Wisconsin,956.41,"mature-market high",50,5783.29,dt,100444122516,BTU,0.60,0.0,0.0,,No,0.95
forestland,wood,"Other forest waste","Forest waste human generated",Unavailable,30,55095,"Polk County",Wisconsin,956.41,"mature-market low",50,5783.29,dt,100444122516,BTU,0.60,0.0,0.0,,No,0.95
forestland,wood,"Other forest waste","Forest waste human generated",Unavailable,30,55095,"Polk County",Wisconsin,956.41,"mature-market medium",50,5783.29,dt,100444122516,BTU,0.60,0.0,0.0,,No,0.95
forestland,wood,"Other forest waste","Forest waste human generated",Unavailable,30,55095,"Polk County",Wisconsin,956.41,near-term,50,5783.29,dt,100444122516,BTU,0.60,0.0,0.0,,No,0.95
forestland,wood,"Other forest waste","Forest waste human generated",Unavailable,31,55007,"Bayfield County",Wisconsin,1511.34,Emerging,50,276.53,dt,4802703629,BTU,0.02,0.0,0.0,,No,0.95
forestland,wood,"Other forest waste","Forest waste human generated",Unavailable,31,55007,"Bayfield County",Wisconsin,1511.34,"mature-market high",50,276.53,dt,4802703629,BTU,0.02,0.0,0.0,,No,0.95
forestland,wood,"Other forest waste","Forest waste human generated",Unavailable,31,55007,"Bayfield County",Wisconsin,1511.34,"mature-market low",50,276.53,dt,4802703629,BTU,0.02,0.0,0.0,,No,0.95
forestland,wood,"Other forest waste","Forest waste human generated",Unavailable,31,55007,"Bayfield County",Wisconsin,1511.34,"mature-market medium",50,276.53,dt,4802703629,BTU,0.02,0.0,0.0,,No,0.95
forestland,wood,"Other forest waste","Forest waste human generated",Unavailable,31,55007,"Bayfield County",Wisconsin,1511.34,near-term,50,276.53,dt,4802703629,BTU,0.02,0.0,0.0,,No,0.95
forestland,wood,"Other forest waste","Forest waste human generated",Unavailable,31,55015,"Calumet County",Wisconsin,397.08,Emerging,50,261.58,dt,4543168663,BTU,0.07,0.0,0.0,,No,0.95
forestland,wood,"Other forest waste","Forest waste human generated",Unavailable,31,55015,"Calumet County",Wisconsin,397.08,"mature-market high",50,261.58,dt,4543168663,BTU,0.07,0.0,0.0,,No,0.95
forestland,wood,"Other forest waste","Forest waste human generated",Unavailable,31,55015,"Calumet County",Wisconsin,397.08,"mature-market low",50,261.58,dt,4543168663,BTU,0.07,0.0,0.0,,No,0.95
forestland,wood,"Other forest waste","Forest waste human generated",Unavailable,31,55015,"Calumet County",Wisconsin,397.08,"mature-market medium",50,261.58,dt,4543168663,BTU,0.07,0.0,0.0,,No,0.95
forestland,wood,"Other forest waste","Forest waste human generated",Unavailable,31,55015,"Calumet County",Wisconsin,397.08,near-term,50,261.58,dt,4543168663,BTU,0.07,0.0,0.0,,No,0.95
forestland,wood,"Other forest waste","Forest waste human generated",Unavailable,31,55025,"Dane County",Wisconsin,1237.5,Emerging,50,956.81,dt,16617832394,BTU,0.08,0.0,0.0,,No,0.95
forestland,wood,"Other forest waste","Forest waste human generated",Unavailable,31,55025,"Dane County",Wisconsin,1237.5,Emerging,50,2861.22,dt,49693652404,BTU,0.23,0.0,0.0,,No,0.95
forestland,wood,"Other forest waste","Forest waste human generated",Unavailable,31,55025,"Dane County",Wisconsin,1237.5,Emerging,50,3936.41,dt,68367512704,BTU,0.32,0.0,0.0,,No,0.95
forestland,wood,"Other forest waste","Forest waste human generated",Unavailable,31,55025,"Dane County",Wisconsin,1237.5,"mature-market high",50,956.81,dt,16617832394,BTU,0.08,0.0,0.0,,No,0.95
forestland,wood,"Other forest waste","Forest waste human generated",Unavailable,31,55025,"Dane County",Wisconsin,1237.5,"mature-market high",50,2861.22,dt,49693652404,BTU,0.23,0.0,0.0,,No,0.95
forestland,wood,"Other forest waste","Forest waste human generated",Unavailable,31,55025,"Dane County",Wisconsin,1237.5,"mature-market high",50,3936.41,dt,68367512704,BTU,0.32,0.0,0.0,,No,0.95
forestland,wood,"Other forest waste","Forest waste human generated",Unavailable,31,55025,"Dane County",Wisconsin,1237.5,"mature-market low",50,956.81,dt,16617832394,BTU,0.08,0.0,0.0,,No,0.95
forestland,wood,"Other forest waste","Forest waste human generated",Unavailable,31,55025,"Dane County",Wisconsin,1237.5,"mature-market low",50,2861.22,dt,49693652404,BTU,0.23,0.0,0.0,,No,0.95
forestland,wood,"Other forest waste","Forest waste human generated",Unavailable,31,55025,"Dane County",Wisconsin,1237.5,"mature-market low",50,3936.41,dt,68367512704,BTU,0.32,0.0,0.0,,No,0.95
forestland,wood,"Other forest waste","Forest waste human generated",Unavailable,31,55025,"Dane County",Wisconsin,1237.5,"mature-market medium",50,956.81,dt,16617832394,BTU,0.08,0.0,0.0,,No,0.95
forestland,wood,"Other forest waste","Forest waste human generated",Unavailable,31,55025,"Dane County",Wisconsin,1237.5,"mature-market medium",50,2861.22,dt,49693652404,BTU,0.23,0.0,0.0,,No,0.95
forestland,wood,"Other forest waste","Forest waste human generated",Unavailable,31,55025,"Dane County",Wisconsin,1237.5,"mature-market medium",50,3936.41,dt,68367512704,BTU,0.32,0.0,0.0,,No,0.95
forestland,wood,"Other forest waste","Forest waste human generated",Unavailable,31,55025,"Dane County",Wisconsin,1237.5,near-term,50,956.81,dt,16617832394,BTU,0.08,0.0,0.0,,No,0.95
forestland,wood,"Other forest waste","Forest waste human generated",Unavailable,31,55025,"Dane County",Wisconsin,1237.5,near-term,50,2861.22,dt,49693652404,BTU,0.23,0.0,0.0,,No,0.95
forestland,wood,"Other forest waste","Forest waste human generated",Unavailable,31,55025,"Dane County",Wisconsin,1237.5,near-term,50,3936.41,dt,68367512704,BTU,0.32,0.0,0.0,,No,0.95
forestland,wood,"Other forest waste","Forest waste human generated",Unavailable,31,55029,"Door County",Wisconsin,487.56,Emerging,50,1738.59,dt,30195861934,BTU,0.36,0.0,0.0,,No,0.95
forestland,wood,"Other forest waste","Forest waste human generated",Unavailable,31,55029,"Door County",Wisconsin,487.56,Emerging,50,2771.75,dt,48139778675,BTU,0.57,0.0,0.0,,No,0.95
forestland,wood,"Other forest waste","Forest waste human generated",Unavailable,31,55029,"Door County",Wisconsin,487.56,"mature-market high",50,1738.59,dt,30195861934,BTU,0.36,0.0,0.0,,No,0.95
forestland,wood,"Other forest waste","Forest waste human generated",Unavailable,31,55029,"Door County",Wisconsin,487.56,"mature-market high",50,2771.75,dt,48139778675,BTU,0.57,0.0,0.0,,No,0.95
forestland,wood,"Other forest waste","Forest waste human generated",Unavailable,31,55029,"Door County",Wisconsin,487.56,"mature-market low",50,1738.59,dt,30195861934,BTU,0.36,0.0,0.0,,No,0.95
forestland,wood,"Other forest waste","Forest waste human generated",Unavailable,31,55029,"Door County",Wisconsin,487.56,"mature-market low",50,2771.75,dt,48139778675,BTU,0.57,0.0,0.0,,No,0.95
forestland,wood,"Other forest waste","Forest waste human generated",Unavailable,31,55029,"Door County",Wisconsin,487.56,"mature-market medium",50,1738.59,dt,30195861934,BTU,0.36,0.0,0.0,,No,0.95
forestland,wood,"Other forest waste","Forest waste human generated",Unavailable,31,55029,"Door County",Wisconsin,487.56,"mature-market medium",50,2771.75,dt,48139778675,BTU,0.57,0.0,0.0,,No,0.95
forestland,wood,"Other forest waste","Forest waste human generated",Unavailable,31,55029,"Door County",Wisconsin,487.56,near-term,50,1738.59,dt,30195861934,BTU,0.36,0.0,0.0,,No,0.95
forestland,wood,"Other forest waste","Forest waste human generated",Unavailable,31,55029,"Door County",Wisconsin,487.56,near-term,50,2771.75,dt,48139778675,BTU,0.57,0.0,0.0,,No,0.95
forestland,wood,"Other forest waste","Forest waste human generated",Unavailable,31,55031,"Douglas County",Wisconsin,1332.11,Emerging,50,339.78,dt,5901322693,BTU,0.03,0.0,0.0,,No,0.95
forestland,wood,"Other forest waste","Forest waste human generated",Unavailable,31,55031,"Douglas County",Wisconsin,1332.11,"mature-market high",50,339.78,dt,5901322693,BTU,0.03,0.0,0.0,,No,0.95
forestland,wood,"Other forest waste","Forest waste human generated",Unavailable,31,55031,"Douglas County",Wisconsin,1332.11,"mature-market low",50,339.78,dt,5901322693,BTU,0.03,0.0,0.0,,No,0.95
forestland,wood,"Other forest waste","Forest waste human generated",Unavailable,31,55031,"Douglas County",Wisconsin,1332.11,"mature-market medium",50,339.78,dt,5901322693,BTU,0.03,0.0,0.0,,No,0.95
forestland,wood,"Other forest waste","Forest waste human generated",Unavailable,31,55031,"Douglas County",Wisconsin,1332.11,near-term,50,339.78,dt,5901322693,BTU,0.03,0.0,0.0,,No,0.95
forestland,wood,"Other forest waste","Forest waste human generated",Unavailable,31,55033,"Dunn County",Wisconsin,863.89,Emerging,50,716.13,dt,12437689784,BTU,0.08,0.0,0.0,,No,0.95
forestland,wood,"Other forest waste","Forest waste human generated",Unavailable,31,55033,"Dunn County",Wisconsin,863.89,"mature-market high",50,716.13,dt,12437689784,BTU,0.08,0.0,0.0,,No,0.95
forestland,wood,"Other forest waste","Forest waste human generated",Unavailable,31,55033,"Dunn County",Wisconsin,863.89,"mature-market low",50,716.13,dt,12437689784,BTU,0.08,0.0,0.0,,No,0.95
forestland,wood,"Other forest waste","Forest waste human generated",Unavailable,31,55033,"Dunn County",Wisconsin,863.89,"mature-market medium",50,716.13,dt,12437689784,BTU,0.08,0.0,0.0,,No,0.95
forestland,wood,"Other forest waste","Forest waste human generated",Unavailable,31,55033,"Dunn County",Wisconsin,863.89,near-term,50,716.13,dt,12437689784,BTU,0.08,0.0,0.0,,No,0.95
forestland,wood,"Other forest waste","Forest waste human generated",Unavailable,31,55035,"Eau Claire County",Wisconsin,645.2,Emerging,50,1259.63,dt,21877313318,BTU,0.20,0.0,0.0,,No,0.95
forestland,wood,"Other forest waste","Forest waste human generated",Unavailable,31,55035,"Eau Claire County",Wisconsin,645.2,"mature-market high",50,1259.63,dt,21877313318,BTU,0.20,0.0,0.0,,No,0.95
forestland,wood,"Other forest waste","Forest waste human generated",Unavailable,31,55035,"Eau Claire County",Wisconsin,645.2,"mature-market low",50,1259.63,dt,21877313318,BTU,0.20,0.0,0.0,,No,0.95
forestland,wood,"Other forest waste","Forest waste human generated",Unavailable,31,55035,"Eau Claire County",Wisconsin,645.2,"mature-market medium",50,1259.63,dt,21877313318,BTU,0.20,0.0,0.0,,No,0.95
forestland,wood,"Other forest waste","Forest waste human generated",Unavailable,31,55035,"Eau Claire County",Wisconsin,645.2,near-term,50,1259.63,dt,21877313318,BTU,0.20,0.0,0.0,,No,0.95
forestland,wood,"Other forest waste","Forest waste human generated",Unavailable,31,55041,"Forest County",Wisconsin,1046.52,Emerging,50,1727.45,dt,30002384929,BTU,0.17,0.0,0.0,,No,0.95
forestland,wood,"Other forest waste","Forest waste human generated",Unavailable,31,55041,"Forest County",Wisconsin,1046.52,"mature-market high",50,1727.45,dt,30002384929,BTU,0.17,0.0,0.0,,No,0.95
forestland,wood,"Other forest waste","Forest waste human generated",Unavailable,31,55041,"Forest County",Wisconsin,1046.52,"mature-market low",50,1727.45,dt,30002384929,BTU,0.17,0.0,0.0,,No,0.95
forestland,wood,"Other forest waste","Forest waste human generated",Unavailable,31,55041,"Forest County",Wisconsin,1046.52,"mature-market medium",50,1727.45,dt,30002384929,BTU,0.17,0.0,0.0,,No,0.95
forestland,wood,"Other forest waste","Forest waste human generated",Unavailable,31,55041,"Forest County",Wisconsin,1046.52,near-term,50,1727.45,dt,30002384929,BTU,0.17,0.0,0.0,,No,0.95
forestland,wood,"Other forest waste","Forest waste human generated",Unavailable,31,55053,"Jackson County",Wisconsin,1000.48,Emerging,50,484.42,dt,8413321593,BTU,0.05,0.0,0.0,,No,0.95
forestland,wood,"Other forest waste","Forest waste human generated",Unavailable,31,55053,"Jackson County",Wisconsin,1000.48,"mature-market high",50,484.42,dt,8413321593,BTU,0.05,0.0,0.0,,No,0.95
forestland,wood,"Other forest waste","Forest waste human generated",Unavailable,31,55053,"Jackson County",Wisconsin,1000.48,"mature-market low",50,484.42,dt,8413321593,BTU,0.05,0.0,0.0,,No,0.95
forestland,wood,"Other forest waste","Forest waste human generated",Unavailable,31,55053,"Jackson County",Wisconsin,1000.48,"mature-market medium",50,484.42,dt,8413321593,BTU,0.05,0.0,0.0,,No,0.95
forestland,wood,"Other forest waste","Forest waste human generated",Unavailable,31,55053,"Jackson County",Wisconsin,1000.48,near-term,50,484.42,dt,8413321593,BTU,0.05,0.0,0.0,,No,0.95
forestland,wood,"Other forest waste","Forest waste human generated",Unavailable,31,55057,"Juneau County",Wisconsin,805.17,Emerging,50,201.23,dt,3494977339,BTU,0.02,0.0,0.0,,No,0.95
forestland,wood,"Other forest waste","Forest waste human generated",Unavailable,31,55057,"Juneau County",Wisconsin,805.17,Emerging,50,232.50,dt,4038019367,BTU,0.03,0.0,0.0,,No,0.95
forestland,wood,"Other forest waste","Forest waste human generated",Unavailable,31,55057,"Juneau County",Wisconsin,805.17,"mature-market high",50,201.23,dt,3494977339,BTU,0.02,0.0,0.0,,No,0.95
forestland,wood,"Other forest waste","Forest waste human generated",Unavailable,31,55057,"Juneau County",Wisconsin,805.17,"mature-market high",50,232.50,dt,4038019367,BTU,0.03,0.0,0.0,,No,0.95
forestland,wood,"Other forest waste","Forest waste human generated",Unavailable,31,55057,"Juneau County",Wisconsin,805.17,"mature-market low",50,201.23,dt,3494977339,BTU,0.02,0.0,0.0,,No,0.95
forestland,wood,"Other forest waste","Forest waste human generated",Unavailable,31,55057,"Juneau County",Wisconsin,805.17,"mature-market low",50,232.50,dt,4038019367,BTU,0.03,0.0,0.0,,No,0.95
forestland,wood,"Other forest waste","Forest waste human generated",Unavailable,31,55057,"Juneau County",Wisconsin,805.17,"mature-market medium",50,201.23,dt,3494977339,BTU,0.02,0.0,0.0,,No,0.95
forestland,wood,"Other forest waste","Forest waste human generated",Unavailable,31,55057,"Juneau County",Wisconsin,805.17,"mature-market medium",50,232.50,dt,4038019367,BTU,0.03,0.0,0.0,,No,0.95
forestland,wood,"Other forest waste","Forest waste human generated",Unavailable,31,55057,"Juneau County",Wisconsin,805.17,near-term,50,201.23,dt,3494977339,BTU,0.02,0.0,0.0,,No,0.95
forestland,wood,"Other forest waste","Forest waste human generated",Unavailable,31,55057,"Juneau County",Wisconsin,805.17,near-term,50,232.50,dt,4038019367,BTU,0.03,0.0,0.0,,No,0.95
forestland,wood,"Other forest waste","Forest waste human generated",Unavailable,31,55063,"La Crosse County",Wisconsin,480.05,Emerging,50,473.79,dt,8228851908,BTU,0.10,0.0,0.0,,No,0.95
forestland,wood,"Other forest waste","Forest waste human generated",Unavailable,31,55063,"La Crosse County",Wisconsin,480.05,"mature-market high",50,473.79,dt,8228851908,BTU,0.10,0.0,0.0,,No,0.95
forestland,wood,"Other forest waste","Forest waste human generated",Unavailable,31,55063,"La Crosse County",Wisconsin,480.05,"mature-market low",50,473.79,dt,8228851908,BTU,0.10,0.0,0.0,,No,0.95
forestland,wood,"Other forest waste","Forest waste human generated",Unavailable,31,55063,"La Crosse County",Wisconsin,480.05,"mature-market medium",50,473.79,dt,8228851908,BTU,0.10,0.0,0.0,,No,0.95
forestland,wood,"Other forest waste","Forest waste human generated",Unavailable,31,55063,"La Crosse County",Wisconsin,480.05,near-term,50,473.79,dt,8228851908,BTU,0.10,0.0,0.0,,No,0.95
forestland,wood,"Other forest waste","Forest waste human generated",Unavailable,31,55073,"Marathon County",Wisconsin,1576.33,Emerging,50,71.21,dt,1236768456,BTU,0.00,0.0,0.0,,No,0.95
forestland,wood,"Other forest waste","Forest waste human generated",Unavailable,31,55073,"Marathon County",Wisconsin,1576.33,Emerging,50,107.88,dt,1873663362,BTU,0.01,0.0,0.0,,No,0.95
forestland,wood,"Other forest waste","Forest waste human generated",Unavailable,31,55073,"Marathon County",Wisconsin,1576.33,"mature-market high",50,71.21,dt,1236768456,BTU,0.00,0.0,0.0,,No,0.95
forestland,wood,"Other forest waste","Forest waste human generated",Unavailable,31,55073,"Marathon County",Wisconsin,1576.33,"mature-market high",50,107.88,dt,1873663362,BTU,0.01,0.0,0.0,,No,0.95
forestland,wood,"Other forest waste","Forest waste human generated",Unavailable,31,55073,"Marathon County",Wisconsin,1576.33,"mature-market low",50,71.21,dt,1236768456,BTU,0.00,0.0,0.0,,No,0.95
forestland,wood,"Other forest waste","Forest waste human generated",Unavailable,31,55073,"Marathon County",Wisconsin,1576.33,"mature-market low",50,107.88,dt,1873663362,BTU,0.01,0.0,0.0,,No,0.95
forestland,wood,"Other forest waste","Forest waste human generated",Unavailable,31,55073,"Marathon County",Wisconsin,1576.33,"mature-market medium",50,71.21,dt,1236768456,BTU,0.00,0.0,0.0,,No,0.95
forestland,wood,"Other forest waste","Forest waste human generated",Unavailable,31,55073,"Marathon County",Wisconsin,1576.33,"mature-market medium",50,107.88,dt,1873663362,BTU,0.01,0.0,0.0,,No,0.95
forestland,wood,"Other forest waste","Forest waste human generated",Unavailable,31,55073,"Marathon County",Wisconsin,1576.33,near-term,50,71.21,dt,1236768456,BTU,0.00,0.0,0.0,,No,0.95
forestland,wood,"Other forest waste","Forest waste human generated",Unavailable,31,55073,"Marathon County",Wisconsin,1576.33,near-term,50,107.88,dt,1873663362,BTU,0.01,0.0,0.0,,No,0.95
forestland,wood,"Other forest waste","Forest waste human generated",Unavailable,31,55075,"Marinette County",Wisconsin,1429.25,Emerging,50,1092.92,dt,18981789155,BTU,0.08,0.0,0.0,,No,0.95
forestland,wood,"Other forest waste","Forest waste human generated",Unavailable,31,55075,"Marinette County",Wisconsin,1429.25,"mature-market high",50,1092.92,dt,18981789155,BTU,0.08,0.0,0.0,,No,0.95
forestland,wood,"Other forest waste","Forest waste human generated",Unavailable,31,55075,"Marinette County",Wisconsin,1429.25,"mature-market low",50,1092.92,dt,18981789155,BTU,0.08,0.0,0.0,,No,0.95
forestland,wood,"Other forest waste","Forest waste human generated",Unavailable,31,55075,"Marinette County",Wisconsin,1429.25,"mature-market medium",50,1092.92,dt,18981789155,BTU,0.08,0.0,0.0,,No,0.95
forestland,wood,"Other forest waste","Forest waste human generated",Unavailable,31,55075,"Marinette County",Wisconsin,1429.25,near-term,50,1092.92,dt,18981789155,BTU,0.08,0.0,0.0,,No,0.95
forestland,wood,"Other forest waste","Forest waste human generated",Unavailable,31,55081,"Monroe County",Wisconsin,908.08,Emerging,50,541.29,dt,9401139223,BTU,0.06,0.0,0.0,,No,0.95
forestland,wood,"Other forest waste","Forest waste human generated",Unavailable,31,55081,"Monroe County",Wisconsin,908.08,"mature-market high",50,541.29,dt,9401139223,BTU,0.06,0.0,0.0,,No,0.95
forestland,wood,"Other forest waste","Forest waste human generated",Unavailable,31,55081,"Monroe County",Wisconsin,908.08,"mature-market low",50,541.29,dt,9401139223,BTU,0.06,0.0,0.0,,No,0.95
forestland,wood,"Other forest waste","Forest waste human generated",Unavailable,31,55081,"Monroe County",Wisconsin,908.08,"mature-market medium",50,541.29,dt,9401139223,BTU,0.06,0.0,0.0,,No,0.95
forestland,wood,"Other forest waste","Forest waste human generated",Unavailable,31,55081,"Monroe County",Wisconsin,908.08,near-term,50,541.29,dt,9401139223,BTU,0.06,0.0,0.0,,No,0.95
forestland,wood,"Other forest waste","Forest waste human generated",Unavailable,31,55085,"Oneida County",Wisconsin,1236.57,Emerging,50,145.63,dt,2529283492,BTU,0.01,0.0,0.0,,No,0.95
forestland,wood,"Other forest waste","Forest waste human generated",Unavailable,31,55085,"Oneida County",Wisconsin,1236.57,Emerging,50,236.20,dt,4102406744,BTU,0.02,0.0,0.0,,No,0.95
forestland,wood,"Other forest waste","Forest waste human generated",Unavailable,31,55085,"Oneida County",Wisconsin,1236.57,Emerging,50,1360.73,dt,23633235554,BTU,0.11,0.0,0.0,,No,0.95
forestland,wood,"Other forest waste","Forest waste human generated",Unavailable,31,55085,"Oneida County",Wisconsin,1236.57,Emerging,50,4110.49,dt,71390971809,BTU,0.33,0.0,0.0,,No,0.95
forestland,wood,"Other forest waste","Forest waste human generated",Unavailable,31,55085,"Oneida County",Wisconsin,1236.57,"mature-market high",50,145.63,dt,2529283492,BTU,0.01,0.0,0.0,,No,0.95
forestland,wood,"Other forest waste","Forest waste human generated",Unavailable,31,55085,"Oneida County",Wisconsin,1236.57,"mature-market high",50,236.20,dt,4102406744,BTU,0.02,0.0,0.0,,No,0.95
forestland,wood,"Other forest waste","Forest waste human generated",Unavailable,31,55085,"Oneida County",Wisconsin,1236.57,"mature-market high",50,1360.73,dt,23633235554,BTU,0.11,0.0,0.0,,No,0.95
forestland,wood,"Other forest waste","Forest waste human generated",Unavailable,31,55085,"Oneida County",Wisconsin,1236.57,"mature-market high",50,4110.49,dt,71390971809,BTU,0.33,0.0,0.0,,No,0.95
forestland,wood,"Other forest waste","Forest waste human generated",Unavailable,31,55085,"Oneida County",Wisconsin,1236.57,"mature-market low",50,145.63,dt,2529283492,BTU,0.01,0.0,0.0,,No,0.95
forestland,wood,"Other forest waste","Forest waste human generated",Unavailable,31,55085,"Oneida County",Wisconsin,1236.57,"mature-market low",50,236.20,dt,4102406744,BTU,0.02,0.0,0.0,,No,0.95
forestland,wood,"Other forest waste","Forest waste human generated",Unavailable,31,55085,"Oneida County",Wisconsin,1236.57,"mature-market low",50,1360.73,dt,23633235554,BTU,0.11,0.0,0.0,,No,0.95
forestland,wood,"Other forest waste","Forest waste human generated",Unavailable,31,55085,"Oneida County",Wisconsin,1236.57,"mature-market low",50,4110.49,dt,71390971809,BTU,0.33,0.0,0.0,,No,0.95
forestland,wood,"Other forest waste","Forest waste human generated",Unavailable,31,55085,"Oneida County",Wisconsin,1236.57,"mature-market medium",50,145.63,dt,2529283492,BTU,0.01,0.0,0.0,,No,0.95
forestland,wood,"Other forest waste","Forest waste human generated",Unavailable,31,55085,"Oneida County",Wisconsin,1236.57,"mature-market medium",50,236.20,dt,4102406744,BTU,0.02,0.0,0.0,,No,0.95
forestland,wood,"Other forest waste","Forest waste human generated",Unavailable,31,55085,"Oneida County",Wisconsin,1236.57,"mature-market medium",50,1360.73,dt,23633235554,BTU,0.11,0.0,0.0,,No,0.95
forestland,wood,"Other forest waste","Forest waste human generated",Unavailable,31,55085,"Oneida County",Wisconsin,1236.57,"mature-market medium",50,4110.49,dt,71390971809,BTU,0.33,0.0,0.0,,No,0.95
forestland,wood,"Other forest waste","Forest waste human generated",Unavailable,31,55085,"Oneida County",Wisconsin,1236.57,near-term,50,145.63,dt,2529283492,BTU,0.01,0.0,0.0,,No,0.95
forestland,wood,"Other forest waste","Forest waste human generated",Unavailable,31,55085,"Oneida County",Wisconsin,1236.57,near-term,50,236.20,dt,4102406744,BTU,0.02,0.0,0.0,,No,0.95
forestland,wood,"Other forest waste","Forest waste human generated",Unavailable,31,55085,"Oneida County",Wisconsin,1236.57,near-term,50,1360.73,dt,23633235554,BTU,0.11,0.0,0.0,,No,0.95
forestland,wood,"Other forest waste","Forest waste human generated",Unavailable,31,55085,"Oneida County",Wisconsin,1236.57,near-term,50,4110.49,dt,71390971809,BTU,0.33,0.0,0.0,,No,0.95
forestland,wood,"Other forest waste","Forest waste human generated",Unavailable,31,55087,"Outagamie County",Wisconsin,644.61,Emerging,50,845.61,dt,14686487516,BTU,0.13,0.0,0.0,,No,0.95
forestland,wood,"Other forest waste","Forest waste human generated",Unavailable,31,55087,"Outagamie County",Wisconsin,644.61,"mature-market high",50,845.61,dt,14686487516,BTU,0.13,0.0,0.0,,No,0.95
forestland,wood,"Other forest waste","Forest waste human generated",Unavailable,31,55087,"Outagamie County",Wisconsin,644.61,"mature-market low",50,845.61,dt,14686487516,BTU,0.13,0.0,0.0,,No,0.95
forestland,wood,"Other forest waste","Forest waste human generated",Unavailable,31,55087,"Outagamie County",Wisconsin,644.61,"mature-market medium",50,845.61,dt,14686487516,BTU,0.13,0.0,0.0,,No,0.95
forestland,wood,"Other forest waste","Forest waste human generated",Unavailable,31,55087,"Outagamie County",Wisconsin,644.61,near-term,50,845.61,dt,14686487516,BTU,0.13,0.0,0.0,,No,0.95
forestland,wood,"Other forest waste","Forest waste human generated",Unavailable,31,55091,"Pepin County",Wisconsin,248.7,Emerging,50,2058.15,dt,35745905248,BTU,0.83,0.0,0.0,,No,0.95
forestland,wood,"Other forest waste","Forest waste human generated",Unavailable,31,55091,"Pepin County",Wisconsin,248.7,"mature-market high",50,2058.15,dt,35745905248,BTU,0.83,0.0,0.0,,No,0.95
forestland,wood,"Other forest waste","Forest waste human generated",Unavailable,31,55091,"Pepin County",Wisconsin,248.7,"mature-market low",50,2058.15,dt,35745905248,BTU,0.83,0.0,0.0,,No,0.95
forestland,wood,"Other forest waste","Forest waste human generated",Unavailable,31,55091,"Pepin County",Wisconsin,248.7,"mature-market medium",50,2058.15,dt,35745905248,BTU,0.83,0.0,0.0,,No,0.95
forestland,wood,"Other forest waste","Forest waste human generated",Unavailable,31,55091,"Pepin County",Wisconsin,248.7,near-term,50,2058.15,dt,35745905248,BTU,0.83,0.0,0.0,,No,0.95
forestland,wood,"Other forest waste","Forest waste human generated",Unavailable,31,55097,"Portage County",Wisconsin,822.82,Emerging,50,430.90,dt,7483894612,BTU,0.05,0.0,0.0,,No,0.95
forestland,wood,"Other forest waste","Forest waste human generated",Unavailable,31,55097,"Portage County",Wisconsin,822.82,Emerging,50,905.93,dt,15734153672,BTU,0.11,0.0,0.0,,No,0.95
forestland,wood,"Other forest waste","Forest waste human generated",Unavailable,31,55097,"Portage County",Wisconsin,822.82,"mature-market high",50,430.90,dt,7483894612,BTU,0.05,0.0,0.0,,No,0.95
forestland,wood,"Other forest waste","Forest waste human generated",Unavailable,31,55097,"Portage County",Wisconsin,822.82,"mature-market high",50,905.93,dt,15734153672,BTU,0.11,0.0,0.0,,No,0.95
forestland,wood,"Other forest waste","Forest waste human generated",Unavailable,31,55097,"Portage County",Wisconsin,822.82,"mature-market low",50,430.90,dt,7483894612,BTU,0.05,0.0,0.0,,No,0.95
forestland,wood,"Other forest waste","Forest waste human generated",Unavailable,31,55097,"Portage County",Wisconsin,822.82,"mature-market low",50,905.93,dt,15734153672,BTU,0.11,0.0,0.0,,No,0.95
forestland,wood,"Other forest waste","Forest waste human generated",Unavailable,31,55097,"Portage County",Wisconsin,822.82,"mature-market medium",50,430.90,dt,7483894612,BTU,0.05,0.0,0.0,,No,0.95
forestland,wood,"Other forest waste","Forest waste human generated",Unavailable,31,55097,"Portage County",Wisconsin,822.82,"mature-market medium",50,905.93,dt,15734153672,BTU,0.11,0.0,0.0,,No,0.95
forestland,wood,"Other forest waste","Forest waste human generated",Unavailable,31,55097,"Portage County",Wisconsin,822.82,near-term,50,430.90,dt,7483894612,BTU,0.05,0.0,0.0,,No,0.95
forestland,wood,"Other forest waste","Forest waste human generated",Unavailable,31,55097,"Portage County",Wisconsin,822.82,near-term,50,905.93,dt,15734153672,BTU,0.11,0.0,0.0,,No,0.95
forestland,wood,"Other forest waste","Forest waste human generated",Unavailable,31,55101,"Racine County",Wisconsin,340.39,Emerging,50,734.23,dt,12752100654,BTU,0.22,0.0,0.0,,No,0.95
forestland,wood,"Other forest waste","Forest waste human generated",Unavailable,31,55101,"Racine County",Wisconsin,340.39,"mature-market high",50,734.23,dt,12752100654,BTU,0.22,0.0,0.0,,No,0.95
forestland,wood,"Other forest waste","Forest waste human generated",Unavailable,31,55101,"Racine County",Wisconsin,340.39,"mature-market low",50,734.23,dt,12752100654,BTU,0.22,0.0,0.0,,No,0.95
forestland,wood,"Other forest waste","Forest waste human generated",Unavailable,31,55101,"Racine County",Wisconsin,340.39,"mature-market medium",50,734.23,dt,12752100654,BTU,0.22,0.0,0.0,,No,0.95
forestland,wood,"Other forest waste","Forest waste human generated",Unavailable,31,55101,"Racine County",Wisconsin,340.39,near-term,50,734.23,dt,12752100654,BTU,0.22,0.0,0.0,,No,0.95
forestland,wood,"Other forest waste","Forest waste human generated",Unavailable,31,55109,"St. Croix County",Wisconsin,735.19,Emerging,50,3749.77,dt,65126017008,BTU,0.51,0.0,0.0,,No,0.95
forestland,wood,"Other forest waste","Forest waste human generated",Unavailable,31,55109,"St. Croix County",Wisconsin,735.19,"mature-market high",50,3749.77,dt,65126017008,BTU,0.51,0.0,0.0,,No,0.95
forestland,wood,"Other forest waste","Forest waste human generated",Unavailable,31,55109,"St. Croix County",Wisconsin,735.19,"mature-market low",50,3749.77,dt,65126017008,BTU,0.51,0.0,0.0,,No,0.95
forestland,wood,"Other forest waste","Forest waste human generated",Unavailable,31,55109,"St. Croix County",Wisconsin,735.19,"mature-market medium",50,3749.77,dt,65126017008,BTU,0.51,0.0,0.0,,No,0.95
forestland,wood,"Other forest waste","Forest waste human generated",Unavailable,31,55109,"St. Croix County",Wisconsin,735.19,near-term,50,3749.77,dt,65126017008,BTU,0.51,0.0,0.0,,No,0.95
forestland,wood,"Other forest waste","Forest waste human generated",Unavailable,31,55111,"Sauk County",Wisconsin,849.19,Emerging,50,716.33,dt,12441193188,BTU,0.08,0.0,0.0,,No,0.95
forestland,wood,"Other forest waste","Forest waste human generated",Unavailable,31,55111,"Sauk County",Wisconsin,849.19,"mature-market high",50,716.33,dt,12441193188,BTU,0.08,0.0,0.0,,No,0.95
forestland,wood,"Other forest waste","Forest waste human generated",Unavailable,31,55111,"Sauk County",Wisconsin,849.19,"mature-market low",50,716.33,dt,12441193188,BTU,0.08,0.0,0.0,,No,0.95
forestland,wood,"Other forest waste","Forest waste human generated",Unavailable,31,55111,"Sauk County",Wisconsin,849.19,"mature-market medium",50,716.33,dt,12441193188,BTU,0.08,0.0,0.0,,No,0.95
forestland,wood,"Other forest waste","Forest waste human generated",Unavailable,31,55111,"Sauk County",Wisconsin,849.19,near-term,50,716.33,dt,12441193188,BTU,0.08,0.0,0.0,,No,0.95
forestland,wood,"Other forest waste","Forest waste human generated",Unavailable,31,55119,"Taylor County",Wisconsin,984.56,Emerging,50,82.68,dt,1435923168,BTU,0.01,0.0,0.0,,No,0.95
forestland,wood,"Other forest waste","Forest waste human generated",Unavailable,31,55119,"Taylor County",Wisconsin,984.56,Emerging,50,321.08,dt,5576568658,BTU,0.03,0.0,0.0,,No,0.95
forestland,wood,"Other forest waste","Forest waste human generated",Unavailable,31,55119,"Taylor County",Wisconsin,984.56,"mature-market high",50,82.68,dt,1435923168,BTU,0.01,0.0,0.0,,No,0.95
forestland,wood,"Other forest waste","Forest waste human generated",Unavailable,31,55119,"Taylor County",Wisconsin,984.56,"mature-market high",50,321.08,dt,5576568658,BTU,0.03,0.0,0.0,,No,0.95
forestland,wood,"Other forest waste","Forest waste human generated",Unavailable,31,55119,"Taylor County",Wisconsin,984.56,"mature-market low",50,82.68,dt,1435923168,BTU,0.01,0.0,0.0,,No,0.95
forestland,wood,"Other forest waste","Forest waste human generated",Unavailable,31,55119,"Taylor County",Wisconsin,984.56,"mature-market low",50,321.08,dt,5576568658,BTU,0.03,0.0,0.0,,No,0.95
forestland,wood,"Other forest waste","Forest waste human generated",Unavailable,31,55119,"Taylor County",Wisconsin,984.56,"mature-market medium",50,82.68,dt,1435923168,BTU,0.01,0.0,0.0,,No,0.95
forestland,wood,"Other forest waste","Forest waste human generated",Unavailable,31,55119,"Taylor County",Wisconsin,984.56,"mature-market medium",50,321.08,dt,5576568658,BTU,0.03,0.0,0.0,,No,0.95
forestland,wood,"Other forest waste","Forest waste human generated",Unavailable,31,55119,"Taylor County",Wisconsin,984.56,near-term,50,82.68,dt,1435923168,BTU,0.01,0.0,0.0,,No,0.95
forestland,wood,"Other forest waste","Forest waste human generated",Unavailable,31,55119,"Taylor County",Wisconsin,984.56,near-term,50,321.08,dt,5576568658,BTU,0.03,0.0,0.0,,No,0.95
forestland,wood,"Other forest waste","Forest waste human generated",Unavailable,31,55125,"Vilas County",Wisconsin,1017.72,Emerging,50,40.98,dt,711789338,BTU,0.00,0.0,0.0,,No,0.95
forestland,wood,"Other forest waste","Forest waste human generated",Unavailable,31,55125,"Vilas County",Wisconsin,1017.72,Emerging,50,100.96,dt,1753497137,BTU,0.01,0.0,0.0,,No,0.95
forestland,wood,"Other forest waste","Forest waste human generated",Unavailable,31,55125,"Vilas County",Wisconsin,1017.72,"mature-market high",50,40.98,dt,711789338,BTU,0.00,0.0,0.0,,No,0.95
forestland,wood,"Other forest waste","Forest waste human generated",Unavailable,31,55125,"Vilas County",Wisconsin,1017.72,"mature-market high",50,100.96,dt,1753497137,BTU,0.01,0.0,0.0,,No,0.95
forestland,wood,"Other forest waste","Forest waste human generated",Unavailable,31,55125,"Vilas County",Wisconsin,1017.72,"mature-market low",50,40.98,dt,711789338,BTU,0.00,0.0,0.0,,No,0.95
forestland,wood,"Other forest waste","Forest waste human generated",Unavailable,31,55125,"Vilas County",Wisconsin,1017.72,"mature-market low",50,100.96,dt,1753497137,BTU,0.01,0.0,0.0,,No,0.95
forestland,wood,"Other forest waste","Forest waste human generated",Unavailable,31,55125,"Vilas County",Wisconsin,1017.72,"mature-market medium",50,40.98,dt,711789338,BTU,0.00,0.0,0.0,,No,0.95
forestland,wood,"Other forest waste","Forest waste human generated",Unavailable,31,55125,"Vilas County",Wisconsin,1017.72,"mature-market medium",50,100.96,dt,1753497137,BTU,0.01,0.0,0.0,,No,0.95
forestland,wood,"Other forest waste","Forest waste human generated",Unavailable,31,55125,"Vilas County",Wisconsin,1017.72,near-term,50,40.98,dt,711789338,BTU,0.00,0.0,0.0,,No,0.95
forestland,wood,"Other forest waste","Forest waste human generated",Unavailable,31,55125,"Vilas County",Wisconsin,1017.72,near-term,50,100.96,dt,1753497137,BTU,0.01,0.0,0.0,,No,0.95
forestland,wood,"Other forest waste","Forest waste human generated",Unavailable,31,55135,"Waupaca County",Wisconsin,765.17,Emerging,50,185.76,dt,3226364193,BTU,0.02,0.0,0.0,,No,0.95
forestland,wood,"Other forest waste","Forest waste human generated",Unavailable,31,55135,"Waupaca County",Wisconsin,765.17,"mature-market high",50,185.76,dt,3226364193,BTU,0.02,0.0,0.0,,No,0.95
forestland,wood,"Other forest waste","Forest waste human generated",Unavailable,31,55135,"Waupaca County",Wisconsin,765.17,"mature-market low",50,185.76,dt,3226364193,BTU,0.02,0.0,0.0,,No,0.95
forestland,wood,"Other forest waste","Forest waste human generated",Unavailable,31,55135,"Waupaca County",Wisconsin,765.17,"mature-market medium",50,185.76,dt,3226364193,BTU,0.02,0.0,0.0,,No,0.95
forestland,wood,"Other forest waste","Forest waste human generated",Unavailable,31,55135,"Waupaca County",Wisconsin,765.17,near-term,50,185.76,dt,3226364193,BTU,0.02,0.0,0.0,,No,0.95
forestland,wood,"Other forest waste","Forest waste human generated",Unavailable,31,55137,"Waushara County",Wisconsin,637.4,Emerging,50,229.49,dt,3985771368,BTU,0.04,0.0,0.0,,No,0.95
forestland,wood,"Other forest waste","Forest waste human generated",Unavailable,31,55137,"Waushara County",Wisconsin,637.4,"mature-market high",50,229.49,dt,3985771368,BTU,0.04,0.0,0.0,,No,0.95
forestland,wood,"Other forest waste","Forest waste human generated",Unavailable,31,55137,"Waushara County",Wisconsin,637.4,"mature-market low",50,229.49,dt,3985771368,BTU,0.04,0.0,0.0,,No,0.95
forestland,wood,"Other forest waste","Forest waste human generated",Unavailable,31,55137,"Waushara County",Wisconsin,637.4,"mature-market medium",50,229.49,dt,3985771368,BTU,0.04,0.0,0.0,,No,0.95
forestland,wood,"Other forest waste","Forest waste human generated",Unavailable,31,55137,"Waushara County",Wisconsin,637.4,near-term,50,229.49,dt,3985771368,BTU,0.04,0.0,0.0,,No,0.95
forestland,wood,"Other forest waste","Forest waste human generated",Unavailable,32,55007,"Bayfield County",Wisconsin,1511.34,Emerging,50,1664.08,dt,28901705966,BTU,0.11,0.0,0.0,,No,0.95
forestland,wood,"Other forest waste","Forest waste human generated",Unavailable,32,55007,"Bayfield County",Wisconsin,1511.34,"mature-market high",50,1664.08,dt,28901705966,BTU,0.11,0.0,0.0,,No,0.95
forestland,wood,"Other forest waste","Forest waste human generated",Unavailable,32,55007,"Bayfield County",Wisconsin,1511.34,"mature-market low",50,1664.08,dt,28901705966,BTU,0.11,0.0,0.0,,No,0.95
forestland,wood,"Other forest waste","Forest waste human generated",Unavailable,32,55007,"Bayfield County",Wisconsin,1511.34,"mature-market medium",50,1664.08,dt,28901705966,BTU,0.11,0.0,0.0,,No,0.95
forestland,wood,"Other forest waste","Forest waste human generated",Unavailable,32,55007,"Bayfield County",Wisconsin,1511.34,near-term,50,1664.08,dt,28901705966,BTU,0.11,0.0,0.0,,No,0.95
forestland,wood,"Other forest waste","Forest waste human generated",Unavailable,32,55013,"Burnett County",Wisconsin,880.22,Emerging,50,66.15,dt,1148935149,BTU,0.01,0.0,0.0,,No,0.95
forestland,wood,"Other forest waste","Forest waste human generated",Unavailable,32,55013,"Burnett County",Wisconsin,880.22,"mature-market high",50,66.15,dt,1148935149,BTU,0.01,0.0,0.0,,No,0.95
forestland,wood,"Other forest waste","Forest waste human generated",Unavailable,32,55013,"Burnett County",Wisconsin,880.22,"mature-market low",50,66.15,dt,1148935149,BTU,0.01,0.0,0.0,,No,0.95
forestland,wood,"Other forest waste","Forest waste human generated",Unavailable,32,55013,"Burnett County",Wisconsin,880.22,"mature-market medium",50,66.15,dt,1148935149,BTU,0.01,0.0,0.0,,No,0.95
forestland,wood,"Other forest waste","Forest waste human generated",Unavailable,32,55013,"Burnett County",Wisconsin,880.22,near-term,50,66.15,dt,1148935149,BTU,0.01,0.0,0.0,,No,0.95
forestland,wood,"Other forest waste","Forest waste human generated",Unavailable,32,55021,"Columbia County",Wisconsin,795.99,Emerging,50,293.30,dt,5094058860,BTU,0.04,0.0,0.0,,No,0.95
forestland,wood,"Other forest waste","Forest waste human generated",Unavailable,32,55021,"Columbia County",Wisconsin,795.99,"mature-market high",50,293.30,dt,5094058860,BTU,0.04,0.0,0.0,,No,0.95
forestland,wood,"Other forest waste","Forest waste human generated",Unavailable,32,55021,"Columbia County",Wisconsin,795.99,"mature-market low",50,293.30,dt,5094058860,BTU,0.04,0.0,0.0,,No,0.95
forestland,wood,"Other forest waste","Forest waste human generated",Unavailable,32,55021,"Columbia County",Wisconsin,795.99,"mature-market medium",50,293.30,dt,5094058860,BTU,0.04,0.0,0.0,,No,0.95
forestland,wood,"Other forest waste","Forest waste human generated",Unavailable,32,55021,"Columbia County",Wisconsin,795.99,near-term,50,293.30,dt,5094058860,BTU,0.04,0.0,0.0,,No,0.95
forestland,wood,"Other forest waste","Forest waste human generated",Unavailable,32,55023,"Crawford County",Wisconsin,599.21,Emerging,50,184.35,dt,3201855742,BTU,0.03,0.0,0.0,,No,0.95
forestland,wood,"Other forest waste","Forest waste human generated",Unavailable,32,55023,"Crawford County",Wisconsin,599.21,"mature-market high",50,184.35,dt,3201855742,BTU,0.03,0.0,0.0,,No,0.95
forestland,wood,"Other forest waste","Forest waste human generated",Unavailable,32,55023,"Crawford County",Wisconsin,599.21,"mature-market low",50,184.35,dt,3201855742,BTU,0.03,0.0,0.0,,No,0.95
forestland,wood,"Other forest waste","Forest waste human generated",Unavailable,32,55023,"Crawford County",Wisconsin,599.21,"mature-market medium",50,184.35,dt,3201855742,BTU,0.03,0.0,0.0,,No,0.95
forestland,wood,"Other forest waste","Forest waste human generated",Unavailable,32,55023,"Crawford County",Wisconsin,599.21,near-term,50,184.35,dt,3201855742,BTU,0.03,0.0,0.0,,No,0.95
forestland,wood,"Other forest waste","Forest waste human generated",Unavailable,32,55025,"Dane County",Wisconsin,1237.5,Emerging,50,3775.14,dt,65566547909,BTU,0.31,0.0,0.0,,No,0.95
forestland,wood,"Other forest waste","Forest waste human generated",Unavailable,32,55025,"Dane County",Wisconsin,1237.5,"mature-market high",50,3775.14,dt,65566547909,BTU,0.31,0.0,0.0,,No,0.95
forestland,wood,"Other forest waste","Forest waste human generated",Unavailable,32,55025,"Dane County",Wisconsin,1237.5,"mature-market low",50,3775.14,dt,65566547909,BTU,0.31,0.0,0.0,,No,0.95
forestland,wood,"Other forest waste","Forest waste human generated",Unavailable,32,55025,"Dane County",Wisconsin,1237.5,"mature-market medium",50,3775.14,dt,65566547909,BTU,0.31,0.0,0.0,,No,0.95
forestland,wood,"Other forest waste","Forest waste human generated",Unavailable,32,55025,"Dane County",Wisconsin,1237.5,near-term,50,3775.14,dt,65566547909,BTU,0.31,0.0,0.0,,No,0.95
forestland,wood,"Other forest waste","Forest waste human generated",Unavailable,32,55035,"Eau Claire County",Wisconsin,645.2,Emerging,50,3474.11,dt,60338344668,BTU,0.54,0.0,0.0,,No,0.95
forestland,wood,"Other forest waste","Forest waste human generated",Unavailable,32,55035,"Eau Claire County",Wisconsin,645.2,"mature-market high",50,3474.11,dt,60338344668,BTU,0.54,0.0,0.0,,No,0.95
forestland,wood,"Other forest waste","Forest waste human generated",Unavailable,32,55035,"Eau Claire County",Wisconsin,645.2,"mature-market low",50,3474.11,dt,60338344668,BTU,0.54,0.0,0.0,,No,0.95
forestland,wood,"Other forest waste","Forest waste human generated",Unavailable,32,55035,"Eau Claire County",Wisconsin,645.2,"mature-market medium",50,3474.11,dt,60338344668,BTU,0.54,0.0,0.0,,No,0.95
forestland,wood,"Other forest waste","Forest waste human generated",Unavailable,32,55035,"Eau Claire County",Wisconsin,645.2,near-term,50,3474.11,dt,60338344668,BTU,0.54,0.0,0.0,,No,0.95
forestland,wood,"Other forest waste","Forest waste human generated",Unavailable,32,55051,"Iron County",Wisconsin,802.62,Emerging,50,3577.49,dt,62133795044,BTU,0.45,0.0,0.0,,No,0.95
forestland,wood,"Other forest waste","Forest waste human generated",Unavailable,32,55051,"Iron County",Wisconsin,802.62,"mature-market high",50,3577.49,dt,62133795044,BTU,0.45,0.0,0.0,,No,0.95
forestland,wood,"Other forest waste","Forest waste human generated",Unavailable,32,55051,"Iron County",Wisconsin,802.62,"mature-market low",50,3577.49,dt,62133795044,BTU,0.45,0.0,0.0,,No,0.95
forestland,wood,"Other forest waste","Forest waste human generated",Unavailable,32,55051,"Iron County",Wisconsin,802.62,"mature-market medium",50,3577.49,dt,62133795044,BTU,0.45,0.0,0.0,,No,0.95
forestland,wood,"Other forest waste","Forest waste human generated",Unavailable,32,55051,"Iron County",Wisconsin,802.62,near-term,50,3577.49,dt,62133795044,BTU,0.45,0.0,0.0,,No,0.95
forestland,wood,"Other forest waste","Forest waste human generated",Unavailable,32,55069,"Lincoln County",Wisconsin,906.79,Emerging,50,42.01,dt,729586015,BTU,0.00,0.0,0.0,,No,0.95
forestland,wood,"Other forest waste","Forest waste human generated",Unavailable,32,55069,"Lincoln County",Wisconsin,906.79,"mature-market high",50,42.01,dt,729586015,BTU,0.00,0.0,0.0,,No,0.95
forestland,wood,"Other forest waste","Forest waste human generated",Unavailable,32,55069,"Lincoln County",Wisconsin,906.79,"mature-market low",50,42.01,dt,729586015,BTU,0.00,0.0,0.0,,No,0.95
forestland,wood,"Other forest waste","Forest waste human generated",Unavailable,32,55069,"Lincoln County",Wisconsin,906.79,"mature-market medium",50,42.01,dt,729586015,BTU,0.00,0.0,0.0,,No,0.95
forestland,wood,"Other forest waste","Forest waste human generated",Unavailable,32,55069,"Lincoln County",Wisconsin,906.79,near-term,50,42.01,dt,729586015,BTU,0.00,0.0,0.0,,No,0.95
forestland,wood,"Other forest waste","Forest waste human generated",Unavailable,32,55073,"Marathon County",Wisconsin,1576.33,Emerging,50,92.51,dt,1606645854,BTU,0.01,0.0,0.0,,No,0.95
forestland,wood,"Other forest waste","Forest waste human generated",Unavailable,32,55073,"Marathon County",Wisconsin,1576.33,"mature-market high",50,92.51,dt,1606645854,BTU,0.01,0.0,0.0,,No,0.95
forestland,wood,"Other forest waste","Forest waste human generated",Unavailable,32,55073,"Marathon County",Wisconsin,1576.33,"mature-market low",50,92.51,dt,1606645854,BTU,0.01,0.0,0.0,,No,0.95
forestland,wood,"Other forest waste","Forest waste human generated",Unavailable,32,55073,"Marathon County",Wisconsin,1576.33,"mature-market medium",50,92.51,dt,1606645854,BTU,0.01,0.0,0.0,,No,0.95
forestland,wood,"Other forest waste","Forest waste human generated",Unavailable,32,55073,"Marathon County",Wisconsin,1576.33,near-term,50,92.51,dt,1606645854,BTU,0.01,0.0,0.0,,No,0.95
forestland,wood,"Other forest waste","Forest waste human generated",Unavailable,32,55075,"Marinette County",Wisconsin,1429.25,Emerging,50,2076.94,dt,36072309863,BTU,0.15,0.0,0.0,,No,0.95
forestland,wood,"Other forest waste","Forest waste human generated",Unavailable,32,55075,"Marinette County",Wisconsin,1429.25,"mature-market high",50,2076.94,dt,36072309863,BTU,0.15,0.0,0.0,,No,0.95
forestland,wood,"Other forest waste","Forest waste human generated",Unavailable,32,55075,"Marinette County",Wisconsin,1429.25,"mature-market low",50,2076.94,dt,36072309863,BTU,0.15,0.0,0.0,,No,0.95
forestland,wood,"Other forest waste","Forest waste human generated",Unavailable,32,55075,"Marinette County",Wisconsin,1429.25,"mature-market medium",50,2076.94,dt,36072309863,BTU,0.15,0.0,0.0,,No,0.95
forestland,wood,"Other forest waste","Forest waste human generated",Unavailable,32,55075,"Marinette County",Wisconsin,1429.25,near-term,50,2076.94,dt,36072309863,BTU,0.15,0.0,0.0,,No,0.95
forestland,wood,"Other forest waste","Forest waste human generated",Unavailable,32,55095,"Polk County",Wisconsin,956.41,Emerging,50,63.33,dt,1099907268,BTU,0.01,0.0,0.0,,No,0.95
forestland,wood,"Other forest waste","Forest waste human generated",Unavailable,32,55095,"Polk County",Wisconsin,956.41,"mature-market high",50,63.33,dt,1099907268,BTU,0.01,0.0,0.0,,No,0.95
forestland,wood,"Other forest waste","Forest waste human generated",Unavailable,32,55095,"Polk County",Wisconsin,956.41,"mature-market low",50,63.33,dt,1099907268,BTU,0.01,0.0,0.0,,No,0.95
forestland,wood,"Other forest waste","Forest waste human generated",Unavailable,32,55095,"Polk County",Wisconsin,956.41,"mature-market medium",50,63.33,dt,1099907268,BTU,0.01,0.0,0.0,,No,0.95
forestland,wood,"Other forest waste","Forest waste human generated",Unavailable,32,55095,"Polk County",Wisconsin,956.41,near-term,50,63.33,dt,1099907268,BTU,0.01,0.0,0.0,,No,0.95
forestland,wood,"Other forest waste","Forest waste human generated",Unavailable,32,55113,"Sawyer County",Wisconsin,1350.24,Emerging,50,239.67,dt,4162629491,BTU,0.02,0.0,0.0,,No,0.95
forestland,wood,"Other forest waste","Forest waste human generated",Unavailable,32,55113,"Sawyer County",Wisconsin,1350.24,Emerging,50,314.57,dt,5463392016,BTU,0.02,0.0,0.0,,No,0.95
forestland,wood,"Other forest waste","Forest waste human generated",Unavailable,32,55113,"Sawyer County",Wisconsin,1350.24,Emerging,50,422.88,dt,7344571771,BTU,0.03,0.0,0.0,,No,0.95
forestland,wood,"Other forest waste","Forest waste human generated",Unavailable,32,55113,"Sawyer County",Wisconsin,1350.24,"mature-market high",50,239.67,dt,4162629491,BTU,0.02,0.0,0.0,,No,0.95
forestland,wood,"Other forest waste","Forest waste human generated",Unavailable,32,55113,"Sawyer County",Wisconsin,1350.24,"mature-market high",50,314.57,dt,5463392016,BTU,0.02,0.0,0.0,,No,0.95
forestland,wood,"Other forest waste","Forest waste human generated",Unavailable,32,55113,"Sawyer County",Wisconsin,1350.24,"mature-market high",50,422.88,dt,7344571771,BTU,0.03,0.0,0.0,,No,0.95
forestland,wood,"Other forest waste","Forest waste human generated",Unavailable,32,55113,"Sawyer County",Wisconsin,1350.24,"mature-market low",50,239.67,dt,4162629491,BTU,0.02,0.0,0.0,,No,0.95
forestland,wood,"Other forest waste","Forest waste human generated",Unavailable,32,55113,"Sawyer County",Wisconsin,1350.24,"mature-market low",50,314.57,dt,5463392016,BTU,0.02,0.0,0.0,,No,0.95
forestland,wood,"Other forest waste","Forest waste human generated",Unavailable,32,55113,"Sawyer County",Wisconsin,1350.24,"mature-market low",50,422.88,dt,7344571771,BTU,0.03,0.0,0.0,,No,0.95
forestland,wood,"Other forest waste","Forest waste human generated",Unavailable,32,55113,"Sawyer County",Wisconsin,1350.24,"mature-market medium",50,239.67,dt,4162629491,BTU,0.02,0.0,0.0,,No,0.95
forestland,wood,"Other forest waste","Forest waste human generated",Unavailable,32,55113,"Sawyer County",Wisconsin,1350.24,"mature-market medium",50,314.57,dt,5463392016,BTU,0.02,0.0,0.0,,No,0.95
forestland,wood,"Other forest waste","Forest waste human generated",Unavailable,32,55113,"Sawyer County",Wisconsin,1350.24,"mature-market medium",50,422.88,dt,7344571771,BTU,0.03,0.0,0.0,,No,0.95
forestland,wood,"Other forest waste","Forest waste human generated",Unavailable,32,55113,"Sawyer County",Wisconsin,1350.24,near-term,50,239.67,dt,4162629491,BTU,0.02,0.0,0.0,,No,0.95
forestland,wood,"Other forest waste","Forest waste human generated",Unavailable,32,55113,"Sawyer County",Wisconsin,1350.24,near-term,50,314.57,dt,5463392016,BTU,0.02,0.0,0.0,,No,0.95
forestland,wood,"Other forest waste","Forest waste human generated",Unavailable,32,55113,"Sawyer County",Wisconsin,1350.24,near-term,50,422.88,dt,7344571771,BTU,0.03,0.0,0.0,,No,0.95
forestland,wood,"Other forest waste","Forest waste human generated",Unavailable,32,55121,"Trempealeau County",Wisconsin,741.98,Emerging,50,0.00,dt,0,BTU,0.00,0.0,0.0,,No,0.95
forestland,wood,"Other forest waste","Forest waste human generated",Unavailable,32,55121,"Trempealeau County",Wisconsin,741.98,"mature-market high",50,0.00,dt,0,BTU,0.00,0.0,0.0,,No,0.95
forestland,wood,"Other forest waste","Forest waste human generated",Unavailable,32,55121,"Trempealeau County",Wisconsin,741.98,"mature-market low",50,0.00,dt,0,BTU,0.00,0.0,0.0,,No,0.95
forestland,wood,"Other forest waste","Forest waste human generated",Unavailable,32,55121,"Trempealeau County",Wisconsin,741.98,"mature-market medium",50,0.00,dt,0,BTU,0.00,0.0,0.0,,No,0.95
forestland,wood,"Other forest waste","Forest waste human generated",Unavailable,32,55121,"Trempealeau County",Wisconsin,741.98,near-term,50,0.00,dt,0,BTU,0.00,0.0,0.0,,No,0.95
forestland,wood,"Other forest waste","Forest waste human generated",Unavailable,32,55135,"Waupaca County",Wisconsin,765.17,Emerging,50,168.19,dt,2921137511,BTU,0.02,0.0,0.0,,No,0.95
forestland,wood,"Other forest waste","Forest waste human generated",Unavailable,32,55135,"Waupaca County",Wisconsin,765.17,Emerging,50,2347.13,dt,40764883946,BTU,0.31,0.0,0.0,,No,0.95
forestland,wood,"Other forest waste","Forest waste human generated",Unavailable,32,55135,"Waupaca County",Wisconsin,765.17,"mature-market high",50,168.19,dt,2921137511,BTU,0.02,0.0,0.0,,No,0.95
forestland,wood,"Other forest waste","Forest waste human generated",Unavailable,32,55135,"Waupaca County",Wisconsin,765.17,"mature-market high",50,2347.13,dt,40764883946,BTU,0.31,0.0,0.0,,No,0.95
forestland,wood,"Other forest waste","Forest waste human generated",Unavailable,32,55135,"Waupaca County",Wisconsin,765.17,"mature-market low",50,168.19,dt,2921137511,BTU,0.02,0.0,0.0,,No,0.95
forestland,wood,"Other forest waste","Forest waste human generated",Unavailable,32,55135,"Waupaca County",Wisconsin,765.17,"mature-market low",50,2347.13,dt,40764883946,BTU,0.31,0.0,0.0,,No,0.95
forestland,wood,"Other forest waste","Forest waste human generated",Unavailable,32,55135,"Waupaca County",Wisconsin,765.17,"mature-market medium",50,168.19,dt,2921137511,BTU,0.02,0.0,0.0,,No,0.95
forestland,wood,"Other forest waste","Forest waste human generated",Unavailable,32,55135,"Waupaca County",Wisconsin,765.17,"mature-market medium",50,2347.13,dt,40764883946,BTU,0.31,0.0,0.0,,No,0.95
forestland,wood,"Other forest waste","Forest waste human generated",Unavailable,32,55135,"Waupaca County",Wisconsin,765.17,near-term,50,168.19,dt,2921137511,BTU,0.02,0.0,0.0,,No,0.95
forestland,wood,"Other forest waste","Forest waste human generated",Unavailable,32,55135,"Waupaca County",Wisconsin,765.17,near-term,50,2347.13,dt,40764883946,BTU,0.31,0.0,0.0,,No,0.95
forestland,wood,"Small-diameter trees","Hardwood lowland small-diameter trees","Class 2",Private,55003,"Ashland County",Wisconsin,1054.13,Emerging,70.11,11654.50,dt,198126500000,BTU,11.06,35.43,284.70,ac,No,1
forestland,wood,"Small-diameter trees","Hardwood lowland small-diameter trees","Class 2",Private,55003,"Ashland County",Wisconsin,1054.13,"mature-market high",70.11,11654.50,dt,198126500000,BTU,11.06,35.43,284.70,ac,No,1
forestland,wood,"Small-diameter trees","Hardwood lowland small-diameter trees","Class 2",Private,55003,"Ashland County",Wisconsin,1054.13,"mature-market low",70.11,11654.50,dt,198126500000,BTU,11.06,35.43,284.70,ac,No,1
forestland,wood,"Small-diameter trees","Hardwood lowland small-diameter trees","Class 2",Private,55003,"Ashland County",Wisconsin,1054.13,"mature-market medium",70.11,11654.50,dt,198126500000,BTU,11.06,35.43,284.70,ac,No,1
forestland,wood,"Small-diameter trees","Hardwood lowland small-diameter trees","Class 2",Private,55019,"Clark County",Wisconsin,1218.67,Emerging,70.11,17603.10,dt,299252700000,BTU,14.44,35.43,430.00,ac,No,1
forestland,wood,"Small-diameter trees","Hardwood lowland small-diameter trees","Class 2",Private,55019,"Clark County",Wisconsin,1218.67,"mature-market high",70.11,17603.10,dt,299252700000,BTU,14.44,35.43,430.00,ac,No,1
forestland,wood,"Small-diameter trees","Hardwood lowland small-diameter trees","Class 2",Private,55019,"Clark County",Wisconsin,1218.67,"mature-market low",70.11,17603.10,dt,299252700000,BTU,14.44,35.43,430.00,ac,No,1
forestland,wood,"Small-diameter trees","Hardwood lowland small-diameter trees","Class 2",Private,55019,"Clark County",Wisconsin,1218.67,"mature-market medium",70.11,17603.10,dt,299252700000,BTU,14.44,35.43,430.00,ac,No,1
forestland,wood,"Small-diameter trees","Hardwood lowland small-diameter trees","Class 2",Private,55021,"Columbia County",Wisconsin,795.99,Emerging,70.11,1925.50,dt,32733500000,BTU,2.42,35.43,38.70,ac,No,1
forestland,wood,"Small-diameter trees","Hardwood lowland small-diameter trees","Class 2",Private,55021,"Columbia County",Wisconsin,795.99,"mature-market high",70.11,1925.50,dt,32733500000,BTU,2.42,35.43,38.70,ac,No,1
forestland,wood,"Small-diameter trees","Hardwood lowland small-diameter trees","Class 2",Private,55021,"Columbia County",Wisconsin,795.99,"mature-market low",70.11,1925.50,dt,32733500000,BTU,2.42,35.43,38.70,ac,No,1
forestland,wood,"Small-diameter trees","Hardwood lowland small-diameter trees","Class 2",Private,55021,"Columbia County",Wisconsin,795.99,"mature-market medium",70.11,1925.50,dt,32733500000,BTU,2.42,35.43,38.70,ac,No,1
forestland,wood,"Small-diameter trees","Hardwood lowland small-diameter trees","Class 2",Private,55025,"Dane County",Wisconsin,1237.5,Emerging,70.11,2953.10,dt,50202700000,BTU,2.39,35.43,59.40,ac,No,1
forestland,wood,"Small-diameter trees","Hardwood lowland small-diameter trees","Class 2",Private,55025,"Dane County",Wisconsin,1237.5,"mature-market high",70.11,2953.10,dt,50202700000,BTU,2.39,35.43,59.40,ac,No,1
forestland,wood,"Small-diameter trees","Hardwood lowland small-diameter trees","Class 2",Private,55025,"Dane County",Wisconsin,1237.5,"mature-market low",70.11,2953.10,dt,50202700000,BTU,2.39,35.43,59.40,ac,No,1
forestland,wood,"Small-diameter trees","Hardwood lowland small-diameter trees","Class 2",Private,55025,"Dane County",Wisconsin,1237.5,"mature-market medium",70.11,2953.10,dt,50202700000,BTU,2.39,35.43,59.40,ac,No,1
forestland,wood,"Small-diameter trees","Hardwood lowland small-diameter trees","Class 2",Private,55027,"Dodge County",Wisconsin,907.1,Emerging,70.11,682.10,dt,11595700000,BTU,0.75,35.43,13.70,ac,No,1
forestland,wood,"Small-diameter trees","Hardwood lowland small-diameter trees","Class 2",Private,55027,"Dodge County",Wisconsin,907.1,"mature-market high",70.11,682.10,dt,11595700000,BTU,0.75,35.43,13.70,ac,No,1
forestland,wood,"Small-diameter trees","Hardwood lowland small-diameter trees","Class 2",Private,55027,"Dodge County",Wisconsin,907.1,"mature-market low",70.11,682.10,dt,11595700000,BTU,0.75,35.43,13.70,ac,No,1
forestland,wood,"Small-diameter trees","Hardwood lowland small-diameter trees","Class 2",Private,55027,"Dodge County",Wisconsin,907.1,"mature-market medium",70.11,682.10,dt,11595700000,BTU,0.75,35.43,13.70,ac,No,1
forestland,wood,"Small-diameter trees","Hardwood lowland small-diameter trees","Class 2",Private,55045,"Green County",Wisconsin,584.55,Emerging,70.11,1191.60,dt,20257200000,BTU,2.04,35.43,24.00,ac,No,1
forestland,wood,"Small-diameter trees","Hardwood lowland small-diameter trees","Class 2",Private,55045,"Green County",Wisconsin,584.55,"mature-market high",70.11,1191.60,dt,20257200000,BTU,2.04,35.43,24.00,ac,No,1
forestland,wood,"Small-diameter trees","Hardwood lowland small-diameter trees","Class 2",Private,55045,"Green County",Wisconsin,584.55,"mature-market low",70.11,1191.60,dt,20257200000,BTU,2.04,35.43,24.00,ac,No,1
forestland,wood,"Small-diameter trees","Hardwood lowland small-diameter trees","Class 2",Private,55045,"Green County",Wisconsin,584.55,"mature-market medium",70.11,1191.60,dt,20257200000,BTU,2.04,35.43,24.00,ac,No,1
forestland,wood,"Small-diameter trees","Hardwood lowland small-diameter trees","Class 2",Private,55051,"Iron County",Wisconsin,802.62,Emerging,70.11,12140.10,dt,206381700000,BTU,15.13,35.43,296.60,ac,No,1
forestland,wood,"Small-diameter trees","Hardwood lowland small-diameter trees","Class 2",Private,55051,"Iron County",Wisconsin,802.62,"mature-market high",70.11,12140.10,dt,206381700000,BTU,15.13,35.43,296.60,ac,No,1
forestland,wood,"Small-diameter trees","Hardwood lowland small-diameter trees","Class 2",Private,55051,"Iron County",Wisconsin,802.62,"mature-market low",70.11,12140.10,dt,206381700000,BTU,15.13,35.43,296.60,ac,No,1
forestland,wood,"Small-diameter trees","Hardwood lowland small-diameter trees","Class 2",Private,55051,"Iron County",Wisconsin,802.62,"mature-market medium",70.11,12140.10,dt,206381700000,BTU,15.13,35.43,296.60,ac,No,1
forestland,wood,"Small-diameter trees","Hardwood lowland small-diameter trees","Class 2",Private,55055,"Jefferson County",Wisconsin,582.74,Emerging,70.11,742.60,dt,12624200000,BTU,1.27,35.43,14.90,ac,No,1
forestland,wood,"Small-diameter trees","Hardwood lowland small-diameter trees","Class 2",Private,55055,"Jefferson County",Wisconsin,582.74,"mature-market high",70.11,742.60,dt,12624200000,BTU,1.27,35.43,14.90,ac,No,1
forestland,wood,"Small-diameter trees","Hardwood lowland small-diameter trees","Class 2",Private,55055,"Jefferson County",Wisconsin,582.74,"mature-market low",70.11,742.60,dt,12624200000,BTU,1.27,35.43,14.90,ac,No,1
forestland,wood,"Small-diameter trees","Hardwood lowland small-diameter trees","Class 2",Private,55055,"Jefferson County",Wisconsin,582.74,"mature-market medium",70.11,742.60,dt,12624200000,BTU,1.27,35.43,14.90,ac,No,1
forestland,wood,"Small-diameter trees","Hardwood lowland small-diameter trees","Class 2",Private,55069,"Lincoln County",Wisconsin,906.79,Emerging,70.11,15903.50,dt,270359500000,BTU,17.54,35.43,388.50,ac,No,1
forestland,wood,"Small-diameter trees","Hardwood lowland small-diameter trees","Class 2",Private,55069,"Lincoln County",Wisconsin,906.79,"mature-market high",70.11,15903.50,dt,270359500000,BTU,17.54,35.43,388.50,ac,No,1
forestland,wood,"Small-diameter trees","Hardwood lowland small-diameter trees","Class 2",Private,55069,"Lincoln County",Wisconsin,906.79,"mature-market low",70.11,15903.50,dt,270359500000,BTU,17.54,35.43,388.50,ac,No,1
forestland,wood,"Small-diameter trees","Hardwood lowland small-diameter trees","Class 2",Private,55069,"Lincoln County",Wisconsin,906.79,"mature-market medium",70.11,15903.50,dt,270359500000,BTU,17.54,35.43,388.50,ac,No,1
forestland,wood,"Small-diameter trees","Hardwood lowland small-diameter trees","Class 2",Private,55073,"Marathon County",Wisconsin,1576.33,Emerging,70.11,20152.50,dt,342592500000,BTU,12.78,35.43,492.30,ac,No,1
forestland,wood,"Small-diameter trees","Hardwood lowland small-diameter trees","Class 2",Private,55073,"Marathon County",Wisconsin,1576.33,"mature-market high",70.11,20152.50,dt,342592500000,BTU,12.78,35.43,492.30,ac,No,1
forestland,wood,"Small-diameter trees","Hardwood lowland small-diameter trees","Class 2",Private,55073,"Marathon County",Wisconsin,1576.33,"mature-market low",70.11,20152.50,dt,342592500000,BTU,12.78,35.43,492.30,ac,No,1
forestland,wood,"Small-diameter trees","Hardwood lowland small-diameter trees","Class 2",Private,55073,"Marathon County",Wisconsin,1576.33,"mature-market medium",70.11,20152.50,dt,342592500000,BTU,12.78,35.43,492.30,ac,No,1
forestland,wood,"Small-diameter trees","Hardwood lowland small-diameter trees","Class 2",Private,55085,"Oneida County",Wisconsin,1236.57,Emerging,70.11,10561.90,dt,179552300000,BTU,8.54,35.43,258.00,ac,No,1
forestland,wood,"Small-diameter trees","Hardwood lowland small-diameter trees","Class 2",Private,55085,"Oneida County",Wisconsin,1236.57,"mature-market high",70.11,10561.90,dt,179552300000,BTU,8.54,35.43,258.00,ac,No,1
forestland,wood,"Small-diameter trees","Hardwood lowland small-diameter trees","Class 2",Private,55085,"Oneida County",Wisconsin,1236.57,"mature-market low",70.11,10561.90,dt,179552300000,BTU,8.54,35.43,258.00,ac,No,1
forestland,wood,"Small-diameter trees","Hardwood lowland small-diameter trees","Class 2",Private,55085,"Oneida County",Wisconsin,1236.57,"mature-market medium",70.11,10561.90,dt,179552300000,BTU,8.54,35.43,258.00,ac,No,1
forestland,wood,"Small-diameter trees","Hardwood lowland small-diameter trees","Class 2",Private,55099,"Price County",Wisconsin,1278.04,Emerging,70.11,16510.50,dt,280678500000,BTU,12.92,35.43,403.30,ac,No,1
forestland,wood,"Small-diameter trees","Hardwood lowland small-diameter trees","Class 2",Private,55099,"Price County",Wisconsin,1278.04,"mature-market high",70.11,16510.50,dt,280678500000,BTU,12.92,35.43,403.30,ac,No,1
forestland,wood,"Small-diameter trees","Hardwood lowland small-diameter trees","Class 2",Private,55099,"Price County",Wisconsin,1278.04,"mature-market low",70.11,16510.50,dt,280678500000,BTU,12.92,35.43,403.30,ac,No,1
forestland,wood,"Small-diameter trees","Hardwood lowland small-diameter trees","Class 2",Private,55099,"Price County",Wisconsin,1278.04,"mature-market medium",70.11,16510.50,dt,280678500000,BTU,12.92,35.43,403.30,ac,No,1
forestland,wood,"Small-diameter trees","Hardwood lowland small-diameter trees","Class 2",Private,55105,"Rock County",Wisconsin,726.16,Emerging,70.11,1148.40,dt,19522800000,BTU,1.58,35.43,23.10,ac,No,1
forestland,wood,"Small-diameter trees","Hardwood lowland small-diameter trees","Class 2",Private,55105,"Rock County",Wisconsin,726.16,"mature-market high",70.11,1148.40,dt,19522800000,BTU,1.58,35.43,23.10,ac,No,1
forestland,wood,"Small-diameter trees","Hardwood lowland small-diameter trees","Class 2",Private,55105,"Rock County",Wisconsin,726.16,"mature-market low",70.11,1148.40,dt,19522800000,BTU,1.58,35.43,23.10,ac,No,1
forestland,wood,"Small-diameter trees","Hardwood lowland small-diameter trees","Class 2",Private,55105,"Rock County",Wisconsin,726.16,"mature-market medium",70.11,1148.40,dt,19522800000,BTU,1.58,35.43,23.10,ac,No,1
forestland,wood,"Small-diameter trees","Hardwood lowland small-diameter trees","Class 2",Private,55119,"Taylor County",Wisconsin,984.56,Emerging,70.11,10197.70,dt,173360900000,BTU,10.36,35.43,249.10,ac,No,1
forestland,wood,"Small-diameter trees","Hardwood lowland small-diameter trees","Class 2",Private,55119,"Taylor County",Wisconsin,984.56,"mature-market high",70.11,10197.70,dt,173360900000,BTU,10.36,35.43,249.10,ac,No,1
forestland,wood,"Small-diameter trees","Hardwood lowland small-diameter trees","Class 2",Private,55119,"Taylor County",Wisconsin,984.56,"mature-market low",70.11,10197.70,dt,173360900000,BTU,10.36,35.43,249.10,ac,No,1
forestland,wood,"Small-diameter trees","Hardwood lowland small-diameter trees","Class 2",Private,55119,"Taylor County",Wisconsin,984.56,"mature-market medium",70.11,10197.70,dt,173360900000,BTU,10.36,35.43,249.10,ac,No,1
forestland,wood,"Small-diameter trees","Hardwood lowland small-diameter trees","Class 2",Private,55125,"Vilas County",Wisconsin,1017.72,Emerging,70.11,6798.40,dt,115572800000,BTU,6.68,35.43,166.10,ac,No,1
forestland,wood,"Small-diameter trees","Hardwood lowland small-diameter trees","Class 2",Private,55125,"Vilas County",Wisconsin,1017.72,"mature-market high",70.11,6798.40,dt,115572800000,BTU,6.68,35.43,166.10,ac,No,1
forestland,wood,"Small-diameter trees","Hardwood lowland small-diameter trees","Class 2",Private,55125,"Vilas County",Wisconsin,1017.72,"mature-market low",70.11,6798.40,dt,115572800000,BTU,6.68,35.43,166.10,ac,No,1
forestland,wood,"Small-diameter trees","Hardwood lowland small-diameter trees","Class 2",Private,55125,"Vilas County",Wisconsin,1017.72,"mature-market medium",70.11,6798.40,dt,115572800000,BTU,6.68,35.43,166.10,ac,No,1
forestland,wood,"Small-diameter trees","Hardwood lowland small-diameter trees","Class 2",Public,55001,"Adams County",Wisconsin,687.48,Emerging,70.11,139.70,dt,2374900000,BTU,0.20,42.22,7.00,ac,No,1
forestland,wood,"Small-diameter trees","Hardwood lowland small-diameter trees","Class 2",Public,55001,"Adams County",Wisconsin,687.48,"mature-market high",70.11,139.70,dt,2374900000,BTU,0.20,42.22,7.00,ac,No,1
forestland,wood,"Small-diameter trees","Hardwood lowland small-diameter trees","Class 2",Public,55001,"Adams County",Wisconsin,687.48,"mature-market low",70.11,139.70,dt,2374900000,BTU,0.20,42.22,7.00,ac,No,1
forestland,wood,"Small-diameter trees","Hardwood lowland small-diameter trees","Class 2",Public,55001,"Adams County",Wisconsin,687.48,"mature-market medium",70.11,139.70,dt,2374900000,BTU,0.20,42.22,7.00,ac,No,1
forestland,wood,"Small-diameter trees","Hardwood lowland small-diameter trees","Class 2",Public,55003,"Ashland County",Wisconsin,1054.13,Emerging,70.11,10680.60,dt,181570200000,BTU,10.13,35.43,234.80,ac,No,1
forestland,wood,"Small-diameter trees","Hardwood lowland small-diameter trees","Class 2",Public,55003,"Ashland County",Wisconsin,1054.13,"mature-market high",70.11,10680.60,dt,181570200000,BTU,10.13,35.43,234.80,ac,No,1
forestland,wood,"Small-diameter trees","Hardwood lowland small-diameter trees","Class 2",Public,55003,"Ashland County",Wisconsin,1054.13,"mature-market low",70.11,10680.60,dt,181570200000,BTU,10.13,35.43,234.80,ac,No,1
forestland,wood,"Small-diameter trees","Hardwood lowland small-diameter trees","Class 2",Public,55003,"Ashland County",Wisconsin,1054.13,"mature-market medium",70.11,10680.60,dt,181570200000,BTU,10.13,35.43,234.80,ac,No,1
forestland,wood,"Small-diameter trees","Hardwood lowland small-diameter trees","Class 2",Public,55007,"Bayfield County",Wisconsin,1511.34,Emerging,70.11,43261.20,dt,735440400000,BTU,28.62,35.43,1022.80,ac,No,1
forestland,wood,"Small-diameter trees","Hardwood lowland small-diameter trees","Class 2",Public,55007,"Bayfield County",Wisconsin,1511.34,"mature-market high",70.11,43261.20,dt,735440400000,BTU,28.62,35.43,1022.80,ac,No,1
forestland,wood,"Small-diameter trees","Hardwood lowland small-diameter trees","Class 2",Public,55007,"Bayfield County",Wisconsin,1511.34,"mature-market low",70.11,43261.20,dt,735440400000,BTU,28.62,35.43,1022.80,ac,No,1
forestland,wood,"Small-diameter trees","Hardwood lowland small-diameter trees","Class 2",Public,55007,"Bayfield County",Wisconsin,1511.34,"mature-market medium",70.11,43261.20,dt,735440400000,BTU,28.62,35.43,1022.80,ac,No,1
forestland,wood,"Small-diameter trees","Hardwood lowland small-diameter trees","Class 2",Public,55011,"Buffalo County",Wisconsin,709.59,Emerging,70.11,38.20,dt,649400000,BTU,0.05,42.22,1.90,ac,No,1
forestland,wood,"Small-diameter trees","Hardwood lowland small-diameter trees","Class 2",Public,55011,"Buffalo County",Wisconsin,709.59,"mature-market high",70.11,38.20,dt,649400000,BTU,0.05,42.22,1.90,ac,No,1
forestland,wood,"Small-diameter trees","Hardwood lowland small-diameter trees","Class 2",Public,55011,"Buffalo County",Wisconsin,709.59,"mature-market low",70.11,38.20,dt,649400000,BTU,0.05,42.22,1.90,ac,No,1
forestland,wood,"Small-diameter trees","Hardwood lowland small-diameter trees","Class 2",Public,55011,"Buffalo County",Wisconsin,709.59,"mature-market medium",70.11,38.20,dt,649400000,BTU,0.05,42.22,1.90,ac,No,1
forestland,wood,"Small-diameter trees","Hardwood lowland small-diameter trees","Class 2",Public,55013,"Burnett County",Wisconsin,880.22,Emerging,70.11,2396.40,dt,40738800000,BTU,2.72,35.43,56.70,ac,No,1
forestland,wood,"Small-diameter trees","Hardwood lowland small-diameter trees","Class 2",Public,55013,"Burnett County",Wisconsin,880.22,"mature-market high",70.11,2396.40,dt,40738800000,BTU,2.72,35.43,56.70,ac,No,1
forestland,wood,"Small-diameter trees","Hardwood lowland small-diameter trees","Class 2",Public,55013,"Burnett County",Wisconsin,880.22,"mature-market low",70.11,2396.40,dt,40738800000,BTU,2.72,35.43,56.70,ac,No,1
forestland,wood,"Small-diameter trees","Hardwood lowland small-diameter trees","Class 2",Public,55013,"Burnett County",Wisconsin,880.22,"mature-market medium",70.11,2396.40,dt,40738800000,BTU,2.72,35.43,56.70,ac,No,1
forestland,wood,"Small-diameter trees","Hardwood lowland small-diameter trees","Class 2",Public,55031,"Douglas County",Wisconsin,1332.11,Emerging,70.11,567.60,dt,9649200000,BTU,0.43,35.43,13.40,ac,No,1
forestland,wood,"Small-diameter trees","Hardwood lowland small-diameter trees","Class 2",Public,55031,"Douglas County",Wisconsin,1332.11,"mature-market high",70.11,567.60,dt,9649200000,BTU,0.43,35.43,13.40,ac,No,1
forestland,wood,"Small-diameter trees","Hardwood lowland small-diameter trees","Class 2",Public,55031,"Douglas County",Wisconsin,1332.11,"mature-market low",70.11,567.60,dt,9649200000,BTU,0.43,35.43,13.40,ac,No,1
forestland,wood,"Small-diameter trees","Hardwood lowland small-diameter trees","Class 2",Public,55031,"Douglas County",Wisconsin,1332.11,"mature-market medium",70.11,567.60,dt,9649200000,BTU,0.43,35.43,13.40,ac,No,1
forestland,wood,"Small-diameter trees","Hardwood lowland small-diameter trees","Class 2",Public,55037,"Florence County",Wisconsin,497.43,Emerging,70.11,7152.70,dt,121595900000,BTU,14.38,35.43,163.80,ac,No,1
forestland,wood,"Small-diameter trees","Hardwood lowland small-diameter trees","Class 2",Public,55037,"Florence County",Wisconsin,497.43,"mature-market high",70.11,7152.70,dt,121595900000,BTU,14.38,35.43,163.80,ac,No,1
forestland,wood,"Small-diameter trees","Hardwood lowland small-diameter trees","Class 2",Public,55037,"Florence County",Wisconsin,497.43,"mature-market low",70.11,7152.70,dt,121595900000,BTU,14.38,35.43,163.80,ac,No,1
forestland,wood,"Small-diameter trees","Hardwood lowland small-diameter trees","Class 2",Public,55037,"Florence County",Wisconsin,497.43,"mature-market medium",70.11,7152.70,dt,121595900000,BTU,14.38,35.43,163.80,ac,No,1
forestland,wood,"Small-diameter trees","Hardwood lowland small-diameter trees","Class 2",Public,55041,"Forest County",Wisconsin,1046.52,Emerging,70.11,28509.40,dt,484659800000,BTU,27.24,35.43,652.90,ac,No,1
forestland,wood,"Small-diameter trees","Hardwood lowland small-diameter trees","Class 2",Public,55041,"Forest County",Wisconsin,1046.52,"mature-market high",70.11,28509.40,dt,484659800000,BTU,27.24,35.43,652.90,ac,No,1
forestland,wood,"Small-diameter trees","Hardwood lowland small-diameter trees","Class 2",Public,55041,"Forest County",Wisconsin,1046.52,"mature-market low",70.11,28509.40,dt,484659800000,BTU,27.24,35.43,652.90,ac,No,1
forestland,wood,"Small-diameter trees","Hardwood lowland small-diameter trees","Class 2",Public,55041,"Forest County",Wisconsin,1046.52,"mature-market medium",70.11,28509.40,dt,484659800000,BTU,27.24,35.43,652.90,ac,No,1
forestland,wood,"Small-diameter trees","Hardwood lowland small-diameter trees","Class 2",Public,55053,"Jackson County",Wisconsin,1000.48,Emerging,70.11,95.50,dt,1623500000,BTU,0.10,42.22,4.80,ac,No,1
forestland,wood,"Small-diameter trees","Hardwood lowland small-diameter trees","Class 2",Public,55053,"Jackson County",Wisconsin,1000.48,"mature-market high",70.11,95.50,dt,1623500000,BTU,0.10,42.22,4.80,ac,No,1
forestland,wood,"Small-diameter trees","Hardwood lowland small-diameter trees","Class 2",Public,55053,"Jackson County",Wisconsin,1000.48,"mature-market low",70.11,95.50,dt,1623500000,BTU,0.10,42.22,4.80,ac,No,1
forestland,wood,"Small-diameter trees","Hardwood lowland small-diameter trees","Class 2",Public,55053,"Jackson County",Wisconsin,1000.48,"mature-market medium",70.11,95.50,dt,1623500000,BTU,0.10,42.22,4.80,ac,No,1
forestland,wood,"Small-diameter trees","Hardwood lowland small-diameter trees","Class 2",Public,55057,"Juneau County",Wisconsin,805.17,Emerging,70.11,11362.80,dt,193167600000,BTU,14.11,42.22,569.20,ac,No,1
forestland,wood,"Small-diameter trees","Hardwood lowland small-diameter trees","Class 2",Public,55057,"Juneau County",Wisconsin,805.17,"mature-market high",70.11,11362.80,dt,193167600000,BTU,14.11,42.22,569.20,ac,No,1
forestland,wood,"Small-diameter trees","Hardwood lowland small-diameter trees","Class 2",Public,55057,"Juneau County",Wisconsin,805.17,"mature-market low",70.11,11362.80,dt,193167600000,BTU,14.11,42.22,569.20,ac,No,1
forestland,wood,"Small-diameter trees","Hardwood lowland small-diameter trees","Class 2",Public,55057,"Juneau County",Wisconsin,805.17,"mature-market medium",70.11,11362.80,dt,193167600000,BTU,14.11,42.22,569.20,ac,No,1
forestland,wood,"Small-diameter trees","Hardwood lowland small-diameter trees","Class 2",Public,55063,"La Crosse County",Wisconsin,480.05,Emerging,70.11,76.40,dt,1298800000,BTU,0.16,42.22,3.90,ac,No,1
forestland,wood,"Small-diameter trees","Hardwood lowland small-diameter trees","Class 2",Public,55063,"La Crosse County",Wisconsin,480.05,"mature-market high",70.11,76.40,dt,1298800000,BTU,0.16,42.22,3.90,ac,No,1
forestland,wood,"Small-diameter trees","Hardwood lowland small-diameter trees","Class 2",Public,55063,"La Crosse County",Wisconsin,480.05,"mature-market low",70.11,76.40,dt,1298800000,BTU,0.16,42.22,3.90,ac,No,1
forestland,wood,"Small-diameter trees","Hardwood lowland small-diameter trees","Class 2",Public,55063,"La Crosse County",Wisconsin,480.05,"mature-market medium",70.11,76.40,dt,1298800000,BTU,0.16,42.22,3.90,ac,No,1
forestland,wood,"Small-diameter trees","Hardwood lowland small-diameter trees","Class 2",Public,55067,"Langlade County",Wisconsin,887.79,Emerging,70.11,3652.50,dt,62092500000,BTU,4.11,35.43,83.60,ac,No,1
forestland,wood,"Small-diameter trees","Hardwood lowland small-diameter trees","Class 2",Public,55067,"Langlade County",Wisconsin,887.79,"mature-market high",70.11,3652.50,dt,62092500000,BTU,4.11,35.43,83.60,ac,No,1
forestland,wood,"Small-diameter trees","Hardwood lowland small-diameter trees","Class 2",Public,55067,"Langlade County",Wisconsin,887.79,"mature-market low",70.11,3652.50,dt,62092500000,BTU,4.11,35.43,83.60,ac,No,1
forestland,wood,"Small-diameter trees","Hardwood lowland small-diameter trees","Class 2",Public,55067,"Langlade County",Wisconsin,887.79,"mature-market medium",70.11,3652.50,dt,62092500000,BTU,4.11,35.43,83.60,ac,No,1
forestland,wood,"Small-diameter trees","Hardwood lowland small-diameter trees","Class 2",Public,55077,"Marquette County",Wisconsin,464.47,Emerging,70.11,93.10,dt,1582700000,BTU,0.20,42.22,4.70,ac,No,1
forestland,wood,"Small-diameter trees","Hardwood lowland small-diameter trees","Class 2",Public,55077,"Marquette County",Wisconsin,464.47,"mature-market high",70.11,93.10,dt,1582700000,BTU,0.20,42.22,4.70,ac,No,1
forestland,wood,"Small-diameter trees","Hardwood lowland small-diameter trees","Class 2",Public,55077,"Marquette County",Wisconsin,464.47,"mature-market low",70.11,93.10,dt,1582700000,BTU,0.20,42.22,4.70,ac,No,1
forestland,wood,"Small-diameter trees","Hardwood lowland small-diameter trees","Class 2",Public,55077,"Marquette County",Wisconsin,464.47,"mature-market medium",70.11,93.10,dt,1582700000,BTU,0.20,42.22,4.70,ac,No,1
forestland,wood,"Small-diameter trees","Hardwood lowland small-diameter trees","Class 2",Public,55081,"Monroe County",Wisconsin,908.08,Emerging,70.11,17384.50,dt,295536500000,BTU,19.14,42.22,880.10,ac,No,1
forestland,wood,"Small-diameter trees","Hardwood lowland small-diameter trees","Class 2",Public,55081,"Monroe County",Wisconsin,908.08,"mature-market high",70.11,17384.50,dt,295536500000,BTU,19.14,42.22,880.10,ac,No,1
forestland,wood,"Small-diameter trees","Hardwood lowland small-diameter trees","Class 2",Public,55081,"Monroe County",Wisconsin,908.08,"mature-market low",70.11,17384.50,dt,295536500000,BTU,19.14,42.22,880.10,ac,No,1
forestland,wood,"Small-diameter trees","Hardwood lowland small-diameter trees","Class 2",Public,55081,"Monroe County",Wisconsin,908.08,"mature-market medium",70.11,17384.50,dt,295536500000,BTU,19.14,42.22,880.10,ac,No,1
forestland,wood,"Small-diameter trees","Hardwood lowland small-diameter trees","Class 2",Public,55083,"Oconto County",Wisconsin,1016.31,Emerging,70.11,11413.90,dt,194036300000,BTU,11.23,35.43,261.40,ac,No,1
forestland,wood,"Small-diameter trees","Hardwood lowland small-diameter trees","Class 2",Public,55083,"Oconto County",Wisconsin,1016.31,"mature-market high",70.11,11413.90,dt,194036300000,BTU,11.23,35.43,261.40,ac,No,1
forestland,wood,"Small-diameter trees","Hardwood lowland small-diameter trees","Class 2",Public,55083,"Oconto County",Wisconsin,1016.31,"mature-market low",70.11,11413.90,dt,194036300000,BTU,11.23,35.43,261.40,ac,No,1
forestland,wood,"Small-diameter trees","Hardwood lowland small-diameter trees","Class 2",Public,55083,"Oconto County",Wisconsin,1016.31,"mature-market medium",70.11,11413.90,dt,194036300000,BTU,11.23,35.43,261.40,ac,No,1
forestland,wood,"Small-diameter trees","Hardwood lowland small-diameter trees","Class 2",Public,55085,"Oneida County",Wisconsin,1236.57,Emerging,70.11,113.60,dt,1931200000,BTU,0.09,35.43,2.50,ac,No,1
forestland,wood,"Small-diameter trees","Hardwood lowland small-diameter trees","Class 2",Public,55085,"Oneida County",Wisconsin,1236.57,"mature-market high",70.11,113.60,dt,1931200000,BTU,0.09,35.43,2.50,ac,No,1
forestland,wood,"Small-diameter trees","Hardwood lowland small-diameter trees","Class 2",Public,55085,"Oneida County",Wisconsin,1236.57,"mature-market low",70.11,113.60,dt,1931200000,BTU,0.09,35.43,2.50,ac,No,1
forestland,wood,"Small-diameter trees","Hardwood lowland small-diameter trees","Class 2",Public,55085,"Oneida County",Wisconsin,1236.57,"mature-market medium",70.11,113.60,dt,1931200000,BTU,0.09,35.43,2.50,ac,No,1
forestland,wood,"Small-diameter trees","Hardwood lowland small-diameter trees","Class 2",Public,55093,"Pierce County",Wisconsin,592.73,Emerging,70.11,191.00,dt,3247000000,BTU,0.32,42.22,9.70,ac,No,1
forestland,wood,"Small-diameter trees","Hardwood lowland small-diameter trees","Class 2",Public,55093,"Pierce County",Wisconsin,592.73,"mature-market high",70.11,191.00,dt,3247000000,BTU,0.32,42.22,9.70,ac,No,1
forestland,wood,"Small-diameter trees","Hardwood lowland small-diameter trees","Class 2",Public,55093,"Pierce County",Wisconsin,592.73,"mature-market low",70.11,191.00,dt,3247000000,BTU,0.32,42.22,9.70,ac,No,1
forestland,wood,"Small-diameter trees","Hardwood lowland small-diameter trees","Class 2",Public,55093,"Pierce County",Wisconsin,592.73,"mature-market medium",70.11,191.00,dt,3247000000,BTU,0.32,42.22,9.70,ac,No,1
forestland,wood,"Small-diameter trees","Hardwood lowland small-diameter trees","Class 2",Public,55095,"Polk County",Wisconsin,956.41,Emerging,70.11,1198.20,dt,20369400000,BTU,1.25,35.43,28.30,ac,No,1
forestland,wood,"Small-diameter trees","Hardwood lowland small-diameter trees","Class 2",Public,55095,"Polk County",Wisconsin,956.41,"mature-market high",70.11,1198.20,dt,20369400000,BTU,1.25,35.43,28.30,ac,No,1
forestland,wood,"Small-diameter trees","Hardwood lowland small-diameter trees","Class 2",Public,55095,"Polk County",Wisconsin,956.41,"mature-market low",70.11,1198.20,dt,20369400000,BTU,1.25,35.43,28.30,ac,No,1
forestland,wood,"Small-diameter trees","Hardwood lowland small-diameter trees","Class 2",Public,55095,"Polk County",Wisconsin,956.41,"mature-market medium",70.11,1198.20,dt,20369400000,BTU,1.25,35.43,28.30,ac,No,1
forestland,wood,"Small-diameter trees","Hardwood lowland small-diameter trees","Class 2",Public,55099,"Price County",Wisconsin,1278.04,Emerging,70.11,8294.50,dt,141006500000,BTU,6.49,35.43,182.30,ac,No,1
forestland,wood,"Small-diameter trees","Hardwood lowland small-diameter trees","Class 2",Public,55099,"Price County",Wisconsin,1278.04,"mature-market high",70.11,8294.50,dt,141006500000,BTU,6.49,35.43,182.30,ac,No,1
forestland,wood,"Small-diameter trees","Hardwood lowland small-diameter trees","Class 2",Public,55099,"Price County",Wisconsin,1278.04,"mature-market low",70.11,8294.50,dt,141006500000,BTU,6.49,35.43,182.30,ac,No,1
forestland,wood,"Small-diameter trees","Hardwood lowland small-diameter trees","Class 2",Public,55099,"Price County",Wisconsin,1278.04,"mature-market medium",70.11,8294.50,dt,141006500000,BTU,6.49,35.43,182.30,ac,No,1
forestland,wood,"Small-diameter trees","Hardwood lowland small-diameter trees","Class 2",Public,55109,"St. Croix County",Wisconsin,735.19,Emerging,70.11,1260.90,dt,21435300000,BTU,1.72,42.22,63.80,ac,No,1
forestland,wood,"Small-diameter trees","Hardwood lowland small-diameter trees","Class 2",Public,55109,"St. Croix County",Wisconsin,735.19,"mature-market high",70.11,1260.90,dt,21435300000,BTU,1.72,42.22,63.80,ac,No,1
forestland,wood,"Small-diameter trees","Hardwood lowland small-diameter trees","Class 2",Public,55109,"St. Croix County",Wisconsin,735.19,"mature-market low",70.11,1260.90,dt,21435300000,BTU,1.72,42.22,63.80,ac,No,1
forestland,wood,"Small-diameter trees","Hardwood lowland small-diameter trees","Class 2",Public,55109,"St. Croix County",Wisconsin,735.19,"mature-market medium",70.11,1260.90,dt,21435300000,BTU,1.72,42.22,63.80,ac,No,1
forestland,wood,"Small-diameter trees","Hardwood lowland small-diameter trees","Class 2",Public,55113,"Sawyer County",Wisconsin,1350.24,Emerging,70.11,14252.20,dt,242287400000,BTU,10.56,35.43,337.00,ac,No,1
forestland,wood,"Small-diameter trees","Hardwood lowland small-diameter trees","Class 2",Public,55113,"Sawyer County",Wisconsin,1350.24,"mature-market high",70.11,14252.20,dt,242287400000,BTU,10.56,35.43,337.00,ac,No,1
forestland,wood,"Small-diameter trees","Hardwood lowland small-diameter trees","Class 2",Public,55113,"Sawyer County",Wisconsin,1350.24,"mature-market low",70.11,14252.20,dt,242287400000,BTU,10.56,35.43,337.00,ac,No,1
forestland,wood,"Small-diameter trees","Hardwood lowland small-diameter trees","Class 2",Public,55113,"Sawyer County",Wisconsin,1350.24,"mature-market medium",70.11,14252.20,dt,242287400000,BTU,10.56,35.43,337.00,ac,No,1
forestland,wood,"Small-diameter trees","Hardwood lowland small-diameter trees","Class 2",Public,55119,"Taylor County",Wisconsin,984.56,Emerging,70.11,13521.20,dt,229860400000,BTU,13.73,35.43,297.20,ac,No,1
forestland,wood,"Small-diameter trees","Hardwood lowland small-diameter trees","Class 2",Public,55119,"Taylor County",Wisconsin,984.56,"mature-market high",70.11,13521.20,dt,229860400000,BTU,13.73,35.43,297.20,ac,No,1
forestland,wood,"Small-diameter trees","Hardwood lowland small-diameter trees","Class 2",Public,55119,"Taylor County",Wisconsin,984.56,"mature-market low",70.11,13521.20,dt,229860400000,BTU,13.73,35.43,297.20,ac,No,1
forestland,wood,"Small-diameter trees","Hardwood lowland small-diameter trees","Class 2",Public,55119,"Taylor County",Wisconsin,984.56,"mature-market medium",70.11,13521.20,dt,229860400000,BTU,13.73,35.43,297.20,ac,No,1
forestland,wood,"Small-diameter trees","Hardwood lowland small-diameter trees","Class 2",Public,55121,"Trempealeau County",Wisconsin,741.98,Emerging,70.11,76.40,dt,1298800000,BTU,0.10,42.22,3.90,ac,No,1
forestland,wood,"Small-diameter trees","Hardwood lowland small-diameter trees","Class 2",Public,55121,"Trempealeau County",Wisconsin,741.98,"mature-market high",70.11,76.40,dt,1298800000,BTU,0.10,42.22,3.90,ac,No,1
forestland,wood,"Small-diameter trees","Hardwood lowland small-diameter trees","Class 2",Public,55121,"Trempealeau County",Wisconsin,741.98,"mature-market low",70.11,76.40,dt,1298800000,BTU,0.10,42.22,3.90,ac,No,1
forestland,wood,"Small-diameter trees","Hardwood lowland small-diameter trees","Class 2",Public,55121,"Trempealeau County",Wisconsin,741.98,"mature-market medium",70.11,76.40,dt,1298800000,BTU,0.10,42.22,3.90,ac,No,1
forestland,wood,"Small-diameter trees","Hardwood lowland small-diameter trees","Class 2",Public,55125,"Vilas County",Wisconsin,1017.72,Emerging,70.11,5264.60,dt,89498200000,BTU,5.17,35.43,115.70,ac,No,1
forestland,wood,"Small-diameter trees","Hardwood lowland small-diameter trees","Class 2",Public,55125,"Vilas County",Wisconsin,1017.72,"mature-market high",70.11,5264.60,dt,89498200000,BTU,5.17,35.43,115.70,ac,No,1
forestland,wood,"Small-diameter trees","Hardwood lowland small-diameter trees","Class 2",Public,55125,"Vilas County",Wisconsin,1017.72,"mature-market low",70.11,5264.60,dt,89498200000,BTU,5.17,35.43,115.70,ac,No,1
forestland,wood,"Small-diameter trees","Hardwood lowland small-diameter trees","Class 2",Public,55125,"Vilas County",Wisconsin,1017.72,"mature-market medium",70.11,5264.60,dt,89498200000,BTU,5.17,35.43,115.70,ac,No,1
forestland,wood,"Small-diameter trees","Hardwood lowland small-diameter trees","Class 2",Public,55129,"Washburn County",Wisconsin,853.32,Emerging,70.11,1387.40,dt,23585800000,BTU,1.63,35.43,32.80,ac,No,1
forestland,wood,"Small-diameter trees","Hardwood lowland small-diameter trees","Class 2",Public,55129,"Washburn County",Wisconsin,853.32,"mature-market high",70.11,1387.40,dt,23585800000,BTU,1.63,35.43,32.80,ac,No,1
forestland,wood,"Small-diameter trees","Hardwood lowland small-diameter trees","Class 2",Public,55129,"Washburn County",Wisconsin,853.32,"mature-market low",70.11,1387.40,dt,23585800000,BTU,1.63,35.43,32.80,ac,No,1
forestland,wood,"Small-diameter trees","Hardwood lowland small-diameter trees","Class 2",Public,55129,"Washburn County",Wisconsin,853.32,"mature-market medium",70.11,1387.40,dt,23585800000,BTU,1.63,35.43,32.80,ac,No,1
forestland,wood,"Small-diameter trees","Hardwood lowland small-diameter trees","Class 2",Public,55141,"Wood County",Wisconsin,809.25,Emerging,70.11,46.60,dt,792200000,BTU,0.06,42.22,2.30,ac,No,1
forestland,wood,"Small-diameter trees","Hardwood lowland small-diameter trees","Class 2",Public,55141,"Wood County",Wisconsin,809.25,"mature-market high",70.11,46.60,dt,792200000,BTU,0.06,42.22,2.30,ac,No,1
forestland,wood,"Small-diameter trees","Hardwood lowland small-diameter trees","Class 2",Public,55141,"Wood County",Wisconsin,809.25,"mature-market low",70.11,46.60,dt,792200000,BTU,0.06,42.22,2.30,ac,No,1
forestland,wood,"Small-diameter trees","Hardwood lowland small-diameter trees","Class 2",Public,55141,"Wood County",Wisconsin,809.25,"mature-market medium",70.11,46.60,dt,792200000,BTU,0.06,42.22,2.30,ac,No,1
forestland,wood,"Small-diameter trees","Hardwood lowland small-diameter trees","Class 3",Private,55021,"Columbia County",Wisconsin,795.99,near-term,58.54,447.40,dt,7605800000,BTU,0.56,35.43,149.70,ac,No,1
forestland,wood,"Small-diameter trees","Hardwood lowland small-diameter trees","Class 3",Private,55025,"Dane County",Wisconsin,1237.5,near-term,58.54,686.20,dt,11665400000,BTU,0.55,35.43,229.50,ac,No,1
forestland,wood,"Small-diameter trees","Hardwood lowland small-diameter trees","Class 3",Private,55027,"Dodge County",Wisconsin,907.1,near-term,58.54,158.50,dt,2694500000,BTU,0.17,35.43,53.00,ac,No,1
forestland,wood,"Small-diameter trees","Hardwood lowland small-diameter trees","Class 3",Private,55045,"Green County",Wisconsin,584.55,near-term,58.54,276.90,dt,4707300000,BTU,0.47,35.43,92.60,ac,No,1
forestland,wood,"Small-diameter trees","Hardwood lowland small-diameter trees","Class 3",Private,55055,"Jefferson County",Wisconsin,582.74,near-term,58.54,172.50,dt,2932500000,BTU,0.30,35.43,57.70,ac,No,1
forestland,wood,"Small-diameter trees","Hardwood lowland small-diameter trees","Class 3",Private,55105,"Rock County",Wisconsin,726.16,near-term,58.54,266.80,dt,4535600000,BTU,0.37,35.43,89.30,ac,No,1
forestland,wood,"Small-diameter trees","Hardwood lowland small-diameter trees","Class 3",Public,55001,"Adams County",Wisconsin,687.48,near-term,58.54,26.00,dt,442000000,BTU,0.04,35.43,4.40,ac,No,1
forestland,wood,"Small-diameter trees","Hardwood lowland small-diameter trees","Class 3",Public,55003,"Ashland County",Wisconsin,1054.13,near-term,58.54,3503.90,dt,59566300000,BTU,3.32,35.43,442.10,ac,No,1
forestland,wood,"Small-diameter trees","Hardwood lowland small-diameter trees","Class 3",Public,55057,"Juneau County",Wisconsin,805.17,near-term,58.54,2116.90,dt,35987300000,BTU,2.63,35.43,356.30,ac,No,1
forestland,wood,"Small-diameter trees","Hardwood lowland small-diameter trees","Class 3",Public,55077,"Marquette County",Wisconsin,464.47,near-term,58.54,17.40,dt,295800000,BTU,0.04,35.43,2.90,ac,No,1
forestland,wood,"Small-diameter trees","Hardwood lowland small-diameter trees","Class 3",Public,55085,"Oneida County",Wisconsin,1236.57,near-term,58.54,37.30,dt,634100000,BTU,0.03,35.43,4.70,ac,No,1
forestland,wood,"Small-diameter trees","Hardwood lowland small-diameter trees","Class 3",Public,55099,"Price County",Wisconsin,1278.04,near-term,58.54,2721.10,dt,46258700000,BTU,2.13,35.43,343.30,ac,No,1
forestland,wood,"Small-diameter trees","Hardwood lowland small-diameter trees","Class 3",Public,55119,"Taylor County",Wisconsin,984.56,near-term,58.54,4435.80,dt,75408600000,BTU,4.51,35.43,559.70,ac,No,1
forestland,wood,"Small-diameter trees","Hardwood lowland small-diameter trees","Class 3",Public,55125,"Vilas County",Wisconsin,1017.72,near-term,58.54,1727.10,dt,29360700000,BTU,1.70,35.43,217.90,ac,No,1
forestland,wood,"Small-diameter trees","Hardwood lowland small-diameter trees","Class 3",Public,55141,"Wood County",Wisconsin,809.25,near-term,58.54,8.70,dt,147900000,BTU,0.01,35.43,1.50,ac,No,1
forestland,wood,"Small-diameter trees","Hardwood upland small-diameter trees","Class 2",Private,55005,"Barron County",Wisconsin,889.76,Emerging,70.11,5512.90,dt,93719300000,BTU,6.20,35.43,146.80,ac,No,1
forestland,wood,"Small-diameter trees","Hardwood upland small-diameter trees","Class 2",Private,55005,"Barron County",Wisconsin,889.76,"mature-market high",70.11,5512.90,dt,93719300000,BTU,6.20,35.43,146.80,ac,No,1
forestland,wood,"Small-diameter trees","Hardwood upland small-diameter trees","Class 2",Private,55005,"Barron County",Wisconsin,889.76,"mature-market low",70.11,5512.90,dt,93719300000,BTU,6.20,35.43,146.80,ac,No,1
forestland,wood,"Small-diameter trees","Hardwood upland small-diameter trees","Class 2",Private,55005,"Barron County",Wisconsin,889.76,"mature-market medium",70.11,5512.90,dt,93719300000,BTU,6.20,35.43,146.80,ac,No,1
forestland,wood,"Small-diameter trees","Hardwood upland small-diameter trees","Class 2",Private,55007,"Bayfield County",Wisconsin,1511.34,Emerging,70.11,7279.90,dt,123758300000,BTU,4.82,35.43,193.90,ac,No,1
forestland,wood,"Small-diameter trees","Hardwood upland small-diameter trees","Class 2",Private,55007,"Bayfield County",Wisconsin,1511.34,"mature-market high",70.11,7279.90,dt,123758300000,BTU,4.82,35.43,193.90,ac,No,1
forestland,wood,"Small-diameter trees","Hardwood upland small-diameter trees","Class 2",Private,55007,"Bayfield County",Wisconsin,1511.34,"mature-market low",70.11,7279.90,dt,123758300000,BTU,4.82,35.43,193.90,ac,No,1
forestland,wood,"Small-diameter trees","Hardwood upland small-diameter trees","Class 2",Private,55007,"Bayfield County",Wisconsin,1511.34,"mature-market medium",70.11,7279.90,dt,123758300000,BTU,4.82,35.43,193.90,ac,No,1
forestland,wood,"Small-diameter trees","Hardwood upland small-diameter trees","Class 2",Private,55009,"Brown County",Wisconsin,531.24,Emerging,70.11,4303.10,dt,73152700000,BTU,8.10,35.43,70.70,ac,No,1
forestland,wood,"Small-diameter trees","Hardwood upland small-diameter trees","Class 2",Private,55009,"Brown County",Wisconsin,531.24,"mature-market high",70.11,4303.10,dt,73152700000,BTU,8.10,35.43,70.70,ac,No,1
forestland,wood,"Small-diameter trees","Hardwood upland small-diameter trees","Class 2",Private,55009,"Brown County",Wisconsin,531.24,"mature-market low",70.11,4303.10,dt,73152700000,BTU,8.10,35.43,70.70,ac,No,1
forestland,wood,"Small-diameter trees","Hardwood upland small-diameter trees","Class 2",Private,55009,"Brown County",Wisconsin,531.24,"mature-market medium",70.11,4303.10,dt,73152700000,BTU,8.10,35.43,70.70,ac,No,1
forestland,wood,"Small-diameter trees","Hardwood upland small-diameter trees","Class 2",Private,55011,"Buffalo County",Wisconsin,709.59,Emerging,70.11,3941.40,dt,67003800000,BTU,5.55,35.43,95.70,ac,No,1
forestland,wood,"Small-diameter trees","Hardwood upland small-diameter trees","Class 2",Private,55011,"Buffalo County",Wisconsin,709.59,"mature-market high",70.11,3941.40,dt,67003800000,BTU,5.55,35.43,95.70,ac,No,1
forestland,wood,"Small-diameter trees","Hardwood upland small-diameter trees","Class 2",Private,55011,"Buffalo County",Wisconsin,709.59,"mature-market low",70.11,3941.40,dt,67003800000,BTU,5.55,35.43,95.70,ac,No,1
forestland,wood,"Small-diameter trees","Hardwood upland small-diameter trees","Class 2",Private,55011,"Buffalo County",Wisconsin,709.59,"mature-market medium",70.11,3941.40,dt,67003800000,BTU,5.55,35.43,95.70,ac,No,1
forestland,wood,"Small-diameter trees","Hardwood upland small-diameter trees","Class 2",Private,55013,"Burnett County",Wisconsin,880.22,Emerging,70.11,6714.50,dt,114146500000,BTU,7.63,35.43,178.80,ac,No,1
forestland,wood,"Small-diameter trees","Hardwood upland small-diameter trees","Class 2",Private,55013,"Burnett County",Wisconsin,880.22,"mature-market high",70.11,6714.50,dt,114146500000,BTU,7.63,35.43,178.80,ac,No,1
forestland,wood,"Small-diameter trees","Hardwood upland small-diameter trees","Class 2",Private,55013,"Burnett County",Wisconsin,880.22,"mature-market low",70.11,6714.50,dt,114146500000,BTU,7.63,35.43,178.80,ac,No,1
forestland,wood,"Small-diameter trees","Hardwood upland small-diameter trees","Class 2",Private,55013,"Burnett County",Wisconsin,880.22,"mature-market medium",70.11,6714.50,dt,114146500000,BTU,7.63,35.43,178.80,ac,No,1
forestland,wood,"Small-diameter trees","Hardwood upland small-diameter trees","Class 2",Private,55015,"Calumet County",Wisconsin,397.08,Emerging,70.11,1813.70,dt,30832900000,BTU,4.57,35.43,29.80,ac,No,1
forestland,wood,"Small-diameter trees","Hardwood upland small-diameter trees","Class 2",Private,55015,"Calumet County",Wisconsin,397.08,"mature-market high",70.11,1813.70,dt,30832900000,BTU,4.57,35.43,29.80,ac,No,1
forestland,wood,"Small-diameter trees","Hardwood upland small-diameter trees","Class 2",Private,55015,"Calumet County",Wisconsin,397.08,"mature-market low",70.11,1813.70,dt,30832900000,BTU,4.57,35.43,29.80,ac,No,1
forestland,wood,"Small-diameter trees","Hardwood upland small-diameter trees","Class 2",Private,55015,"Calumet County",Wisconsin,397.08,"mature-market medium",70.11,1813.70,dt,30832900000,BTU,4.57,35.43,29.80,ac,No,1
forestland,wood,"Small-diameter trees","Hardwood upland small-diameter trees","Class 2",Private,55017,"Chippewa County",Wisconsin,1041.27,Emerging,70.11,6219.70,dt,105734900000,BTU,5.97,35.43,165.70,ac,No,1
forestland,wood,"Small-diameter trees","Hardwood upland small-diameter trees","Class 2",Private,55017,"Chippewa County",Wisconsin,1041.27,"mature-market high",70.11,6219.70,dt,105734900000,BTU,5.97,35.43,165.70,ac,No,1
forestland,wood,"Small-diameter trees","Hardwood upland small-diameter trees","Class 2",Private,55017,"Chippewa County",Wisconsin,1041.27,"mature-market low",70.11,6219.70,dt,105734900000,BTU,5.97,35.43,165.70,ac,No,1
forestland,wood,"Small-diameter trees","Hardwood upland small-diameter trees","Class 2",Private,55017,"Chippewa County",Wisconsin,1041.27,"mature-market medium",70.11,6219.70,dt,105734900000,BTU,5.97,35.43,165.70,ac,No,1
forestland,wood,"Small-diameter trees","Hardwood upland small-diameter trees","Class 2",Private,55023,"Crawford County",Wisconsin,599.21,Emerging,70.11,3251.60,dt,55277200000,BTU,5.43,35.43,72.30,ac,No,1
forestland,wood,"Small-diameter trees","Hardwood upland small-diameter trees","Class 2",Private,55023,"Crawford County",Wisconsin,599.21,Emerging,70.11,8659.60,dt,147213200000,BTU,14.45,42.22,244.00,ac,No,1
forestland,wood,"Small-diameter trees","Hardwood upland small-diameter trees","Class 2",Private,55023,"Crawford County",Wisconsin,599.21,"mature-market high",70.11,3251.60,dt,55277200000,BTU,5.43,35.43,72.30,ac,No,1
forestland,wood,"Small-diameter trees","Hardwood upland small-diameter trees","Class 2",Private,55023,"Crawford County",Wisconsin,599.21,"mature-market high",70.11,8659.60,dt,147213200000,BTU,14.45,42.22,244.00,ac,No,1
forestland,wood,"Small-diameter trees","Hardwood upland small-diameter trees","Class 2",Private,55023,"Crawford County",Wisconsin,599.21,"mature-market low",70.11,3251.60,dt,55277200000,BTU,5.43,35.43,72.30,ac,No,1
forestland,wood,"Small-diameter trees","Hardwood upland small-diameter trees","Class 2",Private,55023,"Crawford County",Wisconsin,599.21,"mature-market low",70.11,8659.60,dt,147213200000,BTU,14.45,42.22,244.00,ac,No,1
forestland,wood,"Small-diameter trees","Hardwood upland small-diameter trees","Class 2",Private,55023,"Crawford County",Wisconsin,599.21,"mature-market medium",70.11,3251.60,dt,55277200000,BTU,5.43,35.43,72.30,ac,No,1
forestland,wood,"Small-diameter trees","Hardwood upland small-diameter trees","Class 2",Private,55023,"Crawford County",Wisconsin,599.21,"mature-market medium",70.11,8659.60,dt,147213200000,BTU,14.45,42.22,244.00,ac,No,1
forestland,wood,"Small-diameter trees","Hardwood upland small-diameter trees","Class 2",Private,55029,"Door County",Wisconsin,487.56,Emerging,70.11,8748.40,dt,148722800000,BTU,17.94,35.43,143.70,ac,No,1
forestland,wood,"Small-diameter trees","Hardwood upland small-diameter trees","Class 2",Private,55029,"Door County",Wisconsin,487.56,"mature-market high",70.11,8748.40,dt,148722800000,BTU,17.94,35.43,143.70,ac,No,1
forestland,wood,"Small-diameter trees","Hardwood upland small-diameter trees","Class 2",Private,55029,"Door County",Wisconsin,487.56,"mature-market low",70.11,8748.40,dt,148722800000,BTU,17.94,35.43,143.70,ac,No,1
forestland,wood,"Small-diameter trees","Hardwood upland small-diameter trees","Class 2",Private,55029,"Door County",Wisconsin,487.56,"mature-market medium",70.11,8748.40,dt,148722800000,BTU,17.94,35.43,143.70,ac,No,1
forestland,wood,"Small-diameter trees","Hardwood upland small-diameter trees","Class 2",Private,55031,"Douglas County",Wisconsin,1332.11,Emerging,70.11,8764.10,dt,148989700000,BTU,6.58,35.43,233.40,ac,No,1
forestland,wood,"Small-diameter trees","Hardwood upland small-diameter trees","Class 2",Private,55031,"Douglas County",Wisconsin,1332.11,"mature-market high",70.11,8764.10,dt,148989700000,BTU,6.58,35.43,233.40,ac,No,1
forestland,wood,"Small-diameter trees","Hardwood upland small-diameter trees","Class 2",Private,55031,"Douglas County",Wisconsin,1332.11,"mature-market low",70.11,8764.10,dt,148989700000,BTU,6.58,35.43,233.40,ac,No,1
forestland,wood,"Small-diameter trees","Hardwood upland small-diameter trees","Class 2",Private,55031,"Douglas County",Wisconsin,1332.11,"mature-market medium",70.11,8764.10,dt,148989700000,BTU,6.58,35.43,233.40,ac,No,1
forestland,wood,"Small-diameter trees","Hardwood upland small-diameter trees","Class 2",Private,55033,"Dunn County",Wisconsin,863.89,Emerging,70.11,3289.20,dt,55916400000,BTU,3.81,35.43,79.90,ac,No,1
forestland,wood,"Small-diameter trees","Hardwood upland small-diameter trees","Class 2",Private,55033,"Dunn County",Wisconsin,863.89,"mature-market high",70.11,3289.20,dt,55916400000,BTU,3.81,35.43,79.90,ac,No,1
forestland,wood,"Small-diameter trees","Hardwood upland small-diameter trees","Class 2",Private,55033,"Dunn County",Wisconsin,863.89,"mature-market low",70.11,3289.20,dt,55916400000,BTU,3.81,35.43,79.90,ac,No,1
forestland,wood,"Small-diameter trees","Hardwood upland small-diameter trees","Class 2",Private,55033,"Dunn County",Wisconsin,863.89,"mature-market medium",70.11,3289.20,dt,55916400000,BTU,3.81,35.43,79.90,ac,No,1
forestland,wood,"Small-diameter trees","Hardwood upland small-diameter trees","Class 2",Private,55035,"Eau Claire County",Wisconsin,645.2,Emerging,70.11,2608.70,dt,44347900000,BTU,4.04,35.43,63.40,ac,No,1
forestland,wood,"Small-diameter trees","Hardwood upland small-diameter trees","Class 2",Private,55035,"Eau Claire County",Wisconsin,645.2,"mature-market high",70.11,2608.70,dt,44347900000,BTU,4.04,35.43,63.40,ac,No,1
forestland,wood,"Small-diameter trees","Hardwood upland small-diameter trees","Class 2",Private,55035,"Eau Claire County",Wisconsin,645.2,"mature-market low",70.11,2608.70,dt,44347900000,BTU,4.04,35.43,63.40,ac,No,1
forestland,wood,"Small-diameter trees","Hardwood upland small-diameter trees","Class 2",Private,55035,"Eau Claire County",Wisconsin,645.2,"mature-market medium",70.11,2608.70,dt,44347900000,BTU,4.04,35.43,63.40,ac,No,1
forestland,wood,"Small-diameter trees","Hardwood upland small-diameter trees","Class 2",Private,55039,"Fond du Lac County",Wisconsin,765.84,Emerging,70.11,4160.80,dt,70733600000,BTU,5.43,35.43,68.40,ac,No,1
forestland,wood,"Small-diameter trees","Hardwood upland small-diameter trees","Class 2",Private,55039,"Fond du Lac County",Wisconsin,765.84,"mature-market high",70.11,4160.80,dt,70733600000,BTU,5.43,35.43,68.40,ac,No,1
forestland,wood,"Small-diameter trees","Hardwood upland small-diameter trees","Class 2",Private,55039,"Fond du Lac County",Wisconsin,765.84,"mature-market low",70.11,4160.80,dt,70733600000,BTU,5.43,35.43,68.40,ac,No,1
forestland,wood,"Small-diameter trees","Hardwood upland small-diameter trees","Class 2",Private,55039,"Fond du Lac County",Wisconsin,765.84,"mature-market medium",70.11,4160.80,dt,70733600000,BTU,5.43,35.43,68.40,ac,No,1
forestland,wood,"Small-diameter trees","Hardwood upland small-diameter trees","Class 2",Private,55043,"Grant County",Wisconsin,1183.37,Emerging,70.11,3391.20,dt,57650400000,BTU,2.87,35.43,75.40,ac,No,1
forestland,wood,"Small-diameter trees","Hardwood upland small-diameter trees","Class 2",Private,55043,"Grant County",Wisconsin,1183.37,Emerging,70.11,9031.50,dt,153535500000,BTU,7.63,42.22,254.50,ac,No,1
forestland,wood,"Small-diameter trees","Hardwood upland small-diameter trees","Class 2",Private,55043,"Grant County",Wisconsin,1183.37,"mature-market high",70.11,3391.20,dt,57650400000,BTU,2.87,35.43,75.40,ac,No,1
forestland,wood,"Small-diameter trees","Hardwood upland small-diameter trees","Class 2",Private,55043,"Grant County",Wisconsin,1183.37,"mature-market high",70.11,9031.50,dt,153535500000,BTU,7.63,42.22,254.50,ac,No,1
forestland,wood,"Small-diameter trees","Hardwood upland small-diameter trees","Class 2",Private,55043,"Grant County",Wisconsin,1183.37,"mature-market low",70.11,3391.20,dt,57650400000,BTU,2.87,35.43,75.40,ac,No,1
forestland,wood,"Small-diameter trees","Hardwood upland small-diameter trees","Class 2",Private,55043,"Grant County",Wisconsin,1183.37,"mature-market low",70.11,9031.50,dt,153535500000,BTU,7.63,42.22,254.50,ac,No,1
forestland,wood,"Small-diameter trees","Hardwood upland small-diameter trees","Class 2",Private,55043,"Grant County",Wisconsin,1183.37,"mature-market medium",70.11,3391.20,dt,57650400000,BTU,2.87,35.43,75.40,ac,No,1
forestland,wood,"Small-diameter trees","Hardwood upland small-diameter trees","Class 2",Private,55043,"Grant County",Wisconsin,1183.37,"mature-market medium",70.11,9031.50,dt,153535500000,BTU,7.63,42.22,254.50,ac,No,1
forestland,wood,"Small-diameter trees","Hardwood upland small-diameter trees","Class 2",Private,55049,"Iowa County",Wisconsin,768.05,Emerging,70.11,2593.30,dt,44086100000,BTU,3.38,35.43,57.60,ac,No,1
forestland,wood,"Small-diameter trees","Hardwood upland small-diameter trees","Class 2",Private,55049,"Iowa County",Wisconsin,768.05,Emerging,70.11,6906.50,dt,117410500000,BTU,8.99,42.22,194.60,ac,No,1
forestland,wood,"Small-diameter trees","Hardwood upland small-diameter trees","Class 2",Private,55049,"Iowa County",Wisconsin,768.05,"mature-market high",70.11,2593.30,dt,44086100000,BTU,3.38,35.43,57.60,ac,No,1
forestland,wood,"Small-diameter trees","Hardwood upland small-diameter trees","Class 2",Private,55049,"Iowa County",Wisconsin,768.05,"mature-market high",70.11,6906.50,dt,117410500000,BTU,8.99,42.22,194.60,ac,No,1
forestland,wood,"Small-diameter trees","Hardwood upland small-diameter trees","Class 2",Private,55049,"Iowa County",Wisconsin,768.05,"mature-market low",70.11,2593.30,dt,44086100000,BTU,3.38,35.43,57.60,ac,No,1
forestland,wood,"Small-diameter trees","Hardwood upland small-diameter trees","Class 2",Private,55049,"Iowa County",Wisconsin,768.05,"mature-market low",70.11,6906.50,dt,117410500000,BTU,8.99,42.22,194.60,ac,No,1
forestland,wood,"Small-diameter trees","Hardwood upland small-diameter trees","Class 2",Private,55049,"Iowa County",Wisconsin,768.05,"mature-market medium",70.11,2593.30,dt,44086100000,BTU,3.38,35.43,57.60,ac,No,1
forestland,wood,"Small-diameter trees","Hardwood upland small-diameter trees","Class 2",Private,55049,"Iowa County",Wisconsin,768.05,"mature-market medium",70.11,6906.50,dt,117410500000,BTU,8.99,42.22,194.60,ac,No,1
forestland,wood,"Small-diameter trees","Hardwood upland small-diameter trees","Class 2",Private,55053,"Jackson County",Wisconsin,1000.48,Emerging,70.11,3998.10,dt,67967700000,BTU,4.00,35.43,97.10,ac,No,1
forestland,wood,"Small-diameter trees","Hardwood upland small-diameter trees","Class 2",Private,55053,"Jackson County",Wisconsin,1000.48,"mature-market high",70.11,3998.10,dt,67967700000,BTU,4.00,35.43,97.10,ac,No,1
forestland,wood,"Small-diameter trees","Hardwood upland small-diameter trees","Class 2",Private,55053,"Jackson County",Wisconsin,1000.48,"mature-market low",70.11,3998.10,dt,67967700000,BTU,4.00,35.43,97.10,ac,No,1
forestland,wood,"Small-diameter trees","Hardwood upland small-diameter trees","Class 2",Private,55053,"Jackson County",Wisconsin,1000.48,"mature-market medium",70.11,3998.10,dt,67967700000,BTU,4.00,35.43,97.10,ac,No,1
forestland,wood,"Small-diameter trees","Hardwood upland small-diameter trees","Class 2",Private,55059,"Kenosha County",Wisconsin,278.42,Emerging,70.11,675.40,dt,11481800000,BTU,2.43,35.43,13.00,ac,No,1
forestland,wood,"Small-diameter trees","Hardwood upland small-diameter trees","Class 2",Private,55059,"Kenosha County",Wisconsin,278.42,"mature-market high",70.11,675.40,dt,11481800000,BTU,2.43,35.43,13.00,ac,No,1
forestland,wood,"Small-diameter trees","Hardwood upland small-diameter trees","Class 2",Private,55059,"Kenosha County",Wisconsin,278.42,"mature-market low",70.11,675.40,dt,11481800000,BTU,2.43,35.43,13.00,ac,No,1
forestland,wood,"Small-diameter trees","Hardwood upland small-diameter trees","Class 2",Private,55059,"Kenosha County",Wisconsin,278.42,"mature-market medium",70.11,675.40,dt,11481800000,BTU,2.43,35.43,13.00,ac,No,1
forestland,wood,"Small-diameter trees","Hardwood upland small-diameter trees","Class 2",Private,55061,"Kewaunee County",Wisconsin,343.95,Emerging,70.11,1635.90,dt,27810300000,BTU,4.76,35.43,26.90,ac,No,1
forestland,wood,"Small-diameter trees","Hardwood upland small-diameter trees","Class 2",Private,55061,"Kewaunee County",Wisconsin,343.95,"mature-market high",70.11,1635.90,dt,27810300000,BTU,4.76,35.43,26.90,ac,No,1
forestland,wood,"Small-diameter trees","Hardwood upland small-diameter trees","Class 2",Private,55061,"Kewaunee County",Wisconsin,343.95,"mature-market low",70.11,1635.90,dt,27810300000,BTU,4.76,35.43,26.90,ac,No,1
forestland,wood,"Small-diameter trees","Hardwood upland small-diameter trees","Class 2",Private,55061,"Kewaunee County",Wisconsin,343.95,"mature-market medium",70.11,1635.90,dt,27810300000,BTU,4.76,35.43,26.90,ac,No,1
forestland,wood,"Small-diameter trees","Hardwood upland small-diameter trees","Class 2",Private,55063,"La Crosse County",Wisconsin,480.05,Emerging,70.11,2523.60,dt,42901200000,BTU,5.26,35.43,61.30,ac,No,1
forestland,wood,"Small-diameter trees","Hardwood upland small-diameter trees","Class 2",Private,55063,"La Crosse County",Wisconsin,480.05,"mature-market high",70.11,2523.60,dt,42901200000,BTU,5.26,35.43,61.30,ac,No,1
forestland,wood,"Small-diameter trees","Hardwood upland small-diameter trees","Class 2",Private,55063,"La Crosse County",Wisconsin,480.05,"mature-market low",70.11,2523.60,dt,42901200000,BTU,5.26,35.43,61.30,ac,No,1
forestland,wood,"Small-diameter trees","Hardwood upland small-diameter trees","Class 2",Private,55063,"La Crosse County",Wisconsin,480.05,"mature-market medium",70.11,2523.60,dt,42901200000,BTU,5.26,35.43,61.30,ac,No,1
forestland,wood,"Small-diameter trees","Hardwood upland small-diameter trees","Class 2",Private,55065,"Lafayette County",Wisconsin,634.57,Emerging,70.11,718.10,dt,12207700000,BTU,1.13,35.43,16.00,ac,No,1
forestland,wood,"Small-diameter trees","Hardwood upland small-diameter trees","Class 2",Private,55065,"Lafayette County",Wisconsin,634.57,Emerging,70.11,1912.60,dt,32514200000,BTU,3.01,42.22,53.90,ac,No,1
forestland,wood,"Small-diameter trees","Hardwood upland small-diameter trees","Class 2",Private,55065,"Lafayette County",Wisconsin,634.57,"mature-market high",70.11,718.10,dt,12207700000,BTU,1.13,35.43,16.00,ac,No,1
forestland,wood,"Small-diameter trees","Hardwood upland small-diameter trees","Class 2",Private,55065,"Lafayette County",Wisconsin,634.57,"mature-market high",70.11,1912.60,dt,32514200000,BTU,3.01,42.22,53.90,ac,No,1
forestland,wood,"Small-diameter trees","Hardwood upland small-diameter trees","Class 2",Private,55065,"Lafayette County",Wisconsin,634.57,"mature-market low",70.11,718.10,dt,12207700000,BTU,1.13,35.43,16.00,ac,No,1
forestland,wood,"Small-diameter trees","Hardwood upland small-diameter trees","Class 2",Private,55065,"Lafayette County",Wisconsin,634.57,"mature-market low",70.11,1912.60,dt,32514200000,BTU,3.01,42.22,53.90,ac,No,1
forestland,wood,"Small-diameter trees","Hardwood upland small-diameter trees","Class 2",Private,55065,"Lafayette County",Wisconsin,634.57,"mature-market medium",70.11,718.10,dt,12207700000,BTU,1.13,35.43,16.00,ac,No,1
forestland,wood,"Small-diameter trees","Hardwood upland small-diameter trees","Class 2",Private,55065,"Lafayette County",Wisconsin,634.57,"mature-market medium",70.11,1912.60,dt,32514200000,BTU,3.01,42.22,53.90,ac,No,1
forestland,wood,"Small-diameter trees","Hardwood upland small-diameter trees","Class 2",Private,55071,"Manitowoc County",Wisconsin,594.62,Emerging,70.11,3805.20,dt,64688400000,BTU,6.40,35.43,62.50,ac,No,1
forestland,wood,"Small-diameter trees","Hardwood upland small-diameter trees","Class 2",Private,55071,"Manitowoc County",Wisconsin,594.62,"mature-market high",70.11,3805.20,dt,64688400000,BTU,6.40,35.43,62.50,ac,No,1
forestland,wood,"Small-diameter trees","Hardwood upland small-diameter trees","Class 2",Private,55071,"Manitowoc County",Wisconsin,594.62,"mature-market low",70.11,3805.20,dt,64688400000,BTU,6.40,35.43,62.50,ac,No,1
forestland,wood,"Small-diameter trees","Hardwood upland small-diameter trees","Class 2",Private,55071,"Manitowoc County",Wisconsin,594.62,"mature-market medium",70.11,3805.20,dt,64688400000,BTU,6.40,35.43,62.50,ac,No,1
forestland,wood,"Small-diameter trees","Hardwood upland small-diameter trees","Class 2",Private,55079,"Milwaukee County",Wisconsin,242.17,Emerging,70.11,268.90,dt,4571300000,BTU,1.11,35.43,5.20,ac,No,1
forestland,wood,"Small-diameter trees","Hardwood upland small-diameter trees","Class 2",Private,55079,"Milwaukee County",Wisconsin,242.17,"mature-market high",70.11,268.90,dt,4571300000,BTU,1.11,35.43,5.20,ac,No,1
forestland,wood,"Small-diameter trees","Hardwood upland small-diameter trees","Class 2",Private,55079,"Milwaukee County",Wisconsin,242.17,"mature-market low",70.11,268.90,dt,4571300000,BTU,1.11,35.43,5.20,ac,No,1
forestland,wood,"Small-diameter trees","Hardwood upland small-diameter trees","Class 2",Private,55079,"Milwaukee County",Wisconsin,242.17,"mature-market medium",70.11,268.90,dt,4571300000,BTU,1.11,35.43,5.20,ac,No,1
forestland,wood,"Small-diameter trees","Hardwood upland small-diameter trees","Class 2",Private,55081,"Monroe County",Wisconsin,908.08,Emerging,70.11,3771.30,dt,64112100000,BTU,4.15,35.43,91.60,ac,No,1
forestland,wood,"Small-diameter trees","Hardwood upland small-diameter trees","Class 2",Private,55081,"Monroe County",Wisconsin,908.08,"mature-market high",70.11,3771.30,dt,64112100000,BTU,4.15,35.43,91.60,ac,No,1
forestland,wood,"Small-diameter trees","Hardwood upland small-diameter trees","Class 2",Private,55081,"Monroe County",Wisconsin,908.08,"mature-market low",70.11,3771.30,dt,64112100000,BTU,4.15,35.43,91.60,ac,No,1
forestland,wood,"Small-diameter trees","Hardwood upland small-diameter trees","Class 2",Private,55081,"Monroe County",Wisconsin,908.08,"mature-market medium",70.11,3771.30,dt,64112100000,BTU,4.15,35.43,91.60,ac,No,1
forestland,wood,"Small-diameter trees","Hardwood upland small-diameter trees","Class 2",Private,55087,"Outagamie County",Wisconsin,644.61,Emerging,70.11,2951.70,dt,50178900000,BTU,4.58,35.43,48.50,ac,No,1
forestland,wood,"Small-diameter trees","Hardwood upland small-diameter trees","Class 2",Private,55087,"Outagamie County",Wisconsin,644.61,"mature-market high",70.11,2951.70,dt,50178900000,BTU,4.58,35.43,48.50,ac,No,1
forestland,wood,"Small-diameter trees","Hardwood upland small-diameter trees","Class 2",Private,55087,"Outagamie County",Wisconsin,644.61,"mature-market low",70.11,2951.70,dt,50178900000,BTU,4.58,35.43,48.50,ac,No,1
forestland,wood,"Small-diameter trees","Hardwood upland small-diameter trees","Class 2",Private,55087,"Outagamie County",Wisconsin,644.61,"mature-market medium",70.11,2951.70,dt,50178900000,BTU,4.58,35.43,48.50,ac,No,1
forestland,wood,"Small-diameter trees","Hardwood upland small-diameter trees","Class 2",Private,55089,"Ozaukee County",Wisconsin,235.28,Emerging,70.11,358.60,dt,6096200000,BTU,1.52,35.43,6.90,ac,No,1
forestland,wood,"Small-diameter trees","Hardwood upland small-diameter trees","Class 2",Private,55089,"Ozaukee County",Wisconsin,235.28,"mature-market high",70.11,358.60,dt,6096200000,BTU,1.52,35.43,6.90,ac,No,1
forestland,wood,"Small-diameter trees","Hardwood upland small-diameter trees","Class 2",Private,55089,"Ozaukee County",Wisconsin,235.28,"mature-market low",70.11,358.60,dt,6096200000,BTU,1.52,35.43,6.90,ac,No,1
forestland,wood,"Small-diameter trees","Hardwood upland small-diameter trees","Class 2",Private,55089,"Ozaukee County",Wisconsin,235.28,"mature-market medium",70.11,358.60,dt,6096200000,BTU,1.52,35.43,6.90,ac,No,1
forestland,wood,"Small-diameter trees","Hardwood upland small-diameter trees","Class 2",Private,55091,"Pepin County",Wisconsin,248.7,Emerging,70.11,1049.10,dt,17834700000,BTU,4.22,35.43,25.50,ac,No,1
forestland,wood,"Small-diameter trees","Hardwood upland small-diameter trees","Class 2",Private,55091,"Pepin County",Wisconsin,248.7,"mature-market high",70.11,1049.10,dt,17834700000,BTU,4.22,35.43,25.50,ac,No,1
forestland,wood,"Small-diameter trees","Hardwood upland small-diameter trees","Class 2",Private,55091,"Pepin County",Wisconsin,248.7,"mature-market low",70.11,1049.10,dt,17834700000,BTU,4.22,35.43,25.50,ac,No,1
forestland,wood,"Small-diameter trees","Hardwood upland small-diameter trees","Class 2",Private,55091,"Pepin County",Wisconsin,248.7,"mature-market medium",70.11,1049.10,dt,17834700000,BTU,4.22,35.43,25.50,ac,No,1
forestland,wood,"Small-diameter trees","Hardwood upland small-diameter trees","Class 2",Private,55093,"Pierce County",Wisconsin,592.73,Emerging,70.11,2098.30,dt,35671100000,BTU,3.54,35.43,51.00,ac,No,1
forestland,wood,"Small-diameter trees","Hardwood upland small-diameter trees","Class 2",Private,55093,"Pierce County",Wisconsin,592.73,"mature-market high",70.11,2098.30,dt,35671100000,BTU,3.54,35.43,51.00,ac,No,1
forestland,wood,"Small-diameter trees","Hardwood upland small-diameter trees","Class 2",Private,55093,"Pierce County",Wisconsin,592.73,"mature-market low",70.11,2098.30,dt,35671100000,BTU,3.54,35.43,51.00,ac,No,1
forestland,wood,"Small-diameter trees","Hardwood upland small-diameter trees","Class 2",Private,55093,"Pierce County",Wisconsin,592.73,"mature-market medium",70.11,2098.30,dt,35671100000,BTU,3.54,35.43,51.00,ac,No,1
forestland,wood,"Small-diameter trees","Hardwood upland small-diameter trees","Class 2",Private,55095,"Polk County",Wisconsin,956.41,Emerging,70.11,7562.60,dt,128564200000,BTU,7.91,35.43,201.40,ac,No,1
forestland,wood,"Small-diameter trees","Hardwood upland small-diameter trees","Class 2",Private,55095,"Polk County",Wisconsin,956.41,"mature-market high",70.11,7562.60,dt,128564200000,BTU,7.91,35.43,201.40,ac,No,1
forestland,wood,"Small-diameter trees","Hardwood upland small-diameter trees","Class 2",Private,55095,"Polk County",Wisconsin,956.41,"mature-market low",70.11,7562.60,dt,128564200000,BTU,7.91,35.43,201.40,ac,No,1
forestland,wood,"Small-diameter trees","Hardwood upland small-diameter trees","Class 2",Private,55095,"Polk County",Wisconsin,956.41,"mature-market medium",70.11,7562.60,dt,128564200000,BTU,7.91,35.43,201.40,ac,No,1
forestland,wood,"Small-diameter trees","Hardwood upland small-diameter trees","Class 2",Private,55101,"Racine County",Wisconsin,340.39,Emerging,70.11,753.10,dt,12802700000,BTU,2.21,35.43,14.50,ac,No,1
forestland,wood,"Small-diameter trees","Hardwood upland small-diameter trees","Class 2",Private,55101,"Racine County",Wisconsin,340.39,"mature-market high",70.11,753.10,dt,12802700000,BTU,2.21,35.43,14.50,ac,No,1
forestland,wood,"Small-diameter trees","Hardwood upland small-diameter trees","Class 2",Private,55101,"Racine County",Wisconsin,340.39,"mature-market low",70.11,753.10,dt,12802700000,BTU,2.21,35.43,14.50,ac,No,1
forestland,wood,"Small-diameter trees","Hardwood upland small-diameter trees","Class 2",Private,55101,"Racine County",Wisconsin,340.39,"mature-market medium",70.11,753.10,dt,12802700000,BTU,2.21,35.43,14.50,ac,No,1
forestland,wood,"Small-diameter trees","Hardwood upland small-diameter trees","Class 2",Private,55103,"Richland County",Wisconsin,589.3,Emerging,70.11,3052.10,dt,51885700000,BTU,5.18,35.43,67.80,ac,No,1
forestland,wood,"Small-diameter trees","Hardwood upland small-diameter trees","Class 2",Private,55103,"Richland County",Wisconsin,589.3,Emerging,70.11,8128.40,dt,138182800000,BTU,13.79,42.22,229.00,ac,No,1
forestland,wood,"Small-diameter trees","Hardwood upland small-diameter trees","Class 2",Private,55103,"Richland County",Wisconsin,589.3,"mature-market high",70.11,3052.10,dt,51885700000,BTU,5.18,35.43,67.80,ac,No,1
forestland,wood,"Small-diameter trees","Hardwood upland small-diameter trees","Class 2",Private,55103,"Richland County",Wisconsin,589.3,"mature-market high",70.11,8128.40,dt,138182800000,BTU,13.79,42.22,229.00,ac,No,1
forestland,wood,"Small-diameter trees","Hardwood upland small-diameter trees","Class 2",Private,55103,"Richland County",Wisconsin,589.3,"mature-market low",70.11,3052.10,dt,51885700000,BTU,5.18,35.43,67.80,ac,No,1
forestland,wood,"Small-diameter trees","Hardwood upland small-diameter trees","Class 2",Private,55103,"Richland County",Wisconsin,589.3,"mature-market low",70.11,8128.40,dt,138182800000,BTU,13.79,42.22,229.00,ac,No,1
forestland,wood,"Small-diameter trees","Hardwood upland small-diameter trees","Class 2",Private,55103,"Richland County",Wisconsin,589.3,"mature-market medium",70.11,3052.10,dt,51885700000,BTU,5.18,35.43,67.80,ac,No,1
forestland,wood,"Small-diameter trees","Hardwood upland small-diameter trees","Class 2",Private,55103,"Richland County",Wisconsin,589.3,"mature-market medium",70.11,8128.40,dt,138182800000,BTU,13.79,42.22,229.00,ac,No,1
forestland,wood,"Small-diameter trees","Hardwood upland small-diameter trees","Class 2",Private,55107,"Rusk County",Wisconsin,930.86,Emerging,70.11,9117.50,dt,154997500000,BTU,9.79,35.43,242.90,ac,No,1
forestland,wood,"Small-diameter trees","Hardwood upland small-diameter trees","Class 2",Private,55107,"Rusk County",Wisconsin,930.86,"mature-market high",70.11,9117.50,dt,154997500000,BTU,9.79,35.43,242.90,ac,No,1
forestland,wood,"Small-diameter trees","Hardwood upland small-diameter trees","Class 2",Private,55107,"Rusk County",Wisconsin,930.86,"mature-market low",70.11,9117.50,dt,154997500000,BTU,9.79,35.43,242.90,ac,No,1
forestland,wood,"Small-diameter trees","Hardwood upland small-diameter trees","Class 2",Private,55107,"Rusk County",Wisconsin,930.86,"mature-market medium",70.11,9117.50,dt,154997500000,BTU,9.79,35.43,242.90,ac,No,1
forestland,wood,"Small-diameter trees","Hardwood upland small-diameter trees","Class 2",Private,55109,"St. Croix County",Wisconsin,735.19,Emerging,70.11,1616.30,dt,27477100000,BTU,2.20,35.43,39.30,ac,No,1
forestland,wood,"Small-diameter trees","Hardwood upland small-diameter trees","Class 2",Private,55109,"St. Croix County",Wisconsin,735.19,"mature-market high",70.11,1616.30,dt,27477100000,BTU,2.20,35.43,39.30,ac,No,1
forestland,wood,"Small-diameter trees","Hardwood upland small-diameter trees","Class 2",Private,55109,"St. Croix County",Wisconsin,735.19,"mature-market low",70.11,1616.30,dt,27477100000,BTU,2.20,35.43,39.30,ac,No,1
forestland,wood,"Small-diameter trees","Hardwood upland small-diameter trees","Class 2",Private,55109,"St. Croix County",Wisconsin,735.19,"mature-market medium",70.11,1616.30,dt,27477100000,BTU,2.20,35.43,39.30,ac,No,1
forestland,wood,"Small-diameter trees","Hardwood upland small-diameter trees","Class 2",Private,55111,"Sauk County",Wisconsin,849.19,Emerging,70.11,3131.90,dt,53242300000,BTU,3.69,35.43,69.60,ac,No,1
forestland,wood,"Small-diameter trees","Hardwood upland small-diameter trees","Class 2",Private,55111,"Sauk County",Wisconsin,849.19,Emerging,70.11,8340.90,dt,141795300000,BTU,9.82,42.22,235.00,ac,No,1
forestland,wood,"Small-diameter trees","Hardwood upland small-diameter trees","Class 2",Private,55111,"Sauk County",Wisconsin,849.19,"mature-market high",70.11,3131.90,dt,53242300000,BTU,3.69,35.43,69.60,ac,No,1
forestland,wood,"Small-diameter trees","Hardwood upland small-diameter trees","Class 2",Private,55111,"Sauk County",Wisconsin,849.19,"mature-market high",70.11,8340.90,dt,141795300000,BTU,9.82,42.22,235.00,ac,No,1
forestland,wood,"Small-diameter trees","Hardwood upland small-diameter trees","Class 2",Private,55111,"Sauk County",Wisconsin,849.19,"mature-market low",70.11,3131.90,dt,53242300000,BTU,3.69,35.43,69.60,ac,No,1
forestland,wood,"Small-diameter trees","Hardwood upland small-diameter trees","Class 2",Private,55111,"Sauk County",Wisconsin,849.19,"mature-market low",70.11,8340.90,dt,141795300000,BTU,9.82,42.22,235.00,ac,No,1
forestland,wood,"Small-diameter trees","Hardwood upland small-diameter trees","Class 2",Private,55111,"Sauk County",Wisconsin,849.19,"mature-market medium",70.11,3131.90,dt,53242300000,BTU,3.69,35.43,69.60,ac,No,1
forestland,wood,"Small-diameter trees","Hardwood upland small-diameter trees","Class 2",Private,55111,"Sauk County",Wisconsin,849.19,"mature-market medium",70.11,8340.90,dt,141795300000,BTU,9.82,42.22,235.00,ac,No,1
forestland,wood,"Small-diameter trees","Hardwood upland small-diameter trees","Class 2",Private,55113,"Sawyer County",Wisconsin,1350.24,Emerging,70.11,10955.20,dt,186238400000,BTU,8.11,35.43,291.80,ac,No,1
forestland,wood,"Small-diameter trees","Hardwood upland small-diameter trees","Class 2",Private,55113,"Sawyer County",Wisconsin,1350.24,"mature-market high",70.11,10955.20,dt,186238400000,BTU,8.11,35.43,291.80,ac,No,1
forestland,wood,"Small-diameter trees","Hardwood upland small-diameter trees","Class 2",Private,55113,"Sawyer County",Wisconsin,1350.24,"mature-market low",70.11,10955.20,dt,186238400000,BTU,8.11,35.43,291.80,ac,No,1
forestland,wood,"Small-diameter trees","Hardwood upland small-diameter trees","Class 2",Private,55113,"Sawyer County",Wisconsin,1350.24,"mature-market medium",70.11,10955.20,dt,186238400000,BTU,8.11,35.43,291.80,ac,No,1
forestland,wood,"Small-diameter trees","Hardwood upland small-diameter trees","Class 2",Private,55117,"Sheboygan County",Wisconsin,517.64,Emerging,70.11,6579.10,dt,111844700000,BTU,12.71,35.43,108.10,ac,No,1
forestland,wood,"Small-diameter trees","Hardwood upland small-diameter trees","Class 2",Private,55117,"Sheboygan County",Wisconsin,517.64,"mature-market high",70.11,6579.10,dt,111844700000,BTU,12.71,35.43,108.10,ac,No,1
forestland,wood,"Small-diameter trees","Hardwood upland small-diameter trees","Class 2",Private,55117,"Sheboygan County",Wisconsin,517.64,"mature-market low",70.11,6579.10,dt,111844700000,BTU,12.71,35.43,108.10,ac,No,1
forestland,wood,"Small-diameter trees","Hardwood upland small-diameter trees","Class 2",Private,55117,"Sheboygan County",Wisconsin,517.64,"mature-market medium",70.11,6579.10,dt,111844700000,BTU,12.71,35.43,108.10,ac,No,1
forestland,wood,"Small-diameter trees","Hardwood upland small-diameter trees","Class 2",Private,55121,"Trempealeau County",Wisconsin,741.98,Emerging,70.11,3516.10,dt,59773700000,BTU,4.74,35.43,85.40,ac,No,1
forestland,wood,"Small-diameter trees","Hardwood upland small-diameter trees","Class 2",Private,55121,"Trempealeau County",Wisconsin,741.98,"mature-market high",70.11,3516.10,dt,59773700000,BTU,4.74,35.43,85.40,ac,No,1
forestland,wood,"Small-diameter trees","Hardwood upland small-diameter trees","Class 2",Private,55121,"Trempealeau County",Wisconsin,741.98,"mature-market low",70.11,3516.10,dt,59773700000,BTU,4.74,35.43,85.40,ac,No,1
forestland,wood,"Small-diameter trees","Hardwood upland small-diameter trees","Class 2",Private,55121,"Trempealeau County",Wisconsin,741.98,"mature-market medium",70.11,3516.10,dt,59773700000,BTU,4.74,35.43,85.40,ac,No,1
forestland,wood,"Small-diameter trees","Hardwood upland small-diameter trees","Class 2",Private,55123,"Vernon County",Wisconsin,816.38,Emerging,70.11,3790.20,dt,64433400000,BTU,4.64,35.43,84.20,ac,No,1
forestland,wood,"Small-diameter trees","Hardwood upland small-diameter trees","Class 2",Private,55123,"Vernon County",Wisconsin,816.38,Emerging,70.11,10094.10,dt,171599700000,BTU,12.36,42.22,284.40,ac,No,1
forestland,wood,"Small-diameter trees","Hardwood upland small-diameter trees","Class 2",Private,55123,"Vernon County",Wisconsin,816.38,"mature-market high",70.11,3790.20,dt,64433400000,BTU,4.64,35.43,84.20,ac,No,1
forestland,wood,"Small-diameter trees","Hardwood upland small-diameter trees","Class 2",Private,55123,"Vernon County",Wisconsin,816.38,"mature-market high",70.11,10094.10,dt,171599700000,BTU,12.36,42.22,284.40,ac,No,1
forestland,wood,"Small-diameter trees","Hardwood upland small-diameter trees","Class 2",Private,55123,"Vernon County",Wisconsin,816.38,"mature-market low",70.11,3790.20,dt,64433400000,BTU,4.64,35.43,84.20,ac,No,1
forestland,wood,"Small-diameter trees","Hardwood upland small-diameter trees","Class 2",Private,55123,"Vernon County",Wisconsin,816.38,"mature-market low",70.11,10094.10,dt,171599700000,BTU,12.36,42.22,284.40,ac,No,1
forestland,wood,"Small-diameter trees","Hardwood upland small-diameter trees","Class 2",Private,55123,"Vernon County",Wisconsin,816.38,"mature-market medium",70.11,3790.20,dt,64433400000,BTU,4.64,35.43,84.20,ac,No,1
forestland,wood,"Small-diameter trees","Hardwood upland small-diameter trees","Class 2",Private,55123,"Vernon County",Wisconsin,816.38,"mature-market medium",70.11,10094.10,dt,171599700000,BTU,12.36,42.22,284.40,ac,No,1
forestland,wood,"Small-diameter trees","Hardwood upland small-diameter trees","Class 2",Private,55127,"Walworth County",Wisconsin,576.6,Emerging,70.11,1452.30,dt,24689100000,BTU,2.52,35.43,27.90,ac,No,1
forestland,wood,"Small-diameter trees","Hardwood upland small-diameter trees","Class 2",Private,55127,"Walworth County",Wisconsin,576.6,"mature-market high",70.11,1452.30,dt,24689100000,BTU,2.52,35.43,27.90,ac,No,1
forestland,wood,"Small-diameter trees","Hardwood upland small-diameter trees","Class 2",Private,55127,"Walworth County",Wisconsin,576.6,"mature-market low",70.11,1452.30,dt,24689100000,BTU,2.52,35.43,27.90,ac,No,1
forestland,wood,"Small-diameter trees","Hardwood upland small-diameter trees","Class 2",Private,55127,"Walworth County",Wisconsin,576.6,"mature-market medium",70.11,1452.30,dt,24689100000,BTU,2.52,35.43,27.90,ac,No,1
forestland,wood,"Small-diameter trees","Hardwood upland small-diameter trees","Class 2",Private,55129,"Washburn County",Wisconsin,853.32,Emerging,70.11,8552.10,dt,145385700000,BTU,10.02,35.43,227.80,ac,No,1
forestland,wood,"Small-diameter trees","Hardwood upland small-diameter trees","Class 2",Private,55129,"Washburn County",Wisconsin,853.32,"mature-market high",70.11,8552.10,dt,145385700000,BTU,10.02,35.43,227.80,ac,No,1
forestland,wood,"Small-diameter trees","Hardwood upland small-diameter trees","Class 2",Private,55129,"Washburn County",Wisconsin,853.32,"mature-market low",70.11,8552.10,dt,145385700000,BTU,10.02,35.43,227.80,ac,No,1
forestland,wood,"Small-diameter trees","Hardwood upland small-diameter trees","Class 2",Private,55129,"Washburn County",Wisconsin,853.32,"mature-market medium",70.11,8552.10,dt,145385700000,BTU,10.02,35.43,227.80,ac,No,1
forestland,wood,"Small-diameter trees","Hardwood upland small-diameter trees","Class 2",Private,55131,"Washington County",Wisconsin,435.66,Emerging,70.11,992.10,dt,16865700000,BTU,2.28,35.43,19.10,ac,No,1
forestland,wood,"Small-diameter trees","Hardwood upland small-diameter trees","Class 2",Private,55131,"Washington County",Wisconsin,435.66,"mature-market high",70.11,992.10,dt,16865700000,BTU,2.28,35.43,19.10,ac,No,1
forestland,wood,"Small-diameter trees","Hardwood upland small-diameter trees","Class 2",Private,55131,"Washington County",Wisconsin,435.66,"mature-market low",70.11,992.10,dt,16865700000,BTU,2.28,35.43,19.10,ac,No,1
forestland,wood,"Small-diameter trees","Hardwood upland small-diameter trees","Class 2",Private,55131,"Washington County",Wisconsin,435.66,"mature-market medium",70.11,992.10,dt,16865700000,BTU,2.28,35.43,19.10,ac,No,1
forestland,wood,"Small-diameter trees","Hardwood upland small-diameter trees","Class 2",Private,55133,"Waukesha County",Wisconsin,580.54,Emerging,70.11,1476.20,dt,25095400000,BTU,2.54,35.43,28.40,ac,No,1
forestland,wood,"Small-diameter trees","Hardwood upland small-diameter trees","Class 2",Private,55133,"Waukesha County",Wisconsin,580.54,"mature-market high",70.11,1476.20,dt,25095400000,BTU,2.54,35.43,28.40,ac,No,1
forestland,wood,"Small-diameter trees","Hardwood upland small-diameter trees","Class 2",Private,55133,"Waukesha County",Wisconsin,580.54,"mature-market low",70.11,1476.20,dt,25095400000,BTU,2.54,35.43,28.40,ac,No,1
forestland,wood,"Small-diameter trees","Hardwood upland small-diameter trees","Class 2",Private,55133,"Waukesha County",Wisconsin,580.54,"mature-market medium",70.11,1476.20,dt,25095400000,BTU,2.54,35.43,28.40,ac,No,1
forestland,wood,"Small-diameter trees","Hardwood upland small-diameter trees","Class 2",Private,55139,"Winnebago County",Wisconsin,578.57,Emerging,70.11,1600.30,dt,27205100000,BTU,2.77,35.43,26.30,ac,No,1
forestland,wood,"Small-diameter trees","Hardwood upland small-diameter trees","Class 2",Private,55139,"Winnebago County",Wisconsin,578.57,"mature-market high",70.11,1600.30,dt,27205100000,BTU,2.77,35.43,26.30,ac,No,1
forestland,wood,"Small-diameter trees","Hardwood upland small-diameter trees","Class 2",Private,55139,"Winnebago County",Wisconsin,578.57,"mature-market low",70.11,1600.30,dt,27205100000,BTU,2.77,35.43,26.30,ac,No,1
forestland,wood,"Small-diameter trees","Hardwood upland small-diameter trees","Class 2",Private,55139,"Winnebago County",Wisconsin,578.57,"mature-market medium",70.11,1600.30,dt,27205100000,BTU,2.77,35.43,26.30,ac,No,1
forestland,wood,"Small-diameter trees","Hardwood upland small-diameter trees","Class 2",Public,55011,"Buffalo County",Wisconsin,709.59,Emerging,70.11,22.50,dt,382500000,BTU,0.03,35.43,0.70,ac,No,1
forestland,wood,"Small-diameter trees","Hardwood upland small-diameter trees","Class 2",Public,55011,"Buffalo County",Wisconsin,709.59,"mature-market high",70.11,22.50,dt,382500000,BTU,0.03,35.43,0.70,ac,No,1
forestland,wood,"Small-diameter trees","Hardwood upland small-diameter trees","Class 2",Public,55011,"Buffalo County",Wisconsin,709.59,"mature-market low",70.11,22.50,dt,382500000,BTU,0.03,35.43,0.70,ac,No,1
forestland,wood,"Small-diameter trees","Hardwood upland small-diameter trees","Class 2",Public,55011,"Buffalo County",Wisconsin,709.59,"mature-market medium",70.11,22.50,dt,382500000,BTU,0.03,35.43,0.70,ac,No,1
forestland,wood,"Small-diameter trees","Hardwood upland small-diameter trees","Class 2",Public,55023,"Crawford County",Wisconsin,599.21,Emerging,70.11,36.30,dt,617100000,BTU,0.06,35.43,0.90,ac,No,1
forestland,wood,"Small-diameter trees","Hardwood upland small-diameter trees","Class 2",Public,55023,"Crawford County",Wisconsin,599.21,"mature-market high",70.11,36.30,dt,617100000,BTU,0.06,35.43,0.90,ac,No,1
forestland,wood,"Small-diameter trees","Hardwood upland small-diameter trees","Class 2",Public,55023,"Crawford County",Wisconsin,599.21,"mature-market low",70.11,36.30,dt,617100000,BTU,0.06,35.43,0.90,ac,No,1
forestland,wood,"Small-diameter trees","Hardwood upland small-diameter trees","Class 2",Public,55023,"Crawford County",Wisconsin,599.21,"mature-market medium",70.11,36.30,dt,617100000,BTU,0.06,35.43,0.90,ac,No,1
forestland,wood,"Small-diameter trees","Hardwood upland small-diameter trees","Class 2",Public,55043,"Grant County",Wisconsin,1183.37,Emerging,70.11,142.30,dt,2419100000,BTU,0.12,35.43,3.60,ac,No,1
forestland,wood,"Small-diameter trees","Hardwood upland small-diameter trees","Class 2",Public,55043,"Grant County",Wisconsin,1183.37,"mature-market high",70.11,142.30,dt,2419100000,BTU,0.12,35.43,3.60,ac,No,1
forestland,wood,"Small-diameter trees","Hardwood upland small-diameter trees","Class 2",Public,55043,"Grant County",Wisconsin,1183.37,"mature-market low",70.11,142.30,dt,2419100000,BTU,0.12,35.43,3.60,ac,No,1
forestland,wood,"Small-diameter trees","Hardwood upland small-diameter trees","Class 2",Public,55043,"Grant County",Wisconsin,1183.37,"mature-market medium",70.11,142.30,dt,2419100000,BTU,0.12,35.43,3.60,ac,No,1
forestland,wood,"Small-diameter trees","Hardwood upland small-diameter trees","Class 2",Public,55053,"Jackson County",Wisconsin,1000.48,Emerging,70.11,56.30,dt,957100000,BTU,0.06,35.43,1.80,ac,No,1
forestland,wood,"Small-diameter trees","Hardwood upland small-diameter trees","Class 2",Public,55053,"Jackson County",Wisconsin,1000.48,"mature-market high",70.11,56.30,dt,957100000,BTU,0.06,35.43,1.80,ac,No,1
forestland,wood,"Small-diameter trees","Hardwood upland small-diameter trees","Class 2",Public,55053,"Jackson County",Wisconsin,1000.48,"mature-market low",70.11,56.30,dt,957100000,BTU,0.06,35.43,1.80,ac,No,1
forestland,wood,"Small-diameter trees","Hardwood upland small-diameter trees","Class 2",Public,55053,"Jackson County",Wisconsin,1000.48,"mature-market medium",70.11,56.30,dt,957100000,BTU,0.06,35.43,1.80,ac,No,1
forestland,wood,"Small-diameter trees","Hardwood upland small-diameter trees","Class 2",Public,55063,"La Crosse County",Wisconsin,480.05,Emerging,70.11,45.10,dt,766700000,BTU,0.09,35.43,1.40,ac,No,1
forestland,wood,"Small-diameter trees","Hardwood upland small-diameter trees","Class 2",Public,55063,"La Crosse County",Wisconsin,480.05,"mature-market high",70.11,45.10,dt,766700000,BTU,0.09,35.43,1.40,ac,No,1
forestland,wood,"Small-diameter trees","Hardwood upland small-diameter trees","Class 2",Public,55063,"La Crosse County",Wisconsin,480.05,"mature-market low",70.11,45.10,dt,766700000,BTU,0.09,35.43,1.40,ac,No,1
forestland,wood,"Small-diameter trees","Hardwood upland small-diameter trees","Class 2",Public,55063,"La Crosse County",Wisconsin,480.05,"mature-market medium",70.11,45.10,dt,766700000,BTU,0.09,35.43,1.40,ac,No,1
forestland,wood,"Small-diameter trees","Hardwood upland small-diameter trees","Class 2",Public,55081,"Monroe County",Wisconsin,908.08,Emerging,70.11,10255.50,dt,174343500000,BTU,11.29,35.43,319.00,ac,No,1
forestland,wood,"Small-diameter trees","Hardwood upland small-diameter trees","Class 2",Public,55081,"Monroe County",Wisconsin,908.08,"mature-market high",70.11,10255.50,dt,174343500000,BTU,11.29,35.43,319.00,ac,No,1
forestland,wood,"Small-diameter trees","Hardwood upland small-diameter trees","Class 2",Public,55081,"Monroe County",Wisconsin,908.08,"mature-market low",70.11,10255.50,dt,174343500000,BTU,11.29,35.43,319.00,ac,No,1
forestland,wood,"Small-diameter trees","Hardwood upland small-diameter trees","Class 2",Public,55081,"Monroe County",Wisconsin,908.08,"mature-market medium",70.11,10255.50,dt,174343500000,BTU,11.29,35.43,319.00,ac,No,1
forestland,wood,"Small-diameter trees","Hardwood upland small-diameter trees","Class 2",Public,55093,"Pierce County",Wisconsin,592.73,Emerging,70.11,112.70,dt,1915900000,BTU,0.19,35.43,3.50,ac,No,1
forestland,wood,"Small-diameter trees","Hardwood upland small-diameter trees","Class 2",Public,55093,"Pierce County",Wisconsin,592.73,"mature-market high",70.11,112.70,dt,1915900000,BTU,0.19,35.43,3.50,ac,No,1
forestland,wood,"Small-diameter trees","Hardwood upland small-diameter trees","Class 2",Public,55093,"Pierce County",Wisconsin,592.73,"mature-market low",70.11,112.70,dt,1915900000,BTU,0.19,35.43,3.50,ac,No,1
forestland,wood,"Small-diameter trees","Hardwood upland small-diameter trees","Class 2",Public,55093,"Pierce County",Wisconsin,592.73,"mature-market medium",70.11,112.70,dt,1915900000,BTU,0.19,35.43,3.50,ac,No,1
forestland,wood,"Small-diameter trees","Hardwood upland small-diameter trees","Class 2",Public,55109,"St. Croix County",Wisconsin,735.19,Emerging,70.11,743.80,dt,12644600000,BTU,1.01,35.43,23.10,ac,No,1
forestland,wood,"Small-diameter trees","Hardwood upland small-diameter trees","Class 2",Public,55109,"St. Croix County",Wisconsin,735.19,"mature-market high",70.11,743.80,dt,12644600000,BTU,1.01,35.43,23.10,ac,No,1
forestland,wood,"Small-diameter trees","Hardwood upland small-diameter trees","Class 2",Public,55109,"St. Croix County",Wisconsin,735.19,"mature-market low",70.11,743.80,dt,12644600000,BTU,1.01,35.43,23.10,ac,No,1
forestland,wood,"Small-diameter trees","Hardwood upland small-diameter trees","Class 2",Public,55109,"St. Croix County",Wisconsin,735.19,"mature-market medium",70.11,743.80,dt,12644600000,BTU,1.01,35.43,23.10,ac,No,1
forestland,wood,"Small-diameter trees","Hardwood upland small-diameter trees","Class 2",Public,55111,"Sauk County",Wisconsin,849.19,Emerging,70.11,346.60,dt,5892200000,BTU,0.41,35.43,8.80,ac,No,1
forestland,wood,"Small-diameter trees","Hardwood upland small-diameter trees","Class 2",Public,55111,"Sauk County",Wisconsin,849.19,"mature-market high",70.11,346.60,dt,5892200000,BTU,0.41,35.43,8.80,ac,No,1
forestland,wood,"Small-diameter trees","Hardwood upland small-diameter trees","Class 2",Public,55111,"Sauk County",Wisconsin,849.19,"mature-market low",70.11,346.60,dt,5892200000,BTU,0.41,35.43,8.80,ac,No,1
forestland,wood,"Small-diameter trees","Hardwood upland small-diameter trees","Class 2",Public,55111,"Sauk County",Wisconsin,849.19,"mature-market medium",70.11,346.60,dt,5892200000,BTU,0.41,35.43,8.80,ac,No,1
forestland,wood,"Small-diameter trees","Hardwood upland small-diameter trees","Class 2",Public,55121,"Trempealeau County",Wisconsin,741.98,Emerging,70.11,45.10,dt,766700000,BTU,0.06,35.43,1.40,ac,No,1
forestland,wood,"Small-diameter trees","Hardwood upland small-diameter trees","Class 2",Public,55121,"Trempealeau County",Wisconsin,741.98,"mature-market high",70.11,45.10,dt,766700000,BTU,0.06,35.43,1.40,ac,No,1
forestland,wood,"Small-diameter trees","Hardwood upland small-diameter trees","Class 2",Public,55121,"Trempealeau County",Wisconsin,741.98,"mature-market low",70.11,45.10,dt,766700000,BTU,0.06,35.43,1.40,ac,No,1
forestland,wood,"Small-diameter trees","Hardwood upland small-diameter trees","Class 2",Public,55121,"Trempealeau County",Wisconsin,741.98,"mature-market medium",70.11,45.10,dt,766700000,BTU,0.06,35.43,1.40,ac,No,1
forestland,wood,"Small-diameter trees","Hardwood upland small-diameter trees","Class 2",Public,55123,"Vernon County",Wisconsin,816.38,Emerging,70.11,24.20,dt,411400000,BTU,0.03,35.43,0.60,ac,No,1
forestland,wood,"Small-diameter trees","Hardwood upland small-diameter trees","Class 2",Public,55123,"Vernon County",Wisconsin,816.38,"mature-market high",70.11,24.20,dt,411400000,BTU,0.03,35.43,0.60,ac,No,1
forestland,wood,"Small-diameter trees","Hardwood upland small-diameter trees","Class 2",Public,55123,"Vernon County",Wisconsin,816.38,"mature-market low",70.11,24.20,dt,411400000,BTU,0.03,35.43,0.60,ac,No,1
forestland,wood,"Small-diameter trees","Hardwood upland small-diameter trees","Class 2",Public,55123,"Vernon County",Wisconsin,816.38,"mature-market medium",70.11,24.20,dt,411400000,BTU,0.03,35.43,0.60,ac,No,1
forestland,wood,"Small-diameter trees","Softwood natural small-diameter trees","Class 2",Private,55021,"Columbia County",Wisconsin,795.99,Emerging,70.11,918.30,dt,16731426000,BTU,1.15,42.22,29.30,ac,No,1.17
forestland,wood,"Small-diameter trees","Softwood natural small-diameter trees","Class 2",Private,55021,"Columbia County",Wisconsin,795.99,"mature-market high",70.11,918.30,dt,16731426000,BTU,1.15,42.22,29.30,ac,No,1.17
forestland,wood,"Small-diameter trees","Softwood natural small-diameter trees","Class 2",Private,55021,"Columbia County",Wisconsin,795.99,"mature-market low",70.11,918.30,dt,16731426000,BTU,1.15,42.22,29.30,ac,No,1.17
forestland,wood,"Small-diameter trees","Softwood natural small-diameter trees","Class 2",Private,55021,"Columbia County",Wisconsin,795.99,"mature-market medium",70.11,918.30,dt,16731426000,BTU,1.15,42.22,29.30,ac,No,1.17
forestland,wood,"Small-diameter trees","Softwood natural small-diameter trees","Class 2",Private,55025,"Dane County",Wisconsin,1237.5,Emerging,70.11,292.90,dt,5336638000,BTU,0.24,42.22,9.30,ac,No,1.17
forestland,wood,"Small-diameter trees","Softwood natural small-diameter trees","Class 2",Private,55025,"Dane County",Wisconsin,1237.5,"mature-market high",70.11,292.90,dt,5336638000,BTU,0.24,42.22,9.30,ac,No,1.17
forestland,wood,"Small-diameter trees","Softwood natural small-diameter trees","Class 2",Private,55025,"Dane County",Wisconsin,1237.5,"mature-market low",70.11,292.90,dt,5336638000,BTU,0.24,42.22,9.30,ac,No,1.17
forestland,wood,"Small-diameter trees","Softwood natural small-diameter trees","Class 2",Private,55025,"Dane County",Wisconsin,1237.5,"mature-market medium",70.11,292.90,dt,5336638000,BTU,0.24,42.22,9.30,ac,No,1.17
forestland,wood,"Small-diameter trees","Softwood natural small-diameter trees","Class 2",Private,55027,"Dodge County",Wisconsin,907.1,Emerging,70.11,165.40,dt,3013588000,BTU,0.18,42.22,5.30,ac,No,1.17
forestland,wood,"Small-diameter trees","Softwood natural small-diameter trees","Class 2",Private,55027,"Dodge County",Wisconsin,907.1,"mature-market high",70.11,165.40,dt,3013588000,BTU,0.18,42.22,5.30,ac,No,1.17
forestland,wood,"Small-diameter trees","Softwood natural small-diameter trees","Class 2",Private,55027,"Dodge County",Wisconsin,907.1,"mature-market low",70.11,165.40,dt,3013588000,BTU,0.18,42.22,5.30,ac,No,1.17
forestland,wood,"Small-diameter trees","Softwood natural small-diameter trees","Class 2",Private,55027,"Dodge County",Wisconsin,907.1,"mature-market medium",70.11,165.40,dt,3013588000,BTU,0.18,42.22,5.30,ac,No,1.17
forestland,wood,"Small-diameter trees","Softwood natural small-diameter trees","Class 2",Private,55045,"Green County",Wisconsin,584.55,Emerging,70.11,43.10,dt,785282000,BTU,0.07,42.22,1.40,ac,No,1.17
forestland,wood,"Small-diameter trees","Softwood natural small-diameter trees","Class 2",Private,55045,"Green County",Wisconsin,584.55,"mature-market high",70.11,43.10,dt,785282000,BTU,0.07,42.22,1.40,ac,No,1.17
forestland,wood,"Small-diameter trees","Softwood natural small-diameter trees","Class 2",Private,55045,"Green County",Wisconsin,584.55,"mature-market low",70.11,43.10,dt,785282000,BTU,0.07,42.22,1.40,ac,No,1.17
forestland,wood,"Small-diameter trees","Softwood natural small-diameter trees","Class 2",Private,55045,"Green County",Wisconsin,584.55,"mature-market medium",70.11,43.10,dt,785282000,BTU,0.07,42.22,1.40,ac,No,1.17
forestland,wood,"Small-diameter trees","Softwood natural small-diameter trees","Class 2",Private,55055,"Jefferson County",Wisconsin,582.74,Emerging,70.11,187.80,dt,3421716000,BTU,0.32,42.22,6.00,ac,No,1.17
forestland,wood,"Small-diameter trees","Softwood natural small-diameter trees","Class 2",Private,55055,"Jefferson County",Wisconsin,582.74,"mature-market high",70.11,187.80,dt,3421716000,BTU,0.32,42.22,6.00,ac,No,1.17
forestland,wood,"Small-diameter trees","Softwood natural small-diameter trees","Class 2",Private,55055,"Jefferson County",Wisconsin,582.74,"mature-market low",70.11,187.80,dt,3421716000,BTU,0.32,42.22,6.00,ac,No,1.17
forestland,wood,"Small-diameter trees","Softwood natural small-diameter trees","Class 2",Private,55055,"Jefferson County",Wisconsin,582.74,"mature-market medium",70.11,187.80,dt,3421716000,BTU,0.32,42.22,6.00,ac,No,1.17
forestland,wood,"Small-diameter trees","Softwood natural small-diameter trees","Class 2",Private,55105,"Rock County",Wisconsin,726.16,Emerging,70.11,113.70,dt,2071614000,BTU,0.16,42.22,3.60,ac,No,1.17
forestland,wood,"Small-diameter trees","Softwood natural small-diameter trees","Class 2",Private,55105,"Rock County",Wisconsin,726.16,"mature-market high",70.11,113.70,dt,2071614000,BTU,0.16,42.22,3.60,ac,No,1.17
forestland,wood,"Small-diameter trees","Softwood natural small-diameter trees","Class 2",Private,55105,"Rock County",Wisconsin,726.16,"mature-market low",70.11,113.70,dt,2071614000,BTU,0.16,42.22,3.60,ac,No,1.17
forestland,wood,"Small-diameter trees","Softwood natural small-diameter trees","Class 2",Private,55105,"Rock County",Wisconsin,726.16,"mature-market medium",70.11,113.70,dt,2071614000,BTU,0.16,42.22,3.60,ac,No,1.17
forestland,wood,"Small-diameter trees","Softwood natural small-diameter trees","Class 2",Public,55003,"Ashland County",Wisconsin,1054.13,Emerging,70.11,36947.40,dt,673181628000,BTU,35.05,42.22,1657.60,ac,No,1.17
forestland,wood,"Small-diameter trees","Softwood natural small-diameter trees","Class 2",Public,55003,"Ashland County",Wisconsin,1054.13,"mature-market high",70.11,36947.40,dt,673181628000,BTU,35.05,42.22,1657.60,ac,No,1.17
forestland,wood,"Small-diameter trees","Softwood natural small-diameter trees","Class 2",Public,55003,"Ashland County",Wisconsin,1054.13,"mature-market low",70.11,36947.40,dt,673181628000,BTU,35.05,42.22,1657.60,ac,No,1.17
forestland,wood,"Small-diameter trees","Softwood natural small-diameter trees","Class 2",Public,55003,"Ashland County",Wisconsin,1054.13,"mature-market medium",70.11,36947.40,dt,673181628000,BTU,35.05,42.22,1657.60,ac,No,1.17
forestland,wood,"Small-diameter trees","Softwood natural small-diameter trees","Class 2",Public,55007,"Bayfield County",Wisconsin,1511.34,Emerging,70.11,23040.20,dt,419792444000,BTU,15.24,42.22,1525.40,ac,No,1.17
forestland,wood,"Small-diameter trees","Softwood natural small-diameter trees","Class 2",Public,55007,"Bayfield County",Wisconsin,1511.34,"mature-market high",70.11,23040.20,dt,419792444000,BTU,15.24,42.22,1525.40,ac,No,1.17
forestland,wood,"Small-diameter trees","Softwood natural small-diameter trees","Class 2",Public,55007,"Bayfield County",Wisconsin,1511.34,"mature-market low",70.11,23040.20,dt,419792444000,BTU,15.24,42.22,1525.40,ac,No,1.17
forestland,wood,"Small-diameter trees","Softwood natural small-diameter trees","Class 2",Public,55007,"Bayfield County",Wisconsin,1511.34,"mature-market medium",70.11,23040.20,dt,419792444000,BTU,15.24,42.22,1525.40,ac,No,1.17
forestland,wood,"Small-diameter trees","Softwood natural small-diameter trees","Class 2",Public,55013,"Burnett County",Wisconsin,880.22,Emerging,70.11,252.90,dt,4607838000,BTU,0.29,42.22,16.70,ac,No,1.17
forestland,wood,"Small-diameter trees","Softwood natural small-diameter trees","Class 2",Public,55013,"Burnett County",Wisconsin,880.22,"mature-market high",70.11,252.90,dt,4607838000,BTU,0.29,42.22,16.70,ac,No,1.17
forestland,wood,"Small-diameter trees","Softwood natural small-diameter trees","Class 2",Public,55013,"Burnett County",Wisconsin,880.22,"mature-market low",70.11,252.90,dt,4607838000,BTU,0.29,42.22,16.70,ac,No,1.17
forestland,wood,"Small-diameter trees","Softwood natural small-diameter trees","Class 2",Public,55013,"Burnett County",Wisconsin,880.22,"mature-market medium",70.11,252.90,dt,4607838000,BTU,0.29,42.22,16.70,ac,No,1.17
forestland,wood,"Small-diameter trees","Softwood natural small-diameter trees","Class 2",Public,55031,"Douglas County",Wisconsin,1332.11,Emerging,70.11,28.10,dt,511982000,BTU,0.02,42.22,1.90,ac,No,1.17
forestland,wood,"Small-diameter trees","Softwood natural small-diameter trees","Class 2",Public,55031,"Douglas County",Wisconsin,1332.11,"mature-market high",70.11,28.10,dt,511982000,BTU,0.02,42.22,1.90,ac,No,1.17
forestland,wood,"Small-diameter trees","Softwood natural small-diameter trees","Class 2",Public,55031,"Douglas County",Wisconsin,1332.11,"mature-market low",70.11,28.10,dt,511982000,BTU,0.02,42.22,1.90,ac,No,1.17
forestland,wood,"Small-diameter trees","Softwood natural small-diameter trees","Class 2",Public,55031,"Douglas County",Wisconsin,1332.11,"mature-market medium",70.11,28.10,dt,511982000,BTU,0.02,42.22,1.90,ac,No,1.17
forestland,wood,"Small-diameter trees","Softwood natural small-diameter trees","Class 2",Public,55039,"Fond du Lac County",Wisconsin,765.84,Emerging,70.11,2174.20,dt,39613924000,BTU,2.84,35.43,56.80,ac,No,1.17
forestland,wood,"Small-diameter trees","Softwood natural small-diameter trees","Class 2",Public,55039,"Fond du Lac County",Wisconsin,765.84,"mature-market high",70.11,2174.20,dt,39613924000,BTU,2.84,35.43,56.80,ac,No,1.17
forestland,wood,"Small-diameter trees","Softwood natural small-diameter trees","Class 2",Public,55039,"Fond du Lac County",Wisconsin,765.84,"mature-market low",70.11,2174.20,dt,39613924000,BTU,2.84,35.43,56.80,ac,No,1.17
forestland,wood,"Small-diameter trees","Softwood natural small-diameter trees","Class 2",Public,55039,"Fond du Lac County",Wisconsin,765.84,"mature-market medium",70.11,2174.20,dt,39613924000,BTU,2.84,35.43,56.80,ac,No,1.17
forestland,wood,"Small-diameter trees","Softwood natural small-diameter trees","Class 2",Public,55085,"Oneida County",Wisconsin,1236.57,Emerging,70.11,6586.90,dt,120013318000,BTU,5.33,42.22,295.50,ac,No,1.17
forestland,wood,"Small-diameter trees","Softwood natural small-diameter trees","Class 2",Public,55085,"Oneida County",Wisconsin,1236.57,"mature-market high",70.11,6586.90,dt,120013318000,BTU,5.33,42.22,295.50,ac,No,1.17
forestland,wood,"Small-diameter trees","Softwood natural small-diameter trees","Class 2",Public,55085,"Oneida County",Wisconsin,1236.57,"mature-market low",70.11,6586.90,dt,120013318000,BTU,5.33,42.22,295.50,ac,No,1.17
forestland,wood,"Small-diameter trees","Softwood natural small-diameter trees","Class 2",Public,55085,"Oneida County",Wisconsin,1236.57,"mature-market medium",70.11,6586.90,dt,120013318000,BTU,5.33,42.22,295.50,ac,No,1.17
forestland,wood,"Small-diameter trees","Softwood natural small-diameter trees","Class 2",Public,55095,"Polk County",Wisconsin,956.41,Emerging,70.11,28.10,dt,511982000,BTU,0.03,42.22,1.90,ac,No,1.17
forestland,wood,"Small-diameter trees","Softwood natural small-diameter trees","Class 2",Public,55095,"Polk County",Wisconsin,956.41,"mature-market high",70.11,28.10,dt,511982000,BTU,0.03,42.22,1.90,ac,No,1.17
forestland,wood,"Small-diameter trees","Softwood natural small-diameter trees","Class 2",Public,55095,"Polk County",Wisconsin,956.41,"mature-market low",70.11,28.10,dt,511982000,BTU,0.03,42.22,1.90,ac,No,1.17
forestland,wood,"Small-diameter trees","Softwood natural small-diameter trees","Class 2",Public,55095,"Polk County",Wisconsin,956.41,"mature-market medium",70.11,28.10,dt,511982000,BTU,0.03,42.22,1.90,ac,No,1.17
forestland,wood,"Small-diameter trees","Softwood natural small-diameter trees","Class 2",Public,55099,"Price County",Wisconsin,1278.04,Emerging,70.11,12113.90,dt,220715258000,BTU,9.48,42.22,543.50,ac,No,1.17
forestland,wood,"Small-diameter trees","Softwood natural small-diameter trees","Class 2",Public,55099,"Price County",Wisconsin,1278.04,"mature-market high",70.11,12113.90,dt,220715258000,BTU,9.48,42.22,543.50,ac,No,1.17
forestland,wood,"Small-diameter trees","Softwood natural small-diameter trees","Class 2",Public,55099,"Price County",Wisconsin,1278.04,"mature-market low",70.11,12113.90,dt,220715258000,BTU,9.48,42.22,543.50,ac,No,1.17
forestland,wood,"Small-diameter trees","Softwood natural small-diameter trees","Class 2",Public,55099,"Price County",Wisconsin,1278.04,"mature-market medium",70.11,12113.90,dt,220715258000,BTU,9.48,42.22,543.50,ac,No,1.17
forestland,wood,"Small-diameter trees","Softwood natural small-diameter trees","Class 2",Public,55113,"Sawyer County",Wisconsin,1350.24,Emerging,70.11,4214.70,dt,76791834000,BTU,3.12,42.22,279.00,ac,No,1.17
forestland,wood,"Small-diameter trees","Softwood natural small-diameter trees","Class 2",Public,55113,"Sawyer County",Wisconsin,1350.24,"mature-market high",70.11,4214.70,dt,76791834000,BTU,3.12,42.22,279.00,ac,No,1.17
forestland,wood,"Small-diameter trees","Softwood natural small-diameter trees","Class 2",Public,55113,"Sawyer County",Wisconsin,1350.24,"mature-market low",70.11,4214.70,dt,76791834000,BTU,3.12,42.22,279.00,ac,No,1.17
forestland,wood,"Small-diameter trees","Softwood natural small-diameter trees","Class 2",Public,55113,"Sawyer County",Wisconsin,1350.24,"mature-market medium",70.11,4214.70,dt,76791834000,BTU,3.12,42.22,279.00,ac,No,1.17
forestland,wood,"Small-diameter trees","Softwood natural small-diameter trees","Class 2",Public,55119,"Taylor County",Wisconsin,984.56,Emerging,70.11,5224.10,dt,95183102000,BTU,5.31,42.22,234.40,ac,No,1.17
forestland,wood,"Small-diameter trees","Softwood natural small-diameter trees","Class 2",Public,55119,"Taylor County",Wisconsin,984.56,"mature-market high",70.11,5224.10,dt,95183102000,BTU,5.31,42.22,234.40,ac,No,1.17
forestland,wood,"Small-diameter trees","Softwood natural small-diameter trees","Class 2",Public,55119,"Taylor County",Wisconsin,984.56,"mature-market low",70.11,5224.10,dt,95183102000,BTU,5.31,42.22,234.40,ac,No,1.17
forestland,wood,"Small-diameter trees","Softwood natural small-diameter trees","Class 2",Public,55119,"Taylor County",Wisconsin,984.56,"mature-market medium",70.11,5224.10,dt,95183102000,BTU,5.31,42.22,234.40,ac,No,1.17
forestland,wood,"Small-diameter trees","Softwood natural small-diameter trees","Class 2",Public,55125,"Vilas County",Wisconsin,1017.72,Emerging,70.11,14839.50,dt,270375690000,BTU,14.58,42.22,665.80,ac,No,1.17
forestland,wood,"Small-diameter trees","Softwood natural small-diameter trees","Class 2",Public,55125,"Vilas County",Wisconsin,1017.72,"mature-market high",70.11,14839.50,dt,270375690000,BTU,14.58,42.22,665.80,ac,No,1.17
forestland,wood,"Small-diameter trees","Softwood natural small-diameter trees","Class 2",Public,55125,"Vilas County",Wisconsin,1017.72,"mature-market low",70.11,14839.50,dt,270375690000,BTU,14.58,42.22,665.80,ac,No,1.17
forestland,wood,"Small-diameter trees","Softwood natural small-diameter trees","Class 2",Public,55125,"Vilas County",Wisconsin,1017.72,"mature-market medium",70.11,14839.50,dt,270375690000,BTU,14.58,42.22,665.80,ac,No,1.17
forestland,wood,"Small-diameter trees","Softwood natural small-diameter trees","Class 2",Public,55129,"Washburn County",Wisconsin,853.32,Emerging,70.11,505.80,dt,9215676000,BTU,0.59,42.22,33.50,ac,No,1.17
forestland,wood,"Small-diameter trees","Softwood natural small-diameter trees","Class 2",Public,55129,"Washburn County",Wisconsin,853.32,"mature-market high",70.11,505.80,dt,9215676000,BTU,0.59,42.22,33.50,ac,No,1.17
forestland,wood,"Small-diameter trees","Softwood natural small-diameter trees","Class 2",Public,55129,"Washburn County",Wisconsin,853.32,"mature-market low",70.11,505.80,dt,9215676000,BTU,0.59,42.22,33.50,ac,No,1.17
forestland,wood,"Small-diameter trees","Softwood natural small-diameter trees","Class 2",Public,55129,"Washburn County",Wisconsin,853.32,"mature-market medium",70.11,505.80,dt,9215676000,BTU,0.59,42.22,33.50,ac,No,1.17
forestland,wood,"Small-diameter trees","Softwood natural small-diameter trees","Class 2",Public,55139,"Winnebago County",Wisconsin,578.57,Emerging,70.11,543.50,dt,9902570000,BTU,0.94,35.43,14.20,ac,No,1.17
forestland,wood,"Small-diameter trees","Softwood natural small-diameter trees","Class 2",Public,55139,"Winnebago County",Wisconsin,578.57,"mature-market high",70.11,543.50,dt,9902570000,BTU,0.94,35.43,14.20,ac,No,1.17
forestland,wood,"Small-diameter trees","Softwood natural small-diameter trees","Class 2",Public,55139,"Winnebago County",Wisconsin,578.57,"mature-market low",70.11,543.50,dt,9902570000,BTU,0.94,35.43,14.20,ac,No,1.17
forestland,wood,"Small-diameter trees","Softwood natural small-diameter trees","Class 2",Public,55139,"Winnebago County",Wisconsin,578.57,"mature-market medium",70.11,543.50,dt,9902570000,BTU,0.94,35.43,14.20,ac,No,1.17
forestland,wood,"Small-diameter trees","Softwood natural small-diameter trees","Class 3",Private,55001,"Adams County",Wisconsin,687.48,near-term,58.54,6995.50,dt,127458010000,BTU,10.18,35.43,872.20,ac,No,1.17
forestland,wood,"Small-diameter trees","Softwood natural small-diameter trees","Class 3",Private,55003,"Ashland County",Wisconsin,1054.13,near-term,58.54,5239.10,dt,95456402000,BTU,4.97,35.43,797.60,ac,No,1.17
forestland,wood,"Small-diameter trees","Softwood natural small-diameter trees","Class 3",Private,55005,"Barron County",Wisconsin,889.76,near-term,58.54,881.40,dt,16059108000,BTU,0.99,35.43,118.80,ac,No,1.17
forestland,wood,"Small-diameter trees","Softwood natural small-diameter trees","Class 3",Private,55007,"Bayfield County",Wisconsin,1511.34,near-term,58.54,6937.40,dt,126399428000,BTU,4.59,35.43,935.30,ac,No,1.17
forestland,wood,"Small-diameter trees","Softwood natural small-diameter trees","Class 3",Private,55011,"Buffalo County",Wisconsin,709.59,near-term,58.54,240.20,dt,4376444000,BTU,0.34,35.43,24.30,ac,No,1.17
forestland,wood,"Small-diameter trees","Softwood natural small-diameter trees","Class 3",Private,55013,"Burnett County",Wisconsin,880.22,near-term,58.54,3809.90,dt,69416378000,BTU,4.33,35.43,513.70,ac,No,1.17
forestland,wood,"Small-diameter trees","Softwood natural small-diameter trees","Class 3",Private,55017,"Chippewa County",Wisconsin,1041.27,near-term,58.54,853.00,dt,15541660000,BTU,0.82,35.43,115.00,ac,No,1.17
forestland,wood,"Small-diameter trees","Softwood natural small-diameter trees","Class 3",Private,55019,"Clark County",Wisconsin,1218.67,near-term,58.54,7542.50,dt,137424350000,BTU,6.19,35.43,1148.30,ac,No,1.17
forestland,wood,"Small-diameter trees","Softwood natural small-diameter trees","Class 3",Private,55023,"Crawford County",Wisconsin,599.21,near-term,58.54,34.00,dt,619480000,BTU,0.06,35.43,7.60,ac,No,1.17
forestland,wood,"Small-diameter trees","Softwood natural small-diameter trees","Class 3",Private,55031,"Douglas County",Wisconsin,1332.11,near-term,58.54,9496.30,dt,173022586000,BTU,7.13,35.43,1280.40,ac,No,1.17
forestland,wood,"Small-diameter trees","Softwood natural small-diameter trees","Class 3",Private,55033,"Dunn County",Wisconsin,863.89,near-term,58.54,993.40,dt,18099748000,BTU,1.15,35.43,100.60,ac,No,1.17
forestland,wood,"Small-diameter trees","Softwood natural small-diameter trees","Class 3",Private,55035,"Eau Claire County",Wisconsin,645.2,near-term,58.54,1386.50,dt,25262030000,BTU,2.15,35.43,140.40,ac,No,1.17
forestland,wood,"Small-diameter trees","Softwood natural small-diameter trees","Class 3",Private,55037,"Florence County",Wisconsin,497.43,near-term,58.54,917.90,dt,16724138000,BTU,1.85,35.43,181.30,ac,No,1.17
forestland,wood,"Small-diameter trees","Softwood natural small-diameter trees","Class 3",Private,55041,"Forest County",Wisconsin,1046.52,near-term,58.54,1285.10,dt,23414522000,BTU,1.23,35.43,253.80,ac,No,1.17
forestland,wood,"Small-diameter trees","Softwood natural small-diameter trees","Class 3",Private,55043,"Grant County",Wisconsin,1183.37,near-term,58.54,90.90,dt,1656198000,BTU,0.08,35.43,20.40,ac,No,1.17
forestland,wood,"Small-diameter trees","Softwood natural small-diameter trees","Class 3",Private,55047,"Green Lake County",Wisconsin,380.13,near-term,58.54,235.50,dt,4290810000,BTU,0.62,35.43,29.40,ac,No,1.17
forestland,wood,"Small-diameter trees","Softwood natural small-diameter trees","Class 3",Private,55049,"Iowa County",Wisconsin,768.05,near-term,58.54,103.50,dt,1885770000,BTU,0.13,35.43,23.20,ac,No,1.17
forestland,wood,"Small-diameter trees","Softwood natural small-diameter trees","Class 3",Private,55051,"Iron County",Wisconsin,802.62,near-term,58.54,2258.20,dt,41144404000,BTU,2.81,35.43,343.80,ac,No,1.17
forestland,wood,"Small-diameter trees","Softwood natural small-diameter trees","Class 3",Private,55053,"Jackson County",Wisconsin,1000.48,near-term,58.54,4825.30,dt,87916966000,BTU,4.82,35.43,488.50,ac,No,1.17
forestland,wood,"Small-diameter trees","Softwood natural small-diameter trees","Class 3",Private,55057,"Juneau County",Wisconsin,805.17,near-term,58.54,2685.20,dt,48924344000,BTU,3.33,35.43,334.80,ac,No,1.17
forestland,wood,"Small-diameter trees","Softwood natural small-diameter trees","Class 3",Private,55063,"La Crosse County",Wisconsin,480.05,near-term,58.54,382.10,dt,6961862000,BTU,0.80,35.43,38.70,ac,No,1.17
forestland,wood,"Small-diameter trees","Softwood natural small-diameter trees","Class 3",Private,55065,"Lafayette County",Wisconsin,634.57,near-term,58.54,10.30,dt,187666000,BTU,0.02,35.43,2.30,ac,No,1.17
forestland,wood,"Small-diameter trees","Softwood natural small-diameter trees","Class 3",Private,55067,"Langlade County",Wisconsin,887.79,near-term,58.54,1214.50,dt,22128190000,BTU,1.37,35.43,239.80,ac,No,1.17
forestland,wood,"Small-diameter trees","Softwood natural small-diameter trees","Class 3",Private,55069,"Lincoln County",Wisconsin,906.79,near-term,58.54,5284.30,dt,96279946000,BTU,5.83,35.43,804.50,ac,No,1.17
forestland,wood,"Small-diameter trees","Softwood natural small-diameter trees","Class 3",Private,55073,"Marathon County",Wisconsin,1576.33,near-term,58.54,5419.80,dt,98748756000,BTU,3.44,35.43,825.10,ac,No,1.17
forestland,wood,"Small-diameter trees","Softwood natural small-diameter trees","Class 3",Private,55075,"Marinette County",Wisconsin,1429.25,near-term,58.54,4603.70,dt,83879414000,BTU,3.22,35.43,909.10,ac,No,1.17
forestland,wood,"Small-diameter trees","Softwood natural small-diameter trees","Class 3",Private,55077,"Marquette County",Wisconsin,464.47,near-term,58.54,1884.30,dt,34331946000,BTU,4.06,35.43,234.90,ac,No,1.17
forestland,wood,"Small-diameter trees","Softwood natural small-diameter trees","Class 3",Private,55078,"Menominee County",Wisconsin,364.96,near-term,58.54,2005.30,dt,36536566000,BTU,5.49,35.43,396.00,ac,No,1.17
forestland,wood,"Small-diameter trees","Softwood natural small-diameter trees","Class 3",Private,55081,"Monroe County",Wisconsin,908.08,near-term,58.54,1179.00,dt,21481380000,BTU,1.30,35.43,119.40,ac,No,1.17
forestland,wood,"Small-diameter trees","Softwood natural small-diameter trees","Class 3",Private,55083,"Oconto County",Wisconsin,1016.31,near-term,58.54,2188.90,dt,39881758000,BTU,2.15,35.43,432.20,ac,No,1.17
forestland,wood,"Small-diameter trees","Softwood natural small-diameter trees","Class 3",Private,55085,"Oneida County",Wisconsin,1236.57,near-term,58.54,9078.10,dt,165402982000,BTU,7.34,35.43,1382.10,ac,No,1.17
forestland,wood,"Small-diameter trees","Softwood natural small-diameter trees","Class 3",Private,55091,"Pepin County",Wisconsin,248.7,near-term,58.54,76.40,dt,1392008000,BTU,0.31,35.43,7.70,ac,No,1.17
forestland,wood,"Small-diameter trees","Softwood natural small-diameter trees","Class 3",Private,55093,"Pierce County",Wisconsin,592.73,near-term,58.54,218.30,dt,3977426000,BTU,0.37,35.43,22.10,ac,No,1.17
forestland,wood,"Small-diameter trees","Softwood natural small-diameter trees","Class 3",Private,55095,"Polk County",Wisconsin,956.41,near-term,58.54,1165.70,dt,21239054000,BTU,1.22,35.43,157.20,ac,No,1.17
forestland,wood,"Small-diameter trees","Softwood natural small-diameter trees","Class 3",Private,55097,"Portage County",Wisconsin,822.82,near-term,58.54,2991.40,dt,54503308000,BTU,3.64,35.43,373.00,ac,No,1.17
forestland,wood,"Small-diameter trees","Softwood natural small-diameter trees","Class 3",Private,55099,"Price County",Wisconsin,1278.04,near-term,58.54,1625.90,dt,29623898000,BTU,1.27,35.43,247.50,ac,No,1.17
forestland,wood,"Small-diameter trees","Softwood natural small-diameter trees","Class 3",Private,55103,"Richland County",Wisconsin,589.3,near-term,58.54,88.70,dt,1616114000,BTU,0.15,35.43,19.90,ac,No,1.17
forestland,wood,"Small-diameter trees","Softwood natural small-diameter trees","Class 3",Private,55107,"Rusk County",Wisconsin,930.86,near-term,58.54,284.30,dt,5179946000,BTU,0.31,35.43,38.30,ac,No,1.17
forestland,wood,"Small-diameter trees","Softwood natural small-diameter trees","Class 3",Private,55109,"St. Croix County",Wisconsin,735.19,near-term,58.54,993.40,dt,18099748000,BTU,1.35,35.43,100.60,ac,No,1.17
forestland,wood,"Small-diameter trees","Softwood natural small-diameter trees","Class 3",Private,55111,"Sauk County",Wisconsin,849.19,near-term,58.54,297.20,dt,5414984000,BTU,0.35,35.43,66.60,ac,No,1.17
forestland,wood,"Small-diameter trees","Softwood natural small-diameter trees","Class 3",Private,55113,"Sawyer County",Wisconsin,1350.24,near-term,58.54,2359.90,dt,42997378000,BTU,1.75,35.43,318.20,ac,No,1.17
forestland,wood,"Small-diameter trees","Softwood natural small-diameter trees","Class 3",Private,55115,"Shawano County",Wisconsin,909.4,near-term,58.54,1906.40,dt,34734608000,BTU,2.10,35.43,376.50,ac,No,1.17
forestland,wood,"Small-diameter trees","Softwood natural small-diameter trees","Class 3",Private,55119,"Taylor County",Wisconsin,984.56,near-term,58.54,858.10,dt,15634582000,BTU,0.87,35.43,130.60,ac,No,1.17
forestland,wood,"Small-diameter trees","Softwood natural small-diameter trees","Class 3",Private,55121,"Trempealeau County",Wisconsin,741.98,near-term,58.54,622.30,dt,11338306000,BTU,0.84,35.43,63.00,ac,No,1.17
forestland,wood,"Small-diameter trees","Softwood natural small-diameter trees","Class 3",Private,55123,"Vernon County",Wisconsin,816.38,near-term,58.54,113.80,dt,2073436000,BTU,0.14,35.43,25.50,ac,No,1.17
forestland,wood,"Small-diameter trees","Softwood natural small-diameter trees","Class 3",Private,55125,"Vilas County",Wisconsin,1017.72,near-term,58.54,7858.70,dt,143185514000,BTU,7.72,35.43,1196.40,ac,No,1.17
forestland,wood,"Small-diameter trees","Softwood natural small-diameter trees","Class 3",Private,55129,"Washburn County",Wisconsin,853.32,near-term,58.54,2615.70,dt,47658054000,BTU,3.07,35.43,352.70,ac,No,1.17
forestland,wood,"Small-diameter trees","Softwood natural small-diameter trees","Class 3",Private,55135,"Waupaca County",Wisconsin,765.17,near-term,58.54,1625.20,dt,29611144000,BTU,2.12,35.43,202.60,ac,No,1.17
forestland,wood,"Small-diameter trees","Softwood natural small-diameter trees","Class 3",Private,55137,"Waushara County",Wisconsin,637.4,near-term,58.54,4074.80,dt,74242856000,BTU,6.39,35.43,508.10,ac,No,1.17
forestland,wood,"Small-diameter trees","Softwood natural small-diameter trees","Class 3",Private,55141,"Wood County",Wisconsin,809.25,near-term,58.54,3085.60,dt,56219632000,BTU,3.81,35.43,384.70,ac,No,1.17
forestland,wood,"Small-diameter trees","Softwood natural small-diameter trees","Class 3",Public,55001,"Adams County",Wisconsin,687.48,near-term,58.54,11.30,dt,205886000,BTU,0.02,35.43,2.30,ac,No,1.17
forestland,wood,"Small-diameter trees","Softwood natural small-diameter trees","Class 3",Public,55003,"Ashland County",Wisconsin,1054.13,near-term,58.54,11133.00,dt,202843260000,BTU,10.56,35.43,1832.20,ac,No,1.17
forestland,wood,"Small-diameter trees","Softwood natural small-diameter trees","Class 3",Public,55007,"Bayfield County",Wisconsin,1511.34,near-term,58.54,9336.80,dt,170116496000,BTU,6.18,35.43,1590.60,ac,No,1.17
forestland,wood,"Small-diameter trees","Softwood natural small-diameter trees","Class 3",Public,55011,"Buffalo County",Wisconsin,709.59,near-term,58.54,7.40,dt,134828000,BTU,0.01,35.43,0.80,ac,No,1.17
forestland,wood,"Small-diameter trees","Softwood natural small-diameter trees","Class 3",Public,55013,"Burnett County",Wisconsin,880.22,near-term,58.54,102.50,dt,1867550000,BTU,0.12,35.43,17.50,ac,No,1.17
forestland,wood,"Small-diameter trees","Softwood natural small-diameter trees","Class 3",Public,55031,"Douglas County",Wisconsin,1332.11,near-term,58.54,11.40,dt,207708000,BTU,0.01,35.43,1.90,ac,No,1.17
forestland,wood,"Small-diameter trees","Softwood natural small-diameter trees","Class 3",Public,55037,"Florence County",Wisconsin,497.43,near-term,58.54,743.90,dt,13553858000,BTU,1.50,35.43,119.00,ac,No,1.17
forestland,wood,"Small-diameter trees","Softwood natural small-diameter trees","Class 3",Public,55039,"Fond du Lac County",Wisconsin,765.84,near-term,58.54,264.10,dt,4811902000,BTU,0.34,35.43,36.60,ac,No,1.17
forestland,wood,"Small-diameter trees","Softwood natural small-diameter trees","Class 3",Public,55041,"Forest County",Wisconsin,1046.52,near-term,58.54,3943.80,dt,71856036000,BTU,3.77,35.43,630.90,ac,No,1.17
forestland,wood,"Small-diameter trees","Softwood natural small-diameter trees","Class 3",Public,55053,"Jackson County",Wisconsin,1000.48,near-term,58.54,96.00,dt,1749120000,BTU,0.10,35.43,10.50,ac,No,1.17
forestland,wood,"Small-diameter trees","Softwood natural small-diameter trees","Class 3",Public,55057,"Juneau County",Wisconsin,805.17,near-term,58.54,2798.40,dt,50986848000,BTU,3.48,35.43,580.30,ac,No,1.17
forestland,wood,"Small-diameter trees","Softwood natural small-diameter trees","Class 3",Public,55063,"La Crosse County",Wisconsin,480.05,near-term,58.54,14.80,dt,269656000,BTU,0.03,35.43,1.60,ac,No,1.17
forestland,wood,"Small-diameter trees","Softwood natural small-diameter trees","Class 3",Public,55067,"Langlade County",Wisconsin,887.79,near-term,58.54,439.20,dt,8002224000,BTU,0.49,35.43,70.30,ac,No,1.17
forestland,wood,"Small-diameter trees","Softwood natural small-diameter trees","Class 3",Public,55081,"Monroe County",Wisconsin,908.08,near-term,58.54,6822.40,dt,124304128000,BTU,7.51,35.43,749.40,ac,No,1.17
forestland,wood,"Small-diameter trees","Softwood natural small-diameter trees","Class 3",Public,55083,"Oconto County",Wisconsin,1016.31,near-term,58.54,3845.20,dt,70059544000,BTU,3.78,35.43,615.10,ac,No,1.17
forestland,wood,"Small-diameter trees","Softwood natural small-diameter trees","Class 3",Public,55085,"Oneida County",Wisconsin,1236.57,near-term,58.54,1984.80,dt,36163056000,BTU,1.61,35.43,326.60,ac,No,1.17
forestland,wood,"Small-diameter trees","Softwood natural small-diameter trees","Class 3",Public,55093,"Pierce County",Wisconsin,592.73,near-term,58.54,59.10,dt,1076802000,BTU,0.10,35.43,6.50,ac,No,1.17
forestland,wood,"Small-diameter trees","Softwood natural small-diameter trees","Class 3",Public,55095,"Polk County",Wisconsin,956.41,near-term,58.54,11.40,dt,207708000,BTU,0.01,35.43,1.90,ac,No,1.17
forestland,wood,"Small-diameter trees","Softwood natural small-diameter trees","Class 3",Public,55099,"Price County",Wisconsin,1278.04,near-term,58.54,3650.20,dt,66506644000,BTU,2.86,35.43,600.70,ac,No,1.17
forestland,wood,"Small-diameter trees","Softwood natural small-diameter trees","Class 3",Public,55109,"St. Croix County",Wisconsin,735.19,near-term,58.54,376.60,dt,6861652000,BTU,0.51,35.43,41.40,ac,No,1.17
forestland,wood,"Small-diameter trees","Softwood natural small-diameter trees","Class 3",Public,55113,"Sawyer County",Wisconsin,1350.24,near-term,58.54,1707.90,dt,31117938000,BTU,1.26,35.43,291.00,ac,No,1.17
forestland,wood,"Small-diameter trees","Softwood natural small-diameter trees","Class 3",Public,55119,"Taylor County",Wisconsin,984.56,near-term,58.54,1574.10,dt,28680102000,BTU,1.60,35.43,259.10,ac,No,1.17
forestland,wood,"Small-diameter trees","Softwood natural small-diameter trees","Class 3",Public,55121,"Trempealeau County",Wisconsin,741.98,near-term,58.54,7.40,dt,134828000,BTU,0.01,35.43,0.80,ac,No,1.17
forestland,wood,"Small-diameter trees","Softwood natural small-diameter trees","Class 3",Public,55125,"Vilas County",Wisconsin,1017.72,near-term,58.54,4471.50,dt,81470730000,BTU,4.39,35.43,735.90,ac,No,1.17
forestland,wood,"Small-diameter trees","Softwood natural small-diameter trees","Class 3",Public,55129,"Washburn County",Wisconsin,853.32,near-term,58.54,205.00,dt,3735100000,BTU,0.24,35.43,34.90,ac,No,1.17
forestland,wood,"Small-diameter trees","Softwood natural small-diameter trees","Class 3",Public,55139,"Winnebago County",Wisconsin,578.57,near-term,58.54,66.00,dt,1202520000,BTU,0.11,35.43,9.10,ac,No,1.17
forestland,wood,"Small-diameter trees","Softwood natural small-diameter trees","Class 3",Public,55141,"Wood County",Wisconsin,809.25,near-term,58.54,8.50,dt,154870000,BTU,0.01,35.43,1.80,ac,No,1.17
forestland,wood,"Small-diameter trees","Softwood planted small-diameter trees","Class 3",Private,55001,"Adams County",Wisconsin,687.48,near-term,58.54,2099.80,dt,38258356000,BTU,3.05,35.43,132.90,ac,No,1.17
forestland,wood,"Small-diameter trees","Softwood planted small-diameter trees","Class 3",Private,55003,"Ashland County",Wisconsin,1054.13,near-term,58.54,659.40,dt,12014268000,BTU,0.63,35.43,60.50,ac,No,1.17
forestland,wood,"Small-diameter trees","Softwood planted small-diameter trees","Class 3",Private,55005,"Barron County",Wisconsin,889.76,near-term,58.54,291.40,dt,5309308000,BTU,0.33,35.43,34.90,ac,No,1.17
forestland,wood,"Small-diameter trees","Softwood planted small-diameter trees","Class 3",Private,55007,"Bayfield County",Wisconsin,1511.34,near-term,58.54,2293.40,dt,41785748000,BTU,1.52,35.43,275.00,ac,No,1.17
forestland,wood,"Small-diameter trees","Softwood planted small-diameter trees","Class 3",Private,55009,"Brown County",Wisconsin,531.24,near-term,58.54,57.90,dt,1054938000,BTU,0.11,35.43,10.00,ac,No,1.17
forestland,wood,"Small-diameter trees","Softwood planted small-diameter trees","Class 3",Private,55011,"Buffalo County",Wisconsin,709.59,near-term,58.54,37.50,dt,683250000,BTU,0.05,35.43,6.40,ac,No,1.17
forestland,wood,"Small-diameter trees","Softwood planted small-diameter trees","Class 3",Private,55013,"Burnett County",Wisconsin,880.22,near-term,58.54,1259.50,dt,22948090000,BTU,1.43,35.43,151.00,ac,No,1.17
forestland,wood,"Small-diameter trees","Softwood planted small-diameter trees","Class 3",Private,55015,"Calumet County",Wisconsin,397.08,near-term,58.54,11.30,dt,205886000,BTU,0.03,35.43,1.90,ac,No,1.17
forestland,wood,"Small-diameter trees","Softwood planted small-diameter trees","Class 3",Private,55017,"Chippewa County",Wisconsin,1041.27,near-term,58.54,282.00,dt,5138040000,BTU,0.27,35.43,33.80,ac,No,1.17
forestland,wood,"Small-diameter trees","Softwood planted small-diameter trees","Class 3",Private,55019,"Clark County",Wisconsin,1218.67,near-term,58.54,949.30,dt,17296246000,BTU,0.78,35.43,87.10,ac,No,1.17
forestland,wood,"Small-diameter trees","Softwood planted small-diameter trees","Class 3",Private,55029,"Door County",Wisconsin,487.56,near-term,58.54,132.70,dt,2417794000,BTU,0.27,35.43,22.90,ac,No,1.17
forestland,wood,"Small-diameter trees","Softwood planted small-diameter trees","Class 3",Private,55031,"Douglas County",Wisconsin,1332.11,near-term,58.54,3139.30,dt,57198046000,BTU,2.36,35.43,376.40,ac,No,1.17
forestland,wood,"Small-diameter trees","Softwood planted small-diameter trees","Class 3",Private,55033,"Dunn County",Wisconsin,863.89,near-term,58.54,154.90,dt,2822278000,BTU,0.18,35.43,26.40,ac,No,1.17
forestland,wood,"Small-diameter trees","Softwood planted small-diameter trees","Class 3",Private,55035,"Eau Claire County",Wisconsin,645.2,near-term,58.54,216.20,dt,3939164000,BTU,0.34,35.43,36.90,ac,No,1.17
forestland,wood,"Small-diameter trees","Softwood planted small-diameter trees","Class 3",Private,55037,"Florence County",Wisconsin,497.43,near-term,58.54,346.60,dt,6315052000,BTU,0.70,35.43,45.10,ac,No,1.17
forestland,wood,"Small-diameter trees","Softwood planted small-diameter trees","Class 3",Private,55039,"Fond du Lac County",Wisconsin,765.84,near-term,58.54,160.80,dt,2929776000,BTU,0.21,35.43,27.70,ac,No,1.17
forestland,wood,"Small-diameter trees","Softwood planted small-diameter trees","Class 3",Private,55041,"Forest County",Wisconsin,1046.52,near-term,58.54,485.20,dt,8840344000,BTU,0.46,35.43,63.20,ac,No,1.17
forestland,wood,"Small-diameter trees","Softwood planted small-diameter trees","Class 3",Private,55047,"Green Lake County",Wisconsin,380.13,near-term,58.54,70.70,dt,1288154000,BTU,0.19,35.43,4.50,ac,No,1.17
forestland,wood,"Small-diameter trees","Softwood planted small-diameter trees","Class 3",Private,55051,"Iron County",Wisconsin,802.62,near-term,58.54,284.20,dt,5178124000,BTU,0.35,35.43,26.10,ac,No,1.17
forestland,wood,"Small-diameter trees","Softwood planted small-diameter trees","Class 3",Private,55053,"Jackson County",Wisconsin,1000.48,near-term,58.54,752.60,dt,13712372000,BTU,0.75,35.43,128.40,ac,No,1.17
forestland,wood,"Small-diameter trees","Softwood planted small-diameter trees","Class 3",Private,55057,"Juneau County",Wisconsin,805.17,near-term,58.54,806.00,dt,14685320000,BTU,1.00,35.43,51.00,ac,No,1.17
forestland,wood,"Small-diameter trees","Softwood planted small-diameter trees","Class 3",Private,55061,"Kewaunee County",Wisconsin,343.95,near-term,58.54,33.80,dt,615836000,BTU,0.10,35.43,5.80,ac,No,1.17
forestland,wood,"Small-diameter trees","Softwood planted small-diameter trees","Class 3",Private,55063,"La Crosse County",Wisconsin,480.05,near-term,58.54,59.60,dt,1085912000,BTU,0.12,35.43,10.20,ac,No,1.17
forestland,wood,"Small-diameter trees","Softwood planted small-diameter trees","Class 3",Private,55067,"Langlade County",Wisconsin,887.79,near-term,58.54,458.60,dt,8355692000,BTU,0.52,35.43,59.70,ac,No,1.17
forestland,wood,"Small-diameter trees","Softwood planted small-diameter trees","Class 3",Private,55069,"Lincoln County",Wisconsin,906.79,near-term,58.54,665.10,dt,12118122000,BTU,0.73,35.43,61.10,ac,No,1.17
forestland,wood,"Small-diameter trees","Softwood planted small-diameter trees","Class 3",Private,55071,"Manitowoc County",Wisconsin,594.62,near-term,58.54,65.10,dt,1186122000,BTU,0.11,35.43,11.20,ac,No,1.17
forestland,wood,"Small-diameter trees","Softwood planted small-diameter trees","Class 3",Private,55073,"Marathon County",Wisconsin,1576.33,near-term,58.54,682.10,dt,12427862000,BTU,0.43,35.43,62.60,ac,No,1.17
forestland,wood,"Small-diameter trees","Softwood planted small-diameter trees","Class 3",Private,55075,"Marinette County",Wisconsin,1429.25,near-term,58.54,1738.40,dt,31673648000,BTU,1.22,35.43,226.40,ac,No,1.17
forestland,wood,"Small-diameter trees","Softwood planted small-diameter trees","Class 3",Private,55077,"Marquette County",Wisconsin,464.47,near-term,58.54,565.60,dt,10305232000,BTU,1.22,35.43,35.80,ac,No,1.17
forestland,wood,"Small-diameter trees","Softwood planted small-diameter trees","Class 3",Private,55078,"Menominee County",Wisconsin,364.96,near-term,58.54,757.20,dt,13796184000,BTU,2.07,35.43,98.60,ac,No,1.17
forestland,wood,"Small-diameter trees","Softwood planted small-diameter trees","Class 3",Private,55081,"Monroe County",Wisconsin,908.08,near-term,58.54,183.90,dt,3350658000,BTU,0.20,35.43,31.40,ac,No,1.17
forestland,wood,"Small-diameter trees","Softwood planted small-diameter trees","Class 3",Private,55083,"Oconto County",Wisconsin,1016.31,near-term,58.54,826.50,dt,15058830000,BTU,0.81,35.43,107.60,ac,No,1.17
forestland,wood,"Small-diameter trees","Softwood planted small-diameter trees","Class 3",Private,55085,"Oneida County",Wisconsin,1236.57,near-term,58.54,1142.50,dt,20816350000,BTU,0.92,35.43,104.90,ac,No,1.17
forestland,wood,"Small-diameter trees","Softwood planted small-diameter trees","Class 3",Private,55087,"Outagamie County",Wisconsin,644.61,near-term,58.54,70.80,dt,1289976000,BTU,0.11,35.43,12.20,ac,No,1.17
forestland,wood,"Small-diameter trees","Softwood planted small-diameter trees","Class 3",Private,55091,"Pepin County",Wisconsin,248.7,near-term,58.54,11.90,dt,216818000,BTU,0.05,35.43,2.00,ac,No,1.17
forestland,wood,"Small-diameter trees","Softwood planted small-diameter trees","Class 3",Private,55093,"Pierce County",Wisconsin,592.73,near-term,58.54,34.10,dt,621302000,BTU,0.06,35.43,5.80,ac,No,1.17
forestland,wood,"Small-diameter trees","Softwood planted small-diameter trees","Class 3",Private,55095,"Polk County",Wisconsin,956.41,near-term,58.54,385.40,dt,7021988000,BTU,0.40,35.43,46.20,ac,No,1.17
forestland,wood,"Small-diameter trees","Softwood planted small-diameter trees","Class 3",Private,55097,"Portage County",Wisconsin,822.82,near-term,58.54,897.90,dt,16359738000,BTU,1.09,35.43,56.80,ac,No,1.17
forestland,wood,"Small-diameter trees","Softwood planted small-diameter trees","Class 3",Private,55099,"Price County",Wisconsin,1278.04,near-term,58.54,204.60,dt,3727812000,BTU,0.16,35.43,18.80,ac,No,1.17
forestland,wood,"Small-diameter trees","Softwood planted small-diameter trees","Class 3",Private,55107,"Rusk County",Wisconsin,930.86,near-term,58.54,94.00,dt,1712680000,BTU,0.10,35.43,11.30,ac,No,1.17
forestland,wood,"Small-diameter trees","Softwood planted small-diameter trees","Class 3",Private,55109,"St. Croix County",Wisconsin,735.19,near-term,58.54,154.90,dt,2822278000,BTU,0.21,35.43,26.40,ac,No,1.17
forestland,wood,"Small-diameter trees","Softwood planted small-diameter trees","Class 3",Private,55113,"Sawyer County",Wisconsin,1350.24,near-term,58.54,780.10,dt,14213422000,BTU,0.58,35.43,93.50,ac,No,1.17
forestland,wood,"Small-diameter trees","Softwood planted small-diameter trees","Class 3",Private,55115,"Shawano County",Wisconsin,909.4,near-term,58.54,719.90,dt,13116578000,BTU,0.79,35.43,93.80,ac,No,1.17
forestland,wood,"Small-diameter trees","Softwood planted small-diameter trees","Class 3",Private,55117,"Sheboygan County",Wisconsin,517.64,near-term,58.54,225.10,dt,4101322000,BTU,0.43,35.43,38.80,ac,No,1.17
forestland,wood,"Small-diameter trees","Softwood planted small-diameter trees","Class 3",Private,55119,"Taylor County",Wisconsin,984.56,near-term,58.54,108.00,dt,1967760000,BTU,0.11,35.43,9.90,ac,No,1.17
forestland,wood,"Small-diameter trees","Softwood planted small-diameter trees","Class 3",Private,55121,"Trempealeau County",Wisconsin,741.98,near-term,58.54,97.10,dt,1769162000,BTU,0.13,35.43,16.60,ac,No,1.17
forestland,wood,"Small-diameter trees","Softwood planted small-diameter trees","Class 3",Private,55125,"Vilas County",Wisconsin,1017.72,near-term,58.54,989.10,dt,18021402000,BTU,0.97,35.43,90.80,ac,No,1.17
forestland,wood,"Small-diameter trees","Softwood planted small-diameter trees","Class 3",Private,55129,"Washburn County",Wisconsin,853.32,near-term,58.54,864.70,dt,15754834000,BTU,1.01,35.43,103.70,ac,No,1.17
forestland,wood,"Small-diameter trees","Softwood planted small-diameter trees","Class 3",Private,55135,"Waupaca County",Wisconsin,765.17,near-term,58.54,487.80,dt,8887716000,BTU,0.64,35.43,30.90,ac,No,1.17
forestland,wood,"Small-diameter trees","Softwood planted small-diameter trees","Class 3",Private,55137,"Waushara County",Wisconsin,637.4,near-term,58.54,1223.10,dt,22284882000,BTU,1.92,35.43,77.40,ac,No,1.17
forestland,wood,"Small-diameter trees","Softwood planted small-diameter trees","Class 3",Private,55139,"Winnebago County",Wisconsin,578.57,near-term,58.54,45.80,dt,834476000,BTU,0.08,35.43,7.90,ac,No,1.17
forestland,wood,"Small-diameter trees","Softwood planted small-diameter trees","Class 3",Private,55141,"Wood County",Wisconsin,809.25,near-term,58.54,926.20,dt,16875364000,BTU,1.14,35.43,58.60,ac,No,1.17
forestland,wood,"Small-diameter trees","Softwood planted small-diameter trees","Class 3",Public,55003,"Ashland County",Wisconsin,1054.13,near-term,58.54,194.00,dt,3534680000,BTU,0.18,35.43,49.70,ac,No,1.17
forestland,wood,"Small-diameter trees","Softwood planted small-diameter trees","Class 3",Public,55007,"Bayfield County",Wisconsin,1511.34,near-term,58.54,5349.60,dt,97469712000,BTU,3.54,35.43,775.20,ac,No,1.17
forestland,wood,"Small-diameter trees","Softwood planted small-diameter trees","Class 3",Public,55011,"Buffalo County",Wisconsin,709.59,near-term,58.54,3.30,dt,60126000,BTU,0.00,35.43,0.20,ac,No,1.17
forestland,wood,"Small-diameter trees","Softwood planted small-diameter trees","Class 3",Public,55013,"Burnett County",Wisconsin,880.22,near-term,58.54,58.70,dt,1069514000,BTU,0.07,35.43,8.50,ac,No,1.17
forestland,wood,"Small-diameter trees","Softwood planted small-diameter trees","Class 3",Public,55031,"Douglas County",Wisconsin,1332.11,near-term,58.54,6.50,dt,118430000,BTU,0.00,35.43,0.90,ac,No,1.17
forestland,wood,"Small-diameter trees","Softwood planted small-diameter trees","Class 3",Public,55037,"Florence County",Wisconsin,497.43,near-term,58.54,91.80,dt,1672596000,BTU,0.18,35.43,9.90,ac,No,1.17
forestland,wood,"Small-diameter trees","Softwood planted small-diameter trees","Class 3",Public,55041,"Forest County",Wisconsin,1046.52,near-term,58.54,486.90,dt,8871318000,BTU,0.47,35.43,52.30,ac,No,1.17
forestland,wood,"Small-diameter trees","Softwood planted small-diameter trees","Class 3",Public,55053,"Jackson County",Wisconsin,1000.48,near-term,58.54,42.60,dt,776172000,BTU,0.04,35.43,3.10,ac,No,1.17
forestland,wood,"Small-diameter trees","Softwood planted small-diameter trees","Class 3",Public,55063,"La Crosse County",Wisconsin,480.05,near-term,58.54,6.50,dt,118430000,BTU,0.01,35.43,0.50,ac,No,1.17
forestland,wood,"Small-diameter trees","Softwood planted small-diameter trees","Class 3",Public,55067,"Langlade County",Wisconsin,887.79,near-term,58.54,54.20,dt,987524000,BTU,0.06,35.43,5.80,ac,No,1.17
forestland,wood,"Small-diameter trees","Softwood planted small-diameter trees","Class 3",Public,55081,"Monroe County",Wisconsin,908.08,near-term,58.54,3025.00,dt,55115500000,BTU,3.33,35.43,221.60,ac,No,1.17
forestland,wood,"Small-diameter trees","Softwood planted small-diameter trees","Class 3",Public,55083,"Oconto County",Wisconsin,1016.31,near-term,58.54,474.70,dt,8649034000,BTU,0.47,35.43,51.00,ac,No,1.17
forestland,wood,"Small-diameter trees","Softwood planted small-diameter trees","Class 3",Public,55085,"Oneida County",Wisconsin,1236.57,near-term,58.54,34.60,dt,630412000,BTU,0.03,35.43,8.90,ac,No,1.17
forestland,wood,"Small-diameter trees","Softwood planted small-diameter trees","Class 3",Public,55093,"Pierce County",Wisconsin,592.73,near-term,58.54,26.20,dt,477364000,BTU,0.04,35.43,1.90,ac,No,1.17
forestland,wood,"Small-diameter trees","Softwood planted small-diameter trees","Class 3",Public,55095,"Polk County",Wisconsin,956.41,near-term,58.54,6.50,dt,118430000,BTU,0.01,35.43,0.90,ac,No,1.17
forestland,wood,"Small-diameter trees","Softwood planted small-diameter trees","Class 3",Public,55099,"Price County",Wisconsin,1278.04,near-term,58.54,63.60,dt,1158792000,BTU,0.05,35.43,16.30,ac,No,1.17
forestland,wood,"Small-diameter trees","Softwood planted small-diameter trees","Class 3",Public,55109,"St. Croix County",Wisconsin,735.19,near-term,58.54,167.00,dt,3042740000,BTU,0.23,35.43,12.20,ac,No,1.17
forestland,wood,"Small-diameter trees","Softwood planted small-diameter trees","Class 3",Public,55113,"Sawyer County",Wisconsin,1350.24,near-term,58.54,978.60,dt,17830092000,BTU,0.72,35.43,141.80,ac,No,1.17
forestland,wood,"Small-diameter trees","Softwood planted small-diameter trees","Class 3",Public,55119,"Taylor County",Wisconsin,984.56,near-term,58.54,27.40,dt,499228000,BTU,0.03,35.43,7.00,ac,No,1.17
forestland,wood,"Small-diameter trees","Softwood planted small-diameter trees","Class 3",Public,55121,"Trempealeau County",Wisconsin,741.98,near-term,58.54,3.30,dt,60126000,BTU,0.00,35.43,0.20,ac,No,1.17
forestland,wood,"Small-diameter trees","Softwood planted small-diameter trees","Class 3",Public,55125,"Vilas County",Wisconsin,1017.72,near-term,58.54,77.90,dt,1419338000,BTU,0.08,35.43,20.00,ac,No,1.17
forestland,wood,"Small-diameter trees","Softwood planted small-diameter trees","Class 3",Public,55129,"Washburn County",Wisconsin,853.32,near-term,58.54,117.40,dt,2139028000,BTU,0.14,35.43,17.00,ac,No,1.17
