class,subclass,resource,fips,county,state_name,usdaregion,"County Square Miles",model_name,scenario_name,price_offered,production,production_unit,btu_ton,production_energy_content,energy_content_unit,production_density_dtpersqmi,landsource
"agriculture land","Agricultural residues","Barley straw",55049,"Iowa County",Wisconsin,"Lake States",768.05,POLYSYS,"mature-market low",70,0.00,dt,14892000,0,BTU,0.00,Crop
"agriculture land","Agricultural residues","Barley straw",55049,"Iowa County",Wisconsin,"Lake States",768.05,POLYSYS,emerging,70,0.00,dt,14892000,0,BTU,0.00,Crop
"agriculture land","Agricultural residues","Barley straw",55049,"Iowa County",Wisconsin,"Lake States",768.05,POLYSYS,"mature-market medium",70,0.00,dt,14892000,0,BTU,0.00,Crop
"agriculture land","Energy crops, herbaceous",Miscanthus,55093,"Pierce County",Wisconsin,"Lake States",592.73,POLYSYS,emerging,70,7874.00,dt,16660000,131180840000,BTU,13.28,Pasture
"agriculture land","Agricultural residues","Wheat straw",55041,"Forest County",Wisconsin,"Lake States",1046.52,POLYSYS,"mature-market low",70,0.00,dt,14892000,0,BTU,0.00,Crop
"agriculture land","Agricultural residues","Corn stover",55119,"Taylor County",Wisconsin,"Lake States",984.56,POLYSYS,"mature-market low",70,19326.00,dt,15722000,303843372000,BTU,19.63,Crop
"agriculture land","Agricultural residues","Oats straw",55013,"Burnett County",Wisconsin,"Lake States",880.22,POLYSYS,emerging,70,0.00,dt,14892000,0,BTU,0.00,Crop
"agriculture land","Agricultural residues","Barley straw",55049,"Iowa County",Wisconsin,"Lake States",768.05,POLYSYS,near-term,70,0.00,dt,14892000,0,BTU,0.00,Crop
"agriculture land","Energy crops, herbaceous",Miscanthus,55069,"Lincoln County",Wisconsin,"Lake States",906.79,POLYSYS,"mature-market medium",70,4573.00,dt,16660000,76186180000,BTU,5.04,Pasture
"agriculture land","Agricultural residues","Barley straw",55049,"Iowa County",Wisconsin,"Lake States",768.05,POLYSYS,"mature-market high",70,0.00,dt,14892000,0,BTU,0.00,Crop
"agriculture land","Agricultural residues","Oats straw",55119,"Taylor County",Wisconsin,"Lake States",984.56,POLYSYS,emerging,70,0.00,dt,14892000,0,BTU,0.00,Crop
"agriculture land","Intermediate oilseeds",Pennycress,55069,"Lincoln County",Wisconsin,"Lake States",906.79,POLYSYS,"mature-market high",400,3859.75,dt,23288300,89887015925,BTU,4.26,Crop
"agriculture land","Energy crops, woody",Poplar,55103,"Richland County",Wisconsin,"Lake States",589.3,POLYSYS,emerging,70,489.00,dt,16904000,8266056000,BTU,0.83,Pasture
"agriculture land","Agricultural residues","Corn stover",55081,"Monroe County",Wisconsin,"Lake States",908.08,POLYSYS,"mature-market high",70,107468.00,dt,15722000,1689611896000,BTU,118.35,Crop
"agriculture land","Agricultural residues","Wheat straw",55017,"Chippewa County",Wisconsin,"Lake States",1041.27,POLYSYS,"mature-market low",70,0.00,dt,14892000,0,BTU,0.00,Crop
"agriculture land","Energy crops, woody",Poplar,55005,"Barron County",Wisconsin,"Lake States",889.76,POLYSYS,emerging,70,4497.00,dt,16904000,76017288000,BTU,5.05,Pasture
"agriculture land","Energy crops, woody",Willow,55103,"Richland County",Wisconsin,"Lake States",589.3,POLYSYS,"mature-market high",70,1073.00,dt,17296000,18558608000,BTU,1.82,Pasture
"agriculture land","Energy crops, woody",Willow,55087,"Outagamie County",Wisconsin,"Lake States",644.61,POLYSYS,"mature-market medium",70,2959.00,dt,17296000,51178864000,BTU,4.59,Pasture
"agriculture land","Agricultural residues","Wheat straw",55053,"Jackson County",Wisconsin,"Lake States",1000.48,POLYSYS,emerging,70,0.00,dt,14892000,0,BTU,0.00,Crop
"agriculture land","Agricultural residues","Corn stover",55085,"Oneida County",Wisconsin,"Lake States",1236.57,POLYSYS,"mature-market medium",70,0.00,dt,15722000,0,BTU,0.00,Crop
"agriculture land","Agricultural residues","Wheat straw",55011,"Buffalo County",Wisconsin,"Lake States",709.59,POLYSYS,"mature-market low",70,0.00,dt,14892000,0,BTU,0.00,Crop
"agriculture land","Energy crops, woody",Willow,55005,"Barron County",Wisconsin,"Lake States",889.76,POLYSYS,emerging,70,1527.00,dt,17296000,26410992000,BTU,1.72,Pasture
"agriculture land","Energy crops, herbaceous",Miscanthus,55051,"Iron County",Wisconsin,"Lake States",802.62,POLYSYS,emerging,70,3170.00,dt,16660000,52812200000,BTU,3.95,Pasture
"agriculture land","Agricultural residues","Wheat straw",55083,"Oconto County",Wisconsin,"Lake States",1016.31,POLYSYS,"mature-market high",70,0.00,dt,14892000,0,BTU,0.00,Crop
"agriculture land","Agricultural residues","Corn stover",55129,"Washburn County",Wisconsin,"Lake States",853.32,POLYSYS,"mature-market low",70,12487.00,dt,15722000,196320614000,BTU,14.63,Crop
"agriculture land","Agricultural residues","Wheat straw",55083,"Oconto County",Wisconsin,"Lake States",1016.31,POLYSYS,emerging,70,0.00,dt,14892000,0,BTU,0.00,Crop
"agriculture land","Agricultural residues","Corn stover",55109,"St. Croix County",Wisconsin,"Lake States",735.19,POLYSYS,"mature-market low",70,246868.00,dt,15722000,3881258696000,BTU,335.79,Crop
"agriculture land","Energy crops, woody",Willow,55055,"Jefferson County",Wisconsin,"Lake States",582.74,POLYSYS,emerging,70,3684.00,dt,17296000,63718464000,BTU,6.32,Pasture
"agriculture land","Agricultural residues","Wheat straw",55001,"Adams County",Wisconsin,"Lake States",687.48,POLYSYS,emerging,70,0.00,dt,14892000,0,BTU,0.00,Crop
"agriculture land","Agricultural residues","Wheat straw",55027,"Dodge County",Wisconsin,"Lake States",907.1,POLYSYS,"mature-market low",70,0.00,dt,14892000,0,BTU,0.00,Crop
"agriculture land","Energy crops, herbaceous",Miscanthus,55085,"Oneida County",Wisconsin,"Lake States",1236.57,POLYSYS,"mature-market high",70,11755.00,dt,16660000,195838300000,BTU,9.51,Crop
"agriculture land","Energy crops, herbaceous",Miscanthus,55113,"Sawyer County",Wisconsin,"Lake States",1350.24,POLYSYS,"mature-market medium",70,12518.00,dt,16660000,208549880000,BTU,9.27,Pasture
"agriculture land","Agricultural residues","Wheat straw",55093,"Pierce County",Wisconsin,"Lake States",592.73,POLYSYS,emerging,70,0.00,dt,14892000,0,BTU,0.00,Crop
"agriculture land","Energy crops, herbaceous",Miscanthus,55035,"Eau Claire County",Wisconsin,"Lake States",645.2,POLYSYS,"mature-market high",70,5670.00,dt,16660000,94462200000,BTU,8.79,Pasture
"agriculture land","Agricultural residues","Oats straw",55053,"Jackson County",Wisconsin,"Lake States",1000.48,POLYSYS,"mature-market medium",70,0.00,dt,14892000,0,BTU,0.00,Crop
"agriculture land","Agricultural residues","Oats straw",55095,"Polk County",Wisconsin,"Lake States",956.41,POLYSYS,"mature-market medium",70,0.00,dt,14892000,0,BTU,0.00,Crop
"agriculture land","Energy crops, herbaceous",Miscanthus,55081,"Monroe County",Wisconsin,"Lake States",908.08,POLYSYS,"mature-market low",70,6111.00,dt,16660000,101809260000,BTU,6.73,Pasture
"agriculture land","Agricultural residues","Corn stover",55033,"Dunn County",Wisconsin,"Lake States",863.89,POLYSYS,emerging,70,86139.00,dt,15722000,1354277358000,BTU,99.71,Crop
"agriculture land","Agricultural residues","Corn stover",55015,"Calumet County",Wisconsin,"Lake States",397.08,POLYSYS,"mature-market medium",70,0.00,dt,15722000,0,BTU,0.00,Crop
"agriculture land","Energy crops, herbaceous",Miscanthus,55011,"Buffalo County",Wisconsin,"Lake States",709.59,POLYSYS,"mature-market high",70,6721.00,dt,16660000,111971860000,BTU,9.47,Pasture
"agriculture land","Energy crops, woody",Poplar,55111,"Sauk County",Wisconsin,"Lake States",849.19,POLYSYS,emerging,70,547.00,dt,16904000,9246488000,BTU,0.64,Pasture
"agriculture land","Agricultural residues","Oats straw",55115,"Shawano County",Wisconsin,"Lake States",909.4,POLYSYS,"mature-market medium",70,0.00,dt,14892000,0,BTU,0.00,Crop
"agriculture land","Agricultural residues","Corn stover",55071,"Manitowoc County",Wisconsin,"Lake States",594.62,POLYSYS,"mature-market medium",70,0.00,dt,15722000,0,BTU,0.00,Crop
"agriculture land","Agricultural residues","Corn stover",55013,"Burnett County",Wisconsin,"Lake States",880.22,POLYSYS,"mature-market medium",70,22130.00,dt,15722000,347927860000,BTU,25.14,Crop
"agriculture land","Intermediate oilseeds",Pennycress,55041,"Forest County",Wisconsin,"Lake States",1046.52,POLYSYS,"mature-market high",400,316.64,dt,23288300,7374007312,BTU,0.30,Crop
"agriculture land","Agricultural residues","Oats straw",55055,"Jefferson County",Wisconsin,"Lake States",582.74,POLYSYS,"mature-market medium",70,0.00,dt,14892000,0,BTU,0.00,Crop
"agriculture land","Agricultural residues","Oats straw",55021,"Columbia County",Wisconsin,"Lake States",795.99,POLYSYS,emerging,70,0.00,dt,14892000,0,BTU,0.00,Crop
"agriculture land","Energy crops, herbaceous",Miscanthus,55133,"Waukesha County",Wisconsin,"Lake States",580.54,POLYSYS,emerging,70,72943.00,dt,16660000,1215230380000,BTU,125.65,Crop
"agriculture land","Agricultural residues","Oats straw",55127,"Walworth County",Wisconsin,"Lake States",576.6,POLYSYS,emerging,70,0.00,dt,14892000,0,BTU,0.00,Crop
"agriculture land","Energy crops, herbaceous",Switchgrass,55019,"Clark County",Wisconsin,"Lake States",1218.67,POLYSYS,"mature-market medium",70,0.00,dt,16424000,0,BTU,0.00,Pasture
"agriculture land","Energy crops, herbaceous",Switchgrass,55055,"Jefferson County",Wisconsin,"Lake States",582.74,POLYSYS,"mature-market high",70,0.00,dt,16424000,0,BTU,0.00,Pasture
"agriculture land","Agricultural residues","Corn stover",55025,"Dane County",Wisconsin,"Lake States",1237.5,POLYSYS,"mature-market high",70,682610.00,dt,15722000,10731994420000,BTU,551.60,Crop
"agriculture land","Intermediate oilseeds",Pennycress,55003,"Ashland County",Wisconsin,"Lake States",1054.13,POLYSYS,"mature-market low",400,573.53,dt,23288300,13356538699,BTU,0.54,Crop
"agriculture land","Agricultural residues","Corn stover",55039,"Fond du Lac County",Wisconsin,"Lake States",765.84,POLYSYS,near-term,70,205751.00,dt,15722000,3234817222000,BTU,268.66,Crop
"agriculture land","Agricultural residues","Corn stover",55071,"Manitowoc County",Wisconsin,"Lake States",594.62,POLYSYS,"mature-market high",70,0.00,dt,15722000,0,BTU,0.00,Crop
"agriculture land","Agricultural residues","Oats straw",55093,"Pierce County",Wisconsin,"Lake States",592.73,POLYSYS,"mature-market high",70,0.00,dt,14892000,0,BTU,0.00,Crop
"agriculture land","Energy crops, herbaceous",Miscanthus,55093,"Pierce County",Wisconsin,"Lake States",592.73,POLYSYS,"mature-market low",70,7190.00,dt,16660000,119785400000,BTU,12.13,Pasture
"agriculture land","Agricultural residues","Oats straw",55085,"Oneida County",Wisconsin,"Lake States",1236.57,POLYSYS,"mature-market medium",70,0.00,dt,14892000,0,BTU,0.00,Crop
"agriculture land","Agricultural residues","Corn stover",55131,"Washington County",Wisconsin,"Lake States",435.66,POLYSYS,"mature-market medium",70,112741.00,dt,15722000,1772514002000,BTU,258.78,Crop
"agriculture land","Agricultural residues","Oats straw",55117,"Sheboygan County",Wisconsin,"Lake States",517.64,POLYSYS,"mature-market medium",70,0.00,dt,14892000,0,BTU,0.00,Crop
"agriculture land","Intermediate oilseeds",Pennycress,55017,"Chippewa County",Wisconsin,"Lake States",1041.27,POLYSYS,emerging,400,21522.09,dt,23288300,501212888547,BTU,20.67,Crop
"agriculture land","Intermediate oilseeds",Pennycress,55033,"Dunn County",Wisconsin,"Lake States",863.89,POLYSYS,emerging,400,26243.75,dt,23288300,611172323125,BTU,30.38,Crop
"agriculture land","Energy crops, herbaceous",Miscanthus,55085,"Oneida County",Wisconsin,"Lake States",1236.57,POLYSYS,"mature-market low",70,577.00,dt,16660000,9612820000,BTU,0.47,Pasture
"agriculture land","Agricultural residues","Corn stover",55097,"Portage County",Wisconsin,"Lake States",822.82,POLYSYS,near-term,70,57387.00,dt,15722000,902238414000,BTU,69.74,Crop
"agriculture land","Agricultural residues","Oats straw",55101,"Racine County",Wisconsin,"Lake States",340.39,POLYSYS,emerging,70,0.00,dt,14892000,0,BTU,0.00,Crop
"agriculture land","Energy crops, herbaceous",Miscanthus,55075,"Marinette County",Wisconsin,"Lake States",1429.25,POLYSYS,emerging,70,129989.00,dt,16660000,2165616740000,BTU,90.95,Crop
"agriculture land","Energy crops, woody",Willow,55009,"Brown County",Wisconsin,"Lake States",531.24,POLYSYS,emerging,70,4475.00,dt,17296000,77399600000,BTU,8.42,Pasture
"agriculture land","Agricultural residues","Wheat straw",55067,"Langlade County",Wisconsin,"Lake States",887.79,POLYSYS,near-term,70,0.00,dt,14892000,0,BTU,0.00,Crop
"agriculture land","Agricultural residues","Corn stover",55061,"Kewaunee County",Wisconsin,"Lake States",343.95,POLYSYS,near-term,70,92321.00,dt,15722000,1451470762000,BTU,268.41,Crop
"agriculture land","Energy crops, woody",Willow,55071,"Manitowoc County",Wisconsin,"Lake States",594.62,POLYSYS,"mature-market high",70,42751.00,dt,17296000,739421296000,BTU,71.90,Crop
"agriculture land","Agricultural residues","Oats straw",55003,"Ashland County",Wisconsin,"Lake States",1054.13,POLYSYS,"mature-market high",70,0.00,dt,14892000,0,BTU,0.00,Crop
"agriculture land","Agricultural residues","Oats straw",55139,"Winnebago County",Wisconsin,"Lake States",578.57,POLYSYS,emerging,70,0.00,dt,14892000,0,BTU,0.00,Crop
"agriculture land","Agricultural residues","Wheat straw",55141,"Wood County",Wisconsin,"Lake States",809.25,POLYSYS,"mature-market low",70,0.00,dt,14892000,0,BTU,0.00,Crop
"agriculture land","Energy crops, woody",Willow,55039,"Fond du Lac County",Wisconsin,"Lake States",765.84,POLYSYS,"mature-market low",70,14679.00,dt,17296000,253887984000,BTU,19.17,Pasture
"agriculture land","Energy crops, herbaceous",Switchgrass,55095,"Polk County",Wisconsin,"Lake States",956.41,POLYSYS,"mature-market low",70,0.00,dt,16424000,0,BTU,0.00,Pasture
"agriculture land","Energy crops, herbaceous",Switchgrass,55021,"Columbia County",Wisconsin,"Lake States",795.99,POLYSYS,"mature-market low",70,0.00,dt,16424000,0,BTU,0.00,Pasture
"agriculture land","Energy crops, herbaceous",Miscanthus,55005,"Barron County",Wisconsin,"Lake States",889.76,POLYSYS,"mature-market high",70,144400.00,dt,16660000,2405704000000,BTU,162.29,Crop
"agriculture land","Agricultural residues","Corn stover",55065,"Lafayette County",Wisconsin,"Lake States",634.57,POLYSYS,emerging,70,302837.00,dt,15722000,4761203314000,BTU,477.23,Crop
"agriculture land","Energy crops, woody",Willow,55089,"Ozaukee County",Wisconsin,"Lake States",235.28,POLYSYS,"mature-market low",70,302.00,dt,17296000,5223392000,BTU,1.28,Pasture
"agriculture land","Intermediate oilseeds",Pennycress,55025,"Dane County",Wisconsin,"Lake States",1237.5,POLYSYS,"mature-market low",400,40966.74,dt,23288300,954045731142,BTU,33.10,Crop
"agriculture land","Agricultural residues","Wheat straw",55009,"Brown County",Wisconsin,"Lake States",531.24,POLYSYS,near-term,70,0.00,dt,14892000,0,BTU,0.00,Crop
"agriculture land","Energy crops, woody",Poplar,55005,"Barron County",Wisconsin,"Lake States",889.76,POLYSYS,"mature-market medium",70,3656.00,dt,16904000,61801024000,BTU,4.11,Pasture
"agriculture land","Agricultural residues","Wheat straw",55039,"Fond du Lac County",Wisconsin,"Lake States",765.84,POLYSYS,near-term,70,0.00,dt,14892000,0,BTU,0.00,Crop
"agriculture land","Agricultural residues","Wheat straw",55115,"Shawano County",Wisconsin,"Lake States",909.4,POLYSYS,emerging,70,0.00,dt,14892000,0,BTU,0.00,Crop
"agriculture land","Energy crops, herbaceous",Miscanthus,55073,"Marathon County",Wisconsin,"Lake States",1576.33,POLYSYS,"mature-market low",70,415517.00,dt,16660000,6922513220000,BTU,263.60,Crop
"agriculture land","Energy crops, woody",Willow,55101,"Racine County",Wisconsin,"Lake States",340.39,POLYSYS,emerging,70,191.00,dt,17296000,3303536000,BTU,0.56,Pasture
"agriculture land","Agricultural residues","Wheat straw",55131,"Washington County",Wisconsin,"Lake States",435.66,POLYSYS,near-term,70,0.00,dt,14892000,0,BTU,0.00,Crop
"agriculture land","Intermediate oilseeds",Pennycress,55137,"Waushara County",Wisconsin,"Lake States",637.4,POLYSYS,"mature-market low",400,11303.30,dt,23288300,263234641389,BTU,17.73,Crop
"agriculture land","Energy crops, herbaceous",Miscanthus,55031,"Douglas County",Wisconsin,"Lake States",1332.11,POLYSYS,emerging,70,1156.00,dt,16660000,19258960000,BTU,0.87,Crop
"agriculture land","Energy crops, herbaceous",Miscanthus,55003,"Ashland County",Wisconsin,"Lake States",1054.13,POLYSYS,"mature-market medium",70,19151.00,dt,16660000,319055660000,BTU,18.17,Pasture
"agriculture land","Energy crops, herbaceous",Miscanthus,55001,"Adams County",Wisconsin,"Lake States",687.48,POLYSYS,"mature-market high",70,131759.00,dt,16660000,2195104940000,BTU,191.66,Crop
"agriculture land","Intermediate oilseeds",Pennycress,55035,"Eau Claire County",Wisconsin,"Lake States",645.2,POLYSYS,"mature-market low",400,12483.42,dt,23288300,290717629986,BTU,19.35,Crop
"agriculture land","Energy crops, woody",Willow,55061,"Kewaunee County",Wisconsin,"Lake States",343.95,POLYSYS,"mature-market high",70,27868.00,dt,17296000,482004928000,BTU,81.02,Crop
"agriculture land","Agricultural residues","Corn stover",55107,"Rusk County",Wisconsin,"Lake States",930.86,POLYSYS,"mature-market medium",70,11197.00,dt,15722000,176039234000,BTU,12.03,Crop
"agriculture land","Energy crops, herbaceous",Miscanthus,55035,"Eau Claire County",Wisconsin,"Lake States",645.2,POLYSYS,emerging,70,5670.00,dt,16660000,94462200000,BTU,8.79,Pasture
"agriculture land","Agricultural residues","Wheat straw",55065,"Lafayette County",Wisconsin,"Lake States",634.57,POLYSYS,emerging,70,0.00,dt,14892000,0,BTU,0.00,Crop
"agriculture land","Energy crops, herbaceous",Miscanthus,55135,"Waupaca County",Wisconsin,"Lake States",765.17,POLYSYS,"mature-market low",70,21910.00,dt,16660000,365020600000,BTU,28.63,Pasture
"agriculture land","Intermediate oilseeds",Pennycress,55117,"Sheboygan County",Wisconsin,"Lake States",517.64,POLYSYS,"mature-market low",400,14361.77,dt,23288300,334461208291,BTU,27.74,Crop
"agriculture land","Agricultural residues","Oats straw",55119,"Taylor County",Wisconsin,"Lake States",984.56,POLYSYS,near-term,70,0.00,dt,14892000,0,BTU,0.00,Crop
"agriculture land","Energy crops, woody",Poplar,55019,"Clark County",Wisconsin,"Lake States",1218.67,POLYSYS,"mature-market medium",70,3776.00,dt,16904000,63829504000,BTU,3.10,Pasture
"agriculture land","Intermediate oilseeds",Pennycress,55079,"Milwaukee County",Wisconsin,"Lake States",242.17,POLYSYS,"mature-market medium",400,629.12,dt,23288300,14651135296,BTU,2.60,Crop
"agriculture land","Energy crops, woody",Willow,55115,"Shawano County",Wisconsin,"Lake States",909.4,POLYSYS,"mature-market medium",70,4074.00,dt,17296000,70463904000,BTU,4.48,Pasture
"agriculture land","Energy crops, herbaceous",Miscanthus,55141,"Wood County",Wisconsin,"Lake States",809.25,POLYSYS,"mature-market low",70,29997.00,dt,16660000,499750020000,BTU,37.07,Pasture
"agriculture land","Agricultural residues","Corn stover",55077,"Marquette County",Wisconsin,"Lake States",464.47,POLYSYS,"mature-market medium",70,35491.00,dt,15722000,557989502000,BTU,76.41,Crop
"agriculture land","Agricultural residues","Wheat straw",55115,"Shawano County",Wisconsin,"Lake States",909.4,POLYSYS,"mature-market high",70,0.00,dt,14892000,0,BTU,0.00,Crop
"agriculture land","Energy crops, woody",Willow,55097,"Portage County",Wisconsin,"Lake States",822.82,POLYSYS,"mature-market high",70,27534.00,dt,17296000,476228064000,BTU,33.46,Crop
"agriculture land","Agricultural residues","Wheat straw",55141,"Wood County",Wisconsin,"Lake States",809.25,POLYSYS,"mature-market medium",70,0.00,dt,14892000,0,BTU,0.00,Crop
"agriculture land","Agricultural residues","Corn stover",55077,"Marquette County",Wisconsin,"Lake States",464.47,POLYSYS,"mature-market high",70,41942.00,dt,15722000,659412124000,BTU,90.30,Crop
"agriculture land","Agricultural residues","Oats straw",55049,"Iowa County",Wisconsin,"Lake States",768.05,POLYSYS,"mature-market high",70,0.00,dt,14892000,0,BTU,0.00,Crop
"agriculture land","Intermediate oilseeds",Pennycress,55075,"Marinette County",Wisconsin,"Lake States",1429.25,POLYSYS,"mature-market medium",400,5522.47,dt,23288300,128608938101,BTU,3.86,Crop
"agriculture land","Energy crops, woody",Willow,55089,"Ozaukee County",Wisconsin,"Lake States",235.28,POLYSYS,emerging,70,305.00,dt,17296000,5275280000,BTU,1.30,Pasture
"agriculture land","Agricultural residues","Wheat straw",55139,"Winnebago County",Wisconsin,"Lake States",578.57,POLYSYS,"mature-market high",70,0.00,dt,14892000,0,BTU,0.00,Crop
"agriculture land","Energy crops, woody",Willow,55027,"Dodge County",Wisconsin,"Lake States",907.1,POLYSYS,"mature-market low",70,6274.00,dt,17296000,108515104000,BTU,6.92,Pasture
"agriculture land","Agricultural residues","Wheat straw",55027,"Dodge County",Wisconsin,"Lake States",907.1,POLYSYS,"mature-market high",70,0.00,dt,14892000,0,BTU,0.00,Crop
"agriculture land","Energy crops, herbaceous",Miscanthus,55051,"Iron County",Wisconsin,"Lake States",802.62,POLYSYS,"mature-market high",70,3170.00,dt,16660000,52812200000,BTU,3.95,Pasture
"agriculture land","Agricultural residues","Corn stover",55031,"Douglas County",Wisconsin,"Lake States",1332.11,POLYSYS,emerging,70,0.00,dt,15722000,0,BTU,0.00,Crop
"agriculture land","Energy crops, herbaceous",Miscanthus,55001,"Adams County",Wisconsin,"Lake States",687.48,POLYSYS,"mature-market high",70,5418.00,dt,16660000,90263880000,BTU,7.88,Pasture
"agriculture land","Energy crops, woody",Willow,55123,"Vernon County",Wisconsin,"Lake States",816.38,POLYSYS,emerging,70,7150.00,dt,17296000,123666400000,BTU,8.76,Crop
"agriculture land","Energy crops, herbaceous",Switchgrass,55097,"Portage County",Wisconsin,"Lake States",822.82,POLYSYS,"mature-market low",70,0.00,dt,16424000,0,BTU,0.00,Pasture
"agriculture land","Agricultural residues","Oats straw",55025,"Dane County",Wisconsin,"Lake States",1237.5,POLYSYS,emerging,70,0.00,dt,14892000,0,BTU,0.00,Crop
"agriculture land","Agricultural residues","Corn stover",55031,"Douglas County",Wisconsin,"Lake States",1332.11,POLYSYS,"mature-market medium",70,0.00,dt,15722000,0,BTU,0.00,Crop
"agriculture land","Agricultural residues","Wheat straw",55019,"Clark County",Wisconsin,"Lake States",1218.67,POLYSYS,"mature-market high",70,0.00,dt,14892000,0,BTU,0.00,Crop
"agriculture land","Energy crops, woody",Willow,55063,"La Crosse County",Wisconsin,"Lake States",480.05,POLYSYS,emerging,70,499.00,dt,17296000,8630704000,BTU,1.04,Crop
"agriculture land","Energy crops, woody",Poplar,55141,"Wood County",Wisconsin,"Lake States",809.25,POLYSYS,"mature-market low",70,1358.00,dt,16904000,22955632000,BTU,1.68,Pasture
"agriculture land","Agricultural residues","Corn stover",55043,"Grant County",Wisconsin,"Lake States",1183.37,POLYSYS,"mature-market low",70,168941.00,dt,15722000,2656090402000,BTU,142.76,Crop
"agriculture land","Agricultural residues","Oats straw",55007,"Bayfield County",Wisconsin,"Lake States",1511.34,POLYSYS,"mature-market medium",70,0.00,dt,14892000,0,BTU,0.00,Crop
"agriculture land","Agricultural residues","Sorghum stubble",55039,"Fond du Lac County",Wisconsin,"Lake States",765.84,POLYSYS,"mature-market low",70,0.00,dt,14830000,0,BTU,0.00,Crop
"agriculture land","Energy crops, woody",Poplar,55031,"Douglas County",Wisconsin,"Lake States",1332.11,POLYSYS,emerging,70,2394.00,dt,16904000,40468176000,BTU,1.80,Pasture
"agriculture land","Intermediate oilseeds",Pennycress,55045,"Green County",Wisconsin,"Lake States",584.55,POLYSYS,emerging,400,25909.62,dt,23288300,603391003446,BTU,44.32,Crop
"agriculture land","Energy crops, herbaceous",Switchgrass,55089,"Ozaukee County",Wisconsin,"Lake States",235.28,POLYSYS,"mature-market medium",70,0.00,dt,16424000,0,BTU,0.00,Pasture
"agriculture land","Agricultural residues","Oats straw",55131,"Washington County",Wisconsin,"Lake States",435.66,POLYSYS,near-term,70,0.00,dt,14892000,0,BTU,0.00,Crop
"agriculture land","Intermediate oilseeds",Pennycress,55013,"Burnett County",Wisconsin,"Lake States",880.22,POLYSYS,emerging,400,4194.34,dt,23288300,97679048222,BTU,4.77,Crop
"agriculture land","Energy crops, herbaceous",Miscanthus,55053,"Jackson County",Wisconsin,"Lake States",1000.48,POLYSYS,"mature-market high",70,0.00,dt,16660000,0,BTU,0.00,Crop
"agriculture land","Energy crops, herbaceous",Miscanthus,55033,"Dunn County",Wisconsin,"Lake States",863.89,POLYSYS,emerging,70,7334.00,dt,16660000,122184440000,BTU,8.49,Pasture
"agriculture land","Energy crops, herbaceous",Miscanthus,55121,"Trempealeau County",Wisconsin,"Lake States",741.98,POLYSYS,"mature-market low",70,6825.00,dt,16660000,113704500000,BTU,9.20,Pasture
"agriculture land","Energy crops, herbaceous",Miscanthus,55137,"Waushara County",Wisconsin,"Lake States",637.4,POLYSYS,"mature-market high",70,11098.00,dt,16660000,184892680000,BTU,17.41,Pasture
"agriculture land","Intermediate oilseeds",Pennycress,55119,"Taylor County",Wisconsin,"Lake States",984.56,POLYSYS,"mature-market low",400,10601.97,dt,23288300,246901857951,BTU,10.77,Crop
"agriculture land","Agricultural residues","Oats straw",55049,"Iowa County",Wisconsin,"Lake States",768.05,POLYSYS,near-term,70,0.00,dt,14892000,0,BTU,0.00,Crop
"agriculture land","Energy crops, herbaceous",Miscanthus,55037,"Florence County",Wisconsin,"Lake States",497.43,POLYSYS,"mature-market high",70,0.00,dt,16660000,0,BTU,0.00,Crop
"agriculture land","Energy crops, woody",Poplar,55097,"Portage County",Wisconsin,"Lake States",822.82,POLYSYS,"mature-market high",70,473.00,dt,16904000,7995592000,BTU,0.57,Pasture
"agriculture land","Energy crops, woody",Willow,55097,"Portage County",Wisconsin,"Lake States",822.82,POLYSYS,emerging,70,4621.00,dt,17296000,79924816000,BTU,5.62,Pasture
"agriculture land","Energy crops, herbaceous",Miscanthus,55055,"Jefferson County",Wisconsin,"Lake States",582.74,POLYSYS,emerging,70,21579.00,dt,16660000,359506140000,BTU,37.03,Pasture
"agriculture land","Agricultural residues","Corn stover",55127,"Walworth County",Wisconsin,"Lake States",576.6,POLYSYS,"mature-market high",70,403882.00,dt,15722000,6349832804000,BTU,700.45,Crop
"agriculture land","Intermediate oilseeds",Pennycress,55135,"Waupaca County",Wisconsin,"Lake States",765.17,POLYSYS,emerging,400,14298.80,dt,23288300,332994744040,BTU,18.69,Crop
"agriculture land","Energy crops, woody",Willow,55115,"Shawano County",Wisconsin,"Lake States",909.4,POLYSYS,emerging,70,89710.00,dt,17296000,1551624160000,BTU,98.65,Crop
"agriculture land","Agricultural residues","Oats straw",55095,"Polk County",Wisconsin,"Lake States",956.41,POLYSYS,near-term,70,0.00,dt,14892000,0,BTU,0.00,Crop
"agriculture land","Agricultural residues","Wheat straw",55021,"Columbia County",Wisconsin,"Lake States",795.99,POLYSYS,near-term,70,0.00,dt,14892000,0,BTU,0.00,Crop
"agriculture land","Energy crops, herbaceous",Miscanthus,55125,"Vilas County",Wisconsin,"Lake States",1017.72,POLYSYS,emerging,70,1175.00,dt,16660000,19575500000,BTU,1.15,Crop
"agriculture land","Energy crops, herbaceous",Miscanthus,55003,"Ashland County",Wisconsin,"Lake States",1054.13,POLYSYS,"mature-market low",70,17076.00,dt,16660000,284486160000,BTU,16.20,Pasture
"agriculture land","Agricultural residues","Wheat straw",55121,"Trempealeau County",Wisconsin,"Lake States",741.98,POLYSYS,"mature-market high",70,0.00,dt,14892000,0,BTU,0.00,Crop
"agriculture land","Agricultural residues","Wheat straw",55061,"Kewaunee County",Wisconsin,"Lake States",343.95,POLYSYS,"mature-market high",70,0.00,dt,14892000,0,BTU,0.00,Crop
"agriculture land","Intermediate oilseeds",Pennycress,55081,"Monroe County",Wisconsin,"Lake States",908.08,POLYSYS,emerging,400,14605.09,dt,23288300,340127717447,BTU,16.08,Crop
"agriculture land","Agricultural residues","Oats straw",55089,"Ozaukee County",Wisconsin,"Lake States",235.28,POLYSYS,"mature-market low",70,0.00,dt,14892000,0,BTU,0.00,Crop
"agriculture land","Agricultural residues","Oats straw",55007,"Bayfield County",Wisconsin,"Lake States",1511.34,POLYSYS,"mature-market low",70,0.00,dt,14892000,0,BTU,0.00,Crop
"agriculture land","Energy crops, herbaceous",Switchgrass,55053,"Jackson County",Wisconsin,"Lake States",1000.48,POLYSYS,"mature-market medium",70,0.00,dt,16424000,0,BTU,0.00,Pasture
"agriculture land","Energy crops, herbaceous",Miscanthus,55139,"Winnebago County",Wisconsin,"Lake States",578.57,POLYSYS,emerging,70,66414.00,dt,16660000,1106457240000,BTU,114.79,Crop
"agriculture land","Agricultural residues","Oats straw",55019,"Clark County",Wisconsin,"Lake States",1218.67,POLYSYS,"mature-market low",70,0.00,dt,14892000,0,BTU,0.00,Crop
"agriculture land","Intermediate oilseeds",Pennycress,55095,"Polk County",Wisconsin,"Lake States",956.41,POLYSYS,"mature-market medium",400,16042.14,dt,23288300,373594168962,BTU,16.77,Crop
"agriculture land","Energy crops, herbaceous",Miscanthus,55005,"Barron County",Wisconsin,"Lake States",889.76,POLYSYS,"mature-market medium",70,57097.00,dt,16660000,951236020000,BTU,64.17,Pasture
"agriculture land","Agricultural residues","Oats straw",55045,"Green County",Wisconsin,"Lake States",584.55,POLYSYS,"mature-market medium",70,0.00,dt,14892000,0,BTU,0.00,Crop
"agriculture land","Energy crops, woody",Poplar,55053,"Jackson County",Wisconsin,"Lake States",1000.48,POLYSYS,emerging,70,697.00,dt,16904000,11782088000,BTU,0.70,Pasture
"agriculture land","Energy crops, herbaceous",Miscanthus,55005,"Barron County",Wisconsin,"Lake States",889.76,POLYSYS,"mature-market medium",70,32057.00,dt,16660000,534069620000,BTU,36.03,Crop
"agriculture land","Energy crops, herbaceous",Miscanthus,55059,"Kenosha County",Wisconsin,"Lake States",278.42,POLYSYS,"mature-market medium",70,1284.00,dt,16660000,21391440000,BTU,4.61,Pasture
"agriculture land","Intermediate oilseeds",Pennycress,55019,"Clark County",Wisconsin,"Lake States",1218.67,POLYSYS,"mature-market low",400,32376.63,dt,23288300,753996672429,BTU,26.57,Crop
"agriculture land","Energy crops, herbaceous",Miscanthus,55113,"Sawyer County",Wisconsin,"Lake States",1350.24,POLYSYS,"mature-market high",70,14350.00,dt,16660000,239071000000,BTU,10.63,Pasture
"agriculture land","Intermediate oilseeds",Pennycress,55017,"Chippewa County",Wisconsin,"Lake States",1041.27,POLYSYS,"mature-market high",400,21522.09,dt,23288300,501212888547,BTU,20.67,Crop
"agriculture land","Agricultural residues","Corn stover",55137,"Waushara County",Wisconsin,"Lake States",637.4,POLYSYS,"mature-market low",70,114891.00,dt,15722000,1806316302000,BTU,180.25,Crop
"agriculture land","Energy crops, herbaceous",Miscanthus,55057,"Juneau County",Wisconsin,"Lake States",805.17,POLYSYS,"mature-market high",70,30028.00,dt,16660000,500266480000,BTU,37.29,Pasture
"agriculture land","Agricultural residues","Oats straw",55027,"Dodge County",Wisconsin,"Lake States",907.1,POLYSYS,"mature-market low",70,0.00,dt,14892000,0,BTU,0.00,Crop
"agriculture land","Agricultural residues","Oats straw",55131,"Washington County",Wisconsin,"Lake States",435.66,POLYSYS,emerging,70,0.00,dt,14892000,0,BTU,0.00,Crop
"agriculture land","Agricultural residues","Wheat straw",55001,"Adams County",Wisconsin,"Lake States",687.48,POLYSYS,"mature-market high",70,0.00,dt,14892000,0,BTU,0.00,Crop
"agriculture land","Agricultural residues","Wheat straw",55135,"Waupaca County",Wisconsin,"Lake States",765.17,POLYSYS,"mature-market low",70,0.00,dt,14892000,0,BTU,0.00,Crop
"agriculture land","Agricultural residues","Oats straw",55099,"Price County",Wisconsin,"Lake States",1278.04,POLYSYS,"mature-market low",70,0.00,dt,14892000,0,BTU,0.00,Crop
"agriculture land","Energy crops, woody",Willow,55019,"Clark County",Wisconsin,"Lake States",1218.67,POLYSYS,"mature-market high",70,11216.00,dt,17296000,193991936000,BTU,9.20,Pasture
"agriculture land","Agricultural residues","Wheat straw",55097,"Portage County",Wisconsin,"Lake States",822.82,POLYSYS,near-term,70,0.00,dt,14892000,0,BTU,0.00,Crop
"agriculture land","Agricultural residues","Corn stover",55093,"Pierce County",Wisconsin,"Lake States",592.73,POLYSYS,near-term,70,122002.00,dt,15722000,1918115444000,BTU,205.83,Crop
"agriculture land","Agricultural residues","Corn stover",55137,"Waushara County",Wisconsin,"Lake States",637.4,POLYSYS,near-term,70,88510.00,dt,15722000,1391554220000,BTU,138.86,Crop
"agriculture land","Energy crops, herbaceous",Miscanthus,55047,"Green Lake County",Wisconsin,"Lake States",380.13,POLYSYS,"mature-market low",70,8849.00,dt,16660000,147424340000,BTU,23.28,Pasture
"agriculture land","Agricultural residues","Corn stover",55141,"Wood County",Wisconsin,"Lake States",809.25,POLYSYS,emerging,70,129003.00,dt,15722000,2028185166000,BTU,159.41,Crop
"agriculture land","Energy crops, herbaceous",Miscanthus,55021,"Columbia County",Wisconsin,"Lake States",795.99,POLYSYS,emerging,70,39091.00,dt,16660000,651256060000,BTU,49.11,Pasture
"agriculture land","Energy crops, herbaceous",Switchgrass,55113,"Sawyer County",Wisconsin,"Lake States",1350.24,POLYSYS,emerging,70,0.00,dt,16424000,0,BTU,0.00,Pasture
"agriculture land","Agricultural residues","Corn stover",55129,"Washburn County",Wisconsin,"Lake States",853.32,POLYSYS,"mature-market high",70,6493.00,dt,15722000,102082946000,BTU,7.61,Crop
"agriculture land","Agricultural residues","Corn stover",55003,"Ashland County",Wisconsin,"Lake States",1054.13,POLYSYS,"mature-market medium",70,0.00,dt,15722000,0,BTU,0.00,Crop
"agriculture land","Energy crops, herbaceous",Miscanthus,55071,"Manitowoc County",Wisconsin,"Lake States",594.62,POLYSYS,emerging,70,30687.00,dt,16660000,511245420000,BTU,51.61,Pasture
"agriculture land","Agricultural residues","Oats straw",55011,"Buffalo County",Wisconsin,"Lake States",709.59,POLYSYS,"mature-market medium",70,0.00,dt,14892000,0,BTU,0.00,Crop
"agriculture land","Energy crops, woody",Willow,55141,"Wood County",Wisconsin,"Lake States",809.25,POLYSYS,emerging,70,4843.00,dt,17296000,83764528000,BTU,5.98,Crop
"agriculture land","Agricultural residues","Oats straw",55099,"Price County",Wisconsin,"Lake States",1278.04,POLYSYS,near-term,70,0.00,dt,14892000,0,BTU,0.00,Crop
"agriculture land","Energy crops, herbaceous",Miscanthus,55077,"Marquette County",Wisconsin,"Lake States",464.47,POLYSYS,"mature-market high",70,141389.00,dt,16660000,2355540740000,BTU,304.41,Crop
"agriculture land","Agricultural residues","Corn stover",55107,"Rusk County",Wisconsin,"Lake States",930.86,POLYSYS,"mature-market high",70,34329.00,dt,15722000,539720538000,BTU,36.88,Crop
"agriculture land","Energy crops, herbaceous",Switchgrass,55055,"Jefferson County",Wisconsin,"Lake States",582.74,POLYSYS,"mature-market medium",70,0.00,dt,16424000,0,BTU,0.00,Pasture
"agriculture land","Agricultural residues","Oats straw",55121,"Trempealeau County",Wisconsin,"Lake States",741.98,POLYSYS,"mature-market medium",70,0.00,dt,14892000,0,BTU,0.00,Crop
"agriculture land","Energy crops, herbaceous",Miscanthus,55083,"Oconto County",Wisconsin,"Lake States",1016.31,POLYSYS,"mature-market low",70,124060.00,dt,16660000,2066839600000,BTU,122.07,Crop
"agriculture land","Energy crops, herbaceous",Miscanthus,55049,"Iowa County",Wisconsin,"Lake States",768.05,POLYSYS,emerging,70,5238.00,dt,16660000,87265080000,BTU,6.82,Pasture
"agriculture land","Agricultural residues","Corn stover",55101,"Racine County",Wisconsin,"Lake States",340.39,POLYSYS,near-term,70,69901.00,dt,15722000,1098983522000,BTU,205.36,Crop
"agriculture land","Agricultural residues","Wheat straw",55009,"Brown County",Wisconsin,"Lake States",531.24,POLYSYS,"mature-market low",70,0.00,dt,14892000,0,BTU,0.00,Crop
"agriculture land","Agricultural residues","Oats straw",55083,"Oconto County",Wisconsin,"Lake States",1016.31,POLYSYS,"mature-market low",70,0.00,dt,14892000,0,BTU,0.00,Crop
"agriculture land","Agricultural residues","Corn stover",55105,"Rock County",Wisconsin,"Lake States",726.16,POLYSYS,"mature-market medium",70,412673.00,dt,15722000,6488044906000,BTU,568.29,Crop
"agriculture land","Intermediate oilseeds",Pennycress,55021,"Columbia County",Wisconsin,"Lake States",795.99,POLYSYS,"mature-market low",400,27965.83,dt,23288300,651276638789,BTU,35.13,Crop
"agriculture land","Energy crops, woody",Willow,55021,"Columbia County",Wisconsin,"Lake States",795.99,POLYSYS,"mature-market medium",70,6403.00,dt,17296000,110746288000,BTU,8.04,Pasture
"agriculture land","Agricultural residues","Corn stover",55021,"Columbia County",Wisconsin,"Lake States",795.99,POLYSYS,emerging,70,0.00,dt,15722000,0,BTU,0.00,Crop
"agriculture land","Energy crops, herbaceous",Miscanthus,55097,"Portage County",Wisconsin,"Lake States",822.82,POLYSYS,"mature-market high",70,29294.00,dt,16660000,488038040000,BTU,35.60,Pasture
"agriculture land","Agricultural residues","Oats straw",55007,"Bayfield County",Wisconsin,"Lake States",1511.34,POLYSYS,near-term,70,0.00,dt,14892000,0,BTU,0.00,Crop
"agriculture land","Intermediate oilseeds",Pennycress,55099,"Price County",Wisconsin,"Lake States",1278.04,POLYSYS,emerging,400,874.41,dt,23288300,20363522403,BTU,0.68,Crop
"agriculture land","Energy crops, woody",Willow,55019,"Clark County",Wisconsin,"Lake States",1218.67,POLYSYS,emerging,70,11216.00,dt,17296000,193991936000,BTU,9.20,Pasture
"agriculture land","Agricultural residues","Sorghum stubble",55073,"Marathon County",Wisconsin,"Lake States",1576.33,POLYSYS,near-term,70,0.00,dt,14830000,0,BTU,0.00,Crop
"agriculture land","Agricultural residues","Oats straw",55035,"Eau Claire County",Wisconsin,"Lake States",645.2,POLYSYS,"mature-market medium",70,0.00,dt,14892000,0,BTU,0.00,Crop
"agriculture land","Energy crops, herbaceous",Miscanthus,55003,"Ashland County",Wisconsin,"Lake States",1054.13,POLYSYS,"mature-market medium",70,12034.00,dt,16660000,200486440000,BTU,11.42,Crop
"agriculture land","Energy crops, herbaceous",Miscanthus,55111,"Sauk County",Wisconsin,"Lake States",849.19,POLYSYS,"mature-market low",70,4649.00,dt,16660000,77452340000,BTU,5.47,Pasture
"agriculture land","Intermediate oilseeds",Pennycress,55007,"Bayfield County",Wisconsin,"Lake States",1511.34,POLYSYS,"mature-market high",400,1040.39,dt,23288300,24228914437,BTU,0.69,Crop
"agriculture land","Agricultural residues","Oats straw",55111,"Sauk County",Wisconsin,"Lake States",849.19,POLYSYS,"mature-market high",70,0.00,dt,14892000,0,BTU,0.00,Crop
"agriculture land","Agricultural residues","Oats straw",55087,"Outagamie County",Wisconsin,"Lake States",644.61,POLYSYS,near-term,70,0.00,dt,14892000,0,BTU,0.00,Crop
"agriculture land","Energy crops, herbaceous",Miscanthus,55065,"Lafayette County",Wisconsin,"Lake States",634.57,POLYSYS,emerging,70,8884.00,dt,16660000,148007440000,BTU,14.00,Pasture
"agriculture land","Agricultural residues","Wheat straw",55095,"Polk County",Wisconsin,"Lake States",956.41,POLYSYS,"mature-market low",70,0.00,dt,14892000,0,BTU,0.00,Crop
"agriculture land","Agricultural residues","Corn stover",55121,"Trempealeau County",Wisconsin,"Lake States",741.98,POLYSYS,near-term,70,73543.00,dt,15722000,1156243046000,BTU,99.12,Crop
"agriculture land","Intermediate oilseeds",Pennycress,55079,"Milwaukee County",Wisconsin,"Lake States",242.17,POLYSYS,emerging,400,629.12,dt,23288300,14651135296,BTU,2.60,Crop
"agriculture land","Agricultural residues","Oats straw",55083,"Oconto County",Wisconsin,"Lake States",1016.31,POLYSYS,"mature-market medium",70,0.00,dt,14892000,0,BTU,0.00,Crop
"agriculture land","Agricultural residues","Wheat straw",55127,"Walworth County",Wisconsin,"Lake States",576.6,POLYSYS,near-term,70,0.00,dt,14892000,0,BTU,0.00,Crop
"agriculture land","Energy crops, herbaceous",Switchgrass,55119,"Taylor County",Wisconsin,"Lake States",984.56,POLYSYS,"mature-market low",70,0.00,dt,16424000,0,BTU,0.00,Pasture
"agriculture land","Agricultural residues","Oats straw",55023,"Crawford County",Wisconsin,"Lake States",599.21,POLYSYS,"mature-market high",70,0.00,dt,14892000,0,BTU,0.00,Crop
"agriculture land","Agricultural residues","Corn stover",55043,"Grant County",Wisconsin,"Lake States",1183.37,POLYSYS,emerging,70,208873.00,dt,15722000,3283901306000,BTU,176.51,Crop
"agriculture land","Intermediate oilseeds",Pennycress,55005,"Barron County",Wisconsin,"Lake States",889.76,POLYSYS,"mature-market medium",400,18742.23,dt,23288300,436474674909,BTU,21.06,Crop
"agriculture land","Agricultural residues","Corn stover",55055,"Jefferson County",Wisconsin,"Lake States",582.74,POLYSYS,emerging,70,358132.00,dt,15722000,5630551304000,BTU,614.57,Crop
"agriculture land","Agricultural residues","Oats straw",55091,"Pepin County",Wisconsin,"Lake States",248.7,POLYSYS,near-term,70,0.00,dt,14892000,0,BTU,0.00,Crop
"agriculture land","Agricultural residues","Wheat straw",55033,"Dunn County",Wisconsin,"Lake States",863.89,POLYSYS,emerging,70,0.00,dt,14892000,0,BTU,0.00,Crop
"agriculture land","Agricultural residues","Corn stover",55091,"Pepin County",Wisconsin,"Lake States",248.7,POLYSYS,near-term,70,43945.00,dt,15722000,690903290000,BTU,176.70,Crop
"agriculture land","Agricultural residues","Oats straw",55045,"Green County",Wisconsin,"Lake States",584.55,POLYSYS,near-term,70,0.00,dt,14892000,0,BTU,0.00,Crop
"agriculture land","Agricultural residues","Oats straw",55043,"Grant County",Wisconsin,"Lake States",1183.37,POLYSYS,"mature-market medium",70,0.00,dt,14892000,0,BTU,0.00,Crop
"agriculture land","Energy crops, woody",Poplar,55053,"Jackson County",Wisconsin,"Lake States",1000.48,POLYSYS,"mature-market high",70,697.00,dt,16904000,11782088000,BTU,0.70,Pasture
"agriculture land","Energy crops, woody",Poplar,55001,"Adams County",Wisconsin,"Lake States",687.48,POLYSYS,"mature-market medium",70,138.00,dt,16904000,2332752000,BTU,0.20,Pasture
"agriculture land","Agricultural residues","Wheat straw",55025,"Dane County",Wisconsin,"Lake States",1237.5,POLYSYS,"mature-market low",70,0.00,dt,14892000,0,BTU,0.00,Crop
"agriculture land","Energy crops, herbaceous",Miscanthus,55071,"Manitowoc County",Wisconsin,"Lake States",594.62,POLYSYS,"mature-market high",70,30687.00,dt,16660000,511245420000,BTU,51.61,Pasture
"agriculture land","Energy crops, herbaceous",Miscanthus,55023,"Crawford County",Wisconsin,"Lake States",599.21,POLYSYS,"mature-market high",70,172441.00,dt,16660000,2872867060000,BTU,287.78,Crop
"agriculture land","Agricultural residues","Corn stover",55117,"Sheboygan County",Wisconsin,"Lake States",517.64,POLYSYS,"mature-market medium",70,171722.00,dt,15722000,2699813284000,BTU,331.74,Crop
"agriculture land","Intermediate oilseeds",Pennycress,55061,"Kewaunee County",Wisconsin,"Lake States",343.95,POLYSYS,emerging,400,6749.42,dt,23288300,157182517786,BTU,19.62,Crop
"agriculture land","Energy crops, woody",Poplar,55139,"Winnebago County",Wisconsin,"Lake States",578.57,POLYSYS,"mature-market medium",70,409.00,dt,16904000,6913736000,BTU,0.71,Pasture
"agriculture land","Energy crops, woody",Willow,55021,"Columbia County",Wisconsin,"Lake States",795.99,POLYSYS,"mature-market high",70,6910.00,dt,17296000,119515360000,BTU,8.68,Pasture
"agriculture land","Energy crops, herbaceous",Miscanthus,55071,"Manitowoc County",Wisconsin,"Lake States",594.62,POLYSYS,"mature-market medium",70,28762.00,dt,16660000,479174920000,BTU,48.37,Pasture
"agriculture land","Energy crops, woody",Willow,55087,"Outagamie County",Wisconsin,"Lake States",644.61,POLYSYS,"mature-market high",70,0.00,dt,17296000,0,BTU,0.00,Crop
"agriculture land","Energy crops, woody",Willow,55083,"Oconto County",Wisconsin,"Lake States",1016.31,POLYSYS,"mature-market medium",70,37381.00,dt,17296000,646541776000,BTU,36.78,Crop
"agriculture land","Agricultural residues","Corn stover",55097,"Portage County",Wisconsin,"Lake States",822.82,POLYSYS,"mature-market low",70,57487.00,dt,15722000,903810614000,BTU,69.87,Crop
"agriculture land","Intermediate oilseeds",Pennycress,55139,"Winnebago County",Wisconsin,"Lake States",578.57,POLYSYS,emerging,400,9741.30,dt,23288300,226858316789,BTU,16.84,Crop
"agriculture land","Energy crops, woody",Willow,55105,"Rock County",Wisconsin,"Lake States",726.16,POLYSYS,emerging,70,5993.00,dt,17296000,103654928000,BTU,8.25,Pasture
"agriculture land","Agricultural residues","Corn stover",55103,"Richland County",Wisconsin,"Lake States",589.3,POLYSYS,"mature-market high",70,9311.00,dt,15722000,146387542000,BTU,15.80,Crop
"agriculture land","Energy crops, woody",Willow,55083,"Oconto County",Wisconsin,"Lake States",1016.31,POLYSYS,"mature-market medium",70,5422.00,dt,17296000,93778912000,BTU,5.33,Pasture
"agriculture land","Agricultural residues","Oats straw",55045,"Green County",Wisconsin,"Lake States",584.55,POLYSYS,"mature-market high",70,0.00,dt,14892000,0,BTU,0.00,Crop
"agriculture land","Agricultural residues","Wheat straw",55075,"Marinette County",Wisconsin,"Lake States",1429.25,POLYSYS,"mature-market high",70,0.00,dt,14892000,0,BTU,0.00,Crop
"agriculture land","Energy crops, herbaceous",Miscanthus,55077,"Marquette County",Wisconsin,"Lake States",464.47,POLYSYS,"mature-market medium",70,10324.00,dt,16660000,171997840000,BTU,22.23,Pasture
"agriculture land","Energy crops, woody",Willow,55089,"Ozaukee County",Wisconsin,"Lake States",235.28,POLYSYS,"mature-market medium",70,300.00,dt,17296000,5188800000,BTU,1.28,Pasture
"agriculture land","Intermediate oilseeds",Pennycress,55085,"Oneida County",Wisconsin,"Lake States",1236.57,POLYSYS,"mature-market low",400,686.90,dt,23288300,15996733270,BTU,0.56,Crop
"agriculture land","Agricultural residues","Wheat straw",55067,"Langlade County",Wisconsin,"Lake States",887.79,POLYSYS,"mature-market medium",70,0.00,dt,14892000,0,BTU,0.00,Crop
"agriculture land","Energy crops, herbaceous",Miscanthus,55105,"Rock County",Wisconsin,"Lake States",726.16,POLYSYS,"mature-market medium",70,24866.00,dt,16660000,414267560000,BTU,34.24,Pasture
"agriculture land","Energy crops, herbaceous",Miscanthus,55083,"Oconto County",Wisconsin,"Lake States",1016.31,POLYSYS,"mature-market low",70,3379.00,dt,16660000,56294140000,BTU,3.32,Pasture
"agriculture land","Agricultural residues","Sorghum stubble",55039,"Fond du Lac County",Wisconsin,"Lake States",765.84,POLYSYS,near-term,70,0.00,dt,14830000,0,BTU,0.00,Crop
"agriculture land","Agricultural residues","Corn stover",55029,"Door County",Wisconsin,"Lake States",487.56,POLYSYS,"mature-market medium",70,15516.00,dt,15722000,243942552000,BTU,31.82,Crop
"agriculture land","Agricultural residues","Oats straw",55005,"Barron County",Wisconsin,"Lake States",889.76,POLYSYS,"mature-market medium",70,0.00,dt,14892000,0,BTU,0.00,Crop
"agriculture land","Agricultural residues","Wheat straw",55057,"Juneau County",Wisconsin,"Lake States",805.17,POLYSYS,"mature-market low",70,0.00,dt,14892000,0,BTU,0.00,Crop
"agriculture land","Intermediate oilseeds",Pennycress,55137,"Waushara County",Wisconsin,"Lake States",637.4,POLYSYS,"mature-market medium",400,11303.30,dt,23288300,263234641389,BTU,17.73,Crop
"agriculture land","Energy crops, woody",Poplar,55023,"Crawford County",Wisconsin,"Lake States",599.21,POLYSYS,"mature-market medium",70,870.00,dt,16904000,14706480000,BTU,1.45,Pasture
"agriculture land","Energy crops, woody",Poplar,55123,"Vernon County",Wisconsin,"Lake States",816.38,POLYSYS,"mature-market medium",70,1657.00,dt,16904000,28009928000,BTU,2.03,Pasture
"agriculture land","Energy crops, herbaceous",Miscanthus,55073,"Marathon County",Wisconsin,"Lake States",1576.33,POLYSYS,"mature-market medium",70,92687.00,dt,16660000,1544165420000,BTU,58.80,Pasture
"agriculture land","Agricultural residues","Corn stover",55061,"Kewaunee County",Wisconsin,"Lake States",343.95,POLYSYS,"mature-market medium",70,71225.00,dt,15722000,1119799450000,BTU,207.08,Crop
"agriculture land","Agricultural residues","Oats straw",55047,"Green Lake County",Wisconsin,"Lake States",380.13,POLYSYS,"mature-market low",70,0.00,dt,14892000,0,BTU,0.00,Crop
"agriculture land","Energy crops, herbaceous",Miscanthus,55075,"Marinette County",Wisconsin,"Lake States",1429.25,POLYSYS,"mature-market medium",70,13155.00,dt,16660000,219162300000,BTU,9.20,Pasture
"agriculture land","Intermediate oilseeds",Pennycress,55027,"Dodge County",Wisconsin,"Lake States",907.1,POLYSYS,"mature-market high",400,36815.14,dt,23288300,857362024862,BTU,40.59,Crop
"agriculture land","Agricultural residues","Corn stover",55007,"Bayfield County",Wisconsin,"Lake States",1511.34,POLYSYS,"mature-market high",70,0.00,dt,15722000,0,BTU,0.00,Crop
"agriculture land","Energy crops, herbaceous",Miscanthus,55119,"Taylor County",Wisconsin,"Lake States",984.56,POLYSYS,emerging,70,0.00,dt,16660000,0,BTU,0.00,Crop
"agriculture land","Agricultural residues","Wheat straw",55127,"Walworth County",Wisconsin,"Lake States",576.6,POLYSYS,emerging,70,0.00,dt,14892000,0,BTU,0.00,Crop
"agriculture land","Agricultural residues","Wheat straw",55085,"Oneida County",Wisconsin,"Lake States",1236.57,POLYSYS,near-term,70,0.00,dt,14892000,0,BTU,0.00,Crop
"agriculture land","Energy crops, woody",Willow,55141,"Wood County",Wisconsin,"Lake States",809.25,POLYSYS,"mature-market high",70,6411.00,dt,17296000,110884656000,BTU,7.92,Pasture
"agriculture land","Energy crops, woody",Poplar,55141,"Wood County",Wisconsin,"Lake States",809.25,POLYSYS,"mature-market medium",70,1533.00,dt,16904000,25913832000,BTU,1.89,Pasture
"agriculture land","Energy crops, woody",Willow,55137,"Waushara County",Wisconsin,"Lake States",637.4,POLYSYS,"mature-market medium",70,5500.00,dt,17296000,95128000000,BTU,8.63,Pasture
"agriculture land","Energy crops, herbaceous",Miscanthus,55001,"Adams County",Wisconsin,"Lake States",687.48,POLYSYS,"mature-market low",70,97014.00,dt,16660000,1616253240000,BTU,141.12,Crop
"agriculture land","Agricultural residues","Oats straw",55113,"Sawyer County",Wisconsin,"Lake States",1350.24,POLYSYS,"mature-market low",70,0.00,dt,14892000,0,BTU,0.00,Crop
"agriculture land","Energy crops, woody",Willow,55067,"Langlade County",Wisconsin,"Lake States",887.79,POLYSYS,"mature-market high",70,291.00,dt,17296000,5033136000,BTU,0.33,Pasture
"agriculture land","Energy crops, herbaceous",Miscanthus,55089,"Ozaukee County",Wisconsin,"Lake States",235.28,POLYSYS,"mature-market high",70,66197.00,dt,16660000,1102842020000,BTU,281.35,Crop
"agriculture land","Energy crops, herbaceous",Miscanthus,55123,"Vernon County",Wisconsin,"Lake States",816.38,POLYSYS,"mature-market medium",70,17276.00,dt,16660000,287818160000,BTU,21.16,Pasture
"agriculture land","Energy crops, woody",Willow,55003,"Ashland County",Wisconsin,"Lake States",1054.13,POLYSYS,"mature-market low",70,1125.00,dt,17296000,19458000000,BTU,1.07,Pasture
"agriculture land","Energy crops, herbaceous",Miscanthus,55053,"Jackson County",Wisconsin,"Lake States",1000.48,POLYSYS,emerging,70,7034.00,dt,16660000,117186440000,BTU,7.03,Pasture
"agriculture land","Agricultural residues","Wheat straw",55049,"Iowa County",Wisconsin,"Lake States",768.05,POLYSYS,"mature-market medium",70,0.00,dt,14892000,0,BTU,0.00,Crop
"agriculture land","Agricultural residues","Wheat straw",55057,"Juneau County",Wisconsin,"Lake States",805.17,POLYSYS,near-term,70,0.00,dt,14892000,0,BTU,0.00,Crop
"agriculture land","Energy crops, herbaceous",Switchgrass,55007,"Bayfield County",Wisconsin,"Lake States",1511.34,POLYSYS,emerging,70,0.00,dt,16424000,0,BTU,0.00,Pasture
"agriculture land","Agricultural residues","Corn stover",55093,"Pierce County",Wisconsin,"Lake States",592.73,POLYSYS,"mature-market low",70,135625.00,dt,15722000,2132296250000,BTU,228.81,Crop
"agriculture land","Intermediate oilseeds",Pennycress,55101,"Racine County",Wisconsin,"Lake States",340.39,POLYSYS,emerging,400,10200.64,dt,23288300,237555564512,BTU,29.97,Crop
"agriculture land","Agricultural residues","Wheat straw",55079,"Milwaukee County",Wisconsin,"Lake States",242.17,POLYSYS,"mature-market high",70,0.00,dt,14892000,0,BTU,0.00,Crop
"agriculture land","Agricultural residues","Oats straw",55089,"Ozaukee County",Wisconsin,"Lake States",235.28,POLYSYS,near-term,70,0.00,dt,14892000,0,BTU,0.00,Crop
"agriculture land","Agricultural residues","Corn stover",55045,"Green County",Wisconsin,"Lake States",584.55,POLYSYS,near-term,70,114934.00,dt,15722000,1806992348000,BTU,196.62,Crop
"agriculture land","Intermediate oilseeds",Pennycress,55139,"Winnebago County",Wisconsin,"Lake States",578.57,POLYSYS,"mature-market medium",400,9741.30,dt,23288300,226858316789,BTU,16.84,Crop
"agriculture land","Energy crops, herbaceous",Miscanthus,55031,"Douglas County",Wisconsin,"Lake States",1332.11,POLYSYS,"mature-market low",70,30494.00,dt,16660000,508030040000,BTU,22.89,Pasture
"agriculture land","Energy crops, woody",Willow,55051,"Iron County",Wisconsin,"Lake States",802.62,POLYSYS,emerging,70,423.00,dt,17296000,7316208000,BTU,0.53,Pasture
"agriculture land","Intermediate oilseeds",Pennycress,55023,"Crawford County",Wisconsin,"Lake States",599.21,POLYSYS,"mature-market low",400,7967.99,dt,23288300,185560941517,BTU,13.30,Crop
"agriculture land","Energy crops, herbaceous",Miscanthus,55069,"Lincoln County",Wisconsin,"Lake States",906.79,POLYSYS,emerging,70,26421.00,dt,16660000,440173860000,BTU,29.14,Pasture
"agriculture land","Agricultural residues","Wheat straw",55123,"Vernon County",Wisconsin,"Lake States",816.38,POLYSYS,"mature-market low",70,0.00,dt,14892000,0,BTU,0.00,Crop
"agriculture land","Agricultural residues","Corn stover",55073,"Marathon County",Wisconsin,"Lake States",1576.33,POLYSYS,"mature-market high",70,134584.00,dt,15722000,2115929648000,BTU,85.38,Crop
"agriculture land","Agricultural residues","Corn stover",55119,"Taylor County",Wisconsin,"Lake States",984.56,POLYSYS,emerging,70,25079.00,dt,15722000,394292038000,BTU,25.47,Crop
"agriculture land","Agricultural residues","Corn stover",55051,"Iron County",Wisconsin,"Lake States",802.62,POLYSYS,"mature-market low",70,0.00,dt,15722000,0,BTU,0.00,Crop
"agriculture land","Agricultural residues","Corn stover",55063,"La Crosse County",Wisconsin,"Lake States",480.05,POLYSYS,"mature-market high",70,39656.00,dt,15722000,623471632000,BTU,82.61,Crop
"agriculture land","Energy crops, herbaceous",Miscanthus,55131,"Washington County",Wisconsin,"Lake States",435.66,POLYSYS,"mature-market low",70,1937.00,dt,16660000,32270420000,BTU,4.45,Pasture
"agriculture land","Energy crops, woody",Willow,55039,"Fond du Lac County",Wisconsin,"Lake States",765.84,POLYSYS,"mature-market medium",70,14975.00,dt,17296000,259007600000,BTU,19.55,Pasture
"agriculture land","Agricultural residues","Oats straw",55139,"Winnebago County",Wisconsin,"Lake States",578.57,POLYSYS,near-term,70,0.00,dt,14892000,0,BTU,0.00,Crop
"agriculture land","Agricultural residues","Oats straw",55029,"Door County",Wisconsin,"Lake States",487.56,POLYSYS,"mature-market medium",70,0.00,dt,14892000,0,BTU,0.00,Crop
"agriculture land","Agricultural residues","Wheat straw",55121,"Trempealeau County",Wisconsin,"Lake States",741.98,POLYSYS,near-term,70,0.00,dt,14892000,0,BTU,0.00,Crop
"agriculture land","Energy crops, woody",Willow,55091,"Pepin County",Wisconsin,"Lake States",248.7,POLYSYS,"mature-market high",70,194.00,dt,17296000,3355424000,BTU,0.78,Pasture
"agriculture land","Energy crops, woody",Poplar,55011,"Buffalo County",Wisconsin,"Lake States",709.59,POLYSYS,"mature-market low",70,468.00,dt,16904000,7911072000,BTU,0.66,Pasture
"agriculture land","Agricultural residues","Oats straw",55007,"Bayfield County",Wisconsin,"Lake States",1511.34,POLYSYS,emerging,70,0.00,dt,14892000,0,BTU,0.00,Crop
"agriculture land","Energy crops, woody",Willow,55123,"Vernon County",Wisconsin,"Lake States",816.38,POLYSYS,"mature-market medium",70,3826.00,dt,17296000,66174496000,BTU,4.69,Pasture
"agriculture land","Agricultural residues","Corn stover",55129,"Washburn County",Wisconsin,"Lake States",853.32,POLYSYS,"mature-market medium",70,14425.00,dt,15722000,226789850000,BTU,16.90,Crop
"agriculture land","Agricultural residues","Corn stover",55033,"Dunn County",Wisconsin,"Lake States",863.89,POLYSYS,"mature-market high",70,86139.00,dt,15722000,1354277358000,BTU,99.71,Crop
"agriculture land","Agricultural residues","Corn stover",55075,"Marinette County",Wisconsin,"Lake States",1429.25,POLYSYS,emerging,70,0.00,dt,15722000,0,BTU,0.00,Crop
"agriculture land","Energy crops, herbaceous",Miscanthus,55103,"Richland County",Wisconsin,"Lake States",589.3,POLYSYS,"mature-market medium",70,18771.00,dt,16660000,312724860000,BTU,31.85,Crop
"agriculture land","Energy crops, herbaceous",Miscanthus,55101,"Racine County",Wisconsin,"Lake States",340.39,POLYSYS,emerging,70,612.00,dt,16660000,10195920000,BTU,1.80,Pasture
"agriculture land","Energy crops, herbaceous",Miscanthus,55013,"Burnett County",Wisconsin,"Lake States",880.22,POLYSYS,"mature-market low",70,35486.00,dt,16660000,591196760000,BTU,40.31,Crop
"agriculture land","Energy crops, herbaceous",Miscanthus,55121,"Trempealeau County",Wisconsin,"Lake States",741.98,POLYSYS,emerging,70,372373.00,dt,16660000,6203734180000,BTU,501.86,Crop
"agriculture land","Agricultural residues","Oats straw",55069,"Lincoln County",Wisconsin,"Lake States",906.79,POLYSYS,"mature-market medium",70,0.00,dt,14892000,0,BTU,0.00,Crop
"agriculture land","Agricultural residues","Oats straw",55137,"Waushara County",Wisconsin,"Lake States",637.4,POLYSYS,near-term,70,0.00,dt,14892000,0,BTU,0.00,Crop
"agriculture land","Agricultural residues","Wheat straw",55089,"Ozaukee County",Wisconsin,"Lake States",235.28,POLYSYS,emerging,70,0.00,dt,14892000,0,BTU,0.00,Crop
"agriculture land","Agricultural residues","Oats straw",55101,"Racine County",Wisconsin,"Lake States",340.39,POLYSYS,"mature-market low",70,0.00,dt,14892000,0,BTU,0.00,Crop
"agriculture land","Agricultural residues","Oats straw",55137,"Waushara County",Wisconsin,"Lake States",637.4,POLYSYS,emerging,70,0.00,dt,14892000,0,BTU,0.00,Crop
"agriculture land","Agricultural residues","Corn stover",55045,"Green County",Wisconsin,"Lake States",584.55,POLYSYS,emerging,70,211464.00,dt,15722000,3324637008000,BTU,361.76,Crop
"agriculture land","Agricultural residues","Oats straw",55139,"Winnebago County",Wisconsin,"Lake States",578.57,POLYSYS,"mature-market high",70,0.00,dt,14892000,0,BTU,0.00,Crop
"agriculture land","Energy crops, herbaceous",Miscanthus,55015,"Calumet County",Wisconsin,"Lake States",397.08,POLYSYS,"mature-market medium",70,7651.00,dt,16660000,127465660000,BTU,19.27,Pasture
"agriculture land","Energy crops, herbaceous",Miscanthus,55003,"Ashland County",Wisconsin,"Lake States",1054.13,POLYSYS,emerging,70,20782.00,dt,16660000,346228120000,BTU,19.71,Pasture
"agriculture land","Agricultural residues","Wheat straw",55001,"Adams County",Wisconsin,"Lake States",687.48,POLYSYS,"mature-market low",70,0.00,dt,14892000,0,BTU,0.00,Crop
"agriculture land","Agricultural residues","Oats straw",55007,"Bayfield County",Wisconsin,"Lake States",1511.34,POLYSYS,"mature-market high",70,0.00,dt,14892000,0,BTU,0.00,Crop
"agriculture land","Energy crops, herbaceous",Miscanthus,55039,"Fond du Lac County",Wisconsin,"Lake States",765.84,POLYSYS,"mature-market high",70,23975.00,dt,16660000,399423500000,BTU,31.31,Pasture
"agriculture land","Energy crops, herbaceous",Miscanthus,55073,"Marathon County",Wisconsin,"Lake States",1576.33,POLYSYS,"mature-market high",70,533957.00,dt,16660000,8895723620000,BTU,338.73,Crop
"agriculture land","Agricultural residues","Oats straw",55067,"Langlade County",Wisconsin,"Lake States",887.79,POLYSYS,"mature-market low",70,0.00,dt,14892000,0,BTU,0.00,Crop
"agriculture land","Agricultural residues","Sorghum stubble",55073,"Marathon County",Wisconsin,"Lake States",1576.33,POLYSYS,"mature-market low",70,0.00,dt,14830000,0,BTU,0.00,Crop
"agriculture land","Energy crops, herbaceous",Miscanthus,55083,"Oconto County",Wisconsin,"Lake States",1016.31,POLYSYS,emerging,70,29545.00,dt,16660000,492219700000,BTU,29.07,Pasture
"agriculture land","Energy crops, herbaceous",Miscanthus,55125,"Vilas County",Wisconsin,"Lake States",1017.72,POLYSYS,"mature-market high",70,697.00,dt,16660000,11612020000,BTU,0.68,Pasture
"agriculture land","Energy crops, herbaceous",Switchgrass,55029,"Door County",Wisconsin,"Lake States",487.56,POLYSYS,emerging,70,0.00,dt,16424000,0,BTU,0.00,Pasture
"agriculture land","Agricultural residues","Corn stover",55037,"Florence County",Wisconsin,"Lake States",497.43,POLYSYS,"mature-market low",70,0.00,dt,15722000,0,BTU,0.00,Crop
"agriculture land","Energy crops, herbaceous",Miscanthus,55135,"Waupaca County",Wisconsin,"Lake States",765.17,POLYSYS,"mature-market medium",70,24446.00,dt,16660000,407270360000,BTU,31.95,Pasture
"agriculture land","Agricultural residues","Oats straw",55039,"Fond du Lac County",Wisconsin,"Lake States",765.84,POLYSYS,emerging,70,0.00,dt,14892000,0,BTU,0.00,Crop
"agriculture land","Energy crops, herbaceous",Miscanthus,55117,"Sheboygan County",Wisconsin,"Lake States",517.64,POLYSYS,"mature-market medium",70,23012.00,dt,16660000,383379920000,BTU,44.46,Pasture
"agriculture land","Intermediate oilseeds",Pennycress,55055,"Jefferson County",Wisconsin,"Lake States",582.74,POLYSYS,"mature-market high",400,22552.59,dt,23288300,525211481697,BTU,38.70,Crop
"agriculture land","Agricultural residues","Corn stover",55035,"Eau Claire County",Wisconsin,"Lake States",645.2,POLYSYS,"mature-market high",70,87908.00,dt,15722000,1382089576000,BTU,136.25,Crop
"agriculture land","Agricultural residues","Wheat straw",55115,"Shawano County",Wisconsin,"Lake States",909.4,POLYSYS,"mature-market medium",70,0.00,dt,14892000,0,BTU,0.00,Crop
"agriculture land","Energy crops, woody",Willow,55135,"Waupaca County",Wisconsin,"Lake States",765.17,POLYSYS,"mature-market high",70,6406.00,dt,17296000,110798176000,BTU,8.37,Pasture
"agriculture land","Energy crops, herbaceous",Miscanthus,55087,"Outagamie County",Wisconsin,"Lake States",644.61,POLYSYS,"mature-market high",70,330604.00,dt,16660000,5507862640000,BTU,512.87,Crop
"agriculture land","Energy crops, herbaceous",Switchgrass,55095,"Polk County",Wisconsin,"Lake States",956.41,POLYSYS,"mature-market medium",70,0.00,dt,16424000,0,BTU,0.00,Pasture
"agriculture land","Energy crops, woody",Willow,55083,"Oconto County",Wisconsin,"Lake States",1016.31,POLYSYS,"mature-market high",70,5865.00,dt,17296000,101441040000,BTU,5.77,Pasture
"agriculture land","Intermediate oilseeds",Pennycress,55003,"Ashland County",Wisconsin,"Lake States",1054.13,POLYSYS,emerging,400,573.53,dt,23288300,13356538699,BTU,0.54,Crop
"agriculture land","Agricultural residues","Corn stover",55097,"Portage County",Wisconsin,"Lake States",822.82,POLYSYS,emerging,70,31248.00,dt,15722000,491281056000,BTU,37.98,Crop
"agriculture land","Agricultural residues","Corn stover",55133,"Waukesha County",Wisconsin,"Lake States",580.54,POLYSYS,emerging,70,67162.00,dt,15722000,1055920964000,BTU,115.69,Crop
"agriculture land","Energy crops, woody",Poplar,55109,"St. Croix County",Wisconsin,"Lake States",735.19,POLYSYS,"mature-market high",70,836.00,dt,16904000,14131744000,BTU,1.14,Pasture
"agriculture land","Agricultural residues","Oats straw",55103,"Richland County",Wisconsin,"Lake States",589.3,POLYSYS,"mature-market high",70,0.00,dt,14892000,0,BTU,0.00,Crop
"agriculture land","Agricultural residues","Oats straw",55075,"Marinette County",Wisconsin,"Lake States",1429.25,POLYSYS,"mature-market low",70,0.00,dt,14892000,0,BTU,0.00,Crop
"agriculture land","Agricultural residues","Corn stover",55069,"Lincoln County",Wisconsin,"Lake States",906.79,POLYSYS,"mature-market medium",70,7924.00,dt,15722000,124581128000,BTU,8.74,Crop
"agriculture land","Energy crops, woody",Willow,55063,"La Crosse County",Wisconsin,"Lake States",480.05,POLYSYS,emerging,70,854.00,dt,17296000,14770784000,BTU,1.78,Pasture
"agriculture land","Energy crops, herbaceous",Miscanthus,55079,"Milwaukee County",Wisconsin,"Lake States",242.17,POLYSYS,"mature-market high",70,823.00,dt,16660000,13711180000,BTU,3.40,Crop
"agriculture land","Energy crops, woody",Willow,55135,"Waupaca County",Wisconsin,"Lake States",765.17,POLYSYS,emerging,70,6406.00,dt,17296000,110798176000,BTU,8.37,Pasture
"agriculture land","Agricultural residues","Corn stover",55073,"Marathon County",Wisconsin,"Lake States",1576.33,POLYSYS,emerging,70,134584.00,dt,15722000,2115929648000,BTU,85.38,Crop
"agriculture land","Energy crops, woody",Willow,55075,"Marinette County",Wisconsin,"Lake States",1429.25,POLYSYS,"mature-market medium",70,23661.00,dt,17296000,409240656000,BTU,16.55,Crop
"agriculture land","Intermediate oilseeds",Pennycress,55037,"Florence County",Wisconsin,"Lake States",497.43,POLYSYS,"mature-market high",400,148.59,dt,23288300,3460408497,BTU,0.30,Crop
"agriculture land","Energy crops, woody",Willow,55071,"Manitowoc County",Wisconsin,"Lake States",594.62,POLYSYS,"mature-market high",70,7167.00,dt,17296000,123960432000,BTU,12.05,Pasture
"agriculture land","Agricultural residues","Wheat straw",55033,"Dunn County",Wisconsin,"Lake States",863.89,POLYSYS,"mature-market low",70,0.00,dt,14892000,0,BTU,0.00,Crop
"agriculture land","Agricultural residues","Corn stover",55119,"Taylor County",Wisconsin,"Lake States",984.56,POLYSYS,near-term,70,17067.00,dt,15722000,268327374000,BTU,17.33,Crop
"agriculture land","Energy crops, herbaceous",Miscanthus,55031,"Douglas County",Wisconsin,"Lake States",1332.11,POLYSYS,"mature-market high",70,38273.00,dt,16660000,637628180000,BTU,28.73,Pasture
"agriculture land","Energy crops, herbaceous",Miscanthus,55089,"Ozaukee County",Wisconsin,"Lake States",235.28,POLYSYS,"mature-market medium",70,1043.00,dt,16660000,17376380000,BTU,4.43,Pasture
"agriculture land","Agricultural residues","Oats straw",55123,"Vernon County",Wisconsin,"Lake States",816.38,POLYSYS,near-term,70,0.00,dt,14892000,0,BTU,0.00,Crop
"agriculture land","Agricultural residues","Corn stover",55141,"Wood County",Wisconsin,"Lake States",809.25,POLYSYS,"mature-market low",70,82983.00,dt,15722000,1304658726000,BTU,102.54,Crop
"agriculture land","Agricultural residues","Wheat straw",55135,"Waupaca County",Wisconsin,"Lake States",765.17,POLYSYS,emerging,70,0.00,dt,14892000,0,BTU,0.00,Crop
"agriculture land","Energy crops, woody",Willow,55003,"Ashland County",Wisconsin,"Lake States",1054.13,POLYSYS,"mature-market medium",70,1158.00,dt,17296000,20028768000,BTU,1.10,Pasture
"agriculture land","Agricultural residues","Corn stover",55137,"Waushara County",Wisconsin,"Lake States",637.4,POLYSYS,emerging,70,155566.00,dt,15722000,2445808652000,BTU,244.06,Crop
"agriculture land","Agricultural residues","Oats straw",55131,"Washington County",Wisconsin,"Lake States",435.66,POLYSYS,"mature-market high",70,0.00,dt,14892000,0,BTU,0.00,Crop
"agriculture land","Intermediate oilseeds",Pennycress,55025,"Dane County",Wisconsin,"Lake States",1237.5,POLYSYS,emerging,400,40966.74,dt,23288300,954045731142,BTU,33.10,Crop
"agriculture land","Agricultural residues","Wheat straw",55065,"Lafayette County",Wisconsin,"Lake States",634.57,POLYSYS,"mature-market medium",70,0.00,dt,14892000,0,BTU,0.00,Crop
"agriculture land","Energy crops, woody",Willow,55009,"Brown County",Wisconsin,"Lake States",531.24,POLYSYS,"mature-market medium",70,4158.00,dt,17296000,71916768000,BTU,7.83,Pasture
"agriculture land","Energy crops, woody",Poplar,55121,"Trempealeau County",Wisconsin,"Lake States",741.98,POLYSYS,"mature-market high",70,895.00,dt,16904000,15129080000,BTU,1.21,Pasture
"agriculture land","Intermediate oilseeds",Pennycress,55127,"Walworth County",Wisconsin,"Lake States",576.6,POLYSYS,"mature-market high",400,23305.99,dt,23288300,542756886917,BTU,40.42,Crop
"agriculture land","Agricultural residues","Corn stover",55121,"Trempealeau County",Wisconsin,"Lake States",741.98,POLYSYS,"mature-market low",70,102479.00,dt,15722000,1611174838000,BTU,138.12,Crop
"agriculture land","Agricultural residues","Wheat straw",55141,"Wood County",Wisconsin,"Lake States",809.25,POLYSYS,emerging,70,0.00,dt,14892000,0,BTU,0.00,Crop
"agriculture land","Energy crops, woody",Willow,55027,"Dodge County",Wisconsin,"Lake States",907.1,POLYSYS,emerging,70,6773.00,dt,17296000,117145808000,BTU,7.47,Pasture
"agriculture land","Energy crops, herbaceous",Miscanthus,55001,"Adams County",Wisconsin,"Lake States",687.48,POLYSYS,emerging,70,131759.00,dt,16660000,2195104940000,BTU,191.66,Crop
"agriculture land","Energy crops, herbaceous",Miscanthus,55091,"Pepin County",Wisconsin,"Lake States",248.7,POLYSYS,"mature-market low",70,791.00,dt,16660000,13178060000,BTU,3.18,Pasture
"agriculture land","Intermediate oilseeds",Pennycress,55125,"Vilas County",Wisconsin,"Lake States",1017.72,POLYSYS,"mature-market medium",400,91.17,dt,23288300,2123194311,BTU,0.09,Crop
"agriculture land","Agricultural residues","Corn stover",55011,"Buffalo County",Wisconsin,"Lake States",709.59,POLYSYS,emerging,70,37849.00,dt,15722000,595061978000,BTU,53.34,Crop
"agriculture land","Agricultural residues","Wheat straw",55059,"Kenosha County",Wisconsin,"Lake States",278.42,POLYSYS,emerging,70,0.00,dt,14892000,0,BTU,0.00,Crop
"agriculture land","Energy crops, woody",Willow,55089,"Ozaukee County",Wisconsin,"Lake States",235.28,POLYSYS,"mature-market high",70,19733.00,dt,17296000,341301968000,BTU,83.87,Crop
"agriculture land","Agricultural residues","Corn stover",55039,"Fond du Lac County",Wisconsin,"Lake States",765.84,POLYSYS,"mature-market low",70,234338.00,dt,15722000,3684262036000,BTU,305.99,Crop
"agriculture land","Energy crops, herbaceous",Miscanthus,55083,"Oconto County",Wisconsin,"Lake States",1016.31,POLYSYS,emerging,70,235904.00,dt,16660000,3930160640000,BTU,232.12,Crop
"agriculture land","Agricultural residues","Wheat straw",55025,"Dane County",Wisconsin,"Lake States",1237.5,POLYSYS,"mature-market medium",70,0.00,dt,14892000,0,BTU,0.00,Crop
"agriculture land","Agricultural residues","Pruning residues, noncitrus",55019,"Clark County",Wisconsin,"Lake States",1218.67,"NASS 2017 Census",near-term,40,36.40,dt,17368000,632195200,BTU,0.03,Crop
"agriculture land","Agricultural residues","Pruning residues, tree nuts",55131,"Washington County",Wisconsin,"Lake States",435.66,"NASS 2017 Census",emerging,40,7.20,dt,17368000,125049600,BTU,0.02,Crop
"agriculture land","Energy crops, woody",Willow,55069,"Lincoln County",Wisconsin,"Lake States",906.79,POLYSYS,emerging,70,0.00,dt,17296000,0,BTU,0.00,Crop
"agriculture land","Agricultural residues","Pruning residues, noncitrus",55033,"Dunn County",Wisconsin,"Lake States",863.89,"NASS 2017 Census","mature-market medium",40,32.20,dt,17368000,559249600,BTU,0.04,Crop
"agriculture land","Agricultural residues","Wheat straw",55087,"Outagamie County",Wisconsin,"Lake States",644.61,POLYSYS,emerging,70,0.00,dt,14892000,0,BTU,0.00,Crop
"agriculture land","Agricultural residues","Pruning residues, noncitrus",55023,"Crawford County",Wisconsin,"Lake States",599.21,"NASS 2017 Census","mature-market high",40,19.80,dt,17368000,343886400,BTU,0.03,Crop
"agriculture land","Agricultural residues","Pruning residues, noncitrus",55049,"Iowa County",Wisconsin,"Lake States",768.05,"NASS 2017 Census","mature-market medium",40,4.20,dt,17368000,72945600,BTU,0.01,Crop
"agriculture land","Energy crops, woody",Willow,55111,"Sauk County",Wisconsin,"Lake States",849.19,POLYSYS,"mature-market high",70,1276.00,dt,17296000,22069696000,BTU,1.50,Pasture
"agriculture land","Intermediate oilseeds",Pennycress,55133,"Waukesha County",Wisconsin,"Lake States",580.54,POLYSYS,"mature-market medium",400,6482.57,dt,23288300,150968034931,BTU,11.17,Crop
"agriculture land","Agricultural residues","Pruning residues, noncitrus",55109,"St. Croix County",Wisconsin,"Lake States",735.19,"NASS 2017 Census","mature-market medium",40,16.60,dt,17368000,288308800,BTU,0.02,Crop
"agriculture land","Agricultural residues","Pruning residues, noncitrus",55077,"Marquette County",Wisconsin,"Lake States",464.47,"NASS 2017 Census","mature-market low",40,41.50,dt,17368000,720772000,BTU,0.09,Crop
"agriculture land","Agricultural residues","Pruning residues, tree nuts",55033,"Dunn County",Wisconsin,"Lake States",863.89,"NASS 2017 Census","mature-market high",40,3.90,dt,17368000,67735200,BTU,0.00,Crop
"agriculture land","Energy crops, herbaceous",Miscanthus,55037,"Florence County",Wisconsin,"Lake States",497.43,POLYSYS,emerging,70,6648.00,dt,16660000,110755680000,BTU,13.36,Pasture
"agriculture land","Agricultural residues","Wheat straw",55057,"Juneau County",Wisconsin,"Lake States",805.17,POLYSYS,emerging,70,0.00,dt,14892000,0,BTU,0.00,Crop
"agriculture land","Agricultural residues","Pruning residues, tree nuts",55025,"Dane County",Wisconsin,"Lake States",1237.5,"NASS 2017 Census","mature-market high",40,30.80,dt,17368000,534934400,BTU,0.02,Crop
"agriculture land","Intermediate oilseeds",Pennycress,55111,"Sauk County",Wisconsin,"Lake States",849.19,POLYSYS,"mature-market medium",400,18645.96,dt,23288300,434232710268,BTU,21.96,Crop
"agriculture land","Energy crops, herbaceous",Miscanthus,55077,"Marquette County",Wisconsin,"Lake States",464.47,POLYSYS,"mature-market medium",70,122446.00,dt,16660000,2039950360000,BTU,263.63,Crop
"agriculture land","Agricultural residues","Pruning residues, noncitrus",55019,"Clark County",Wisconsin,"Lake States",1218.67,"NASS 2017 Census","mature-market medium",40,84.10,dt,17368000,1460648800,BTU,0.07,Crop
"agriculture land","Energy crops, herbaceous",Miscanthus,55087,"Outagamie County",Wisconsin,"Lake States",644.61,POLYSYS,"mature-market high",70,15727.00,dt,16660000,262011820000,BTU,24.40,Pasture
"agriculture land","Agricultural residues","Oats straw",55061,"Kewaunee County",Wisconsin,"Lake States",343.95,POLYSYS,"mature-market medium",70,0.00,dt,14892000,0,BTU,0.00,Crop
"agriculture land","Agricultural residues","Pruning residues, noncitrus",55123,"Vernon County",Wisconsin,"Lake States",816.38,"NASS 2017 Census","mature-market high",40,24.90,dt,17368000,432463200,BTU,0.03,Crop
"agriculture land","Energy crops, herbaceous",Miscanthus,55129,"Washburn County",Wisconsin,"Lake States",853.32,POLYSYS,"mature-market high",70,27790.00,dt,16660000,462981400000,BTU,32.57,Pasture
"agriculture land","Agricultural residues","Pruning residues, noncitrus",55017,"Chippewa County",Wisconsin,"Lake States",1041.27,"NASS 2017 Census",near-term,40,296.00,dt,17368000,5140928000,BTU,0.28,Crop
"agriculture land","Agricultural residues","Pruning residues, tree nuts",55137,"Waushara County",Wisconsin,"Lake States",637.4,"NASS 2017 Census","mature-market medium",40,3.90,dt,17368000,67735200,BTU,0.01,Crop
"agriculture land","Agricultural residues","Pruning residues, noncitrus",55071,"Manitowoc County",Wisconsin,"Lake States",594.62,"NASS 2017 Census","mature-market medium",40,23.90,dt,17368000,415095200,BTU,0.04,Crop
"agriculture land","Agricultural residues","Pruning residues, noncitrus",55097,"Portage County",Wisconsin,"Lake States",822.82,"NASS 2017 Census","mature-market medium",40,83.40,dt,17368000,1448491200,BTU,0.10,Crop
"agriculture land","Agricultural residues","Oats straw",55021,"Columbia County",Wisconsin,"Lake States",795.99,POLYSYS,"mature-market low",70,0.00,dt,14892000,0,BTU,0.00,Crop
"agriculture land","Agricultural residues","Pruning residues, noncitrus",55087,"Outagamie County",Wisconsin,"Lake States",644.61,"NASS 2017 Census","mature-market medium",40,2.10,dt,17368000,36472800,BTU,0.00,Crop
"agriculture land","Intermediate oilseeds",Pennycress,55015,"Calumet County",Wisconsin,"Lake States",397.08,POLYSYS,"mature-market low",400,12802.37,dt,23288300,298145433271,BTU,32.24,Crop
"agriculture land","Agricultural residues","Pruning residues, noncitrus",55057,"Juneau County",Wisconsin,"Lake States",805.17,"NASS 2017 Census","mature-market high",40,21.40,dt,17368000,371675200,BTU,0.03,Crop
"agriculture land","Energy crops, woody",Willow,55029,"Door County",Wisconsin,"Lake States",487.56,POLYSYS,emerging,70,2443.00,dt,17296000,42254128000,BTU,5.01,Pasture
"agriculture land","Agricultural residues","Pruning residues, tree nuts",55047,"Green Lake County",Wisconsin,"Lake States",380.13,"NASS 2017 Census","mature-market low",40,7.80,dt,17368000,135470400,BTU,0.02,Crop
"agriculture land","Agricultural residues","Pruning residues, noncitrus",55091,"Pepin County",Wisconsin,"Lake States",248.7,"NASS 2017 Census",emerging,40,37.00,dt,17368000,642616000,BTU,0.15,Crop
"agriculture land","Agricultural residues","Pruning residues, noncitrus",55009,"Brown County",Wisconsin,"Lake States",531.24,"NASS 2017 Census",near-term,40,63.40,dt,17368000,1101131200,BTU,0.12,Crop
"agriculture land","Agricultural residues","Pruning residues, noncitrus",55121,"Trempealeau County",Wisconsin,"Lake States",741.98,"NASS 2017 Census","mature-market low",40,486.20,dt,17368000,8444321600,BTU,0.66,Crop
"agriculture land","Agricultural residues","Pruning residues, noncitrus",55059,"Kenosha County",Wisconsin,"Lake States",278.42,"NASS 2017 Census","mature-market medium",40,39.50,dt,17368000,686036000,BTU,0.14,Crop
"agriculture land","Energy crops, woody",Willow,55133,"Waukesha County",Wisconsin,"Lake States",580.54,POLYSYS,emerging,70,316.00,dt,17296000,5465536000,BTU,0.54,Pasture
"agriculture land","Agricultural residues","Pruning residues, noncitrus",55119,"Taylor County",Wisconsin,"Lake States",984.56,"NASS 2017 Census","mature-market low",40,4.20,dt,17368000,72945600,BTU,0.00,Crop
"agriculture land","Intermediate oilseeds",Pennycress,55001,"Adams County",Wisconsin,"Lake States",687.48,POLYSYS,"mature-market medium",400,7016.09,dt,23288300,163392808747,BTU,10.21,Crop
"agriculture land","Intermediate oilseeds",Pennycress,55081,"Monroe County",Wisconsin,"Lake States",908.08,POLYSYS,"mature-market low",400,14605.09,dt,23288300,340127717447,BTU,16.08,Crop
"agriculture land","Agricultural residues","Pruning residues, noncitrus",55075,"Marinette County",Wisconsin,"Lake States",1429.25,"NASS 2017 Census",emerging,40,41.80,dt,17368000,725982400,BTU,0.03,Crop
"agriculture land","Agricultural residues","Pruning residues, noncitrus",55103,"Richland County",Wisconsin,"Lake States",589.3,"NASS 2017 Census","mature-market medium",40,388.40,dt,17368000,6745731200,BTU,0.66,Crop
"agriculture land","Energy crops, woody",Poplar,55081,"Monroe County",Wisconsin,"Lake States",908.08,POLYSYS,"mature-market low",70,580.00,dt,16904000,9804320000,BTU,0.64,Pasture
"agriculture land","Energy crops, woody",Poplar,55007,"Bayfield County",Wisconsin,"Lake States",1511.34,POLYSYS,emerging,70,798.00,dt,16904000,13489392000,BTU,0.53,Pasture
"agriculture land","Agricultural residues","Pruning residues, tree nuts",55133,"Waukesha County",Wisconsin,"Lake States",580.54,"NASS 2017 Census","mature-market medium",40,39.00,dt,17368000,677352000,BTU,0.07,Crop
"agriculture land","Agricultural residues","Pruning residues, noncitrus",55081,"Monroe County",Wisconsin,"Lake States",908.08,"NASS 2017 Census","mature-market medium",40,3769.90,dt,17368000,65475623200,BTU,4.15,Crop
"agriculture land","Intermediate oilseeds",Pennycress,55005,"Barron County",Wisconsin,"Lake States",889.76,POLYSYS,emerging,400,18742.23,dt,23288300,436474674909,BTU,21.06,Crop
"agriculture land","Agricultural residues","Pruning residues, tree nuts",55131,"Washington County",Wisconsin,"Lake States",435.66,"NASS 2017 Census","mature-market high",40,7.20,dt,17368000,125049600,BTU,0.02,Crop
"agriculture land","Agricultural residues","Pruning residues, noncitrus",55107,"Rusk County",Wisconsin,"Lake States",930.86,"NASS 2017 Census",emerging,40,2.10,dt,17368000,36472800,BTU,0.00,Crop
"agriculture land","Agricultural residues","Pruning residues, noncitrus",55045,"Green County",Wisconsin,"Lake States",584.55,"NASS 2017 Census","mature-market medium",40,4.10,dt,17368000,71208800,BTU,0.01,Crop
"agriculture land","Energy crops, woody",Poplar,55001,"Adams County",Wisconsin,"Lake States",687.48,POLYSYS,"mature-market high",70,170.00,dt,16904000,2873680000,BTU,0.25,Pasture
"agriculture land","Energy crops, woody",Poplar,55121,"Trempealeau County",Wisconsin,"Lake States",741.98,POLYSYS,emerging,70,895.00,dt,16904000,15129080000,BTU,1.21,Pasture
"agriculture land","Energy crops, woody",Poplar,55081,"Monroe County",Wisconsin,"Lake States",908.08,POLYSYS,"mature-market medium",70,656.00,dt,16904000,11089024000,BTU,0.72,Pasture
"agriculture land","Energy crops, woody",Poplar,55005,"Barron County",Wisconsin,"Lake States",889.76,POLYSYS,"mature-market high",70,4497.00,dt,16904000,76017288000,BTU,5.05,Pasture
"agriculture land","Agricultural residues","Pruning residues, noncitrus",55047,"Green Lake County",Wisconsin,"Lake States",380.13,"NASS 2017 Census","mature-market low",40,35.80,dt,17368000,621774400,BTU,0.09,Crop
"agriculture land","Agricultural residues","Pruning residues, noncitrus",55011,"Buffalo County",Wisconsin,"Lake States",709.59,"NASS 2017 Census","mature-market high",40,8.60,dt,17368000,149364800,BTU,0.01,Crop
"agriculture land","Agricultural residues","Corn stover",55121,"Trempealeau County",Wisconsin,"Lake States",741.98,POLYSYS,"mature-market high",70,121616.00,dt,15722000,1912046752000,BTU,163.91,Crop
"agriculture land","Agricultural residues","Pruning residues, noncitrus",55103,"Richland County",Wisconsin,"Lake States",589.3,"NASS 2017 Census","mature-market medium",40,1.00,dt,17368000,17368000,BTU,0.00,Crop
"agriculture land","Energy crops, herbaceous",Miscanthus,55095,"Polk County",Wisconsin,"Lake States",956.41,POLYSYS,emerging,70,74957.00,dt,16660000,1248783620000,BTU,78.37,Crop
"agriculture land","Intermediate oilseeds",Pennycress,55047,"Green Lake County",Wisconsin,"Lake States",380.13,POLYSYS,"mature-market medium",400,10101.17,dt,23288300,235239077311,BTU,26.57,Crop
"agriculture land","Agricultural residues","Oats straw",55075,"Marinette County",Wisconsin,"Lake States",1429.25,POLYSYS,"mature-market medium",70,0.00,dt,14892000,0,BTU,0.00,Crop
"agriculture land","Agricultural residues","Pruning residues, noncitrus",55081,"Monroe County",Wisconsin,"Lake States",908.08,"NASS 2017 Census","mature-market medium",40,113.00,dt,17368000,1962584000,BTU,0.12,Crop
"agriculture land","Agricultural residues","Corn stover",55117,"Sheboygan County",Wisconsin,"Lake States",517.64,POLYSYS,"mature-market high",70,96493.00,dt,15722000,1517062946000,BTU,186.41,Crop
"agriculture land","Agricultural residues","Pruning residues, noncitrus",55073,"Marathon County",Wisconsin,"Lake States",1576.33,"NASS 2017 Census","mature-market low",40,48.90,dt,17368000,849295200,BTU,0.03,Crop
"agriculture land","Agricultural residues","Wheat straw",55027,"Dodge County",Wisconsin,"Lake States",907.1,POLYSYS,"mature-market medium",70,0.00,dt,14892000,0,BTU,0.00,Crop
"agriculture land","Agricultural residues","Pruning residues, noncitrus",55137,"Waushara County",Wisconsin,"Lake States",637.4,"NASS 2017 Census",emerging,40,13.50,dt,17368000,234468000,BTU,0.02,Crop
"agriculture land","Agricultural residues","Pruning residues, noncitrus",55091,"Pepin County",Wisconsin,"Lake States",248.7,"NASS 2017 Census","mature-market medium",40,37.00,dt,17368000,642616000,BTU,0.15,Crop
"agriculture land","Energy crops, herbaceous",Switchgrass,55023,"Crawford County",Wisconsin,"Lake States",599.21,POLYSYS,"mature-market medium",70,0.00,dt,16424000,0,BTU,0.00,Pasture
"agriculture land","Agricultural residues","Pruning residues, tree nuts",55025,"Dane County",Wisconsin,"Lake States",1237.5,"NASS 2017 Census",emerging,40,30.80,dt,17368000,534934400,BTU,0.02,Crop
"agriculture land","Intermediate oilseeds",Pennycress,55043,"Grant County",Wisconsin,"Lake States",1183.37,POLYSYS,"mature-market low",400,31988.90,dt,23288300,744967099870,BTU,27.03,Crop
"agriculture land","Intermediate oilseeds",Pennycress,55005,"Barron County",Wisconsin,"Lake States",889.76,POLYSYS,"mature-market low",400,18742.23,dt,23288300,436474674909,BTU,21.06,Crop
"agriculture land","Agricultural residues","Pruning residues, noncitrus",55029,"Door County",Wisconsin,"Lake States",487.56,"NASS 2017 Census","mature-market high",40,1161.70,dt,17368000,20176405600,BTU,2.38,Crop
"agriculture land","Agricultural residues","Wheat straw",55095,"Polk County",Wisconsin,"Lake States",956.41,POLYSYS,emerging,70,0.00,dt,14892000,0,BTU,0.00,Crop
"agriculture land","Agricultural residues","Pruning residues, noncitrus",55135,"Waupaca County",Wisconsin,"Lake States",765.17,"NASS 2017 Census","mature-market low",40,54.60,dt,17368000,948292800,BTU,0.07,Crop
"agriculture land","Agricultural residues","Pruning residues, noncitrus",55119,"Taylor County",Wisconsin,"Lake States",984.56,"NASS 2017 Census",emerging,40,4.20,dt,17368000,72945600,BTU,0.00,Crop
"agriculture land","Agricultural residues","Pruning residues, noncitrus",55023,"Crawford County",Wisconsin,"Lake States",599.21,"NASS 2017 Census","mature-market low",40,537.30,dt,17368000,9331826400,BTU,0.90,Crop
"agriculture land","Agricultural residues","Corn stover",55133,"Waukesha County",Wisconsin,"Lake States",580.54,POLYSYS,"mature-market high",70,67162.00,dt,15722000,1055920964000,BTU,115.69,Crop
"agriculture land","Agricultural residues","Pruning residues, noncitrus",55045,"Green County",Wisconsin,"Lake States",584.55,"NASS 2017 Census","mature-market high",40,4.10,dt,17368000,71208800,BTU,0.01,Crop
"agriculture land","Agricultural residues","Pruning residues, noncitrus",55085,"Oneida County",Wisconsin,"Lake States",1236.57,"NASS 2017 Census","mature-market medium",40,2.90,dt,17368000,50367200,BTU,0.00,Crop
"agriculture land","Agricultural residues","Wheat straw",55137,"Waushara County",Wisconsin,"Lake States",637.4,POLYSYS,"mature-market low",70,0.00,dt,14892000,0,BTU,0.00,Crop
"agriculture land","Agricultural residues","Pruning residues, noncitrus",55137,"Waushara County",Wisconsin,"Lake States",637.4,"NASS 2017 Census","mature-market high",40,16.20,dt,17368000,281361600,BTU,0.03,Crop
"agriculture land","Agricultural residues","Pruning residues, noncitrus",55137,"Waushara County",Wisconsin,"Lake States",637.4,"NASS 2017 Census","mature-market medium",40,13.50,dt,17368000,234468000,BTU,0.02,Crop
"agriculture land","Agricultural residues","Pruning residues, noncitrus",55083,"Oconto County",Wisconsin,"Lake States",1016.31,"NASS 2017 Census",near-term,40,2.10,dt,17368000,36472800,BTU,0.00,Crop
"agriculture land","Agricultural residues","Corn stover",55135,"Waupaca County",Wisconsin,"Lake States",765.17,POLYSYS,"mature-market high",70,201898.00,dt,15722000,3174240356000,BTU,263.86,Crop
"agriculture land","Agricultural residues","Pruning residues, noncitrus",55111,"Sauk County",Wisconsin,"Lake States",849.19,"NASS 2017 Census","mature-market high",40,109.80,dt,17368000,1907006400,BTU,0.13,Crop
"agriculture land","Agricultural residues","Corn stover",55081,"Monroe County",Wisconsin,"Lake States",908.08,POLYSYS,"mature-market medium",70,5780.00,dt,15722000,90873160000,BTU,6.37,Crop
"agriculture land","Agricultural residues","Pruning residues, noncitrus",55073,"Marathon County",Wisconsin,"Lake States",1576.33,"NASS 2017 Census",near-term,40,126.00,dt,17368000,2188368000,BTU,0.08,Crop
"agriculture land","Energy crops, herbaceous",Miscanthus,55061,"Kewaunee County",Wisconsin,"Lake States",343.95,POLYSYS,"mature-market high",70,14442.00,dt,16660000,240603720000,BTU,41.99,Pasture
"agriculture land","Agricultural residues","Pruning residues, noncitrus",55137,"Waushara County",Wisconsin,"Lake States",637.4,"NASS 2017 Census","mature-market high",40,13.50,dt,17368000,234468000,BTU,0.02,Crop
"agriculture land","Agricultural residues","Pruning residues, noncitrus",55141,"Wood County",Wisconsin,"Lake States",809.25,"NASS 2017 Census","mature-market high",40,6473.00,dt,17368000,112423064000,BTU,8.00,Crop
"agriculture land","Agricultural residues","Oats straw",55039,"Fond du Lac County",Wisconsin,"Lake States",765.84,POLYSYS,near-term,70,0.00,dt,14892000,0,BTU,0.00,Crop
"agriculture land","Energy crops, herbaceous",Miscanthus,55087,"Outagamie County",Wisconsin,"Lake States",644.61,POLYSYS,emerging,70,15727.00,dt,16660000,262011820000,BTU,24.40,Pasture
"agriculture land","Agricultural residues","Oats straw",55109,"St. Croix County",Wisconsin,"Lake States",735.19,POLYSYS,emerging,70,0.00,dt,14892000,0,BTU,0.00,Crop
"agriculture land","Energy crops, woody",Willow,55137,"Waushara County",Wisconsin,"Lake States",637.4,POLYSYS,emerging,70,2324.00,dt,17296000,40195904000,BTU,3.65,Pasture
"agriculture land","Agricultural residues","Wheat straw",55131,"Washington County",Wisconsin,"Lake States",435.66,POLYSYS,"mature-market medium",70,0.00,dt,14892000,0,BTU,0.00,Crop
"agriculture land","Agricultural residues","Pruning residues, noncitrus",55017,"Chippewa County",Wisconsin,"Lake States",1041.27,"NASS 2017 Census",emerging,40,296.00,dt,17368000,5140928000,BTU,0.28,Crop
"agriculture land","Energy crops, herbaceous",Miscanthus,55047,"Green Lake County",Wisconsin,"Lake States",380.13,POLYSYS,"mature-market medium",70,9872.00,dt,16660000,164467520000,BTU,25.97,Pasture
"agriculture land","Agricultural residues","Pruning residues, tree nuts",55137,"Waushara County",Wisconsin,"Lake States",637.4,"NASS 2017 Census","mature-market low",40,3.90,dt,17368000,67735200,BTU,0.01,Crop
"agriculture land","Agricultural residues","Pruning residues, noncitrus",55115,"Shawano County",Wisconsin,"Lake States",909.4,"NASS 2017 Census",near-term,40,51.50,dt,17368000,894452000,BTU,0.06,Crop
"agriculture land","Agricultural residues","Pruning residues, noncitrus",55083,"Oconto County",Wisconsin,"Lake States",1016.31,"NASS 2017 Census",near-term,40,58.60,dt,17368000,1017764800,BTU,0.06,Crop
"agriculture land","Agricultural residues","Pruning residues, noncitrus",55117,"Sheboygan County",Wisconsin,"Lake States",517.64,"NASS 2017 Census","mature-market high",40,195.90,dt,17368000,3402391200,BTU,0.38,Crop
"agriculture land","Agricultural residues","Oats straw",55053,"Jackson County",Wisconsin,"Lake States",1000.48,POLYSYS,"mature-market low",70,0.00,dt,14892000,0,BTU,0.00,Crop
"agriculture land","Intermediate oilseeds",Pennycress,55129,"Washburn County",Wisconsin,"Lake States",853.32,POLYSYS,emerging,400,3473.82,dt,23288300,80899362306,BTU,4.07,Crop
"agriculture land","Agricultural residues","Corn stover",55095,"Polk County",Wisconsin,"Lake States",956.41,POLYSYS,"mature-market low",70,98624.00,dt,15722000,1550566528000,BTU,103.12,Crop
"agriculture land","Agricultural residues","Pruning residues, noncitrus",55107,"Rusk County",Wisconsin,"Lake States",930.86,"NASS 2017 Census","mature-market low",40,15.70,dt,17368000,272677600,BTU,0.02,Crop
"agriculture land","Agricultural residues","Pruning residues, noncitrus",55093,"Pierce County",Wisconsin,"Lake States",592.73,"NASS 2017 Census",near-term,40,151.10,dt,17368000,2624304800,BTU,0.25,Crop
"agriculture land","Energy crops, woody",Willow,55065,"Lafayette County",Wisconsin,"Lake States",634.57,POLYSYS,emerging,70,2749.00,dt,17296000,47546704000,BTU,4.33,Pasture
"agriculture land","Agricultural residues","Wheat straw",55141,"Wood County",Wisconsin,"Lake States",809.25,POLYSYS,"mature-market high",70,0.00,dt,14892000,0,BTU,0.00,Crop
"agriculture land","Agricultural residues","Oats straw",55103,"Richland County",Wisconsin,"Lake States",589.3,POLYSYS,"mature-market low",70,0.00,dt,14892000,0,BTU,0.00,Crop
"agriculture land","Agricultural residues","Pruning residues, noncitrus",55097,"Portage County",Wisconsin,"Lake States",822.82,"NASS 2017 Census","mature-market high",40,952.60,dt,17368000,16544756800,BTU,1.16,Crop
"agriculture land","Agricultural residues","Oats straw",55047,"Green Lake County",Wisconsin,"Lake States",380.13,POLYSYS,"mature-market high",70,0.00,dt,14892000,0,BTU,0.00,Crop
"agriculture land","Energy crops, herbaceous",Miscanthus,55055,"Jefferson County",Wisconsin,"Lake States",582.74,POLYSYS,"mature-market high",70,21579.00,dt,16660000,359506140000,BTU,37.03,Pasture
"agriculture land","Agricultural residues","Pruning residues, noncitrus",55141,"Wood County",Wisconsin,"Lake States",809.25,"NASS 2017 Census","mature-market medium",40,59.80,dt,17368000,1038606400,BTU,0.07,Crop
"agriculture land","Intermediate oilseeds",Pennycress,55019,"Clark County",Wisconsin,"Lake States",1218.67,POLYSYS,emerging,400,32376.63,dt,23288300,753996672429,BTU,26.57,Crop
"agriculture land","Intermediate oilseeds",Pennycress,55119,"Taylor County",Wisconsin,"Lake States",984.56,POLYSYS,"mature-market high",400,10601.97,dt,23288300,246901857951,BTU,10.77,Crop
"agriculture land","Agricultural residues","Pruning residues, tree nuts",55025,"Dane County",Wisconsin,"Lake States",1237.5,"NASS 2017 Census","mature-market low",40,30.80,dt,17368000,534934400,BTU,0.02,Crop
"agriculture land","Agricultural residues","Pruning residues, noncitrus",55055,"Jefferson County",Wisconsin,"Lake States",582.74,"NASS 2017 Census",emerging,40,64.80,dt,17368000,1125446400,BTU,0.11,Crop
"agriculture land","Agricultural residues","Pruning residues, noncitrus",55047,"Green Lake County",Wisconsin,"Lake States",380.13,"NASS 2017 Census","mature-market medium",40,35.80,dt,17368000,621774400,BTU,0.09,Crop
"agriculture land","Intermediate oilseeds",Pennycress,55083,"Oconto County",Wisconsin,"Lake States",1016.31,POLYSYS,"mature-market medium",400,15110.85,dt,23288300,351906008055,BTU,14.87,Crop
"agriculture land","Agricultural residues","Pruning residues, noncitrus",55107,"Rusk County",Wisconsin,"Lake States",930.86,"NASS 2017 Census","mature-market high",40,2.10,dt,17368000,36472800,BTU,0.00,Crop
"agriculture land","Energy crops, woody",Willow,55067,"Langlade County",Wisconsin,"Lake States",887.79,POLYSYS,emerging,70,291.00,dt,17296000,5033136000,BTU,0.33,Pasture
"agriculture land","Agricultural residues","Pruning residues, noncitrus",55127,"Walworth County",Wisconsin,"Lake States",576.6,"NASS 2017 Census","mature-market low",40,40.60,dt,17368000,705140800,BTU,0.07,Crop
"agriculture land","Intermediate oilseeds",Pennycress,55009,"Brown County",Wisconsin,"Lake States",531.24,POLYSYS,"mature-market high",400,9867.25,dt,23288300,229791478175,BTU,18.57,Crop
"agriculture land","Agricultural residues","Oats straw",55033,"Dunn County",Wisconsin,"Lake States",863.89,POLYSYS,"mature-market high",70,0.00,dt,14892000,0,BTU,0.00,Crop
"agriculture land","Intermediate oilseeds",Pennycress,55063,"La Crosse County",Wisconsin,"Lake States",480.05,POLYSYS,emerging,400,7121.32,dt,23288300,165843436556,BTU,14.83,Crop
"agriculture land","Agricultural residues","Pruning residues, noncitrus",55049,"Iowa County",Wisconsin,"Lake States",768.05,"NASS 2017 Census","mature-market medium",40,167.10,dt,17368000,2902192800,BTU,0.22,Crop
"agriculture land","Agricultural residues","Pruning residues, noncitrus",55139,"Winnebago County",Wisconsin,"Lake States",578.57,"NASS 2017 Census","mature-market medium",40,26.00,dt,17368000,451568000,BTU,0.04,Crop
"agriculture land","Energy crops, woody",Poplar,55123,"Vernon County",Wisconsin,"Lake States",816.38,POLYSYS,"mature-market high",70,2039.00,dt,16904000,34467256000,BTU,2.50,Pasture
"agriculture land","Agricultural residues","Pruning residues, noncitrus",55075,"Marinette County",Wisconsin,"Lake States",1429.25,"NASS 2017 Census",near-term,40,6.20,dt,17368000,107681600,BTU,0.00,Crop
"agriculture land","Agricultural residues","Pruning residues, noncitrus",55075,"Marinette County",Wisconsin,"Lake States",1429.25,"NASS 2017 Census","mature-market medium",40,41.80,dt,17368000,725982400,BTU,0.03,Crop
"agriculture land","Agricultural residues","Pruning residues, tree nuts",55003,"Ashland County",Wisconsin,"Lake States",1054.13,"NASS 2017 Census",emerging,40,1.30,dt,17368000,22578400,BTU,0.00,Crop
"agriculture land","Energy crops, woody",Willow,55057,"Juneau County",Wisconsin,"Lake States",805.17,POLYSYS,emerging,70,5328.00,dt,17296000,92153088000,BTU,6.62,Pasture
"agriculture land","Intermediate oilseeds",Pennycress,55065,"Lafayette County",Wisconsin,"Lake States",634.57,POLYSYS,"mature-market medium",400,29705.65,dt,23288300,691794088895,BTU,46.81,Crop
"agriculture land","Energy crops, woody",Willow,55101,"Racine County",Wisconsin,"Lake States",340.39,POLYSYS,"mature-market medium",70,174.00,dt,17296000,3009504000,BTU,0.51,Pasture
"agriculture land","Agricultural residues","Pruning residues, tree nuts",55117,"Sheboygan County",Wisconsin,"Lake States",517.64,"NASS 2017 Census",emerging,40,2.60,dt,17368000,45156800,BTU,0.01,Crop
"agriculture land","Agricultural residues","Pruning residues, noncitrus",55035,"Eau Claire County",Wisconsin,"Lake States",645.2,"NASS 2017 Census",emerging,40,52.00,dt,17368000,903136000,BTU,0.08,Crop
"agriculture land","Energy crops, woody",Willow,55097,"Portage County",Wisconsin,"Lake States",822.82,POLYSYS,"mature-market medium",70,4379.00,dt,17296000,75739184000,BTU,5.32,Pasture
"agriculture land","Agricultural residues","Pruning residues, noncitrus",55023,"Crawford County",Wisconsin,"Lake States",599.21,"NASS 2017 Census",emerging,40,537.30,dt,17368000,9331826400,BTU,0.90,Crop
"agriculture land","Agricultural residues","Pruning residues, tree nuts",55117,"Sheboygan County",Wisconsin,"Lake States",517.64,"NASS 2017 Census","mature-market medium",40,2.60,dt,17368000,45156800,BTU,0.01,Crop
"agriculture land","Agricultural residues","Pruning residues, noncitrus",55039,"Fond du Lac County",Wisconsin,"Lake States",765.84,"NASS 2017 Census",near-term,40,5.20,dt,17368000,90313600,BTU,0.01,Crop
"agriculture land","Agricultural residues","Pruning residues, tree nuts",55033,"Dunn County",Wisconsin,"Lake States",863.89,"NASS 2017 Census",emerging,40,3.90,dt,17368000,67735200,BTU,0.00,Crop
"agriculture land","Agricultural residues","Corn stover",55131,"Washington County",Wisconsin,"Lake States",435.66,POLYSYS,"mature-market high",70,85487.00,dt,15722000,1344026614000,BTU,196.22,Crop
"agriculture land","Agricultural residues","Pruning residues, noncitrus",55027,"Dodge County",Wisconsin,"Lake States",907.1,"NASS 2017 Census",near-term,40,89.60,dt,17368000,1556172800,BTU,0.10,Crop
"agriculture land","Intermediate oilseeds",Pennycress,55117,"Sheboygan County",Wisconsin,"Lake States",517.64,POLYSYS,"mature-market medium",400,14361.77,dt,23288300,334461208291,BTU,27.74,Crop
"agriculture land","Energy crops, woody",Willow,55007,"Bayfield County",Wisconsin,"Lake States",1511.34,POLYSYS,emerging,70,1759.00,dt,17296000,30423664000,BTU,1.16,Pasture
"agriculture land","Agricultural residues","Corn stover",55105,"Rock County",Wisconsin,"Lake States",726.16,POLYSYS,"mature-market high",70,662723.00,dt,15722000,10419331006000,BTU,912.64,Crop
"agriculture land","Agricultural residues","Pruning residues, noncitrus",55107,"Rusk County",Wisconsin,"Lake States",930.86,"NASS 2017 Census",near-term,40,2.10,dt,17368000,36472800,BTU,0.00,Crop
"agriculture land","Agricultural residues","Pruning residues, noncitrus",55015,"Calumet County",Wisconsin,"Lake States",397.08,"NASS 2017 Census","mature-market low",40,47.60,dt,17368000,826716800,BTU,0.12,Crop
"agriculture land","Agricultural residues","Wheat straw",55005,"Barron County",Wisconsin,"Lake States",889.76,POLYSYS,near-term,70,0.00,dt,14892000,0,BTU,0.00,Crop
"agriculture land","Agricultural residues","Pruning residues, noncitrus",55067,"Langlade County",Wisconsin,"Lake States",887.79,"NASS 2017 Census",emerging,40,2.90,dt,17368000,50367200,BTU,0.00,Crop
"agriculture land","Agricultural residues","Pruning residues, noncitrus",55005,"Barron County",Wisconsin,"Lake States",889.76,"NASS 2017 Census","mature-market high",40,8.30,dt,17368000,144154400,BTU,0.01,Crop
"agriculture land","Agricultural residues","Wheat straw",55077,"Marquette County",Wisconsin,"Lake States",464.47,POLYSYS,"mature-market medium",70,0.00,dt,14892000,0,BTU,0.00,Crop
"agriculture land","Agricultural residues","Pruning residues, noncitrus",55139,"Winnebago County",Wisconsin,"Lake States",578.57,"NASS 2017 Census","mature-market medium",40,42.60,dt,17368000,739876800,BTU,0.07,Crop
"agriculture land","Agricultural residues","Oats straw",55023,"Crawford County",Wisconsin,"Lake States",599.21,POLYSYS,near-term,70,0.00,dt,14892000,0,BTU,0.00,Crop
"agriculture land","Agricultural residues","Oats straw",55111,"Sauk County",Wisconsin,"Lake States",849.19,POLYSYS,"mature-market medium",70,0.00,dt,14892000,0,BTU,0.00,Crop
"agriculture land","Agricultural residues","Oats straw",55027,"Dodge County",Wisconsin,"Lake States",907.1,POLYSYS,emerging,70,0.00,dt,14892000,0,BTU,0.00,Crop
"agriculture land","Intermediate oilseeds",Pennycress,55071,"Manitowoc County",Wisconsin,"Lake States",594.62,POLYSYS,"mature-market high",400,14247.44,dt,23288300,331798656952,BTU,23.96,Crop
"agriculture land","Agricultural residues","Pruning residues, noncitrus",55083,"Oconto County",Wisconsin,"Lake States",1016.31,"NASS 2017 Census","mature-market high",40,2.10,dt,17368000,36472800,BTU,0.00,Crop
"agriculture land","Energy crops, herbaceous",Miscanthus,55101,"Racine County",Wisconsin,"Lake States",340.39,POLYSYS,"mature-market high",70,612.00,dt,16660000,10195920000,BTU,1.80,Pasture
"agriculture land","Agricultural residues","Pruning residues, noncitrus",55119,"Taylor County",Wisconsin,"Lake States",984.56,"NASS 2017 Census","mature-market medium",40,7.00,dt,17368000,121576000,BTU,0.01,Crop
"agriculture land","Energy crops, herbaceous",Switchgrass,55111,"Sauk County",Wisconsin,"Lake States",849.19,POLYSYS,emerging,70,0.00,dt,16424000,0,BTU,0.00,Pasture
"agriculture land","Energy crops, herbaceous",Miscanthus,55077,"Marquette County",Wisconsin,"Lake States",464.47,POLYSYS,emerging,70,12807.00,dt,16660000,213364620000,BTU,27.57,Pasture
"agriculture land","Agricultural residues","Pruning residues, noncitrus",55123,"Vernon County",Wisconsin,"Lake States",816.38,"NASS 2017 Census",emerging,40,236.90,dt,17368000,4114479200,BTU,0.29,Crop
"agriculture land","Agricultural residues","Pruning residues, noncitrus",55059,"Kenosha County",Wisconsin,"Lake States",278.42,"NASS 2017 Census",emerging,40,39.50,dt,17368000,686036000,BTU,0.14,Crop
"agriculture land","Agricultural residues","Wheat straw",55005,"Barron County",Wisconsin,"Lake States",889.76,POLYSYS,"mature-market high",70,0.00,dt,14892000,0,BTU,0.00,Crop
"agriculture land","Agricultural residues","Pruning residues, noncitrus",55045,"Green County",Wisconsin,"Lake States",584.55,"NASS 2017 Census",near-term,40,4.10,dt,17368000,71208800,BTU,0.01,Crop
"agriculture land","Energy crops, woody",Willow,55117,"Sheboygan County",Wisconsin,"Lake States",517.64,POLYSYS,"mature-market high",70,4920.00,dt,17296000,85096320000,BTU,9.50,Pasture
"agriculture land","Agricultural residues","Pruning residues, tree nuts",55023,"Crawford County",Wisconsin,"Lake States",599.21,"NASS 2017 Census","mature-market medium",40,9.20,dt,17368000,159785600,BTU,0.02,Crop
"agriculture land","Energy crops, herbaceous",Miscanthus,55001,"Adams County",Wisconsin,"Lake States",687.48,POLYSYS,"mature-market low",70,4000.00,dt,16660000,66640000000,BTU,5.82,Pasture
"agriculture land","Energy crops, woody",Willow,55115,"Shawano County",Wisconsin,"Lake States",909.4,POLYSYS,"mature-market high",70,89710.00,dt,17296000,1551624160000,BTU,98.65,Crop
"agriculture land","Intermediate oilseeds",Pennycress,55107,"Rusk County",Wisconsin,"Lake States",930.86,POLYSYS,"mature-market low",400,8800.71,dt,23288300,204953574692,BTU,9.45,Crop
"agriculture land","Energy crops, woody",Willow,55003,"Ashland County",Wisconsin,"Lake States",1054.13,POLYSYS,"mature-market high",70,2385.00,dt,17296000,41250960000,BTU,2.26,Crop
"agriculture land","Agricultural residues","Pruning residues, noncitrus",55007,"Bayfield County",Wisconsin,"Lake States",1511.34,"NASS 2017 Census","mature-market medium",40,73.90,dt,17368000,1283495200,BTU,0.05,Crop
"agriculture land","Agricultural residues","Pruning residues, noncitrus",55129,"Washburn County",Wisconsin,"Lake States",853.32,"NASS 2017 Census","mature-market high",40,21.40,dt,17368000,371675200,BTU,0.03,Crop
"agriculture land","Energy crops, woody",Willow,55117,"Sheboygan County",Wisconsin,"Lake States",517.64,POLYSYS,"mature-market medium",70,4566.00,dt,17296000,78973536000,BTU,8.82,Pasture
"agriculture land","Agricultural residues","Pruning residues, noncitrus",55071,"Manitowoc County",Wisconsin,"Lake States",594.62,"NASS 2017 Census",emerging,40,49.50,dt,17368000,859716000,BTU,0.08,Crop
"agriculture land","Energy crops, herbaceous",Switchgrass,55007,"Bayfield County",Wisconsin,"Lake States",1511.34,POLYSYS,"mature-market high",70,0.00,dt,16424000,0,BTU,0.00,Pasture
"agriculture land","Intermediate oilseeds",Pennycress,55043,"Grant County",Wisconsin,"Lake States",1183.37,POLYSYS,emerging,400,31988.90,dt,23288300,744967099870,BTU,27.03,Crop
"agriculture land","Agricultural residues","Pruning residues, noncitrus",55017,"Chippewa County",Wisconsin,"Lake States",1041.27,"NASS 2017 Census","mature-market medium",40,17.70,dt,17368000,307413600,BTU,0.02,Crop
"agriculture land","Energy crops, woody",Willow,55053,"Jackson County",Wisconsin,"Lake States",1000.48,POLYSYS,"mature-market high",70,1291.00,dt,17296000,22329136000,BTU,1.29,Pasture
"agriculture land","Agricultural residues","Oats straw",55109,"St. Croix County",Wisconsin,"Lake States",735.19,POLYSYS,"mature-market low",70,0.00,dt,14892000,0,BTU,0.00,Crop
"agriculture land","Agricultural residues","Pruning residues, noncitrus",55039,"Fond du Lac County",Wisconsin,"Lake States",765.84,"NASS 2017 Census","mature-market medium",40,85.90,dt,17368000,1491911200,BTU,0.11,Crop
"agriculture land","Agricultural residues","Corn stover",55101,"Racine County",Wisconsin,"Lake States",340.39,POLYSYS,emerging,70,114005.00,dt,15722000,1792386610000,BTU,334.92,Crop
"agriculture land","Agricultural residues","Pruning residues, noncitrus",55121,"Trempealeau County",Wisconsin,"Lake States",741.98,"NASS 2017 Census","mature-market medium",40,486.20,dt,17368000,8444321600,BTU,0.66,Crop
"agriculture land","Agricultural residues","Pruning residues, noncitrus",55129,"Washburn County",Wisconsin,"Lake States",853.32,"NASS 2017 Census",emerging,40,21.40,dt,17368000,371675200,BTU,0.03,Crop
"agriculture land","Agricultural residues","Pruning residues, noncitrus",55093,"Pierce County",Wisconsin,"Lake States",592.73,"NASS 2017 Census","mature-market medium",40,33.30,dt,17368000,578354400,BTU,0.06,Crop
"agriculture land","Agricultural residues","Pruning residues, noncitrus",55083,"Oconto County",Wisconsin,"Lake States",1016.31,"NASS 2017 Census","mature-market medium",40,58.60,dt,17368000,1017764800,BTU,0.06,Crop
"agriculture land","Agricultural residues","Pruning residues, noncitrus",55039,"Fond du Lac County",Wisconsin,"Lake States",765.84,"NASS 2017 Census","mature-market low",40,5.20,dt,17368000,90313600,BTU,0.01,Crop
"agriculture land","Agricultural residues","Wheat straw",55049,"Iowa County",Wisconsin,"Lake States",768.05,POLYSYS,"mature-market high",70,0.00,dt,14892000,0,BTU,0.00,Crop
"agriculture land","Agricultural residues","Wheat straw",55019,"Clark County",Wisconsin,"Lake States",1218.67,POLYSYS,emerging,70,0.00,dt,14892000,0,BTU,0.00,Crop
"agriculture land","Agricultural residues","Sorghum stubble",55039,"Fond du Lac County",Wisconsin,"Lake States",765.84,POLYSYS,"mature-market medium",70,0.00,dt,14830000,0,BTU,0.00,Crop
"agriculture land","Agricultural residues","Pruning residues, noncitrus",55111,"Sauk County",Wisconsin,"Lake States",849.19,"NASS 2017 Census","mature-market medium",40,109.80,dt,17368000,1907006400,BTU,0.13,Crop
"agriculture land","Energy crops, herbaceous",Switchgrass,55007,"Bayfield County",Wisconsin,"Lake States",1511.34,POLYSYS,"mature-market medium",70,0.00,dt,16424000,0,BTU,0.00,Pasture
"agriculture land","Agricultural residues","Pruning residues, noncitrus",55117,"Sheboygan County",Wisconsin,"Lake States",517.64,"NASS 2017 Census",emerging,40,195.90,dt,17368000,3402391200,BTU,0.38,Crop
"agriculture land","Agricultural residues","Pruning residues, noncitrus",55043,"Grant County",Wisconsin,"Lake States",1183.37,"NASS 2017 Census","mature-market high",40,11.40,dt,17368000,197995200,BTU,0.01,Crop
"agriculture land","Intermediate oilseeds",Pennycress,55053,"Jackson County",Wisconsin,"Lake States",1000.48,POLYSYS,"mature-market medium",400,13439.20,dt,23288300,312976121360,BTU,13.43,Crop
"agriculture land","Agricultural residues","Pruning residues, noncitrus",55055,"Jefferson County",Wisconsin,"Lake States",582.74,"NASS 2017 Census","mature-market high",40,9.40,dt,17368000,163259200,BTU,0.02,Crop
"agriculture land","Agricultural residues","Pruning residues, noncitrus",55117,"Sheboygan County",Wisconsin,"Lake States",517.64,"NASS 2017 Census","mature-market low",40,195.90,dt,17368000,3402391200,BTU,0.38,Crop
"agriculture land","Agricultural residues","Pruning residues, noncitrus",55049,"Iowa County",Wisconsin,"Lake States",768.05,"NASS 2017 Census",near-term,40,167.10,dt,17368000,2902192800,BTU,0.22,Crop
"agriculture land","Agricultural residues","Pruning residues, noncitrus",55089,"Ozaukee County",Wisconsin,"Lake States",235.28,"NASS 2017 Census",emerging,40,4.20,dt,17368000,72945600,BTU,0.02,Crop
"agriculture land","Energy crops, woody",Willow,55061,"Kewaunee County",Wisconsin,"Lake States",343.95,POLYSYS,emerging,70,27868.00,dt,17296000,482004928000,BTU,81.02,Crop
"agriculture land","Agricultural residues","Corn stover",55057,"Juneau County",Wisconsin,"Lake States",805.17,POLYSYS,"mature-market high",70,65832.00,dt,15722000,1035010704000,BTU,81.76,Crop
"agriculture land","Agricultural residues","Corn stover",55069,"Lincoln County",Wisconsin,"Lake States",906.79,POLYSYS,emerging,70,12032.00,dt,15722000,189167104000,BTU,13.27,Crop
"agriculture land","Agricultural residues","Wheat straw",55107,"Rusk County",Wisconsin,"Lake States",930.86,POLYSYS,near-term,70,0.00,dt,14892000,0,BTU,0.00,Crop
"agriculture land","Agricultural residues","Pruning residues, noncitrus",55049,"Iowa County",Wisconsin,"Lake States",768.05,"NASS 2017 Census","mature-market low",40,4.20,dt,17368000,72945600,BTU,0.01,Crop
"agriculture land","Agricultural residues","Pruning residues, noncitrus",55137,"Waushara County",Wisconsin,"Lake States",637.4,"NASS 2017 Census","mature-market medium",40,16.20,dt,17368000,281361600,BTU,0.03,Crop
"agriculture land","Agricultural residues","Corn stover",55009,"Brown County",Wisconsin,"Lake States",531.24,POLYSYS,"mature-market low",70,72361.00,dt,15722000,1137659642000,BTU,136.21,Crop
"agriculture land","Energy crops, herbaceous",Switchgrass,55099,"Price County",Wisconsin,"Lake States",1278.04,POLYSYS,"mature-market medium",70,0.00,dt,16424000,0,BTU,0.00,Pasture
"agriculture land","Agricultural residues","Pruning residues, noncitrus",55117,"Sheboygan County",Wisconsin,"Lake States",517.64,"NASS 2017 Census",near-term,40,4.10,dt,17368000,71208800,BTU,0.01,Crop
"agriculture land","Intermediate oilseeds",Pennycress,55049,"Iowa County",Wisconsin,"Lake States",768.05,POLYSYS,"mature-market medium",400,17419.68,dt,23288300,405674733744,BTU,22.68,Crop
"agriculture land","Agricultural residues","Corn stover",55125,"Vilas County",Wisconsin,"Lake States",1017.72,POLYSYS,"mature-market low",70,0.00,dt,15722000,0,BTU,0.00,Crop
"agriculture land","Energy crops, woody",Willow,55123,"Vernon County",Wisconsin,"Lake States",816.38,POLYSYS,emerging,70,4154.00,dt,17296000,71847584000,BTU,5.09,Pasture
"agriculture land","Agricultural residues","Pruning residues, noncitrus",55111,"Sauk County",Wisconsin,"Lake States",849.19,"NASS 2017 Census",near-term,40,21.80,dt,17368000,378622400,BTU,0.03,Crop
"agriculture land","Energy crops, herbaceous",Miscanthus,55051,"Iron County",Wisconsin,"Lake States",802.62,POLYSYS,"mature-market medium",70,3041.00,dt,16660000,50663060000,BTU,3.79,Pasture
"agriculture land","Energy crops, woody",Willow,55039,"Fond du Lac County",Wisconsin,"Lake States",765.84,POLYSYS,emerging,70,6682.00,dt,17296000,115571872000,BTU,8.73,Pasture
"agriculture land","Energy crops, herbaceous",Miscanthus,55071,"Manitowoc County",Wisconsin,"Lake States",594.62,POLYSYS,emerging,70,221274.00,dt,16660000,3686424840000,BTU,372.13,Crop
"agriculture land","Agricultural residues","Pruning residues, noncitrus",55137,"Waushara County",Wisconsin,"Lake States",637.4,"NASS 2017 Census","mature-market low",40,13.50,dt,17368000,234468000,BTU,0.02,Crop
"agriculture land","Agricultural residues","Wheat straw",55093,"Pierce County",Wisconsin,"Lake States",592.73,POLYSYS,"mature-market low",70,0.00,dt,14892000,0,BTU,0.00,Crop
"agriculture land","Intermediate oilseeds",Pennycress,55073,"Marathon County",Wisconsin,"Lake States",1576.33,POLYSYS,emerging,400,34472.26,dt,23288300,802800332558,BTU,21.87,Crop
"agriculture land","Intermediate oilseeds",Pennycress,55101,"Racine County",Wisconsin,"Lake States",340.39,POLYSYS,"mature-market high",400,10200.64,dt,23288300,237555564512,BTU,29.97,Crop
"agriculture land","Agricultural residues","Pruning residues, noncitrus",55119,"Taylor County",Wisconsin,"Lake States",984.56,"NASS 2017 Census",near-term,40,7.00,dt,17368000,121576000,BTU,0.01,Crop
"agriculture land","Intermediate oilseeds",Pennycress,55075,"Marinette County",Wisconsin,"Lake States",1429.25,POLYSYS,"mature-market high",400,5522.47,dt,23288300,128608938101,BTU,3.86,Crop
"agriculture land","Agricultural residues","Pruning residues, noncitrus",55089,"Ozaukee County",Wisconsin,"Lake States",235.28,"NASS 2017 Census","mature-market medium",40,276.00,dt,17368000,4793568000,BTU,1.17,Crop
"agriculture land","Agricultural residues","Pruning residues, noncitrus",55107,"Rusk County",Wisconsin,"Lake States",930.86,"NASS 2017 Census",near-term,40,15.70,dt,17368000,272677600,BTU,0.02,Crop
"agriculture land","Agricultural residues","Pruning residues, noncitrus",55107,"Rusk County",Wisconsin,"Lake States",930.86,"NASS 2017 Census","mature-market medium",40,15.70,dt,17368000,272677600,BTU,0.02,Crop
"agriculture land","Agricultural residues","Pruning residues, noncitrus",55111,"Sauk County",Wisconsin,"Lake States",849.19,"NASS 2017 Census","mature-market low",40,109.80,dt,17368000,1907006400,BTU,0.13,Crop
"agriculture land","Agricultural residues","Pruning residues, noncitrus",55081,"Monroe County",Wisconsin,"Lake States",908.08,"NASS 2017 Census",emerging,40,113.00,dt,17368000,1962584000,BTU,0.12,Crop
"agriculture land","Intermediate oilseeds",Pennycress,55123,"Vernon County",Wisconsin,"Lake States",816.38,POLYSYS,"mature-market medium",400,12886.62,dt,23288300,300107472546,BTU,15.79,Crop
"agriculture land","Energy crops, woody",Willow,55137,"Waushara County",Wisconsin,"Lake States",637.4,POLYSYS,"mature-market high",70,2324.00,dt,17296000,40195904000,BTU,3.65,Pasture
"agriculture land","Intermediate oilseeds",Pennycress,55141,"Wood County",Wisconsin,"Lake States",809.25,POLYSYS,"mature-market medium",400,10974.11,dt,23288300,255568365913,BTU,13.56,Crop
"agriculture land","Agricultural residues","Corn stover",55105,"Rock County",Wisconsin,"Lake States",726.16,POLYSYS,emerging,70,662723.00,dt,15722000,10419331006000,BTU,912.64,Crop
"agriculture land","Energy crops, herbaceous",Miscanthus,55041,"Forest County",Wisconsin,"Lake States",1046.52,POLYSYS,emerging,70,13551.00,dt,16660000,225759660000,BTU,12.95,Pasture
"agriculture land","Intermediate oilseeds",Pennycress,55079,"Milwaukee County",Wisconsin,"Lake States",242.17,POLYSYS,"mature-market high",400,629.12,dt,23288300,14651135296,BTU,2.60,Crop
"agriculture land","Agricultural residues","Pruning residues, noncitrus",55023,"Crawford County",Wisconsin,"Lake States",599.21,"NASS 2017 Census",emerging,40,19.80,dt,17368000,343886400,BTU,0.03,Crop
"agriculture land","Agricultural residues","Pruning residues, noncitrus",55067,"Langlade County",Wisconsin,"Lake States",887.79,"NASS 2017 Census",near-term,40,2.90,dt,17368000,50367200,BTU,0.00,Crop
"agriculture land","Intermediate oilseeds",Pennycress,55099,"Price County",Wisconsin,"Lake States",1278.04,POLYSYS,"mature-market low",400,874.41,dt,23288300,20363522403,BTU,0.68,Crop
"agriculture land","Agricultural residues","Pruning residues, noncitrus",55137,"Waushara County",Wisconsin,"Lake States",637.4,"NASS 2017 Census",near-term,40,16.20,dt,17368000,281361600,BTU,0.03,Crop
"agriculture land","Agricultural residues","Pruning residues, noncitrus",55073,"Marathon County",Wisconsin,"Lake States",1576.33,"NASS 2017 Census","mature-market high",40,126.00,dt,17368000,2188368000,BTU,0.08,Crop
"agriculture land","Agricultural residues","Pruning residues, noncitrus",55043,"Grant County",Wisconsin,"Lake States",1183.37,"NASS 2017 Census",near-term,40,11.40,dt,17368000,197995200,BTU,0.01,Crop
"agriculture land","Agricultural residues","Pruning residues, noncitrus",55113,"Sawyer County",Wisconsin,"Lake States",1350.24,"NASS 2017 Census",near-term,40,443.00,dt,17368000,7694024000,BTU,0.33,Crop
"agriculture land","Energy crops, woody",Willow,55123,"Vernon County",Wisconsin,"Lake States",816.38,POLYSYS,"mature-market high",70,4154.00,dt,17296000,71847584000,BTU,5.09,Pasture
"agriculture land","Agricultural residues","Oats straw",55121,"Trempealeau County",Wisconsin,"Lake States",741.98,POLYSYS,"mature-market high",70,0.00,dt,14892000,0,BTU,0.00,Crop
"agriculture land","Agricultural residues","Pruning residues, noncitrus",55127,"Walworth County",Wisconsin,"Lake States",576.6,"NASS 2017 Census",near-term,40,40.60,dt,17368000,705140800,BTU,0.07,Crop
"agriculture land","Energy crops, herbaceous",Switchgrass,55113,"Sawyer County",Wisconsin,"Lake States",1350.24,POLYSYS,"mature-market high",70,0.00,dt,16424000,0,BTU,0.00,Pasture
"agriculture land","Energy crops, herbaceous",Miscanthus,55025,"Dane County",Wisconsin,"Lake States",1237.5,POLYSYS,"mature-market high",70,75677.00,dt,16660000,1260778820000,BTU,61.15,Pasture
"agriculture land","Agricultural residues","Oats straw",55093,"Pierce County",Wisconsin,"Lake States",592.73,POLYSYS,emerging,70,0.00,dt,14892000,0,BTU,0.00,Crop
"agriculture land","Agricultural residues","Pruning residues, noncitrus",55033,"Dunn County",Wisconsin,"Lake States",863.89,"NASS 2017 Census",emerging,40,32.20,dt,17368000,559249600,BTU,0.04,Crop
"agriculture land","Agricultural residues","Pruning residues, noncitrus",55123,"Vernon County",Wisconsin,"Lake States",816.38,"NASS 2017 Census","mature-market medium",40,236.90,dt,17368000,4114479200,BTU,0.29,Crop
"agriculture land","Agricultural residues","Pruning residues, noncitrus",55019,"Clark County",Wisconsin,"Lake States",1218.67,"NASS 2017 Census","mature-market high",40,36.40,dt,17368000,632195200,BTU,0.03,Crop
"agriculture land","Intermediate oilseeds",Pennycress,55067,"Langlade County",Wisconsin,"Lake States",887.79,POLYSYS,"mature-market high",400,2858.58,dt,23288300,66571468614,BTU,3.22,Crop
"agriculture land","Agricultural residues","Wheat straw",55065,"Lafayette County",Wisconsin,"Lake States",634.57,POLYSYS,near-term,70,0.00,dt,14892000,0,BTU,0.00,Crop
"agriculture land","Agricultural residues","Oats straw",55087,"Outagamie County",Wisconsin,"Lake States",644.61,POLYSYS,"mature-market high",70,0.00,dt,14892000,0,BTU,0.00,Crop
"agriculture land","Intermediate oilseeds",Pennycress,55039,"Fond du Lac County",Wisconsin,"Lake States",765.84,POLYSYS,"mature-market low",400,27470.49,dt,23288300,639741012267,BTU,35.87,Crop
"agriculture land","Agricultural residues","Pruning residues, noncitrus",55019,"Clark County",Wisconsin,"Lake States",1218.67,"NASS 2017 Census",emerging,40,84.10,dt,17368000,1460648800,BTU,0.07,Crop
"agriculture land","Agricultural residues","Pruning residues, noncitrus",55107,"Rusk County",Wisconsin,"Lake States",930.86,"NASS 2017 Census","mature-market medium",40,2.10,dt,17368000,36472800,BTU,0.00,Crop
"agriculture land","Energy crops, herbaceous",Switchgrass,55097,"Portage County",Wisconsin,"Lake States",822.82,POLYSYS,"mature-market medium",70,0.00,dt,16424000,0,BTU,0.00,Pasture
"agriculture land","Agricultural residues","Pruning residues, noncitrus",55067,"Langlade County",Wisconsin,"Lake States",887.79,"NASS 2017 Census","mature-market high",40,2.90,dt,17368000,50367200,BTU,0.00,Crop
"agriculture land","Agricultural residues","Corn stover",55115,"Shawano County",Wisconsin,"Lake States",909.4,POLYSYS,"mature-market medium",70,78001.00,dt,15722000,1226331722000,BTU,85.77,Crop
"agriculture land","Agricultural residues","Wheat straw",55071,"Manitowoc County",Wisconsin,"Lake States",594.62,POLYSYS,"mature-market low",70,0.00,dt,14892000,0,BTU,0.00,Crop
"agriculture land","Agricultural residues","Pruning residues, tree nuts",55083,"Oconto County",Wisconsin,"Lake States",1016.31,"NASS 2017 Census",emerging,40,3.90,dt,17368000,67735200,BTU,0.00,Crop
"agriculture land","Agricultural residues","Pruning residues, noncitrus",55085,"Oneida County",Wisconsin,"Lake States",1236.57,"NASS 2017 Census","mature-market high",40,873.60,dt,17368000,15172684800,BTU,0.71,Crop
"agriculture land","Energy crops, herbaceous",Miscanthus,55053,"Jackson County",Wisconsin,"Lake States",1000.48,POLYSYS,"mature-market medium",70,6477.00,dt,16660000,107906820000,BTU,6.47,Pasture
"agriculture land","Agricultural residues","Wheat straw",55015,"Calumet County",Wisconsin,"Lake States",397.08,POLYSYS,near-term,70,0.00,dt,14892000,0,BTU,0.00,Crop
"agriculture land","Agricultural residues","Oats straw",55001,"Adams County",Wisconsin,"Lake States",687.48,POLYSYS,near-term,70,0.00,dt,14892000,0,BTU,0.00,Crop
"agriculture land","Agricultural residues","Pruning residues, noncitrus",55105,"Rock County",Wisconsin,"Lake States",726.16,"NASS 2017 Census","mature-market high",40,91.60,dt,17368000,1590908800,BTU,0.13,Crop
"agriculture land","Energy crops, woody",Willow,55019,"Clark County",Wisconsin,"Lake States",1218.67,POLYSYS,"mature-market medium",70,6395.00,dt,17296000,110607920000,BTU,5.25,Pasture
"agriculture land","Energy crops, herbaceous",Switchgrass,55067,"Langlade County",Wisconsin,"Lake States",887.79,POLYSYS,"mature-market medium",70,28455.00,dt,16424000,467344920000,BTU,32.05,Crop
"agriculture land","Agricultural residues","Wheat straw",55121,"Trempealeau County",Wisconsin,"Lake States",741.98,POLYSYS,"mature-market low",70,0.00,dt,14892000,0,BTU,0.00,Crop
"agriculture land","Agricultural residues","Corn stover",55099,"Price County",Wisconsin,"Lake States",1278.04,POLYSYS,emerging,70,5790.00,dt,15722000,91030380000,BTU,4.53,Crop
"agriculture land","Agricultural residues","Pruning residues, noncitrus",55085,"Oneida County",Wisconsin,"Lake States",1236.57,"NASS 2017 Census","mature-market high",40,2.90,dt,17368000,50367200,BTU,0.00,Crop
"agriculture land","Energy crops, woody",Willow,55067,"Langlade County",Wisconsin,"Lake States",887.79,POLYSYS,"mature-market high",70,42709.00,dt,17296000,738694864000,BTU,48.11,Crop
"agriculture land","Energy crops, woody",Poplar,55113,"Sawyer County",Wisconsin,"Lake States",1350.24,POLYSYS,emerging,70,698.00,dt,16904000,11798992000,BTU,0.52,Pasture
"agriculture land","Agricultural residues","Pruning residues, noncitrus",55127,"Walworth County",Wisconsin,"Lake States",576.6,"NASS 2017 Census","mature-market high",40,40.60,dt,17368000,705140800,BTU,0.07,Crop
"agriculture land","Energy crops, woody",Poplar,55003,"Ashland County",Wisconsin,"Lake States",1054.13,POLYSYS,"mature-market low",70,474.00,dt,16904000,8012496000,BTU,0.45,Pasture
"agriculture land","Agricultural residues","Corn stover",55095,"Polk County",Wisconsin,"Lake States",956.41,POLYSYS,emerging,70,175048.00,dt,15722000,2752104656000,BTU,183.03,Crop
"agriculture land","Agricultural residues","Pruning residues, noncitrus",55095,"Polk County",Wisconsin,"Lake States",956.41,"NASS 2017 Census",near-term,40,227.60,dt,17368000,3952956800,BTU,0.24,Crop
"agriculture land","Agricultural residues","Pruning residues, noncitrus",55131,"Washington County",Wisconsin,"Lake States",435.66,"NASS 2017 Census",emerging,40,66.60,dt,17368000,1156708800,BTU,0.15,Crop
"agriculture land","Agricultural residues","Pruning residues, tree nuts",55003,"Ashland County",Wisconsin,"Lake States",1054.13,"NASS 2017 Census","mature-market low",40,1.30,dt,17368000,22578400,BTU,0.00,Crop
"agriculture land","Agricultural residues","Pruning residues, noncitrus",55085,"Oneida County",Wisconsin,"Lake States",1236.57,"NASS 2017 Census",near-term,40,873.60,dt,17368000,15172684800,BTU,0.71,Crop
"agriculture land","Energy crops, herbaceous",Miscanthus,55031,"Douglas County",Wisconsin,"Lake States",1332.11,POLYSYS,"mature-market medium",70,33763.00,dt,16660000,562491580000,BTU,25.35,Pasture
"agriculture land","Intermediate oilseeds",Pennycress,55113,"Sawyer County",Wisconsin,"Lake States",1350.24,POLYSYS,"mature-market low",400,1471.38,dt,23288300,34265938854,BTU,1.09,Crop
"agriculture land","Agricultural residues","Pruning residues, noncitrus",55029,"Door County",Wisconsin,"Lake States",487.56,"NASS 2017 Census",near-term,40,1161.70,dt,17368000,20176405600,BTU,2.38,Crop
"agriculture land","Energy crops, herbaceous",Miscanthus,55063,"La Crosse County",Wisconsin,"Lake States",480.05,POLYSYS,emerging,70,4092.00,dt,16660000,68172720000,BTU,8.52,Pasture
"agriculture land","Agricultural residues","Pruning residues, noncitrus",55021,"Columbia County",Wisconsin,"Lake States",795.99,"NASS 2017 Census",near-term,40,76.60,dt,17368000,1330388800,BTU,0.10,Crop
"agriculture land","Agricultural residues","Pruning residues, noncitrus",55121,"Trempealeau County",Wisconsin,"Lake States",741.98,"NASS 2017 Census",near-term,40,486.20,dt,17368000,8444321600,BTU,0.66,Crop
"agriculture land","Agricultural residues","Pruning residues, noncitrus",55019,"Clark County",Wisconsin,"Lake States",1218.67,"NASS 2017 Census","mature-market low",40,84.10,dt,17368000,1460648800,BTU,0.07,Crop
"agriculture land","Intermediate oilseeds",Pennycress,55049,"Iowa County",Wisconsin,"Lake States",768.05,POLYSYS,"mature-market low",400,17419.68,dt,23288300,405674733744,BTU,22.68,Crop
"agriculture land","Agricultural residues","Wheat straw",55055,"Jefferson County",Wisconsin,"Lake States",582.74,POLYSYS,"mature-market low",70,0.00,dt,14892000,0,BTU,0.00,Crop
"agriculture land","Energy crops, herbaceous",Miscanthus,55019,"Clark County",Wisconsin,"Lake States",1218.67,POLYSYS,emerging,70,499300.00,dt,16660000,8318338000000,BTU,409.71,Crop
"agriculture land","Energy crops, woody",Poplar,55001,"Adams County",Wisconsin,"Lake States",687.48,POLYSYS,emerging,70,170.00,dt,16904000,2873680000,BTU,0.25,Pasture
"agriculture land","Energy crops, herbaceous",Miscanthus,55049,"Iowa County",Wisconsin,"Lake States",768.05,POLYSYS,"mature-market low",70,4084.00,dt,16660000,68039440000,BTU,5.32,Pasture
"agriculture land","Agricultural residues","Pruning residues, noncitrus",55141,"Wood County",Wisconsin,"Lake States",809.25,"NASS 2017 Census","mature-market high",40,59.80,dt,17368000,1038606400,BTU,0.07,Crop
"agriculture land","Agricultural residues","Oats straw",55137,"Waushara County",Wisconsin,"Lake States",637.4,POLYSYS,"mature-market medium",70,0.00,dt,14892000,0,BTU,0.00,Crop
"agriculture land","Agricultural residues","Corn stover",55011,"Buffalo County",Wisconsin,"Lake States",709.59,POLYSYS,"mature-market medium",70,16308.00,dt,15722000,256394376000,BTU,22.98,Crop
"agriculture land","Agricultural residues","Corn stover",55027,"Dodge County",Wisconsin,"Lake States",907.1,POLYSYS,"mature-market low",70,350245.00,dt,15722000,5506551890000,BTU,386.12,Crop
"agriculture land","Agricultural residues","Pruning residues, noncitrus",55077,"Marquette County",Wisconsin,"Lake States",464.47,"NASS 2017 Census",near-term,40,41.50,dt,17368000,720772000,BTU,0.09,Crop
"agriculture land","Agricultural residues","Wheat straw",55081,"Monroe County",Wisconsin,"Lake States",908.08,POLYSYS,"mature-market medium",70,0.00,dt,14892000,0,BTU,0.00,Crop
"agriculture land","Agricultural residues","Pruning residues, noncitrus",55065,"Lafayette County",Wisconsin,"Lake States",634.57,"NASS 2017 Census","mature-market medium",40,11.60,dt,17368000,201468800,BTU,0.02,Crop
"agriculture land","Energy crops, woody",Willow,55071,"Manitowoc County",Wisconsin,"Lake States",594.62,POLYSYS,"mature-market low",70,708.00,dt,17296000,12245568000,BTU,1.19,Pasture
"agriculture land","Agricultural residues","Pruning residues, noncitrus",55033,"Dunn County",Wisconsin,"Lake States",863.89,"NASS 2017 Census",emerging,40,63.20,dt,17368000,1097657600,BTU,0.07,Crop
"agriculture land","Intermediate oilseeds",Pennycress,55019,"Clark County",Wisconsin,"Lake States",1218.67,POLYSYS,"mature-market medium",400,32376.63,dt,23288300,753996672429,BTU,26.57,Crop
"agriculture land","Intermediate oilseeds",Pennycress,55077,"Marquette County",Wisconsin,"Lake States",464.47,POLYSYS,"mature-market low",400,9354.73,dt,23288300,217855758659,BTU,20.14,Crop
"agriculture land","Agricultural residues","Pruning residues, noncitrus",55103,"Richland County",Wisconsin,"Lake States",589.3,"NASS 2017 Census",emerging,40,1.00,dt,17368000,17368000,BTU,0.00,Crop
"agriculture land","Agricultural residues","Corn stover",55017,"Chippewa County",Wisconsin,"Lake States",1041.27,POLYSYS,"mature-market high",70,384908.00,dt,15722000,6051523576000,BTU,369.65,Crop
"agriculture land","Energy crops, woody",Willow,55025,"Dane County",Wisconsin,"Lake States",1237.5,POLYSYS,"mature-market medium",70,13606.00,dt,17296000,235329376000,BTU,10.99,Pasture
"agriculture land","Energy crops, herbaceous",Miscanthus,55081,"Monroe County",Wisconsin,"Lake States",908.08,POLYSYS,emerging,70,286917.00,dt,16660000,4780037220000,BTU,315.96,Crop
"agriculture land","Agricultural residues","Wheat straw",55123,"Vernon County",Wisconsin,"Lake States",816.38,POLYSYS,"mature-market medium",70,0.00,dt,14892000,0,BTU,0.00,Crop
"agriculture land","Intermediate oilseeds",Pennycress,55097,"Portage County",Wisconsin,"Lake States",822.82,POLYSYS,"mature-market high",400,11327.16,dt,23288300,263790300228,BTU,13.77,Crop
"agriculture land","Agricultural residues","Pruning residues, noncitrus",55007,"Bayfield County",Wisconsin,"Lake States",1511.34,"NASS 2017 Census",emerging,40,365.10,dt,17368000,6341056800,BTU,0.24,Crop
"agriculture land","Energy crops, woody",Poplar,55099,"Price County",Wisconsin,"Lake States",1278.04,POLYSYS,"mature-market high",70,1920.00,dt,16904000,32455680000,BTU,1.50,Pasture
"agriculture land","Energy crops, woody",Poplar,55067,"Langlade County",Wisconsin,"Lake States",887.79,POLYSYS,"mature-market high",70,231.00,dt,16904000,3904824000,BTU,0.26,Pasture
"agriculture land","Agricultural residues","Corn stover",55011,"Buffalo County",Wisconsin,"Lake States",709.59,POLYSYS,"mature-market high",70,37849.00,dt,15722000,595061978000,BTU,53.34,Crop
"agriculture land","Intermediate oilseeds",Pennycress,55103,"Richland County",Wisconsin,"Lake States",589.3,POLYSYS,"mature-market low",400,8814.42,dt,23288300,205272857286,BTU,14.96,Crop
"agriculture land","Intermediate oilseeds",Pennycress,55105,"Rock County",Wisconsin,"Lake States",726.16,POLYSYS,"mature-market high",400,35041.90,dt,23288300,816066279770,BTU,48.26,Crop
"agriculture land","Agricultural residues","Pruning residues, noncitrus",55131,"Washington County",Wisconsin,"Lake States",435.66,"NASS 2017 Census","mature-market high",40,66.60,dt,17368000,1156708800,BTU,0.15,Crop
"agriculture land","Agricultural residues","Corn stover",55111,"Sauk County",Wisconsin,"Lake States",849.19,POLYSYS,"mature-market medium",70,81477.00,dt,15722000,1280981394000,BTU,95.95,Crop
"agriculture land","Agricultural residues","Pruning residues, noncitrus",55089,"Ozaukee County",Wisconsin,"Lake States",235.28,"NASS 2017 Census",emerging,40,276.00,dt,17368000,4793568000,BTU,1.17,Crop
"agriculture land","Energy crops, woody",Willow,55119,"Taylor County",Wisconsin,"Lake States",984.56,POLYSYS,"mature-market high",70,956.00,dt,17296000,16534976000,BTU,0.97,Pasture
"agriculture land","Agricultural residues","Wheat straw",55043,"Grant County",Wisconsin,"Lake States",1183.37,POLYSYS,"mature-market low",70,0.00,dt,14892000,0,BTU,0.00,Crop
"agriculture land","Energy crops, herbaceous",Miscanthus,55125,"Vilas County",Wisconsin,"Lake States",1017.72,POLYSYS,emerging,70,697.00,dt,16660000,11612020000,BTU,0.68,Pasture
"agriculture land","Agricultural residues","Pruning residues, noncitrus",55025,"Dane County",Wisconsin,"Lake States",1237.5,"NASS 2017 Census","mature-market medium",40,428.40,dt,17368000,7440451200,BTU,0.35,Crop
"agriculture land","Agricultural residues","Pruning residues, noncitrus",55007,"Bayfield County",Wisconsin,"Lake States",1511.34,"NASS 2017 Census",near-term,40,365.10,dt,17368000,6341056800,BTU,0.24,Crop
"agriculture land","Agricultural residues","Pruning residues, noncitrus",55117,"Sheboygan County",Wisconsin,"Lake States",517.64,"NASS 2017 Census",near-term,40,195.90,dt,17368000,3402391200,BTU,0.38,Crop
"agriculture land","Agricultural residues","Pruning residues, noncitrus",55035,"Eau Claire County",Wisconsin,"Lake States",645.2,"NASS 2017 Census",emerging,40,80.50,dt,17368000,1398124000,BTU,0.12,Crop
"agriculture land","Agricultural residues","Wheat straw",55097,"Portage County",Wisconsin,"Lake States",822.82,POLYSYS,"mature-market medium",70,0.00,dt,14892000,0,BTU,0.00,Crop
"agriculture land","Energy crops, herbaceous",Miscanthus,55037,"Florence County",Wisconsin,"Lake States",497.43,POLYSYS,"mature-market high",70,6648.00,dt,16660000,110755680000,BTU,13.36,Pasture
"agriculture land","Intermediate oilseeds",Pennycress,55129,"Washburn County",Wisconsin,"Lake States",853.32,POLYSYS,"mature-market medium",400,3473.82,dt,23288300,80899362306,BTU,4.07,Crop
"agriculture land","Agricultural residues","Oats straw",55073,"Marathon County",Wisconsin,"Lake States",1576.33,POLYSYS,"mature-market low",70,0.00,dt,14892000,0,BTU,0.00,Crop
"agriculture land","Energy crops, woody",Willow,55091,"Pepin County",Wisconsin,"Lake States",248.7,POLYSYS,"mature-market medium",70,203.00,dt,17296000,3511088000,BTU,0.82,Pasture
"agriculture land","Agricultural residues","Corn stover",55093,"Pierce County",Wisconsin,"Lake States",592.73,POLYSYS,"mature-market medium",70,153138.00,dt,15722000,2407635636000,BTU,258.36,Crop
"agriculture land","Agricultural residues","Pruning residues, noncitrus",55071,"Manitowoc County",Wisconsin,"Lake States",594.62,"NASS 2017 Census","mature-market high",40,49.50,dt,17368000,859716000,BTU,0.08,Crop
"agriculture land","Energy crops, woody",Willow,55101,"Racine County",Wisconsin,"Lake States",340.39,POLYSYS,"mature-market high",70,191.00,dt,17296000,3303536000,BTU,0.56,Pasture
"agriculture land","Agricultural residues","Pruning residues, noncitrus",55093,"Pierce County",Wisconsin,"Lake States",592.73,"NASS 2017 Census","mature-market medium",40,151.10,dt,17368000,2624304800,BTU,0.25,Crop
"agriculture land","Energy crops, herbaceous",Miscanthus,55059,"Kenosha County",Wisconsin,"Lake States",278.42,POLYSYS,"mature-market low",70,1096.00,dt,16660000,18259360000,BTU,3.94,Pasture
"agriculture land","Agricultural residues","Oats straw",55111,"Sauk County",Wisconsin,"Lake States",849.19,POLYSYS,emerging,70,0.00,dt,14892000,0,BTU,0.00,Crop
"agriculture land","Agricultural residues","Wheat straw",55105,"Rock County",Wisconsin,"Lake States",726.16,POLYSYS,"mature-market low",70,0.00,dt,14892000,0,BTU,0.00,Crop
"agriculture land","Agricultural residues","Pruning residues, noncitrus",55053,"Jackson County",Wisconsin,"Lake States",1000.48,"NASS 2017 Census","mature-market low",40,3669.10,dt,17368000,63724928800,BTU,3.67,Crop
"agriculture land","Energy crops, woody",Poplar,55141,"Wood County",Wisconsin,"Lake States",809.25,POLYSYS,emerging,70,1886.00,dt,16904000,31880944000,BTU,2.33,Pasture
"agriculture land","Agricultural residues","Corn stover",55113,"Sawyer County",Wisconsin,"Lake States",1350.24,POLYSYS,"mature-market low",70,6762.00,dt,15722000,106312164000,BTU,5.01,Crop
"agriculture land","Agricultural residues","Pruning residues, noncitrus",55119,"Taylor County",Wisconsin,"Lake States",984.56,"NASS 2017 Census",near-term,40,4.20,dt,17368000,72945600,BTU,0.00,Crop
"agriculture land","Intermediate oilseeds",Pennycress,55103,"Richland County",Wisconsin,"Lake States",589.3,POLYSYS,"mature-market medium",400,8814.42,dt,23288300,205272857286,BTU,14.96,Crop
"agriculture land","Energy crops, herbaceous",Miscanthus,55073,"Marathon County",Wisconsin,"Lake States",1576.33,POLYSYS,"mature-market high",70,114833.00,dt,16660000,1913117780000,BTU,72.85,Pasture
"agriculture land","Agricultural residues","Pruning residues, noncitrus",55093,"Pierce County",Wisconsin,"Lake States",592.73,"NASS 2017 Census",emerging,40,33.30,dt,17368000,578354400,BTU,0.06,Crop
"agriculture land","Intermediate oilseeds",Pennycress,55023,"Crawford County",Wisconsin,"Lake States",599.21,POLYSYS,emerging,400,7967.99,dt,23288300,185560941517,BTU,13.30,Crop
"agriculture land","Agricultural residues","Pruning residues, noncitrus",55007,"Bayfield County",Wisconsin,"Lake States",1511.34,"NASS 2017 Census","mature-market medium",40,365.10,dt,17368000,6341056800,BTU,0.24,Crop
"agriculture land","Agricultural residues","Pruning residues, noncitrus",55095,"Polk County",Wisconsin,"Lake States",956.41,"NASS 2017 Census","mature-market low",40,15.60,dt,17368000,270940800,BTU,0.02,Crop
"agriculture land","Agricultural residues","Oats straw",55083,"Oconto County",Wisconsin,"Lake States",1016.31,POLYSYS,"mature-market high",70,0.00,dt,14892000,0,BTU,0.00,Crop
"agriculture land","Energy crops, herbaceous",Miscanthus,55067,"Langlade County",Wisconsin,"Lake States",887.79,POLYSYS,"mature-market medium",70,69922.00,dt,16660000,1164900520000,BTU,78.76,Crop
"agriculture land","Agricultural residues","Oats straw",55113,"Sawyer County",Wisconsin,"Lake States",1350.24,POLYSYS,emerging,70,0.00,dt,14892000,0,BTU,0.00,Crop
"agriculture land","Agricultural residues","Pruning residues, noncitrus",55009,"Brown County",Wisconsin,"Lake States",531.24,"NASS 2017 Census","mature-market medium",40,63.40,dt,17368000,1101131200,BTU,0.12,Crop
"agriculture land","Agricultural residues","Pruning residues, tree nuts",55023,"Crawford County",Wisconsin,"Lake States",599.21,"NASS 2017 Census","mature-market high",40,9.20,dt,17368000,159785600,BTU,0.02,Crop
"agriculture land","Agricultural residues","Pruning residues, noncitrus",55079,"Milwaukee County",Wisconsin,"Lake States",242.17,"NASS 2017 Census",near-term,40,1.00,dt,17368000,17368000,BTU,0.00,Crop
"agriculture land","Agricultural residues","Corn stover",55087,"Outagamie County",Wisconsin,"Lake States",644.61,POLYSYS,emerging,70,116955.00,dt,15722000,1838766510000,BTU,181.44,Crop
"agriculture land","Agricultural residues","Oats straw",55025,"Dane County",Wisconsin,"Lake States",1237.5,POLYSYS,"mature-market low",70,0.00,dt,14892000,0,BTU,0.00,Crop
"agriculture land","Agricultural residues","Oats straw",55077,"Marquette County",Wisconsin,"Lake States",464.47,POLYSYS,"mature-market high",70,0.00,dt,14892000,0,BTU,0.00,Crop
"agriculture land","Agricultural residues","Wheat straw",55111,"Sauk County",Wisconsin,"Lake States",849.19,POLYSYS,"mature-market medium",70,0.00,dt,14892000,0,BTU,0.00,Crop
"agriculture land","Agricultural residues","Corn stover",55079,"Milwaukee County",Wisconsin,"Lake States",242.17,POLYSYS,near-term,70,0.00,dt,15722000,0,BTU,0.00,Crop
"agriculture land","Intermediate oilseeds",Pennycress,55089,"Ozaukee County",Wisconsin,"Lake States",235.28,POLYSYS,"mature-market high",400,5760.80,dt,23288300,134159238640,BTU,24.48,Crop
"agriculture land","Agricultural residues","Oats straw",55101,"Racine County",Wisconsin,"Lake States",340.39,POLYSYS,near-term,70,0.00,dt,14892000,0,BTU,0.00,Crop
"agriculture land","Energy crops, woody",Willow,55095,"Polk County",Wisconsin,"Lake States",956.41,POLYSYS,"mature-market high",70,3404.00,dt,17296000,58875584000,BTU,3.56,Pasture
"agriculture land","Energy crops, woody",Willow,55121,"Trempealeau County",Wisconsin,"Lake States",741.98,POLYSYS,"mature-market high",70,8786.00,dt,17296000,151962656000,BTU,11.84,Crop
"agriculture land","Agricultural residues","Oats straw",55055,"Jefferson County",Wisconsin,"Lake States",582.74,POLYSYS,near-term,70,0.00,dt,14892000,0,BTU,0.00,Crop
"agriculture land","Agricultural residues","Wheat straw",55053,"Jackson County",Wisconsin,"Lake States",1000.48,POLYSYS,near-term,70,0.00,dt,14892000,0,BTU,0.00,Crop
"agriculture land","Energy crops, herbaceous",Miscanthus,55069,"Lincoln County",Wisconsin,"Lake States",906.79,POLYSYS,"mature-market medium",70,57383.00,dt,16660000,956000780000,BTU,63.28,Crop
"agriculture land","Energy crops, herbaceous",Miscanthus,55113,"Sawyer County",Wisconsin,"Lake States",1350.24,POLYSYS,emerging,70,27448.00,dt,16660000,457283680000,BTU,20.33,Crop
"agriculture land","Energy crops, herbaceous",Miscanthus,55051,"Iron County",Wisconsin,"Lake States",802.62,POLYSYS,emerging,70,3254.00,dt,16660000,54211640000,BTU,4.05,Crop
"agriculture land","Agricultural residues","Corn stover",55111,"Sauk County",Wisconsin,"Lake States",849.19,POLYSYS,"mature-market high",70,181090.00,dt,15722000,2847096980000,BTU,213.25,Crop
"agriculture land","Energy crops, woody",Willow,55007,"Bayfield County",Wisconsin,"Lake States",1511.34,POLYSYS,"mature-market medium",70,1352.00,dt,17296000,23384192000,BTU,0.89,Pasture
"agriculture land","Agricultural residues","Wheat straw",55043,"Grant County",Wisconsin,"Lake States",1183.37,POLYSYS,emerging,70,0.00,dt,14892000,0,BTU,0.00,Crop
"agriculture land","Agricultural residues","Corn stover",55101,"Racine County",Wisconsin,"Lake States",340.39,POLYSYS,"mature-market high",70,114005.00,dt,15722000,1792386610000,BTU,334.92,Crop
"agriculture land","Agricultural residues","Oats straw",55113,"Sawyer County",Wisconsin,"Lake States",1350.24,POLYSYS,"mature-market high",70,0.00,dt,14892000,0,BTU,0.00,Crop
"agriculture land","Agricultural residues","Corn stover",55117,"Sheboygan County",Wisconsin,"Lake States",517.64,POLYSYS,emerging,70,96493.00,dt,15722000,1517062946000,BTU,186.41,Crop
"agriculture land","Agricultural residues","Wheat straw",55105,"Rock County",Wisconsin,"Lake States",726.16,POLYSYS,emerging,70,0.00,dt,14892000,0,BTU,0.00,Crop
"agriculture land","Agricultural residues","Corn stover",55055,"Jefferson County",Wisconsin,"Lake States",582.74,POLYSYS,"mature-market high",70,358132.00,dt,15722000,5630551304000,BTU,614.57,Crop
"agriculture land","Agricultural residues","Corn stover",55141,"Wood County",Wisconsin,"Lake States",809.25,POLYSYS,"mature-market high",70,129003.00,dt,15722000,2028185166000,BTU,159.41,Crop
"agriculture land","Energy crops, herbaceous",Miscanthus,55133,"Waukesha County",Wisconsin,"Lake States",580.54,POLYSYS,"mature-market low",70,930.00,dt,16660000,15493800000,BTU,1.60,Pasture
"agriculture land","Agricultural residues","Wheat straw",55059,"Kenosha County",Wisconsin,"Lake States",278.42,POLYSYS,near-term,70,0.00,dt,14892000,0,BTU,0.00,Crop
"agriculture land","Agricultural residues","Oats straw",55039,"Fond du Lac County",Wisconsin,"Lake States",765.84,POLYSYS,"mature-market high",70,0.00,dt,14892000,0,BTU,0.00,Crop
"agriculture land","Intermediate oilseeds",Pennycress,55121,"Trempealeau County",Wisconsin,"Lake States",741.98,POLYSYS,"mature-market medium",400,20363.62,dt,23288300,474234091646,BTU,27.44,Crop
"agriculture land","Agricultural residues","Corn stover",55049,"Iowa County",Wisconsin,"Lake States",768.05,POLYSYS,"mature-market low",70,143453.00,dt,15722000,2255368066000,BTU,186.78,Crop
"agriculture land","Energy crops, herbaceous",Miscanthus,55045,"Green County",Wisconsin,"Lake States",584.55,POLYSYS,"mature-market low",70,40333.00,dt,16660000,671947780000,BTU,69.00,Pasture
"agriculture land","Energy crops, woody",Willow,55025,"Dane County",Wisconsin,"Lake States",1237.5,POLYSYS,"mature-market high",70,14714.00,dt,17296000,254493344000,BTU,11.89,Pasture
"agriculture land","Agricultural residues","Corn stover",55103,"Richland County",Wisconsin,"Lake States",589.3,POLYSYS,"mature-market medium",70,22735.00,dt,15722000,357439670000,BTU,38.58,Crop
"agriculture land","Agricultural residues","Corn stover",55067,"Langlade County",Wisconsin,"Lake States",887.79,POLYSYS,"mature-market medium",70,672.00,dt,15722000,10565184000,BTU,0.76,Crop
"agriculture land","Agricultural residues","Oats straw",55005,"Barron County",Wisconsin,"Lake States",889.76,POLYSYS,near-term,70,0.00,dt,14892000,0,BTU,0.00,Crop
"agriculture land","Energy crops, herbaceous",Miscanthus,55037,"Florence County",Wisconsin,"Lake States",497.43,POLYSYS,emerging,70,0.00,dt,16660000,0,BTU,0.00,Crop
"agriculture land","Agricultural residues","Wheat straw",55071,"Manitowoc County",Wisconsin,"Lake States",594.62,POLYSYS,near-term,70,0.00,dt,14892000,0,BTU,0.00,Crop
"agriculture land","Agricultural residues","Oats straw",55093,"Pierce County",Wisconsin,"Lake States",592.73,POLYSYS,"mature-market low",70,0.00,dt,14892000,0,BTU,0.00,Crop
"agriculture land","Energy crops, herbaceous",Miscanthus,55007,"Bayfield County",Wisconsin,"Lake States",1511.34,POLYSYS,emerging,70,23772.00,dt,16660000,396041520000,BTU,15.73,Pasture
"agriculture land","Energy crops, woody",Poplar,55009,"Brown County",Wisconsin,"Lake States",531.24,POLYSYS,"mature-market high",70,1006.00,dt,16904000,17005424000,BTU,1.89,Pasture
"agriculture land","Agricultural residues","Oats straw",55019,"Clark County",Wisconsin,"Lake States",1218.67,POLYSYS,"mature-market high",70,0.00,dt,14892000,0,BTU,0.00,Crop
"agriculture land","Agricultural residues","Wheat straw",55129,"Washburn County",Wisconsin,"Lake States",853.32,POLYSYS,"mature-market low",70,0.00,dt,14892000,0,BTU,0.00,Crop
"agriculture land","Agricultural residues","Wheat straw",55109,"St. Croix County",Wisconsin,"Lake States",735.19,POLYSYS,"mature-market low",70,0.00,dt,14892000,0,BTU,0.00,Crop
"agriculture land","Energy crops, herbaceous",Miscanthus,55065,"Lafayette County",Wisconsin,"Lake States",634.57,POLYSYS,"mature-market high",70,8884.00,dt,16660000,148007440000,BTU,14.00,Pasture
"agriculture land","Energy crops, herbaceous",Miscanthus,55135,"Waupaca County",Wisconsin,"Lake States",765.17,POLYSYS,emerging,70,29518.00,dt,16660000,491769880000,BTU,38.58,Pasture
"agriculture land","Agricultural residues","Corn stover",55079,"Milwaukee County",Wisconsin,"Lake States",242.17,POLYSYS,"mature-market medium",70,0.00,dt,15722000,0,BTU,0.00,Crop
"agriculture land","Agricultural residues","Wheat straw",55045,"Green County",Wisconsin,"Lake States",584.55,POLYSYS,near-term,70,0.00,dt,14892000,0,BTU,0.00,Crop
"agriculture land","Agricultural residues","Corn stover",55079,"Milwaukee County",Wisconsin,"Lake States",242.17,POLYSYS,"mature-market high",70,0.00,dt,15722000,0,BTU,0.00,Crop
"agriculture land","Agricultural residues","Corn stover",55107,"Rusk County",Wisconsin,"Lake States",930.86,POLYSYS,near-term,70,8922.00,dt,15722000,140271684000,BTU,9.58,Crop
"agriculture land","Energy crops, herbaceous",Miscanthus,55137,"Waushara County",Wisconsin,"Lake States",637.4,POLYSYS,"mature-market medium",70,5537.00,dt,16660000,92246420000,BTU,8.69,Pasture
"agriculture land","Intermediate oilseeds",Pennycress,55073,"Marathon County",Wisconsin,"Lake States",1576.33,POLYSYS,"mature-market low",400,34472.26,dt,23288300,802800332558,BTU,21.87,Crop
"agriculture land","Energy crops, woody",Willow,55141,"Wood County",Wisconsin,"Lake States",809.25,POLYSYS,"mature-market high",70,4843.00,dt,17296000,83764528000,BTU,5.98,Crop
"agriculture land","Energy crops, herbaceous",Switchgrass,55097,"Portage County",Wisconsin,"Lake States",822.82,POLYSYS,"mature-market high",70,0.00,dt,16424000,0,BTU,0.00,Pasture
"agriculture land","Intermediate oilseeds",Pennycress,55073,"Marathon County",Wisconsin,"Lake States",1576.33,POLYSYS,"mature-market high",400,34472.26,dt,23288300,802800332558,BTU,21.87,Crop
"agriculture land","Energy crops, herbaceous",Miscanthus,55101,"Racine County",Wisconsin,"Lake States",340.39,POLYSYS,"mature-market low",70,459.00,dt,16660000,7646940000,BTU,1.35,Pasture
"agriculture land","Agricultural residues","Wheat straw",55103,"Richland County",Wisconsin,"Lake States",589.3,POLYSYS,"mature-market medium",70,0.00,dt,14892000,0,BTU,0.00,Crop
"agriculture land","Energy crops, herbaceous",Miscanthus,55023,"Crawford County",Wisconsin,"Lake States",599.21,POLYSYS,"mature-market medium",70,9132.00,dt,16660000,152139120000,BTU,15.24,Pasture
"agriculture land","Agricultural residues","Corn stover",55037,"Florence County",Wisconsin,"Lake States",497.43,POLYSYS,"mature-market medium",70,0.00,dt,15722000,0,BTU,0.00,Crop
"agriculture land","Energy crops, woody",Willow,55011,"Buffalo County",Wisconsin,"Lake States",709.59,POLYSYS,"mature-market medium",70,1201.00,dt,17296000,20772496000,BTU,1.69,Pasture
"agriculture land","Energy crops, woody",Willow,55011,"Buffalo County",Wisconsin,"Lake States",709.59,POLYSYS,emerging,70,1304.00,dt,17296000,22553984000,BTU,1.84,Pasture
"agriculture land","Intermediate oilseeds",Pennycress,55135,"Waupaca County",Wisconsin,"Lake States",765.17,POLYSYS,"mature-market low",400,14298.80,dt,23288300,332994744040,BTU,18.69,Crop
"agriculture land","Agricultural residues","Oats straw",55135,"Waupaca County",Wisconsin,"Lake States",765.17,POLYSYS,emerging,70,0.00,dt,14892000,0,BTU,0.00,Crop
"agriculture land","Energy crops, herbaceous",Miscanthus,55029,"Door County",Wisconsin,"Lake States",487.56,POLYSYS,emerging,70,162504.00,dt,16660000,2707316640000,BTU,333.30,Crop
"agriculture land","Agricultural residues","Wheat straw",55103,"Richland County",Wisconsin,"Lake States",589.3,POLYSYS,"mature-market low",70,0.00,dt,14892000,0,BTU,0.00,Crop
"agriculture land","Agricultural residues","Wheat straw",55035,"Eau Claire County",Wisconsin,"Lake States",645.2,POLYSYS,"mature-market medium",70,0.00,dt,14892000,0,BTU,0.00,Crop
"agriculture land","Energy crops, herbaceous",Miscanthus,55061,"Kewaunee County",Wisconsin,"Lake States",343.95,POLYSYS,"mature-market high",70,150936.00,dt,16660000,2514593760000,BTU,438.83,Crop
"agriculture land","Energy crops, herbaceous",Miscanthus,55099,"Price County",Wisconsin,"Lake States",1278.04,POLYSYS,"mature-market low",70,21225.00,dt,16660000,353608500000,BTU,16.61,Pasture
"agriculture land","Energy crops, woody",Willow,55077,"Marquette County",Wisconsin,"Lake States",464.47,POLYSYS,"mature-market high",70,2476.00,dt,17296000,42824896000,BTU,5.33,Pasture
"agriculture land","Agricultural residues","Oats straw",55091,"Pepin County",Wisconsin,"Lake States",248.7,POLYSYS,"mature-market medium",70,0.00,dt,14892000,0,BTU,0.00,Crop
"agriculture land","Agricultural residues","Corn stover",55027,"Dodge County",Wisconsin,"Lake States",907.1,POLYSYS,"mature-market medium",70,404843.00,dt,15722000,6364941646000,BTU,446.30,Crop
"agriculture land","Agricultural residues","Corn stover",55071,"Manitowoc County",Wisconsin,"Lake States",594.62,POLYSYS,near-term,70,0.00,dt,15722000,0,BTU,0.00,Crop
"agriculture land","Agricultural residues","Wheat straw",55111,"Sauk County",Wisconsin,"Lake States",849.19,POLYSYS,"mature-market high",70,0.00,dt,14892000,0,BTU,0.00,Crop
"agriculture land","Intermediate oilseeds",Pennycress,55077,"Marquette County",Wisconsin,"Lake States",464.47,POLYSYS,"mature-market medium",400,9354.73,dt,23288300,217855758659,BTU,20.14,Crop
"agriculture land","Energy crops, woody",Poplar,55031,"Douglas County",Wisconsin,"Lake States",1332.11,POLYSYS,"mature-market medium",70,365.00,dt,16904000,6169960000,BTU,0.27,Pasture
"agriculture land","Energy crops, woody",Willow,55029,"Door County",Wisconsin,"Lake States",487.56,POLYSYS,"mature-market high",70,76048.00,dt,17296000,1315326208000,BTU,155.98,Crop
"agriculture land","Energy crops, woody",Willow,55071,"Manitowoc County",Wisconsin,"Lake States",594.62,POLYSYS,emerging,70,7167.00,dt,17296000,123960432000,BTU,12.05,Pasture
"agriculture land","Energy crops, herbaceous",Miscanthus,55085,"Oneida County",Wisconsin,"Lake States",1236.57,POLYSYS,"mature-market medium",70,10847.00,dt,16660000,180711020000,BTU,8.77,Crop
"agriculture land","Energy crops, herbaceous",Miscanthus,55027,"Dodge County",Wisconsin,"Lake States",907.1,POLYSYS,emerging,70,38585.00,dt,16660000,642826100000,BTU,42.54,Pasture
"agriculture land","Agricultural residues","Corn stover",55125,"Vilas County",Wisconsin,"Lake States",1017.72,POLYSYS,near-term,70,0.00,dt,15722000,0,BTU,0.00,Crop
"agriculture land","Energy crops, herbaceous",Miscanthus,55141,"Wood County",Wisconsin,"Lake States",809.25,POLYSYS,"mature-market high",70,40591.00,dt,16660000,676246060000,BTU,50.16,Pasture
"agriculture land","Agricultural residues","Wheat straw",55053,"Jackson County",Wisconsin,"Lake States",1000.48,POLYSYS,"mature-market high",70,0.00,dt,14892000,0,BTU,0.00,Crop
"agriculture land","Energy crops, woody",Willow,55075,"Marinette County",Wisconsin,"Lake States",1429.25,POLYSYS,"mature-market high",70,2726.00,dt,17296000,47148896000,BTU,1.91,Pasture
"agriculture land","Agricultural residues","Oats straw",55127,"Walworth County",Wisconsin,"Lake States",576.6,POLYSYS,"mature-market high",70,0.00,dt,14892000,0,BTU,0.00,Crop
"agriculture land","Agricultural residues","Corn stover",55059,"Kenosha County",Wisconsin,"Lake States",278.42,POLYSYS,"mature-market medium",70,116853.00,dt,15722000,1837162866000,BTU,419.70,Crop
"agriculture land","Intermediate oilseeds",Pennycress,55007,"Bayfield County",Wisconsin,"Lake States",1511.34,POLYSYS,"mature-market medium",400,1040.39,dt,23288300,24228914437,BTU,0.69,Crop
"agriculture land","Agricultural residues","Wheat straw",55061,"Kewaunee County",Wisconsin,"Lake States",343.95,POLYSYS,"mature-market low",70,0.00,dt,14892000,0,BTU,0.00,Crop
"agriculture land","Agricultural residues","Corn stover",55067,"Langlade County",Wisconsin,"Lake States",887.79,POLYSYS,"mature-market low",70,702.00,dt,15722000,11036844000,BTU,0.79,Crop
"agriculture land","Intermediate oilseeds",Pennycress,55079,"Milwaukee County",Wisconsin,"Lake States",242.17,POLYSYS,"mature-market low",400,629.12,dt,23288300,14651135296,BTU,2.60,Crop
"agriculture land","Agricultural residues","Wheat straw",55045,"Green County",Wisconsin,"Lake States",584.55,POLYSYS,"mature-market high",70,0.00,dt,14892000,0,BTU,0.00,Crop
"agriculture land","Agricultural residues","Corn stover",55119,"Taylor County",Wisconsin,"Lake States",984.56,POLYSYS,"mature-market high",70,25079.00,dt,15722000,394292038000,BTU,25.47,Crop
"agriculture land","Energy crops, woody",Willow,55103,"Richland County",Wisconsin,"Lake States",589.3,POLYSYS,"mature-market medium",70,989.00,dt,17296000,17105744000,BTU,1.68,Pasture
"agriculture land","Agricultural residues","Oats straw",55019,"Clark County",Wisconsin,"Lake States",1218.67,POLYSYS,near-term,70,0.00,dt,14892000,0,BTU,0.00,Crop
"agriculture land","Intermediate oilseeds",Pennycress,55089,"Ozaukee County",Wisconsin,"Lake States",235.28,POLYSYS,"mature-market medium",400,5760.80,dt,23288300,134159238640,BTU,24.48,Crop
"agriculture land","Energy crops, herbaceous",Miscanthus,55099,"Price County",Wisconsin,"Lake States",1278.04,POLYSYS,emerging,70,27106.00,dt,16660000,451585960000,BTU,21.21,Crop
"agriculture land","Agricultural residues","Wheat straw",55101,"Racine County",Wisconsin,"Lake States",340.39,POLYSYS,"mature-market medium",70,0.00,dt,14892000,0,BTU,0.00,Crop
"agriculture land","Intermediate oilseeds",Pennycress,55011,"Buffalo County",Wisconsin,"Lake States",709.59,POLYSYS,"mature-market medium",400,15418.42,dt,23288300,359068790486,BTU,21.73,Crop
"agriculture land","Agricultural residues","Oats straw",55133,"Waukesha County",Wisconsin,"Lake States",580.54,POLYSYS,"mature-market high",70,0.00,dt,14892000,0,BTU,0.00,Crop
"agriculture land","Agricultural residues","Wheat straw",55069,"Lincoln County",Wisconsin,"Lake States",906.79,POLYSYS,"mature-market low",70,0.00,dt,14892000,0,BTU,0.00,Crop
"agriculture land","Agricultural residues","Oats straw",55071,"Manitowoc County",Wisconsin,"Lake States",594.62,POLYSYS,"mature-market medium",70,0.00,dt,14892000,0,BTU,0.00,Crop
"agriculture land","Agricultural residues","Oats straw",55115,"Shawano County",Wisconsin,"Lake States",909.4,POLYSYS,emerging,70,0.00,dt,14892000,0,BTU,0.00,Crop
"agriculture land","Agricultural residues","Wheat straw",55057,"Juneau County",Wisconsin,"Lake States",805.17,POLYSYS,"mature-market medium",70,0.00,dt,14892000,0,BTU,0.00,Crop
"agriculture land","Energy crops, woody",Willow,55141,"Wood County",Wisconsin,"Lake States",809.25,POLYSYS,emerging,70,6411.00,dt,17296000,110884656000,BTU,7.92,Pasture
"agriculture land","Agricultural residues","Oats straw",55077,"Marquette County",Wisconsin,"Lake States",464.47,POLYSYS,emerging,70,0.00,dt,14892000,0,BTU,0.00,Crop
"agriculture land","Energy crops, woody",Willow,55069,"Lincoln County",Wisconsin,"Lake States",906.79,POLYSYS,"mature-market high",70,0.00,dt,17296000,0,BTU,0.00,Crop
"agriculture land","Intermediate oilseeds",Pennycress,55113,"Sawyer County",Wisconsin,"Lake States",1350.24,POLYSYS,emerging,400,1471.38,dt,23288300,34265938854,BTU,1.09,Crop
"agriculture land","Agricultural residues","Corn stover",55003,"Ashland County",Wisconsin,"Lake States",1054.13,POLYSYS,"mature-market low",70,0.00,dt,15722000,0,BTU,0.00,Crop
"agriculture land","Energy crops, herbaceous",Miscanthus,55135,"Waupaca County",Wisconsin,"Lake States",765.17,POLYSYS,"mature-market medium",70,4024.00,dt,16660000,67039840000,BTU,5.26,Crop
"agriculture land","Agricultural residues","Wheat straw",55039,"Fond du Lac County",Wisconsin,"Lake States",765.84,POLYSYS,emerging,70,0.00,dt,14892000,0,BTU,0.00,Crop
"agriculture land","Intermediate oilseeds",Pennycress,55069,"Lincoln County",Wisconsin,"Lake States",906.79,POLYSYS,emerging,400,3859.75,dt,23288300,89887015925,BTU,4.26,Crop
"agriculture land","Energy crops, herbaceous",Miscanthus,55083,"Oconto County",Wisconsin,"Lake States",1016.31,POLYSYS,"mature-market medium",70,24442.00,dt,16660000,407203720000,BTU,24.05,Pasture
"agriculture land","Energy crops, woody",Willow,55121,"Trempealeau County",Wisconsin,"Lake States",741.98,POLYSYS,"mature-market medium",70,1636.00,dt,17296000,28296256000,BTU,2.20,Pasture
"agriculture land","Agricultural residues","Wheat straw",55121,"Trempealeau County",Wisconsin,"Lake States",741.98,POLYSYS,"mature-market medium",70,0.00,dt,14892000,0,BTU,0.00,Crop
"agriculture land","Agricultural residues","Oats straw",55029,"Door County",Wisconsin,"Lake States",487.56,POLYSYS,emerging,70,0.00,dt,14892000,0,BTU,0.00,Crop
"agriculture land","Agricultural residues","Corn stover",55047,"Green Lake County",Wisconsin,"Lake States",380.13,POLYSYS,emerging,70,195403.00,dt,15722000,3072125966000,BTU,514.04,Crop
"agriculture land","Agricultural residues","Wheat straw",55043,"Grant County",Wisconsin,"Lake States",1183.37,POLYSYS,near-term,70,0.00,dt,14892000,0,BTU,0.00,Crop
"agriculture land","Agricultural residues","Oats straw",55087,"Outagamie County",Wisconsin,"Lake States",644.61,POLYSYS,"mature-market low",70,0.00,dt,14892000,0,BTU,0.00,Crop
"agriculture land","Intermediate oilseeds",Pennycress,55105,"Rock County",Wisconsin,"Lake States",726.16,POLYSYS,emerging,400,35041.90,dt,23288300,816066279770,BTU,48.26,Crop
"agriculture land","Agricultural residues","Wheat straw",55045,"Green County",Wisconsin,"Lake States",584.55,POLYSYS,"mature-market low",70,0.00,dt,14892000,0,BTU,0.00,Crop
"agriculture land","Energy crops, herbaceous",Miscanthus,55135,"Waupaca County",Wisconsin,"Lake States",765.17,POLYSYS,emerging,70,59216.00,dt,16660000,986538560000,BTU,77.39,Crop
"agriculture land","Agricultural residues","Oats straw",55131,"Washington County",Wisconsin,"Lake States",435.66,POLYSYS,"mature-market medium",70,0.00,dt,14892000,0,BTU,0.00,Crop
"agriculture land","Agricultural residues","Corn stover",55003,"Ashland County",Wisconsin,"Lake States",1054.13,POLYSYS,near-term,70,0.00,dt,15722000,0,BTU,0.00,Crop
"agriculture land","Agricultural residues","Oats straw",55035,"Eau Claire County",Wisconsin,"Lake States",645.2,POLYSYS,near-term,70,0.00,dt,14892000,0,BTU,0.00,Crop
"agriculture land","Agricultural residues","Corn stover",55019,"Clark County",Wisconsin,"Lake States",1218.67,POLYSYS,"mature-market medium",70,121519.00,dt,15722000,1910521718000,BTU,99.71,Crop
"agriculture land","Energy crops, herbaceous",Miscanthus,55049,"Iowa County",Wisconsin,"Lake States",768.05,POLYSYS,"mature-market medium",70,4689.00,dt,16660000,78118740000,BTU,6.11,Pasture
"agriculture land","Energy crops, herbaceous",Miscanthus,55017,"Chippewa County",Wisconsin,"Lake States",1041.27,POLYSYS,"mature-market high",70,86652.00,dt,16660000,1443622320000,BTU,83.22,Pasture
"agriculture land","Agricultural residues","Wheat straw",55061,"Kewaunee County",Wisconsin,"Lake States",343.95,POLYSYS,near-term,70,0.00,dt,14892000,0,BTU,0.00,Crop
"agriculture land","Energy crops, woody",Willow,55053,"Jackson County",Wisconsin,"Lake States",1000.48,POLYSYS,"mature-market low",70,1264.00,dt,17296000,21862144000,BTU,1.26,Pasture
"agriculture land","Agricultural residues","Corn stover",55051,"Iron County",Wisconsin,"Lake States",802.62,POLYSYS,"mature-market medium",70,0.00,dt,15722000,0,BTU,0.00,Crop
"agriculture land","Energy crops, herbaceous",Miscanthus,55021,"Columbia County",Wisconsin,"Lake States",795.99,POLYSYS,"mature-market low",70,28541.00,dt,16660000,475493060000,BTU,35.86,Pasture
"agriculture land","Agricultural residues","Corn stover",55091,"Pepin County",Wisconsin,"Lake States",248.7,POLYSYS,"mature-market high",70,85700.00,dt,15722000,1347375400000,BTU,344.59,Crop
"agriculture land","Agricultural residues","Corn stover",55135,"Waupaca County",Wisconsin,"Lake States",765.17,POLYSYS,"mature-market medium",70,171122.00,dt,15722000,2690380084000,BTU,223.64,Crop
"agriculture land","Agricultural residues","Wheat straw",55095,"Polk County",Wisconsin,"Lake States",956.41,POLYSYS,"mature-market high",70,0.00,dt,14892000,0,BTU,0.00,Crop
"agriculture land","Agricultural residues","Sorghum stubble",55039,"Fond du Lac County",Wisconsin,"Lake States",765.84,POLYSYS,"mature-market high",70,0.00,dt,14830000,0,BTU,0.00,Crop
"agriculture land","Energy crops, herbaceous",Miscanthus,55059,"Kenosha County",Wisconsin,"Lake States",278.42,POLYSYS,emerging,70,1557.00,dt,16660000,25939620000,BTU,5.59,Pasture
"agriculture land","Energy crops, herbaceous",Miscanthus,55061,"Kewaunee County",Wisconsin,"Lake States",343.95,POLYSYS,emerging,70,14442.00,dt,16660000,240603720000,BTU,41.99,Pasture
"agriculture land","Agricultural residues","Corn stover",55055,"Jefferson County",Wisconsin,"Lake States",582.74,POLYSYS,"mature-market medium",70,299366.00,dt,15722000,4706632252000,BTU,513.72,Crop
"agriculture land","Agricultural residues","Corn stover",55101,"Racine County",Wisconsin,"Lake States",340.39,POLYSYS,"mature-market low",70,86491.00,dt,15722000,1359811502000,BTU,254.09,Crop
"agriculture land","Energy crops, herbaceous",Miscanthus,55023,"Crawford County",Wisconsin,"Lake States",599.21,POLYSYS,"mature-market low",70,8186.00,dt,16660000,136378760000,BTU,13.66,Pasture
"agriculture land","Agricultural residues","Wheat straw",55093,"Pierce County",Wisconsin,"Lake States",592.73,POLYSYS,near-term,70,0.00,dt,14892000,0,BTU,0.00,Crop
"agriculture land","Energy crops, herbaceous",Miscanthus,55055,"Jefferson County",Wisconsin,"Lake States",582.74,POLYSYS,"mature-market medium",70,17812.00,dt,16660000,296747920000,BTU,30.57,Pasture
"agriculture land","Energy crops, herbaceous",Miscanthus,55007,"Bayfield County",Wisconsin,"Lake States",1511.34,POLYSYS,"mature-market medium",70,20476.00,dt,16660000,341130160000,BTU,13.55,Pasture
"agriculture land","Agricultural residues","Corn stover",55017,"Chippewa County",Wisconsin,"Lake States",1041.27,POLYSYS,emerging,70,384908.00,dt,15722000,6051523576000,BTU,369.65,Crop
"agriculture land","Agricultural residues","Oats straw",55013,"Burnett County",Wisconsin,"Lake States",880.22,POLYSYS,near-term,70,0.00,dt,14892000,0,BTU,0.00,Crop
"agriculture land","Agricultural residues","Corn stover",55139,"Winnebago County",Wisconsin,"Lake States",578.57,POLYSYS,"mature-market low",70,151962.00,dt,15722000,2389146564000,BTU,262.65,Crop
"agriculture land","Agricultural residues","Corn stover",55123,"Vernon County",Wisconsin,"Lake States",816.38,POLYSYS,near-term,70,29241.00,dt,15722000,459727002000,BTU,35.82,Crop
"agriculture land","Agricultural residues","Wheat straw",55001,"Adams County",Wisconsin,"Lake States",687.48,POLYSYS,"mature-market medium",70,0.00,dt,14892000,0,BTU,0.00,Crop
"agriculture land","Agricultural residues","Corn stover",55037,"Florence County",Wisconsin,"Lake States",497.43,POLYSYS,near-term,70,0.00,dt,15722000,0,BTU,0.00,Crop
"agriculture land","Agricultural residues","Wheat straw",55119,"Taylor County",Wisconsin,"Lake States",984.56,POLYSYS,"mature-market medium",70,0.00,dt,14892000,0,BTU,0.00,Crop
"agriculture land","Agricultural residues","Oats straw",55115,"Shawano County",Wisconsin,"Lake States",909.4,POLYSYS,near-term,70,0.00,dt,14892000,0,BTU,0.00,Crop
"agriculture land","Agricultural residues","Oats straw",55057,"Juneau County",Wisconsin,"Lake States",805.17,POLYSYS,"mature-market medium",70,0.00,dt,14892000,0,BTU,0.00,Crop
"agriculture land","Agricultural residues","Oats straw",55135,"Waupaca County",Wisconsin,"Lake States",765.17,POLYSYS,near-term,70,0.00,dt,14892000,0,BTU,0.00,Crop
"agriculture land","Agricultural residues","Oats straw",55105,"Rock County",Wisconsin,"Lake States",726.16,POLYSYS,"mature-market low",70,0.00,dt,14892000,0,BTU,0.00,Crop
"agriculture land","Agricultural residues","Oats straw",55017,"Chippewa County",Wisconsin,"Lake States",1041.27,POLYSYS,"mature-market low",70,0.00,dt,14892000,0,BTU,0.00,Crop
"agriculture land","Agricultural residues","Wheat straw",55085,"Oneida County",Wisconsin,"Lake States",1236.57,POLYSYS,"mature-market high",70,0.00,dt,14892000,0,BTU,0.00,Crop
"agriculture land","Energy crops, herbaceous",Miscanthus,55083,"Oconto County",Wisconsin,"Lake States",1016.31,POLYSYS,"mature-market high",70,235904.00,dt,16660000,3930160640000,BTU,232.12,Crop
"agriculture land","Agricultural residues","Corn stover",55117,"Sheboygan County",Wisconsin,"Lake States",517.64,POLYSYS,"mature-market low",70,148564.00,dt,15722000,2335723208000,BTU,287.00,Crop
"agriculture land","Agricultural residues","Corn stover",55011,"Buffalo County",Wisconsin,"Lake States",709.59,POLYSYS,near-term,70,51055.00,dt,15722000,802686710000,BTU,71.95,Crop
"agriculture land","Agricultural residues","Oats straw",55141,"Wood County",Wisconsin,"Lake States",809.25,POLYSYS,near-term,70,0.00,dt,14892000,0,BTU,0.00,Crop
"agriculture land","Energy crops, woody",Willow,55057,"Juneau County",Wisconsin,"Lake States",805.17,POLYSYS,emerging,70,0.00,dt,17296000,0,BTU,0.00,Crop
"agriculture land","Intermediate oilseeds",Pennycress,55081,"Monroe County",Wisconsin,"Lake States",908.08,POLYSYS,"mature-market high",400,14605.09,dt,23288300,340127717447,BTU,16.08,Crop
"agriculture land","Energy crops, woody",Poplar,55027,"Dodge County",Wisconsin,"Lake States",907.1,POLYSYS,"mature-market high",70,967.00,dt,16904000,16346168000,BTU,1.07,Pasture
"agriculture land","Agricultural residues","Corn stover",55133,"Waukesha County",Wisconsin,"Lake States",580.54,POLYSYS,"mature-market low",70,42345.00,dt,15722000,665748090000,BTU,72.94,Crop
"agriculture land","Agricultural residues","Oats straw",55129,"Washburn County",Wisconsin,"Lake States",853.32,POLYSYS,"mature-market low",70,0.00,dt,14892000,0,BTU,0.00,Crop
"agriculture land","Agricultural residues","Corn stover",55121,"Trempealeau County",Wisconsin,"Lake States",741.98,POLYSYS,emerging,70,121616.00,dt,15722000,1912046752000,BTU,163.91,Crop
"agriculture land","Agricultural residues","Corn stover",55101,"Racine County",Wisconsin,"Lake States",340.39,POLYSYS,"mature-market medium",70,99899.00,dt,15722000,1570612078000,BTU,293.48,Crop
"agriculture land","Energy crops, woody",Willow,55133,"Waukesha County",Wisconsin,"Lake States",580.54,POLYSYS,"mature-market medium",70,330.00,dt,17296000,5707680000,BTU,0.57,Pasture
"agriculture land","Agricultural residues","Corn stover",55089,"Ozaukee County",Wisconsin,"Lake States",235.28,POLYSYS,"mature-market high",70,65117.00,dt,15722000,1023769474000,BTU,276.76,Crop
"agriculture land","Energy crops, herbaceous",Miscanthus,55105,"Rock County",Wisconsin,"Lake States",726.16,POLYSYS,"mature-market low",70,22274.00,dt,16660000,371084840000,BTU,30.67,Pasture
"agriculture land","Agricultural residues","Oats straw",55053,"Jackson County",Wisconsin,"Lake States",1000.48,POLYSYS,near-term,70,0.00,dt,14892000,0,BTU,0.00,Crop
"agriculture land","Agricultural residues","Wheat straw",55069,"Lincoln County",Wisconsin,"Lake States",906.79,POLYSYS,emerging,70,0.00,dt,14892000,0,BTU,0.00,Crop
"agriculture land","Agricultural residues","Oats straw",55081,"Monroe County",Wisconsin,"Lake States",908.08,POLYSYS,emerging,70,0.00,dt,14892000,0,BTU,0.00,Crop
"agriculture land","Agricultural residues","Wheat straw",55007,"Bayfield County",Wisconsin,"Lake States",1511.34,POLYSYS,near-term,70,0.00,dt,14892000,0,BTU,0.00,Crop
"agriculture land","Energy crops, herbaceous",Miscanthus,55099,"Price County",Wisconsin,"Lake States",1278.04,POLYSYS,"mature-market low",70,22320.00,dt,16660000,371851200000,BTU,17.46,Crop
"agriculture land","Energy crops, herbaceous",Switchgrass,55029,"Door County",Wisconsin,"Lake States",487.56,POLYSYS,"mature-market low",70,0.00,dt,16424000,0,BTU,0.00,Pasture
"agriculture land","Agricultural residues","Corn stover",55135,"Waupaca County",Wisconsin,"Lake States",765.17,POLYSYS,emerging,70,201898.00,dt,15722000,3174240356000,BTU,263.86,Crop
"agriculture land","Agricultural residues","Wheat straw",55075,"Marinette County",Wisconsin,"Lake States",1429.25,POLYSYS,"mature-market medium",70,0.00,dt,14892000,0,BTU,0.00,Crop
"agriculture land","Agricultural residues","Oats straw",55137,"Waushara County",Wisconsin,"Lake States",637.4,POLYSYS,"mature-market low",70,0.00,dt,14892000,0,BTU,0.00,Crop
"agriculture land","Agricultural residues","Oats straw",55103,"Richland County",Wisconsin,"Lake States",589.3,POLYSYS,emerging,70,0.00,dt,14892000,0,BTU,0.00,Crop
"agriculture land","Agricultural residues","Corn stover",55023,"Crawford County",Wisconsin,"Lake States",599.21,POLYSYS,"mature-market high",70,5798.00,dt,15722000,91156156000,BTU,9.68,Crop
"agriculture land","Agricultural residues","Oats straw",55025,"Dane County",Wisconsin,"Lake States",1237.5,POLYSYS,"mature-market medium",70,0.00,dt,14892000,0,BTU,0.00,Crop
"agriculture land","Intermediate oilseeds",Pennycress,55035,"Eau Claire County",Wisconsin,"Lake States",645.2,POLYSYS,"mature-market medium",400,12483.42,dt,23288300,290717629986,BTU,19.35,Crop
"agriculture land","Agricultural residues","Oats straw",55107,"Rusk County",Wisconsin,"Lake States",930.86,POLYSYS,near-term,70,0.00,dt,14892000,0,BTU,0.00,Crop
"agriculture land","Agricultural residues","Corn stover",55015,"Calumet County",Wisconsin,"Lake States",397.08,POLYSYS,"mature-market high",70,0.00,dt,15722000,0,BTU,0.00,Crop
"agriculture land","Agricultural residues","Wheat straw",55055,"Jefferson County",Wisconsin,"Lake States",582.74,POLYSYS,near-term,70,0.00,dt,14892000,0,BTU,0.00,Crop
"agriculture land","Energy crops, woody",Willow,55061,"Kewaunee County",Wisconsin,"Lake States",343.95,POLYSYS,emerging,70,2646.00,dt,17296000,45765216000,BTU,7.69,Pasture
"agriculture land","Energy crops, herbaceous",Miscanthus,55007,"Bayfield County",Wisconsin,"Lake States",1511.34,POLYSYS,emerging,70,28444.00,dt,16660000,473877040000,BTU,18.82,Crop
"agriculture land","Agricultural residues","Corn stover",55109,"St. Croix County",Wisconsin,"Lake States",735.19,POLYSYS,"mature-market medium",70,284592.00,dt,15722000,4474355424000,BTU,387.10,Crop
"agriculture land","Agricultural residues","Sorghum stubble",55073,"Marathon County",Wisconsin,"Lake States",1576.33,POLYSYS,"mature-market high",70,0.00,dt,14830000,0,BTU,0.00,Crop
"agriculture land","Agricultural residues","Oats straw",55123,"Vernon County",Wisconsin,"Lake States",816.38,POLYSYS,"mature-market low",70,0.00,dt,14892000,0,BTU,0.00,Crop
"agriculture land","Agricultural residues","Oats straw",55089,"Ozaukee County",Wisconsin,"Lake States",235.28,POLYSYS,"mature-market high",70,0.00,dt,14892000,0,BTU,0.00,Crop
"agriculture land","Energy crops, herbaceous",Miscanthus,55067,"Langlade County",Wisconsin,"Lake States",887.79,POLYSYS,"mature-market high",70,80294.00,dt,16660000,1337698040000,BTU,90.44,Crop
"agriculture land","Agricultural residues","Wheat straw",55131,"Washington County",Wisconsin,"Lake States",435.66,POLYSYS,"mature-market high",70,0.00,dt,14892000,0,BTU,0.00,Crop
"agriculture land","Agricultural residues","Oats straw",55045,"Green County",Wisconsin,"Lake States",584.55,POLYSYS,emerging,70,0.00,dt,14892000,0,BTU,0.00,Crop
"agriculture land","Energy crops, herbaceous",Miscanthus,55067,"Langlade County",Wisconsin,"Lake States",887.79,POLYSYS,"mature-market medium",70,18097.00,dt,16660000,301496020000,BTU,20.38,Pasture
"agriculture land","Intermediate oilseeds",Pennycress,55121,"Trempealeau County",Wisconsin,"Lake States",741.98,POLYSYS,"mature-market low",400,20363.62,dt,23288300,474234091646,BTU,27.44,Crop
"agriculture land","Agricultural residues","Oats straw",55105,"Rock County",Wisconsin,"Lake States",726.16,POLYSYS,emerging,70,0.00,dt,14892000,0,BTU,0.00,Crop
"agriculture land","Agricultural residues","Wheat straw",55117,"Sheboygan County",Wisconsin,"Lake States",517.64,POLYSYS,"mature-market medium",70,0.00,dt,14892000,0,BTU,0.00,Crop
"agriculture land","Agricultural residues","Wheat straw",55079,"Milwaukee County",Wisconsin,"Lake States",242.17,POLYSYS,"mature-market medium",70,0.00,dt,14892000,0,BTU,0.00,Crop
"agriculture land","Energy crops, woody",Willow,55111,"Sauk County",Wisconsin,"Lake States",849.19,POLYSYS,emerging,70,18135.00,dt,17296000,313662960000,BTU,21.36,Crop
"agriculture land","Agricultural residues","Corn stover",55131,"Washington County",Wisconsin,"Lake States",435.66,POLYSYS,"mature-market low",70,96787.00,dt,15722000,1521685214000,BTU,222.16,Crop
"agriculture land","Agricultural residues","Wheat straw",55023,"Crawford County",Wisconsin,"Lake States",599.21,POLYSYS,"mature-market low",70,0.00,dt,14892000,0,BTU,0.00,Crop
"agriculture land","Energy crops, woody",Willow,55065,"Lafayette County",Wisconsin,"Lake States",634.57,POLYSYS,"mature-market medium",70,2502.00,dt,17296000,43274592000,BTU,3.94,Pasture
"agriculture land","Energy crops, herbaceous",Miscanthus,55011,"Buffalo County",Wisconsin,"Lake States",709.59,POLYSYS,emerging,70,6721.00,dt,16660000,111971860000,BTU,9.47,Pasture
"agriculture land","Energy crops, woody",Willow,55109,"St. Croix County",Wisconsin,"Lake States",735.19,POLYSYS,"mature-market low",70,354.00,dt,17296000,6122784000,BTU,0.48,Pasture
"agriculture land","Energy crops, herbaceous",Miscanthus,55111,"Sauk County",Wisconsin,"Lake States",849.19,POLYSYS,"mature-market high",70,5635.00,dt,16660000,93879100000,BTU,6.64,Pasture
"agriculture land","Agricultural residues","Wheat straw",55117,"Sheboygan County",Wisconsin,"Lake States",517.64,POLYSYS,"mature-market high",70,0.00,dt,14892000,0,BTU,0.00,Crop
"agriculture land","Energy crops, herbaceous",Miscanthus,55099,"Price County",Wisconsin,"Lake States",1278.04,POLYSYS,emerging,70,28455.00,dt,16660000,474060300000,BTU,22.26,Pasture
"agriculture land","Intermediate oilseeds",Pennycress,55039,"Fond du Lac County",Wisconsin,"Lake States",765.84,POLYSYS,"mature-market medium",400,27470.49,dt,23288300,639741012267,BTU,35.87,Crop
"agriculture land","Energy crops, woody",Willow,55049,"Iowa County",Wisconsin,"Lake States",768.05,POLYSYS,emerging,70,1156.00,dt,17296000,19994176000,BTU,1.51,Pasture
"agriculture land","Energy crops, woody",Willow,55131,"Washington County",Wisconsin,"Lake States",435.66,POLYSYS,"mature-market low",70,728.00,dt,17296000,12591488000,BTU,1.67,Pasture
"agriculture land","Agricultural residues","Wheat straw",55041,"Forest County",Wisconsin,"Lake States",1046.52,POLYSYS,near-term,70,0.00,dt,14892000,0,BTU,0.00,Crop
"agriculture land","Agricultural residues","Wheat straw",55095,"Polk County",Wisconsin,"Lake States",956.41,POLYSYS,"mature-market medium",70,0.00,dt,14892000,0,BTU,0.00,Crop
"agriculture land","Agricultural residues","Corn stover",55083,"Oconto County",Wisconsin,"Lake States",1016.31,POLYSYS,near-term,70,23038.00,dt,15722000,362203436000,BTU,22.67,Crop
"agriculture land","Agricultural residues","Wheat straw",55065,"Lafayette County",Wisconsin,"Lake States",634.57,POLYSYS,"mature-market low",70,0.00,dt,14892000,0,BTU,0.00,Crop
"agriculture land","Energy crops, herbaceous",Miscanthus,55107,"Rusk County",Wisconsin,"Lake States",930.86,POLYSYS,"mature-market medium",70,112091.00,dt,16660000,1867436060000,BTU,120.42,Crop
"agriculture land","Energy crops, woody",Willow,55097,"Portage County",Wisconsin,"Lake States",822.82,POLYSYS,"mature-market high",70,4621.00,dt,17296000,79924816000,BTU,5.62,Pasture
"agriculture land","Energy crops, herbaceous",Miscanthus,55135,"Waupaca County",Wisconsin,"Lake States",765.17,POLYSYS,"mature-market high",70,59216.00,dt,16660000,986538560000,BTU,77.39,Crop
"agriculture land","Energy crops, herbaceous",Miscanthus,55027,"Dodge County",Wisconsin,"Lake States",907.1,POLYSYS,"mature-market high",70,38585.00,dt,16660000,642826100000,BTU,42.54,Pasture
"agriculture land","Energy crops, herbaceous",Switchgrass,55053,"Jackson County",Wisconsin,"Lake States",1000.48,POLYSYS,"mature-market low",70,0.00,dt,16424000,0,BTU,0.00,Pasture
"agriculture land","Agricultural residues","Corn stover",55111,"Sauk County",Wisconsin,"Lake States",849.19,POLYSYS,near-term,70,72475.00,dt,15722000,1139451950000,BTU,85.35,Crop
"agriculture land","Agricultural residues","Corn stover",55005,"Barron County",Wisconsin,"Lake States",889.76,POLYSYS,emerging,70,267054.00,dt,15722000,4198622988000,BTU,300.14,Crop
"agriculture land","Agricultural residues","Oats straw",55009,"Brown County",Wisconsin,"Lake States",531.24,POLYSYS,near-term,70,0.00,dt,14892000,0,BTU,0.00,Crop
"agriculture land","Agricultural residues","Corn stover",55083,"Oconto County",Wisconsin,"Lake States",1016.31,POLYSYS,"mature-market high",70,84597.00,dt,15722000,1330034034000,BTU,83.24,Crop
"agriculture land","Agricultural residues","Wheat straw",55029,"Door County",Wisconsin,"Lake States",487.56,POLYSYS,near-term,70,0.00,dt,14892000,0,BTU,0.00,Crop
"agriculture land","Agricultural residues","Wheat straw",55117,"Sheboygan County",Wisconsin,"Lake States",517.64,POLYSYS,emerging,70,0.00,dt,14892000,0,BTU,0.00,Crop
"agriculture land","Agricultural residues","Oats straw",55097,"Portage County",Wisconsin,"Lake States",822.82,POLYSYS,"mature-market high",70,0.00,dt,14892000,0,BTU,0.00,Crop
"agriculture land","Agricultural residues","Wheat straw",55005,"Barron County",Wisconsin,"Lake States",889.76,POLYSYS,"mature-market low",70,0.00,dt,14892000,0,BTU,0.00,Crop
"agriculture land","Agricultural residues","Corn stover",55133,"Waukesha County",Wisconsin,"Lake States",580.54,POLYSYS,near-term,70,37946.00,dt,15722000,596587012000,BTU,65.36,Crop
"agriculture land","Agricultural residues","Corn stover",55111,"Sauk County",Wisconsin,"Lake States",849.19,POLYSYS,emerging,70,181090.00,dt,15722000,2847096980000,BTU,213.25,Crop
"agriculture land","Agricultural residues","Oats straw",55063,"La Crosse County",Wisconsin,"Lake States",480.05,POLYSYS,near-term,70,0.00,dt,14892000,0,BTU,0.00,Crop
"agriculture land","Agricultural residues","Oats straw",55141,"Wood County",Wisconsin,"Lake States",809.25,POLYSYS,"mature-market medium",70,0.00,dt,14892000,0,BTU,0.00,Crop
"agriculture land","Agricultural residues","Oats straw",55029,"Door County",Wisconsin,"Lake States",487.56,POLYSYS,"mature-market high",70,0.00,dt,14892000,0,BTU,0.00,Crop
"agriculture land","Energy crops, woody",Poplar,55081,"Monroe County",Wisconsin,"Lake States",908.08,POLYSYS,"mature-market high",70,806.00,dt,16904000,13624624000,BTU,0.89,Pasture
"agriculture land","Agricultural residues","Corn stover",55139,"Winnebago County",Wisconsin,"Lake States",578.57,POLYSYS,"mature-market high",70,213840.00,dt,15722000,3361992480000,BTU,369.60,Crop
"agriculture land","Agricultural residues","Oats straw",55097,"Portage County",Wisconsin,"Lake States",822.82,POLYSYS,near-term,70,0.00,dt,14892000,0,BTU,0.00,Crop
"agriculture land","Agricultural residues","Corn stover",55051,"Iron County",Wisconsin,"Lake States",802.62,POLYSYS,near-term,70,0.00,dt,15722000,0,BTU,0.00,Crop
"agriculture land","Energy crops, woody",Poplar,55001,"Adams County",Wisconsin,"Lake States",687.48,POLYSYS,"mature-market low",70,122.00,dt,16904000,2062288000,BTU,0.18,Pasture
"agriculture land","Energy crops, herbaceous",Miscanthus,55003,"Ashland County",Wisconsin,"Lake States",1054.13,POLYSYS,emerging,70,18771.00,dt,16660000,312724860000,BTU,17.81,Crop
"agriculture land","Agricultural residues","Oats straw",55133,"Waukesha County",Wisconsin,"Lake States",580.54,POLYSYS,"mature-market medium",70,0.00,dt,14892000,0,BTU,0.00,Crop
"agriculture land","Agricultural residues","Corn stover",55027,"Dodge County",Wisconsin,"Lake States",907.1,POLYSYS,"mature-market high",70,643084.00,dt,15722000,10110566648000,BTU,708.94,Crop
"agriculture land","Intermediate oilseeds",Pennycress,55041,"Forest County",Wisconsin,"Lake States",1046.52,POLYSYS,"mature-market low",400,316.64,dt,23288300,7374007312,BTU,0.30,Crop
"agriculture land","Energy crops, woody",Willow,55045,"Green County",Wisconsin,"Lake States",584.55,POLYSYS,"mature-market high",70,9106.00,dt,17296000,157497376000,BTU,15.58,Pasture
"agriculture land","Agricultural residues","Corn stover",55067,"Langlade County",Wisconsin,"Lake States",887.79,POLYSYS,near-term,70,4880.00,dt,15722000,76723360000,BTU,5.50,Crop
"agriculture land","Energy crops, woody",Poplar,55019,"Clark County",Wisconsin,"Lake States",1218.67,POLYSYS,emerging,70,4644.00,dt,16904000,78502176000,BTU,3.81,Pasture
"agriculture land","Energy crops, woody",Willow,55023,"Crawford County",Wisconsin,"Lake States",599.21,POLYSYS,emerging,70,2358.00,dt,17296000,40783968000,BTU,3.94,Pasture
"agriculture land","Intermediate oilseeds",Pennycress,55093,"Pierce County",Wisconsin,"Lake States",592.73,POLYSYS,emerging,400,19649.29,dt,23288300,457598560307,BTU,33.15,Crop
"agriculture land","Energy crops, herbaceous",Miscanthus,55119,"Taylor County",Wisconsin,"Lake States",984.56,POLYSYS,"mature-market high",70,81626.00,dt,16660000,1359889160000,BTU,82.91,Pasture
"agriculture land","Agricultural residues","Corn stover",55089,"Ozaukee County",Wisconsin,"Lake States",235.28,POLYSYS,emerging,70,65117.00,dt,15722000,1023769474000,BTU,276.76,Crop
"agriculture land","Agricultural residues","Oats straw",55061,"Kewaunee County",Wisconsin,"Lake States",343.95,POLYSYS,"mature-market high",70,0.00,dt,14892000,0,BTU,0.00,Crop
"agriculture land","Energy crops, herbaceous",Miscanthus,55077,"Marquette County",Wisconsin,"Lake States",464.47,POLYSYS,"mature-market low",70,112522.00,dt,16660000,1874616520000,BTU,242.26,Crop
"agriculture land","Energy crops, woody",Willow,55035,"Eau Claire County",Wisconsin,"Lake States",645.2,POLYSYS,"mature-market high",70,1354.00,dt,17296000,23418784000,BTU,2.10,Pasture
"agriculture land","Agricultural residues","Corn stover",55133,"Waukesha County",Wisconsin,"Lake States",580.54,POLYSYS,"mature-market medium",70,49093.00,dt,15722000,771840146000,BTU,84.56,Crop
"agriculture land","Intermediate oilseeds",Pennycress,55131,"Washington County",Wisconsin,"Lake States",435.66,POLYSYS,"mature-market medium",400,9320.54,dt,23288300,217059531682,BTU,21.39,Crop
"agriculture land","Agricultural residues","Corn stover",55037,"Florence County",Wisconsin,"Lake States",497.43,POLYSYS,emerging,70,0.00,dt,15722000,0,BTU,0.00,Crop
"agriculture land","Agricultural residues","Wheat straw",55037,"Florence County",Wisconsin,"Lake States",497.43,POLYSYS,"mature-market high",70,0.00,dt,14892000,0,BTU,0.00,Crop
"agriculture land","Intermediate oilseeds",Pennycress,55047,"Green Lake County",Wisconsin,"Lake States",380.13,POLYSYS,emerging,400,10101.17,dt,23288300,235239077311,BTU,26.57,Crop
"agriculture land","Agricultural residues","Wheat straw",55109,"St. Croix County",Wisconsin,"Lake States",735.19,POLYSYS,near-term,70,0.00,dt,14892000,0,BTU,0.00,Crop
"agriculture land","Agricultural residues","Corn stover",55059,"Kenosha County",Wisconsin,"Lake States",278.42,POLYSYS,"mature-market high",70,126805.00,dt,15722000,1993628210000,BTU,455.45,Crop
"agriculture land","Energy crops, herbaceous",Miscanthus,55059,"Kenosha County",Wisconsin,"Lake States",278.42,POLYSYS,"mature-market high",70,1557.00,dt,16660000,25939620000,BTU,5.59,Pasture
"agriculture land","Agricultural residues","Corn stover",55039,"Fond du Lac County",Wisconsin,"Lake States",765.84,POLYSYS,"mature-market medium",70,278427.00,dt,15722000,4377429294000,BTU,363.56,Crop
"agriculture land","Energy crops, woody",Willow,55089,"Ozaukee County",Wisconsin,"Lake States",235.28,POLYSYS,"mature-market high",70,305.00,dt,17296000,5275280000,BTU,1.30,Pasture
"agriculture land","Energy crops, herbaceous",Miscanthus,55039,"Fond du Lac County",Wisconsin,"Lake States",765.84,POLYSYS,emerging,70,23975.00,dt,16660000,399423500000,BTU,31.31,Pasture
"agriculture land","Agricultural residues","Oats straw",55025,"Dane County",Wisconsin,"Lake States",1237.5,POLYSYS,near-term,70,0.00,dt,14892000,0,BTU,0.00,Crop
"agriculture land","Intermediate oilseeds",Pennycress,55095,"Polk County",Wisconsin,"Lake States",956.41,POLYSYS,emerging,400,16042.14,dt,23288300,373594168962,BTU,16.77,Crop
"agriculture land","Agricultural residues","Corn stover",55087,"Outagamie County",Wisconsin,"Lake States",644.61,POLYSYS,near-term,70,93239.00,dt,15722000,1465903558000,BTU,144.64,Crop
"agriculture land","Agricultural residues","Wheat straw",55135,"Waupaca County",Wisconsin,"Lake States",765.17,POLYSYS,near-term,70,0.00,dt,14892000,0,BTU,0.00,Crop
"agriculture land","Energy crops, herbaceous",Miscanthus,55063,"La Crosse County",Wisconsin,"Lake States",480.05,POLYSYS,"mature-market low",70,3039.00,dt,16660000,50629740000,BTU,6.33,Pasture
"agriculture land","Agricultural residues","Corn stover",55001,"Adams County",Wisconsin,"Lake States",687.48,POLYSYS,"mature-market low",70,10958.00,dt,15722000,172281676000,BTU,15.94,Crop
"agriculture land","Energy crops, herbaceous",Miscanthus,55089,"Ozaukee County",Wisconsin,"Lake States",235.28,POLYSYS,emerging,70,66197.00,dt,16660000,1102842020000,BTU,281.35,Crop
"agriculture land","Energy crops, herbaceous",Miscanthus,55129,"Washburn County",Wisconsin,"Lake States",853.32,POLYSYS,emerging,70,57887.00,dt,16660000,964397420000,BTU,67.84,Crop
"agriculture land","Agricultural residues","Wheat straw",55103,"Richland County",Wisconsin,"Lake States",589.3,POLYSYS,"mature-market high",70,0.00,dt,14892000,0,BTU,0.00,Crop
"agriculture land","Agricultural residues","Wheat straw",55083,"Oconto County",Wisconsin,"Lake States",1016.31,POLYSYS,"mature-market medium",70,0.00,dt,14892000,0,BTU,0.00,Crop
"agriculture land","Agricultural residues","Corn stover",55089,"Ozaukee County",Wisconsin,"Lake States",235.28,POLYSYS,"mature-market medium",70,61117.00,dt,15722000,960881474000,BTU,259.76,Crop
"agriculture land","Agricultural residues","Oats straw",55019,"Clark County",Wisconsin,"Lake States",1218.67,POLYSYS,"mature-market medium",70,0.00,dt,14892000,0,BTU,0.00,Crop
"agriculture land","Energy crops, herbaceous",Switchgrass,55017,"Chippewa County",Wisconsin,"Lake States",1041.27,POLYSYS,emerging,70,0.00,dt,16424000,0,BTU,0.00,Pasture
"agriculture land","Agricultural residues","Corn stover",55047,"Green Lake County",Wisconsin,"Lake States",380.13,POLYSYS,"mature-market high",70,195403.00,dt,15722000,3072125966000,BTU,514.04,Crop
"agriculture land","Agricultural residues","Corn stover",55127,"Walworth County",Wisconsin,"Lake States",576.6,POLYSYS,emerging,70,403882.00,dt,15722000,6349832804000,BTU,700.45,Crop
"agriculture land","Energy crops, herbaceous",Miscanthus,55007,"Bayfield County",Wisconsin,"Lake States",1511.34,POLYSYS,"mature-market high",70,28444.00,dt,16660000,473877040000,BTU,18.82,Crop
"agriculture land","Agricultural residues","Wheat straw",55085,"Oneida County",Wisconsin,"Lake States",1236.57,POLYSYS,"mature-market low",70,0.00,dt,14892000,0,BTU,0.00,Crop
"agriculture land","Agricultural residues","Corn stover",55095,"Polk County",Wisconsin,"Lake States",956.41,POLYSYS,"mature-market medium",70,111709.00,dt,15722000,1756288898000,BTU,116.80,Crop
"agriculture land","Agricultural residues","Corn stover",55055,"Jefferson County",Wisconsin,"Lake States",582.74,POLYSYS,"mature-market low",70,249896.00,dt,15722000,3928864912000,BTU,428.83,Crop
"agriculture land","Intermediate oilseeds",Pennycress,55003,"Ashland County",Wisconsin,"Lake States",1054.13,POLYSYS,"mature-market high",400,573.53,dt,23288300,13356538699,BTU,0.54,Crop
"agriculture land","Agricultural residues","Wheat straw",55007,"Bayfield County",Wisconsin,"Lake States",1511.34,POLYSYS,emerging,70,0.00,dt,14892000,0,BTU,0.00,Crop
"agriculture land","Agricultural residues","Wheat straw",55097,"Portage County",Wisconsin,"Lake States",822.82,POLYSYS,"mature-market low",70,0.00,dt,14892000,0,BTU,0.00,Crop
"agriculture land","Agricultural residues","Oats straw",55133,"Waukesha County",Wisconsin,"Lake States",580.54,POLYSYS,emerging,70,0.00,dt,14892000,0,BTU,0.00,Crop
"agriculture land","Agricultural residues","Corn stover",55041,"Forest County",Wisconsin,"Lake States",1046.52,POLYSYS,"mature-market low",70,0.00,dt,15722000,0,BTU,0.00,Crop
"agriculture land","Energy crops, woody",Poplar,55033,"Dunn County",Wisconsin,"Lake States",863.89,POLYSYS,"mature-market medium",70,574.00,dt,16904000,9702896000,BTU,0.66,Pasture
"agriculture land","Agricultural residues","Corn stover",55137,"Waushara County",Wisconsin,"Lake States",637.4,POLYSYS,"mature-market medium",70,136910.00,dt,15722000,2152499020000,BTU,214.79,Crop
"agriculture land","Energy crops, woody",Willow,55029,"Door County",Wisconsin,"Lake States",487.56,POLYSYS,emerging,70,76048.00,dt,17296000,1315326208000,BTU,155.98,Crop
"agriculture land","Agricultural residues","Oats straw",55061,"Kewaunee County",Wisconsin,"Lake States",343.95,POLYSYS,"mature-market low",70,0.00,dt,14892000,0,BTU,0.00,Crop
"agriculture land","Agricultural residues","Wheat straw",55129,"Washburn County",Wisconsin,"Lake States",853.32,POLYSYS,"mature-market high",70,0.00,dt,14892000,0,BTU,0.00,Crop
"agriculture land","Energy crops, woody",Willow,55059,"Kenosha County",Wisconsin,"Lake States",278.42,POLYSYS,"mature-market low",70,350.00,dt,17296000,6053600000,BTU,1.26,Pasture
"agriculture land","Energy crops, woody",Willow,55117,"Sheboygan County",Wisconsin,"Lake States",517.64,POLYSYS,emerging,70,4920.00,dt,17296000,85096320000,BTU,9.50,Pasture
"agriculture land","Energy crops, herbaceous",Miscanthus,55119,"Taylor County",Wisconsin,"Lake States",984.56,POLYSYS,"mature-market low",70,1700.00,dt,16660000,28322000000,BTU,1.73,Crop
"agriculture land","Energy crops, herbaceous",Miscanthus,55075,"Marinette County",Wisconsin,"Lake States",1429.25,POLYSYS,"mature-market low",70,35113.00,dt,16660000,584982580000,BTU,24.57,Crop
"agriculture land","Agricultural residues","Corn stover",55061,"Kewaunee County",Wisconsin,"Lake States",343.95,POLYSYS,"mature-market high",70,77436.00,dt,15722000,1217448792000,BTU,225.14,Crop
"agriculture land","Energy crops, herbaceous",Miscanthus,55079,"Milwaukee County",Wisconsin,"Lake States",242.17,POLYSYS,emerging,70,823.00,dt,16660000,13711180000,BTU,3.40,Crop
"agriculture land","Agricultural residues","Oats straw",55107,"Rusk County",Wisconsin,"Lake States",930.86,POLYSYS,emerging,70,0.00,dt,14892000,0,BTU,0.00,Crop
"agriculture land","Agricultural residues","Oats straw",55091,"Pepin County",Wisconsin,"Lake States",248.7,POLYSYS,"mature-market low",70,0.00,dt,14892000,0,BTU,0.00,Crop
"agriculture land","Agricultural residues","Oats straw",55069,"Lincoln County",Wisconsin,"Lake States",906.79,POLYSYS,emerging,70,0.00,dt,14892000,0,BTU,0.00,Crop
"agriculture land","Energy crops, woody",Willow,55015,"Calumet County",Wisconsin,"Lake States",397.08,POLYSYS,"mature-market high",70,27751.00,dt,17296000,479981296000,BTU,69.89,Crop
"agriculture land","Energy crops, herbaceous",Miscanthus,55109,"St. Croix County",Wisconsin,"Lake States",735.19,POLYSYS,emerging,70,9556.00,dt,16660000,159202960000,BTU,13.00,Pasture
"agriculture land","Energy crops, woody",Poplar,55003,"Ashland County",Wisconsin,"Lake States",1054.13,POLYSYS,"mature-market high",70,659.00,dt,16904000,11139736000,BTU,0.63,Pasture
"agriculture land","Intermediate oilseeds",Pennycress,55039,"Fond du Lac County",Wisconsin,"Lake States",765.84,POLYSYS,emerging,400,27470.49,dt,23288300,639741012267,BTU,35.87,Crop
"agriculture land","Agricultural residues","Oats straw",55013,"Burnett County",Wisconsin,"Lake States",880.22,POLYSYS,"mature-market low",70,0.00,dt,14892000,0,BTU,0.00,Crop
"agriculture land","Energy crops, herbaceous",Miscanthus,55117,"Sheboygan County",Wisconsin,"Lake States",517.64,POLYSYS,emerging,70,27861.00,dt,16660000,464164260000,BTU,53.82,Pasture
"agriculture land","Energy crops, woody",Willow,55131,"Washington County",Wisconsin,"Lake States",435.66,POLYSYS,"mature-market high",70,679.00,dt,17296000,11743984000,BTU,1.56,Pasture
"agriculture land","Energy crops, herbaceous",Miscanthus,55083,"Oconto County",Wisconsin,"Lake States",1016.31,POLYSYS,"mature-market high",70,29545.00,dt,16660000,492219700000,BTU,29.07,Pasture
"agriculture land","Agricultural residues","Oats straw",55109,"St. Croix County",Wisconsin,"Lake States",735.19,POLYSYS,"mature-market high",70,0.00,dt,14892000,0,BTU,0.00,Crop
"agriculture land","Agricultural residues","Corn stover",55065,"Lafayette County",Wisconsin,"Lake States",634.57,POLYSYS,"mature-market medium",70,167032.00,dt,15722000,2626077104000,BTU,263.22,Crop
"agriculture land","Intermediate oilseeds",Pennycress,55129,"Washburn County",Wisconsin,"Lake States",853.32,POLYSYS,"mature-market high",400,3473.82,dt,23288300,80899362306,BTU,4.07,Crop
"agriculture land","Energy crops, herbaceous",Miscanthus,55107,"Rusk County",Wisconsin,"Lake States",930.86,POLYSYS,emerging,70,51234.00,dt,16660000,853558440000,BTU,55.04,Pasture
"agriculture land","Agricultural residues","Oats straw",55055,"Jefferson County",Wisconsin,"Lake States",582.74,POLYSYS,"mature-market high",70,0.00,dt,14892000,0,BTU,0.00,Crop
"agriculture land","Agricultural residues","Corn stover",55005,"Barron County",Wisconsin,"Lake States",889.76,POLYSYS,"mature-market high",70,267054.00,dt,15722000,4198622988000,BTU,300.14,Crop
"agriculture land","Agricultural residues","Wheat straw",55017,"Chippewa County",Wisconsin,"Lake States",1041.27,POLYSYS,"mature-market high",70,0.00,dt,14892000,0,BTU,0.00,Crop
"agriculture land","Intermediate oilseeds",Pennycress,55125,"Vilas County",Wisconsin,"Lake States",1017.72,POLYSYS,"mature-market low",400,91.17,dt,23288300,2123194311,BTU,0.09,Crop
"agriculture land","Agricultural residues","Oats straw",55109,"St. Croix County",Wisconsin,"Lake States",735.19,POLYSYS,near-term,70,0.00,dt,14892000,0,BTU,0.00,Crop
"agriculture land","Intermediate oilseeds",Pennycress,55131,"Washington County",Wisconsin,"Lake States",435.66,POLYSYS,emerging,400,9320.54,dt,23288300,217059531682,BTU,21.39,Crop
"agriculture land","Agricultural residues","Corn stover",55087,"Outagamie County",Wisconsin,"Lake States",644.61,POLYSYS,"mature-market medium",70,82116.00,dt,15722000,1291027752000,BTU,127.39,Crop
"agriculture land","Agricultural residues","Wheat straw",55041,"Forest County",Wisconsin,"Lake States",1046.52,POLYSYS,"mature-market high",70,0.00,dt,14892000,0,BTU,0.00,Crop
"agriculture land","Agricultural residues","Oats straw",55027,"Dodge County",Wisconsin,"Lake States",907.1,POLYSYS,"mature-market medium",70,0.00,dt,14892000,0,BTU,0.00,Crop
"agriculture land","Energy crops, woody",Poplar,55033,"Dunn County",Wisconsin,"Lake States",863.89,POLYSYS,emerging,70,707.00,dt,16904000,11951128000,BTU,0.82,Pasture
"agriculture land","Agricultural residues","Oats straw",55015,"Calumet County",Wisconsin,"Lake States",397.08,POLYSYS,"mature-market medium",70,0.00,dt,14892000,0,BTU,0.00,Crop
"agriculture land","Energy crops, herbaceous",Switchgrass,55023,"Crawford County",Wisconsin,"Lake States",599.21,POLYSYS,"mature-market low",70,0.00,dt,16424000,0,BTU,0.00,Pasture
"agriculture land","Agricultural residues","Wheat straw",55085,"Oneida County",Wisconsin,"Lake States",1236.57,POLYSYS,emerging,70,0.00,dt,14892000,0,BTU,0.00,Crop
"agriculture land","Agricultural residues","Oats straw",55001,"Adams County",Wisconsin,"Lake States",687.48,POLYSYS,"mature-market high",70,0.00,dt,14892000,0,BTU,0.00,Crop
"agriculture land","Intermediate oilseeds",Pennycress,55093,"Pierce County",Wisconsin,"Lake States",592.73,POLYSYS,"mature-market high",400,19649.29,dt,23288300,457598560307,BTU,33.15,Crop
"agriculture land","Energy crops, herbaceous",Miscanthus,55129,"Washburn County",Wisconsin,"Lake States",853.32,POLYSYS,"mature-market low",70,11676.00,dt,16660000,194522160000,BTU,13.68,Pasture
"agriculture land","Agricultural residues","Oats straw",55027,"Dodge County",Wisconsin,"Lake States",907.1,POLYSYS,near-term,70,0.00,dt,14892000,0,BTU,0.00,Crop
"agriculture land","Intermediate oilseeds",Pennycress,55111,"Sauk County",Wisconsin,"Lake States",849.19,POLYSYS,emerging,400,18645.96,dt,23288300,434232710268,BTU,21.96,Crop
"agriculture land","Agricultural residues","Corn stover",55103,"Richland County",Wisconsin,"Lake States",589.3,POLYSYS,near-term,70,25649.00,dt,15722000,403253578000,BTU,43.52,Crop
"agriculture land","Agricultural residues","Corn stover",55077,"Marquette County",Wisconsin,"Lake States",464.47,POLYSYS,emerging,70,41942.00,dt,15722000,659412124000,BTU,90.30,Crop
"agriculture land","Intermediate oilseeds",Pennycress,55131,"Washington County",Wisconsin,"Lake States",435.66,POLYSYS,"mature-market high",400,9320.54,dt,23288300,217059531682,BTU,21.39,Crop
"agriculture land","Energy crops, herbaceous",Miscanthus,55009,"Brown County",Wisconsin,"Lake States",531.24,POLYSYS,"mature-market medium",70,22118.00,dt,16660000,368485880000,BTU,41.63,Pasture
"agriculture land","Agricultural residues","Corn stover",55053,"Jackson County",Wisconsin,"Lake States",1000.48,POLYSYS,emerging,70,163883.00,dt,15722000,2576568526000,BTU,163.80,Crop
"agriculture land","Energy crops, woody",Willow,55111,"Sauk County",Wisconsin,"Lake States",849.19,POLYSYS,"mature-market medium",70,1308.00,dt,17296000,22623168000,BTU,1.54,Pasture
"agriculture land","Agricultural residues","Corn stover",55061,"Kewaunee County",Wisconsin,"Lake States",343.95,POLYSYS,emerging,70,77436.00,dt,15722000,1217448792000,BTU,225.14,Crop
"agriculture land","Agricultural residues","Oats straw",55065,"Lafayette County",Wisconsin,"Lake States",634.57,POLYSYS,"mature-market low",70,0.00,dt,14892000,0,BTU,0.00,Crop
"agriculture land","Energy crops, woody",Willow,55087,"Outagamie County",Wisconsin,"Lake States",644.61,POLYSYS,emerging,70,0.00,dt,17296000,0,BTU,0.00,Crop
"agriculture land","Agricultural residues","Wheat straw",55073,"Marathon County",Wisconsin,"Lake States",1576.33,POLYSYS,"mature-market high",70,0.00,dt,14892000,0,BTU,0.00,Crop
"agriculture land","Agricultural residues","Pruning residues, noncitrus",55019,"Clark County",Wisconsin,"Lake States",1218.67,"NASS 2017 Census",emerging,40,36.40,dt,17368000,632195200,BTU,0.03,Crop
"agriculture land","Agricultural residues","Oats straw",55029,"Door County",Wisconsin,"Lake States",487.56,POLYSYS,"mature-market low",70,0.00,dt,14892000,0,BTU,0.00,Crop
"agriculture land","Energy crops, herbaceous",Switchgrass,55015,"Calumet County",Wisconsin,"Lake States",397.08,POLYSYS,"mature-market high",70,0.00,dt,16424000,0,BTU,0.00,Pasture
"agriculture land","Agricultural residues","Oats straw",55027,"Dodge County",Wisconsin,"Lake States",907.1,POLYSYS,"mature-market high",70,0.00,dt,14892000,0,BTU,0.00,Crop
"agriculture land","Agricultural residues","Pruning residues, noncitrus",55095,"Polk County",Wisconsin,"Lake States",956.41,"NASS 2017 Census",near-term,40,15.60,dt,17368000,270940800,BTU,0.02,Crop
"agriculture land","Energy crops, woody",Willow,55127,"Walworth County",Wisconsin,"Lake States",576.6,POLYSYS,"mature-market high",70,944.00,dt,17296000,16327424000,BTU,1.64,Pasture
"agriculture land","Agricultural residues","Pruning residues, noncitrus",55007,"Bayfield County",Wisconsin,"Lake States",1511.34,"NASS 2017 Census","mature-market low",40,73.90,dt,17368000,1283495200,BTU,0.05,Crop
"agriculture land","Intermediate oilseeds",Pennycress,55011,"Buffalo County",Wisconsin,"Lake States",709.59,POLYSYS,"mature-market low",400,15418.42,dt,23288300,359068790486,BTU,21.73,Crop
"agriculture land","Agricultural residues","Pruning residues, noncitrus",55023,"Crawford County",Wisconsin,"Lake States",599.21,"NASS 2017 Census","mature-market medium",40,537.30,dt,17368000,9331826400,BTU,0.90,Crop
"agriculture land","Energy crops, herbaceous",Miscanthus,55013,"Burnett County",Wisconsin,"Lake States",880.22,POLYSYS,emerging,70,26367.00,dt,16660000,439274220000,BTU,29.96,Pasture
"agriculture land","Agricultural residues","Pruning residues, noncitrus",55039,"Fond du Lac County",Wisconsin,"Lake States",765.84,"NASS 2017 Census",emerging,40,85.90,dt,17368000,1491911200,BTU,0.11,Crop
"agriculture land","Agricultural residues","Pruning residues, noncitrus",55075,"Marinette County",Wisconsin,"Lake States",1429.25,"NASS 2017 Census","mature-market low",40,41.80,dt,17368000,725982400,BTU,0.03,Crop
"agriculture land","Energy crops, woody",Willow,55017,"Chippewa County",Wisconsin,"Lake States",1041.27,POLYSYS,"mature-market low",70,4082.00,dt,17296000,70602272000,BTU,3.92,Pasture
"agriculture land","Agricultural residues","Pruning residues, noncitrus",55093,"Pierce County",Wisconsin,"Lake States",592.73,"NASS 2017 Census",emerging,40,151.10,dt,17368000,2624304800,BTU,0.25,Crop
"agriculture land","Intermediate oilseeds",Pennycress,55007,"Bayfield County",Wisconsin,"Lake States",1511.34,POLYSYS,"mature-market low",400,1040.39,dt,23288300,24228914437,BTU,0.69,Crop
"agriculture land","Energy crops, herbaceous",Switchgrass,55109,"St. Croix County",Wisconsin,"Lake States",735.19,POLYSYS,emerging,70,0.00,dt,16424000,0,BTU,0.00,Pasture
"agriculture land","Agricultural residues","Pruning residues, noncitrus",55107,"Rusk County",Wisconsin,"Lake States",930.86,"NASS 2017 Census","mature-market high",40,15.70,dt,17368000,272677600,BTU,0.02,Crop
"agriculture land","Energy crops, herbaceous",Miscanthus,55021,"Columbia County",Wisconsin,"Lake States",795.99,POLYSYS,"mature-market high",70,39091.00,dt,16660000,651256060000,BTU,49.11,Pasture
"agriculture land","Agricultural residues","Corn stover",55095,"Polk County",Wisconsin,"Lake States",956.41,POLYSYS,near-term,70,86321.00,dt,15722000,1357138762000,BTU,90.26,Crop
"agriculture land","Intermediate oilseeds",Pennycress,55027,"Dodge County",Wisconsin,"Lake States",907.1,POLYSYS,emerging,400,36815.14,dt,23288300,857362024862,BTU,40.59,Crop
"agriculture land","Energy crops, herbaceous",Switchgrass,55019,"Clark County",Wisconsin,"Lake States",1218.67,POLYSYS,"mature-market low",70,0.00,dt,16424000,0,BTU,0.00,Pasture
"agriculture land","Agricultural residues","Pruning residues, noncitrus",55027,"Dodge County",Wisconsin,"Lake States",907.1,"NASS 2017 Census","mature-market high",40,89.60,dt,17368000,1556172800,BTU,0.10,Crop
"agriculture land","Agricultural residues","Pruning residues, noncitrus",55093,"Pierce County",Wisconsin,"Lake States",592.73,"NASS 2017 Census","mature-market low",40,33.30,dt,17368000,578354400,BTU,0.06,Crop
"agriculture land","Agricultural residues","Pruning residues, noncitrus",55095,"Polk County",Wisconsin,"Lake States",956.41,"NASS 2017 Census","mature-market high",40,15.60,dt,17368000,270940800,BTU,0.02,Crop
"agriculture land","Agricultural residues","Pruning residues, noncitrus",55035,"Eau Claire County",Wisconsin,"Lake States",645.2,"NASS 2017 Census","mature-market high",40,52.00,dt,17368000,903136000,BTU,0.08,Crop
"agriculture land","Agricultural residues","Pruning residues, noncitrus",55103,"Richland County",Wisconsin,"Lake States",589.3,"NASS 2017 Census",emerging,40,388.40,dt,17368000,6745731200,BTU,0.66,Crop
"agriculture land","Agricultural residues","Pruning residues, noncitrus",55083,"Oconto County",Wisconsin,"Lake States",1016.31,"NASS 2017 Census","mature-market medium",40,2.10,dt,17368000,36472800,BTU,0.00,Crop
"agriculture land","Agricultural residues","Oats straw",55071,"Manitowoc County",Wisconsin,"Lake States",594.62,POLYSYS,"mature-market low",70,0.00,dt,14892000,0,BTU,0.00,Crop
"agriculture land","Agricultural residues","Pruning residues, noncitrus",55097,"Portage County",Wisconsin,"Lake States",822.82,"NASS 2017 Census","mature-market low",40,83.40,dt,17368000,1448491200,BTU,0.10,Crop
"agriculture land","Energy crops, herbaceous",Miscanthus,55119,"Taylor County",Wisconsin,"Lake States",984.56,POLYSYS,"mature-market medium",70,11988.00,dt,16660000,199720080000,BTU,12.18,Crop
"agriculture land","Energy crops, woody",Willow,55077,"Marquette County",Wisconsin,"Lake States",464.47,POLYSYS,"mature-market low",70,60049.00,dt,17296000,1038607504000,BTU,129.28,Crop
"agriculture land","Energy crops, woody",Poplar,55111,"Sauk County",Wisconsin,"Lake States",849.19,POLYSYS,"mature-market high",70,547.00,dt,16904000,9246488000,BTU,0.64,Pasture
"agriculture land","Agricultural residues","Pruning residues, noncitrus",55073,"Marathon County",Wisconsin,"Lake States",1576.33,"NASS 2017 Census","mature-market medium",40,126.00,dt,17368000,2188368000,BTU,0.08,Crop
"agriculture land","Agricultural residues","Pruning residues, noncitrus",55113,"Sawyer County",Wisconsin,"Lake States",1350.24,"NASS 2017 Census",near-term,40,30.00,dt,17368000,521040000,BTU,0.02,Crop
"agriculture land","Agricultural residues","Oats straw",55085,"Oneida County",Wisconsin,"Lake States",1236.57,POLYSYS,"mature-market low",70,0.00,dt,14892000,0,BTU,0.00,Crop
"agriculture land","Agricultural residues","Pruning residues, noncitrus",55043,"Grant County",Wisconsin,"Lake States",1183.37,"NASS 2017 Census",near-term,40,98.40,dt,17368000,1709011199,BTU,0.08,Crop
"agriculture land","Agricultural residues","Pruning residues, noncitrus",55047,"Green Lake County",Wisconsin,"Lake States",380.13,"NASS 2017 Census","mature-market high",40,35.80,dt,17368000,621774400,BTU,0.09,Crop
"agriculture land","Agricultural residues","Pruning residues, tree nuts",55025,"Dane County",Wisconsin,"Lake States",1237.5,"NASS 2017 Census","mature-market medium",40,30.80,dt,17368000,534934400,BTU,0.02,Crop
"agriculture land","Intermediate oilseeds",Pennycress,55047,"Green Lake County",Wisconsin,"Lake States",380.13,POLYSYS,"mature-market low",400,10101.17,dt,23288300,235239077311,BTU,26.57,Crop
"agriculture land","Intermediate oilseeds",Pennycress,55077,"Marquette County",Wisconsin,"Lake States",464.47,POLYSYS,"mature-market high",400,9354.73,dt,23288300,217855758659,BTU,20.14,Crop
"agriculture land","Agricultural residues","Pruning residues, noncitrus",55127,"Walworth County",Wisconsin,"Lake States",576.6,"NASS 2017 Census",emerging,40,40.60,dt,17368000,705140800,BTU,0.07,Crop
"agriculture land","Agricultural residues","Pruning residues, noncitrus",55109,"St. Croix County",Wisconsin,"Lake States",735.19,"NASS 2017 Census",near-term,40,89.80,dt,17368000,1559646400,BTU,0.12,Crop
"agriculture land","Intermediate oilseeds",Pennycress,55075,"Marinette County",Wisconsin,"Lake States",1429.25,POLYSYS,emerging,400,5522.47,dt,23288300,128608938101,BTU,3.86,Crop
"agriculture land","Agricultural residues","Pruning residues, noncitrus",55005,"Barron County",Wisconsin,"Lake States",889.76,"NASS 2017 Census","mature-market low",40,82.00,dt,17368000,1424176000,BTU,0.09,Crop
"agriculture land","Agricultural residues","Pruning residues, noncitrus",55071,"Manitowoc County",Wisconsin,"Lake States",594.62,"NASS 2017 Census","mature-market low",40,49.50,dt,17368000,859716000,BTU,0.08,Crop
"agriculture land","Energy crops, woody",Willow,55139,"Winnebago County",Wisconsin,"Lake States",578.57,POLYSYS,"mature-market medium",70,2160.00,dt,17296000,37359360000,BTU,3.73,Pasture
"agriculture land","Agricultural residues","Pruning residues, noncitrus",55047,"Green Lake County",Wisconsin,"Lake States",380.13,"NASS 2017 Census",near-term,40,35.80,dt,17368000,621774400,BTU,0.09,Crop
"agriculture land","Energy crops, woody",Willow,55029,"Door County",Wisconsin,"Lake States",487.56,POLYSYS,"mature-market high",70,2443.00,dt,17296000,42254128000,BTU,5.01,Pasture
"agriculture land","Agricultural residues","Pruning residues, noncitrus",55119,"Taylor County",Wisconsin,"Lake States",984.56,"NASS 2017 Census","mature-market low",40,7.00,dt,17368000,121576000,BTU,0.01,Crop
"agriculture land","Agricultural residues","Pruning residues, tree nuts",55133,"Waukesha County",Wisconsin,"Lake States",580.54,"NASS 2017 Census",near-term,40,39.00,dt,17368000,677352000,BTU,0.07,Crop
"agriculture land","Energy crops, herbaceous",Miscanthus,55029,"Door County",Wisconsin,"Lake States",487.56,POLYSYS,"mature-market medium",70,100407.00,dt,16660000,1672780620000,BTU,205.94,Crop
"agriculture land","Agricultural residues","Pruning residues, noncitrus",55091,"Pepin County",Wisconsin,"Lake States",248.7,"NASS 2017 Census",near-term,40,37.00,dt,17368000,642616000,BTU,0.15,Crop
"agriculture land","Energy crops, woody",Willow,55075,"Marinette County",Wisconsin,"Lake States",1429.25,POLYSYS,emerging,70,2726.00,dt,17296000,47148896000,BTU,1.91,Pasture
"agriculture land","Agricultural residues","Pruning residues, noncitrus",55083,"Oconto County",Wisconsin,"Lake States",1016.31,"NASS 2017 Census",emerging,40,58.60,dt,17368000,1017764800,BTU,0.06,Crop
"agriculture land","Agricultural residues","Pruning residues, noncitrus",55063,"La Crosse County",Wisconsin,"Lake States",480.05,"NASS 2017 Census","mature-market medium",40,28.60,dt,17368000,496724800,BTU,0.06,Crop
"agriculture land","Agricultural residues","Pruning residues, noncitrus",55013,"Burnett County",Wisconsin,"Lake States",880.22,"NASS 2017 Census",near-term,40,21.40,dt,17368000,371675200,BTU,0.02,Crop
"agriculture land","Energy crops, woody",Willow,55059,"Kenosha County",Wisconsin,"Lake States",278.42,POLYSYS,emerging,70,353.00,dt,17296000,6105488000,BTU,1.27,Pasture
"agriculture land","Intermediate oilseeds",Pennycress,55105,"Rock County",Wisconsin,"Lake States",726.16,POLYSYS,"mature-market low",400,35041.90,dt,23288300,816066279770,BTU,48.26,Crop
"agriculture land","Agricultural residues","Wheat straw",55041,"Forest County",Wisconsin,"Lake States",1046.52,POLYSYS,emerging,70,0.00,dt,14892000,0,BTU,0.00,Crop
"agriculture land","Agricultural residues","Oats straw",55043,"Grant County",Wisconsin,"Lake States",1183.37,POLYSYS,emerging,70,0.00,dt,14892000,0,BTU,0.00,Crop
"agriculture land","Agricultural residues","Pruning residues, tree nuts",55117,"Sheboygan County",Wisconsin,"Lake States",517.64,"NASS 2017 Census","mature-market high",40,2.60,dt,17368000,45156800,BTU,0.01,Crop
"agriculture land","Energy crops, woody",Willow,55081,"Monroe County",Wisconsin,"Lake States",908.08,POLYSYS,"mature-market high",70,1636.00,dt,17296000,28296256000,BTU,1.80,Pasture
"agriculture land","Agricultural residues","Pruning residues, tree nuts",55137,"Waushara County",Wisconsin,"Lake States",637.4,"NASS 2017 Census",emerging,40,3.90,dt,17368000,67735200,BTU,0.01,Crop
"agriculture land","Energy crops, herbaceous",Switchgrass,55049,"Iowa County",Wisconsin,"Lake States",768.05,POLYSYS,"mature-market low",70,0.00,dt,16424000,0,BTU,0.00,Pasture
"agriculture land","Agricultural residues","Wheat straw",55083,"Oconto County",Wisconsin,"Lake States",1016.31,POLYSYS,"mature-market low",70,0.00,dt,14892000,0,BTU,0.00,Crop
"agriculture land","Agricultural residues","Pruning residues, noncitrus",55101,"Racine County",Wisconsin,"Lake States",340.39,"NASS 2017 Census","mature-market low",40,315.20,dt,17368000,5474393600,BTU,0.93,Crop
"agriculture land","Agricultural residues","Pruning residues, noncitrus",55139,"Winnebago County",Wisconsin,"Lake States",578.57,"NASS 2017 Census",near-term,40,26.00,dt,17368000,451568000,BTU,0.04,Crop
"agriculture land","Energy crops, herbaceous",Miscanthus,55119,"Taylor County",Wisconsin,"Lake States",984.56,POLYSYS,"mature-market low",70,62258.00,dt,16660000,1037218280000,BTU,63.23,Pasture
"agriculture land","Agricultural residues","Pruning residues, noncitrus",55141,"Wood County",Wisconsin,"Lake States",809.25,"NASS 2017 Census",emerging,40,6473.00,dt,17368000,112423064000,BTU,8.00,Crop
"agriculture land","Agricultural residues","Pruning residues, noncitrus",55049,"Iowa County",Wisconsin,"Lake States",768.05,"NASS 2017 Census","mature-market high",40,4.20,dt,17368000,72945600,BTU,0.01,Crop
"agriculture land","Intermediate oilseeds",Pennycress,55113,"Sawyer County",Wisconsin,"Lake States",1350.24,POLYSYS,"mature-market medium",400,1471.38,dt,23288300,34265938854,BTU,1.09,Crop
"agriculture land","Energy crops, woody",Willow,55121,"Trempealeau County",Wisconsin,"Lake States",741.98,POLYSYS,emerging,70,8786.00,dt,17296000,151962656000,BTU,11.84,Crop
"agriculture land","Energy crops, woody",Poplar,55023,"Crawford County",Wisconsin,"Lake States",599.21,POLYSYS,"mature-market high",70,1070.00,dt,16904000,18087280000,BTU,1.79,Pasture
"agriculture land","Agricultural residues","Wheat straw",55005,"Barron County",Wisconsin,"Lake States",889.76,POLYSYS,emerging,70,0.00,dt,14892000,0,BTU,0.00,Crop
"agriculture land","Agricultural residues","Oats straw",55039,"Fond du Lac County",Wisconsin,"Lake States",765.84,POLYSYS,"mature-market medium",70,0.00,dt,14892000,0,BTU,0.00,Crop
"agriculture land","Energy crops, woody",Willow,55055,"Jefferson County",Wisconsin,"Lake States",582.74,POLYSYS,"mature-market low",70,3374.00,dt,17296000,58356704000,BTU,5.79,Pasture
"agriculture land","Agricultural residues","Pruning residues, noncitrus",55109,"St. Croix County",Wisconsin,"Lake States",735.19,"NASS 2017 Census","mature-market high",40,16.60,dt,17368000,288308800,BTU,0.02,Crop
"agriculture land","Agricultural residues","Pruning residues, noncitrus",55077,"Marquette County",Wisconsin,"Lake States",464.47,"NASS 2017 Census","mature-market high",40,41.50,dt,17368000,720772000,BTU,0.09,Crop
"agriculture land","Agricultural residues","Corn stover",55113,"Sawyer County",Wisconsin,"Lake States",1350.24,POLYSYS,emerging,70,5875.00,dt,15722000,92366750000,BTU,4.35,Crop
"agriculture land","Energy crops, woody",Poplar,55139,"Winnebago County",Wisconsin,"Lake States",578.57,POLYSYS,"mature-market low",70,362.00,dt,16904000,6119248000,BTU,0.63,Pasture
"agriculture land","Agricultural residues","Pruning residues, noncitrus",55131,"Washington County",Wisconsin,"Lake States",435.66,"NASS 2017 Census",near-term,40,66.60,dt,17368000,1156708800,BTU,0.15,Crop
"agriculture land","Energy crops, herbaceous",Switchgrass,55109,"St. Croix County",Wisconsin,"Lake States",735.19,POLYSYS,"mature-market low",70,0.00,dt,16424000,0,BTU,0.00,Pasture
"agriculture land","Agricultural residues","Wheat straw",55089,"Ozaukee County",Wisconsin,"Lake States",235.28,POLYSYS,"mature-market low",70,0.00,dt,14892000,0,BTU,0.00,Crop
"agriculture land","Agricultural residues","Pruning residues, noncitrus",55059,"Kenosha County",Wisconsin,"Lake States",278.42,"NASS 2017 Census","mature-market high",40,39.50,dt,17368000,686036000,BTU,0.14,Crop
"agriculture land","Agricultural residues","Pruning residues, noncitrus",55035,"Eau Claire County",Wisconsin,"Lake States",645.2,"NASS 2017 Census","mature-market high",40,80.50,dt,17368000,1398124000,BTU,0.12,Crop
"agriculture land","Energy crops, herbaceous",Miscanthus,55103,"Richland County",Wisconsin,"Lake States",589.3,POLYSYS,"mature-market high",70,201725.00,dt,16660000,3360738500000,BTU,342.31,Crop
"agriculture land","Agricultural residues","Pruning residues, noncitrus",55021,"Columbia County",Wisconsin,"Lake States",795.99,"NASS 2017 Census",emerging,40,27.00,dt,17368000,468936000,BTU,0.03,Crop
"agriculture land","Agricultural residues","Corn stover",55053,"Jackson County",Wisconsin,"Lake States",1000.48,POLYSYS,"mature-market medium",70,115054.00,dt,15722000,1808878988000,BTU,115.00,Crop
"agriculture land","Intermediate oilseeds",Pennycress,55061,"Kewaunee County",Wisconsin,"Lake States",343.95,POLYSYS,"mature-market high",400,6749.42,dt,23288300,157182517786,BTU,19.62,Crop
"agriculture land","Agricultural residues","Corn stover",55009,"Brown County",Wisconsin,"Lake States",531.24,POLYSYS,emerging,70,86035.00,dt,15722000,1352642270000,BTU,161.95,Crop
"agriculture land","Agricultural residues","Pruning residues, noncitrus",55121,"Trempealeau County",Wisconsin,"Lake States",741.98,"NASS 2017 Census","mature-market low",40,5.20,dt,17368000,90313600,BTU,0.01,Crop
"agriculture land","Agricultural residues","Wheat straw",55089,"Ozaukee County",Wisconsin,"Lake States",235.28,POLYSYS,"mature-market high",70,0.00,dt,14892000,0,BTU,0.00,Crop
"agriculture land","Energy crops, herbaceous",Miscanthus,55135,"Waupaca County",Wisconsin,"Lake States",765.17,POLYSYS,"mature-market high",70,29518.00,dt,16660000,491769880000,BTU,38.58,Pasture
"agriculture land","Agricultural residues","Pruning residues, noncitrus",55055,"Jefferson County",Wisconsin,"Lake States",582.74,"NASS 2017 Census","mature-market high",40,64.80,dt,17368000,1125446400,BTU,0.11,Crop
"agriculture land","Agricultural residues","Pruning residues, tree nuts",55103,"Richland County",Wisconsin,"Lake States",589.3,"NASS 2017 Census","mature-market low",40,28.60,dt,17368000,496724800,BTU,0.05,Crop
"agriculture land","Intermediate oilseeds",Pennycress,55071,"Manitowoc County",Wisconsin,"Lake States",594.62,POLYSYS,"mature-market medium",400,14247.44,dt,23288300,331798656952,BTU,23.96,Crop
"agriculture land","Energy crops, herbaceous",Miscanthus,55117,"Sheboygan County",Wisconsin,"Lake States",517.64,POLYSYS,"mature-market high",70,102822.00,dt,16660000,1713014520000,BTU,198.64,Crop
"agriculture land","Energy crops, woody",Willow,55051,"Iron County",Wisconsin,"Lake States",802.62,POLYSYS,"mature-market high",70,423.00,dt,17296000,7316208000,BTU,0.53,Pasture
"agriculture land","Agricultural residues","Corn stover",55091,"Pepin County",Wisconsin,"Lake States",248.7,POLYSYS,emerging,70,85700.00,dt,15722000,1347375400000,BTU,344.59,Crop
"agriculture land","Energy crops, woody",Willow,55115,"Shawano County",Wisconsin,"Lake States",909.4,POLYSYS,"mature-market low",70,3909.00,dt,17296000,67610064000,BTU,4.30,Pasture
"agriculture land","Agricultural residues","Pruning residues, noncitrus",55031,"Douglas County",Wisconsin,"Lake States",1332.11,"NASS 2017 Census","mature-market medium",40,2.00,dt,17368000,34736000,BTU,0.00,Crop
"agriculture land","Agricultural residues","Pruning residues, noncitrus",55037,"Florence County",Wisconsin,"Lake States",497.43,"NASS 2017 Census",emerging,40,18.60,dt,17368000,323044800,BTU,0.04,Crop
"agriculture land","Intermediate oilseeds",Pennycress,55035,"Eau Claire County",Wisconsin,"Lake States",645.2,POLYSYS,"mature-market high",400,12483.42,dt,23288300,290717629986,BTU,19.35,Crop
"agriculture land","Agricultural residues","Pruning residues, noncitrus",55117,"Sheboygan County",Wisconsin,"Lake States",517.64,"NASS 2017 Census","mature-market medium",40,4.10,dt,17368000,71208800,BTU,0.01,Crop
"agriculture land","Agricultural residues","Pruning residues, noncitrus",55065,"Lafayette County",Wisconsin,"Lake States",634.57,"NASS 2017 Census","mature-market low",40,11.60,dt,17368000,201468800,BTU,0.02,Crop
"agriculture land","Agricultural residues","Pruning residues, noncitrus",55093,"Pierce County",Wisconsin,"Lake States",592.73,"NASS 2017 Census","mature-market high",40,151.10,dt,17368000,2624304800,BTU,0.25,Crop
"agriculture land","Agricultural residues","Wheat straw",55119,"Taylor County",Wisconsin,"Lake States",984.56,POLYSYS,"mature-market low",70,0.00,dt,14892000,0,BTU,0.00,Crop
"agriculture land","Energy crops, herbaceous",Switchgrass,55017,"Chippewa County",Wisconsin,"Lake States",1041.27,POLYSYS,"mature-market high",70,0.00,dt,16424000,0,BTU,0.00,Pasture
"agriculture land","Agricultural residues","Oats straw",55009,"Brown County",Wisconsin,"Lake States",531.24,POLYSYS,emerging,70,0.00,dt,14892000,0,BTU,0.00,Crop
"agriculture land","Energy crops, woody",Willow,55061,"Kewaunee County",Wisconsin,"Lake States",343.95,POLYSYS,"mature-market low",70,2477.00,dt,17296000,42842192000,BTU,7.20,Pasture
"agriculture land","Agricultural residues","Oats straw",55009,"Brown County",Wisconsin,"Lake States",531.24,POLYSYS,"mature-market high",70,0.00,dt,14892000,0,BTU,0.00,Crop
"agriculture land","Energy crops, woody",Willow,55121,"Trempealeau County",Wisconsin,"Lake States",741.98,POLYSYS,"mature-market low",70,1566.00,dt,17296000,27085536000,BTU,2.11,Pasture
"agriculture land","Agricultural residues","Oats straw",55117,"Sheboygan County",Wisconsin,"Lake States",517.64,POLYSYS,"mature-market low",70,0.00,dt,14892000,0,BTU,0.00,Crop
"agriculture land","Agricultural residues","Pruning residues, noncitrus",55033,"Dunn County",Wisconsin,"Lake States",863.89,"NASS 2017 Census",near-term,40,32.20,dt,17368000,559249600,BTU,0.04,Crop
"agriculture land","Intermediate oilseeds",Pennycress,55057,"Juneau County",Wisconsin,"Lake States",805.17,POLYSYS,"mature-market high",400,10672.65,dt,23288300,248547874995,BTU,13.26,Crop
"agriculture land","Agricultural residues","Pruning residues, noncitrus",55035,"Eau Claire County",Wisconsin,"Lake States",645.2,"NASS 2017 Census","mature-market medium",40,52.00,dt,17368000,903136000,BTU,0.08,Crop
"agriculture land","Intermediate oilseeds",Pennycress,55029,"Door County",Wisconsin,"Lake States",487.56,POLYSYS,"mature-market low",400,8110.30,dt,23288300,188875099490,BTU,16.63,Crop
"agriculture land","Agricultural residues","Corn stover",55043,"Grant County",Wisconsin,"Lake States",1183.37,POLYSYS,"mature-market high",70,208873.00,dt,15722000,3283901306000,BTU,176.51,Crop
"agriculture land","Agricultural residues","Pruning residues, noncitrus",55013,"Burnett County",Wisconsin,"Lake States",880.22,"NASS 2017 Census","mature-market low",40,9.40,dt,17368000,163259200,BTU,0.01,Crop
"agriculture land","Energy crops, herbaceous",Miscanthus,55123,"Vernon County",Wisconsin,"Lake States",816.38,POLYSYS,"mature-market low",70,15486.00,dt,16660000,257996760000,BTU,18.97,Pasture
"agriculture land","Intermediate oilseeds",Pennycress,55067,"Langlade County",Wisconsin,"Lake States",887.79,POLYSYS,"mature-market medium",400,2858.58,dt,23288300,66571468614,BTU,3.22,Crop
"agriculture land","Agricultural residues","Corn stover",55019,"Clark County",Wisconsin,"Lake States",1218.67,POLYSYS,near-term,70,137155.00,dt,15722000,2156350910000,BTU,112.54,Crop
"agriculture land","Agricultural residues","Pruning residues, noncitrus",55019,"Clark County",Wisconsin,"Lake States",1218.67,"NASS 2017 Census","mature-market high",40,84.10,dt,17368000,1460648800,BTU,0.07,Crop
"agriculture land","Agricultural residues","Sorghum stubble",55039,"Fond du Lac County",Wisconsin,"Lake States",765.84,POLYSYS,emerging,70,0.00,dt,14830000,0,BTU,0.00,Crop
"agriculture land","Agricultural residues","Pruning residues, tree nuts",55131,"Washington County",Wisconsin,"Lake States",435.66,"NASS 2017 Census","mature-market medium",40,7.20,dt,17368000,125049600,BTU,0.02,Crop
"agriculture land","Agricultural residues","Corn stover",55043,"Grant County",Wisconsin,"Lake States",1183.37,POLYSYS,"mature-market medium",70,202661.00,dt,15722000,3186236242000,BTU,171.26,Crop
"agriculture land","Agricultural residues","Corn stover",55041,"Forest County",Wisconsin,"Lake States",1046.52,POLYSYS,emerging,70,0.00,dt,15722000,0,BTU,0.00,Crop
"agriculture land","Agricultural residues","Pruning residues, tree nuts",55137,"Waushara County",Wisconsin,"Lake States",637.4,"NASS 2017 Census","mature-market high",40,3.90,dt,17368000,67735200,BTU,0.01,Crop
"agriculture land","Agricultural residues","Pruning residues, noncitrus",55057,"Juneau County",Wisconsin,"Lake States",805.17,"NASS 2017 Census","mature-market medium",40,21.40,dt,17368000,371675200,BTU,0.03,Crop
"agriculture land","Agricultural residues","Pruning residues, noncitrus",55091,"Pepin County",Wisconsin,"Lake States",248.7,"NASS 2017 Census","mature-market low",40,37.00,dt,17368000,642616000,BTU,0.15,Crop
"agriculture land","Energy crops, herbaceous",Miscanthus,55075,"Marinette County",Wisconsin,"Lake States",1429.25,POLYSYS,emerging,70,14498.00,dt,16660000,241536680000,BTU,10.14,Pasture
"agriculture land","Agricultural residues","Pruning residues, noncitrus",55045,"Green County",Wisconsin,"Lake States",584.55,"NASS 2017 Census","mature-market low",40,76.40,dt,17368000,1326915200,BTU,0.13,Crop
"agriculture land","Agricultural residues","Pruning residues, noncitrus",55005,"Barron County",Wisconsin,"Lake States",889.76,"NASS 2017 Census","mature-market high",40,82.00,dt,17368000,1424176000,BTU,0.09,Crop
"agriculture land","Agricultural residues","Oats straw",55095,"Polk County",Wisconsin,"Lake States",956.41,POLYSYS,emerging,70,0.00,dt,14892000,0,BTU,0.00,Crop
"agriculture land","Agricultural residues","Pruning residues, noncitrus",55011,"Buffalo County",Wisconsin,"Lake States",709.59,"NASS 2017 Census",near-term,40,8.60,dt,17368000,149364800,BTU,0.01,Crop
"agriculture land","Agricultural residues","Pruning residues, noncitrus",55063,"La Crosse County",Wisconsin,"Lake States",480.05,"NASS 2017 Census",emerging,40,15.60,dt,17368000,270940800,BTU,0.03,Crop
"agriculture land","Agricultural residues","Pruning residues, tree nuts",55131,"Washington County",Wisconsin,"Lake States",435.66,"NASS 2017 Census",near-term,40,7.20,dt,17368000,125049600,BTU,0.02,Crop
"agriculture land","Agricultural residues","Pruning residues, noncitrus",55073,"Marathon County",Wisconsin,"Lake States",1576.33,"NASS 2017 Census",emerging,40,126.00,dt,17368000,2188368000,BTU,0.08,Crop
"agriculture land","Energy crops, woody",Willow,55077,"Marquette County",Wisconsin,"Lake States",464.47,POLYSYS,"mature-market low",70,2363.00,dt,17296000,40870448000,BTU,5.09,Pasture
"agriculture land","Energy crops, woody",Poplar,55117,"Sheboygan County",Wisconsin,"Lake States",517.64,POLYSYS,"mature-market high",70,1217.00,dt,16904000,20572168000,BTU,2.35,Pasture
"agriculture land","Energy crops, woody",Willow,55033,"Dunn County",Wisconsin,"Lake States",863.89,POLYSYS,emerging,70,1381.00,dt,17296000,23885776000,BTU,1.60,Pasture
"agriculture land","Energy crops, herbaceous",Miscanthus,55119,"Taylor County",Wisconsin,"Lake States",984.56,POLYSYS,emerging,70,81626.00,dt,16660000,1359889160000,BTU,82.91,Pasture
"agriculture land","Agricultural residues","Pruning residues, noncitrus",55071,"Manitowoc County",Wisconsin,"Lake States",594.62,"NASS 2017 Census","mature-market low",40,23.90,dt,17368000,415095200,BTU,0.04,Crop
"agriculture land","Energy crops, woody",Willow,55015,"Calumet County",Wisconsin,"Lake States",397.08,POLYSYS,"mature-market low",70,1476.00,dt,17296000,25528896000,BTU,3.72,Pasture
"agriculture land","Agricultural residues","Corn stover",55059,"Kenosha County",Wisconsin,"Lake States",278.42,POLYSYS,"mature-market low",70,97131.00,dt,15722000,1527093582000,BTU,348.87,Crop
"agriculture land","Agricultural residues","Pruning residues, noncitrus",55049,"Iowa County",Wisconsin,"Lake States",768.05,"NASS 2017 Census",near-term,40,4.20,dt,17368000,72945600,BTU,0.01,Crop
"agriculture land","Agricultural residues","Pruning residues, noncitrus",55055,"Jefferson County",Wisconsin,"Lake States",582.74,"NASS 2017 Census","mature-market medium",40,9.40,dt,17368000,163259200,BTU,0.02,Crop
"agriculture land","Agricultural residues","Wheat straw",55027,"Dodge County",Wisconsin,"Lake States",907.1,POLYSYS,emerging,70,0.00,dt,14892000,0,BTU,0.00,Crop
"agriculture land","Agricultural residues","Pruning residues, noncitrus",55061,"Kewaunee County",Wisconsin,"Lake States",343.95,"NASS 2017 Census",near-term,40,72.20,dt,17368000,1253969599,BTU,0.21,Crop
"agriculture land","Agricultural residues","Pruning residues, noncitrus",55087,"Outagamie County",Wisconsin,"Lake States",644.61,"NASS 2017 Census","mature-market low",40,2.10,dt,17368000,36472800,BTU,0.00,Crop
"agriculture land","Agricultural residues","Wheat straw",55007,"Bayfield County",Wisconsin,"Lake States",1511.34,POLYSYS,"mature-market low",70,0.00,dt,14892000,0,BTU,0.00,Crop
"agriculture land","Agricultural residues","Pruning residues, noncitrus",55071,"Manitowoc County",Wisconsin,"Lake States",594.62,"NASS 2017 Census","mature-market high",40,23.90,dt,17368000,415095200,BTU,0.04,Crop
"agriculture land","Agricultural residues","Pruning residues, noncitrus",55121,"Trempealeau County",Wisconsin,"Lake States",741.98,"NASS 2017 Census",near-term,40,5.20,dt,17368000,90313600,BTU,0.01,Crop
"agriculture land","Agricultural residues","Oats straw",55123,"Vernon County",Wisconsin,"Lake States",816.38,POLYSYS,emerging,70,0.00,dt,14892000,0,BTU,0.00,Crop
"agriculture land","Energy crops, woody",Willow,55077,"Marquette County",Wisconsin,"Lake States",464.47,POLYSYS,"mature-market high",70,119106.00,dt,17296000,2060057376000,BTU,256.43,Crop
"agriculture land","Agricultural residues","Pruning residues, tree nuts",55033,"Dunn County",Wisconsin,"Lake States",863.89,"NASS 2017 Census","mature-market medium",40,3.90,dt,17368000,67735200,BTU,0.00,Crop
"agriculture land","Energy crops, woody",Poplar,55003,"Ashland County",Wisconsin,"Lake States",1054.13,POLYSYS,"mature-market medium",70,536.00,dt,16904000,9060544000,BTU,0.51,Pasture
"agriculture land","Agricultural residues","Pruning residues, noncitrus",55045,"Green County",Wisconsin,"Lake States",584.55,"NASS 2017 Census",emerging,40,76.40,dt,17368000,1326915199,BTU,0.13,Crop
"agriculture land","Agricultural residues","Pruning residues, noncitrus",55019,"Clark County",Wisconsin,"Lake States",1218.67,"NASS 2017 Census","mature-market low",40,36.40,dt,17368000,632195200,BTU,0.03,Crop
"agriculture land","Agricultural residues","Pruning residues, noncitrus",55043,"Grant County",Wisconsin,"Lake States",1183.37,"NASS 2017 Census",emerging,40,11.40,dt,17368000,197995200,BTU,0.01,Crop
"agriculture land","Intermediate oilseeds",Pennycress,55085,"Oneida County",Wisconsin,"Lake States",1236.57,POLYSYS,emerging,400,686.90,dt,23288300,15996733270,BTU,0.56,Crop
"agriculture land","Energy crops, woody",Poplar,55007,"Bayfield County",Wisconsin,"Lake States",1511.34,POLYSYS,"mature-market low",70,68.00,dt,16904000,1149472000,BTU,0.04,Pasture
"agriculture land","Intermediate oilseeds",Pennycress,55003,"Ashland County",Wisconsin,"Lake States",1054.13,POLYSYS,"mature-market medium",400,573.53,dt,23288300,13356538699,BTU,0.54,Crop
"agriculture land","Agricultural residues","Oats straw",55111,"Sauk County",Wisconsin,"Lake States",849.19,POLYSYS,near-term,70,0.00,dt,14892000,0,BTU,0.00,Crop
"agriculture land","Intermediate oilseeds",Pennycress,55009,"Brown County",Wisconsin,"Lake States",531.24,POLYSYS,"mature-market low",400,9867.25,dt,23288300,229791478175,BTU,18.57,Crop
"agriculture land","Energy crops, woody",Poplar,55081,"Monroe County",Wisconsin,"Lake States",908.08,POLYSYS,emerging,70,806.00,dt,16904000,13624624000,BTU,0.89,Pasture
"agriculture land","Intermediate oilseeds",Pennycress,55043,"Grant County",Wisconsin,"Lake States",1183.37,POLYSYS,"mature-market medium",400,31988.90,dt,23288300,744967099870,BTU,27.03,Crop
"agriculture land","Agricultural residues","Pruning residues, tree nuts",55083,"Oconto County",Wisconsin,"Lake States",1016.31,"NASS 2017 Census","mature-market medium",40,3.90,dt,17368000,67735200,BTU,0.00,Crop
"agriculture land","Intermediate oilseeds",Pennycress,55085,"Oneida County",Wisconsin,"Lake States",1236.57,POLYSYS,"mature-market high",400,686.90,dt,23288300,15996733270,BTU,0.56,Crop
"agriculture land","Agricultural residues","Pruning residues, tree nuts",55103,"Richland County",Wisconsin,"Lake States",589.3,"NASS 2017 Census","mature-market medium",40,28.60,dt,17368000,496724800,BTU,0.05,Crop
"agriculture land","Agricultural residues","Pruning residues, noncitrus",55013,"Burnett County",Wisconsin,"Lake States",880.22,"NASS 2017 Census","mature-market high",40,21.40,dt,17368000,371675200,BTU,0.02,Crop
"agriculture land","Agricultural residues","Pruning residues, noncitrus",55039,"Fond du Lac County",Wisconsin,"Lake States",765.84,"NASS 2017 Census","mature-market medium",40,5.20,dt,17368000,90313600,BTU,0.01,Crop
"agriculture land","Energy crops, herbaceous",Miscanthus,55081,"Monroe County",Wisconsin,"Lake States",908.08,POLYSYS,"mature-market high",70,286917.00,dt,16660000,4780037220000,BTU,315.96,Crop
"agriculture land","Agricultural residues","Pruning residues, noncitrus",55031,"Douglas County",Wisconsin,"Lake States",1332.11,"NASS 2017 Census","mature-market high",40,2.00,dt,17368000,34736000,BTU,0.00,Crop
"agriculture land","Agricultural residues","Pruning residues, noncitrus",55043,"Grant County",Wisconsin,"Lake States",1183.37,"NASS 2017 Census","mature-market high",40,98.40,dt,17368000,1709011199,BTU,0.08,Crop
"agriculture land","Intermediate oilseeds",Pennycress,55077,"Marquette County",Wisconsin,"Lake States",464.47,POLYSYS,emerging,400,9354.73,dt,23288300,217855758659,BTU,20.14,Crop
"agriculture land","Agricultural residues","Wheat straw",55073,"Marathon County",Wisconsin,"Lake States",1576.33,POLYSYS,near-term,70,0.00,dt,14892000,0,BTU,0.00,Crop
"agriculture land","Energy crops, herbaceous",Miscanthus,55067,"Langlade County",Wisconsin,"Lake States",887.79,POLYSYS,emerging,70,80294.00,dt,16660000,1337698040000,BTU,90.44,Crop
"agriculture land","Agricultural residues","Pruning residues, noncitrus",55049,"Iowa County",Wisconsin,"Lake States",768.05,"NASS 2017 Census",emerging,40,4.20,dt,17368000,72945600,BTU,0.01,Crop
"agriculture land","Agricultural residues","Pruning residues, noncitrus",55103,"Richland County",Wisconsin,"Lake States",589.3,"NASS 2017 Census",near-term,40,1.00,dt,17368000,17368000,BTU,0.00,Crop
"agriculture land","Energy crops, woody",Willow,55135,"Waupaca County",Wisconsin,"Lake States",765.17,POLYSYS,"mature-market low",70,5648.00,dt,17296000,97687808000,BTU,7.38,Pasture
"agriculture land","Agricultural residues","Wheat straw",55097,"Portage County",Wisconsin,"Lake States",822.82,POLYSYS,"mature-market high",70,0.00,dt,14892000,0,BTU,0.00,Crop
"agriculture land","Intermediate oilseeds",Pennycress,55087,"Outagamie County",Wisconsin,"Lake States",644.61,POLYSYS,"mature-market medium",400,25117.91,dt,23288300,584953423453,BTU,38.97,Crop
"agriculture land","Agricultural residues","Pruning residues, noncitrus",55045,"Green County",Wisconsin,"Lake States",584.55,"NASS 2017 Census",near-term,40,76.40,dt,17368000,1326915199,BTU,0.13,Crop
"agriculture land","Agricultural residues","Oats straw",55127,"Walworth County",Wisconsin,"Lake States",576.6,POLYSYS,"mature-market medium",70,0.00,dt,14892000,0,BTU,0.00,Crop
"agriculture land","Intermediate oilseeds",Pennycress,55095,"Polk County",Wisconsin,"Lake States",956.41,POLYSYS,"mature-market low",400,16042.14,dt,23288300,373594168962,BTU,16.77,Crop
"agriculture land","Intermediate oilseeds",Pennycress,55029,"Door County",Wisconsin,"Lake States",487.56,POLYSYS,"mature-market medium",400,8110.30,dt,23288300,188875099490,BTU,16.63,Crop
"agriculture land","Agricultural residues","Pruning residues, tree nuts",55133,"Waukesha County",Wisconsin,"Lake States",580.54,"NASS 2017 Census","mature-market high",40,39.00,dt,17368000,677352000,BTU,0.07,Crop
"agriculture land","Agricultural residues","Pruning residues, noncitrus",55133,"Waukesha County",Wisconsin,"Lake States",580.54,"NASS 2017 Census","mature-market high",40,22.90,dt,17368000,397727200,BTU,0.04,Crop
"agriculture land","Agricultural residues","Pruning residues, noncitrus",55087,"Outagamie County",Wisconsin,"Lake States",644.61,"NASS 2017 Census","mature-market high",40,2.10,dt,17368000,36472800,BTU,0.00,Crop
"agriculture land","Energy crops, woody",Poplar,55029,"Door County",Wisconsin,"Lake States",487.56,POLYSYS,"mature-market high",70,546.00,dt,16904000,9229584000,BTU,1.12,Pasture
"agriculture land","Agricultural residues","Pruning residues, noncitrus",55063,"La Crosse County",Wisconsin,"Lake States",480.05,"NASS 2017 Census",near-term,40,15.60,dt,17368000,270940800,BTU,0.03,Crop
"agriculture land","Agricultural residues","Pruning residues, noncitrus",55017,"Chippewa County",Wisconsin,"Lake States",1041.27,"NASS 2017 Census","mature-market high",40,17.70,dt,17368000,307413600,BTU,0.02,Crop
"agriculture land","Energy crops, woody",Willow,55127,"Walworth County",Wisconsin,"Lake States",576.6,POLYSYS,emerging,70,944.00,dt,17296000,16327424000,BTU,1.64,Pasture
"agriculture land","Agricultural residues","Oats straw",55055,"Jefferson County",Wisconsin,"Lake States",582.74,POLYSYS,"mature-market low",70,0.00,dt,14892000,0,BTU,0.00,Crop
"agriculture land","Agricultural residues","Corn stover",55141,"Wood County",Wisconsin,"Lake States",809.25,POLYSYS,"mature-market medium",70,95445.00,dt,15722000,1500586290000,BTU,117.94,Crop
"agriculture land","Energy crops, herbaceous",Switchgrass,55013,"Burnett County",Wisconsin,"Lake States",880.22,POLYSYS,"mature-market medium",70,0.00,dt,16424000,0,BTU,0.00,Pasture
"agriculture land","Agricultural residues","Oats straw",55119,"Taylor County",Wisconsin,"Lake States",984.56,POLYSYS,"mature-market high",70,0.00,dt,14892000,0,BTU,0.00,Crop
"agriculture land","Energy crops, herbaceous",Switchgrass,55103,"Richland County",Wisconsin,"Lake States",589.3,POLYSYS,"mature-market high",70,0.00,dt,16424000,0,BTU,0.00,Pasture
"agriculture land","Agricultural residues","Pruning residues, noncitrus",55025,"Dane County",Wisconsin,"Lake States",1237.5,"NASS 2017 Census","mature-market low",40,428.40,dt,17368000,7440451200,BTU,0.35,Crop
"agriculture land","Agricultural residues","Pruning residues, noncitrus",55059,"Kenosha County",Wisconsin,"Lake States",278.42,"NASS 2017 Census","mature-market low",40,39.50,dt,17368000,686036000,BTU,0.14,Crop
"agriculture land","Intermediate oilseeds",Pennycress,55107,"Rusk County",Wisconsin,"Lake States",930.86,POLYSYS,emerging,400,8800.71,dt,23288300,204953574692,BTU,9.45,Crop
"agriculture land","Agricultural residues","Corn stover",55019,"Clark County",Wisconsin,"Lake States",1218.67,POLYSYS,"mature-market high",70,209985.00,dt,15722000,3301384170000,BTU,172.31,Crop
"agriculture land","Energy crops, woody",Willow,55001,"Adams County",Wisconsin,"Lake States",687.48,POLYSYS,emerging,70,887.00,dt,17296000,15341552000,BTU,1.29,Pasture
"agriculture land","Agricultural residues","Corn stover",55031,"Douglas County",Wisconsin,"Lake States",1332.11,POLYSYS,near-term,70,0.00,dt,15722000,0,BTU,0.00,Crop
"agriculture land","Agricultural residues","Pruning residues, noncitrus",55059,"Kenosha County",Wisconsin,"Lake States",278.42,"NASS 2017 Census",near-term,40,39.50,dt,17368000,686036000,BTU,0.14,Crop
"agriculture land","Agricultural residues","Pruning residues, tree nuts",55035,"Eau Claire County",Wisconsin,"Lake States",645.2,"NASS 2017 Census","mature-market high",40,10.40,dt,17368000,180627200,BTU,0.02,Crop
"agriculture land","Agricultural residues","Pruning residues, tree nuts",55047,"Green Lake County",Wisconsin,"Lake States",380.13,"NASS 2017 Census","mature-market high",40,7.80,dt,17368000,135470400,BTU,0.02,Crop
"agriculture land","Agricultural residues","Pruning residues, noncitrus",55039,"Fond du Lac County",Wisconsin,"Lake States",765.84,"NASS 2017 Census",emerging,40,5.20,dt,17368000,90313600,BTU,0.01,Crop
"agriculture land","Energy crops, woody",Poplar,55119,"Taylor County",Wisconsin,"Lake States",984.56,POLYSYS,"mature-market high",70,5903.00,dt,16904000,99784312000,BTU,6.00,Pasture
"agriculture land","Agricultural residues","Pruning residues, tree nuts",55047,"Green Lake County",Wisconsin,"Lake States",380.13,"NASS 2017 Census",emerging,40,7.80,dt,17368000,135470400,BTU,0.02,Crop
"agriculture land","Agricultural residues","Corn stover",55021,"Columbia County",Wisconsin,"Lake States",795.99,POLYSYS,"mature-market high",70,0.00,dt,15722000,0,BTU,0.00,Crop
"agriculture land","Energy crops, woody",Willow,55103,"Richland County",Wisconsin,"Lake States",589.3,POLYSYS,"mature-market low",70,946.00,dt,17296000,16362016000,BTU,1.61,Pasture
"agriculture land","Agricultural residues","Pruning residues, noncitrus",55127,"Walworth County",Wisconsin,"Lake States",576.6,"NASS 2017 Census",near-term,40,272.70,dt,17368000,4736253600,BTU,0.47,Crop
"agriculture land","Agricultural residues","Pruning residues, noncitrus",55059,"Kenosha County",Wisconsin,"Lake States",278.42,"NASS 2017 Census","mature-market medium",40,63.00,dt,17368000,1094184000,BTU,0.23,Crop
"agriculture land","Agricultural residues","Wheat straw",55105,"Rock County",Wisconsin,"Lake States",726.16,POLYSYS,"mature-market high",70,0.00,dt,14892000,0,BTU,0.00,Crop
"agriculture land","Intermediate oilseeds",Pennycress,55109,"St. Croix County",Wisconsin,"Lake States",735.19,POLYSYS,emerging,400,23027.64,dt,23288300,536274588612,BTU,31.32,Crop
"agriculture land","Intermediate oilseeds",Pennycress,55015,"Calumet County",Wisconsin,"Lake States",397.08,POLYSYS,"mature-market high",400,12802.37,dt,23288300,298145433271,BTU,32.24,Crop
"agriculture land","Intermediate oilseeds",Pennycress,55123,"Vernon County",Wisconsin,"Lake States",816.38,POLYSYS,"mature-market high",400,12886.62,dt,23288300,300107472546,BTU,15.79,Crop
"agriculture land","Agricultural residues","Pruning residues, tree nuts",55047,"Green Lake County",Wisconsin,"Lake States",380.13,"NASS 2017 Census",near-term,40,7.80,dt,17368000,135470400,BTU,0.02,Crop
"agriculture land","Agricultural residues","Pruning residues, noncitrus",55065,"Lafayette County",Wisconsin,"Lake States",634.57,"NASS 2017 Census","mature-market high",40,11.60,dt,17368000,201468800,BTU,0.02,Crop
"agriculture land","Energy crops, woody",Willow,55059,"Kenosha County",Wisconsin,"Lake States",278.42,POLYSYS,"mature-market medium",70,326.00,dt,17296000,5638496000,BTU,1.17,Pasture
"agriculture land","Agricultural residues","Pruning residues, noncitrus",55111,"Sauk County",Wisconsin,"Lake States",849.19,"NASS 2017 Census",emerging,40,21.80,dt,17368000,378622400,BTU,0.03,Crop
"agriculture land","Agricultural residues","Oats straw",55013,"Burnett County",Wisconsin,"Lake States",880.22,POLYSYS,"mature-market high",70,0.00,dt,14892000,0,BTU,0.00,Crop
"agriculture land","Agricultural residues","Corn stover",55099,"Price County",Wisconsin,"Lake States",1278.04,POLYSYS,near-term,70,1541.00,dt,15722000,24227602000,BTU,1.21,Crop
"agriculture land","Agricultural residues","Wheat straw",55109,"St. Croix County",Wisconsin,"Lake States",735.19,POLYSYS,"mature-market medium",70,0.00,dt,14892000,0,BTU,0.00,Crop
"agriculture land","Agricultural residues","Pruning residues, noncitrus",55039,"Fond du Lac County",Wisconsin,"Lake States",765.84,"NASS 2017 Census","mature-market high",40,85.90,dt,17368000,1491911200,BTU,0.11,Crop
"agriculture land","Agricultural residues","Pruning residues, tree nuts",55035,"Eau Claire County",Wisconsin,"Lake States",645.2,"NASS 2017 Census","mature-market medium",40,10.40,dt,17368000,180627200,BTU,0.02,Crop
"agriculture land","Agricultural residues","Pruning residues, tree nuts",55123,"Vernon County",Wisconsin,"Lake States",816.38,"NASS 2017 Census","mature-market medium",40,4.60,dt,17368000,79892800,BTU,0.01,Crop
"agriculture land","Agricultural residues","Pruning residues, noncitrus",55009,"Brown County",Wisconsin,"Lake States",531.24,"NASS 2017 Census",near-term,40,185.50,dt,17368000,3221764000,BTU,0.35,Crop
"agriculture land","Intermediate oilseeds",Pennycress,55005,"Barron County",Wisconsin,"Lake States",889.76,POLYSYS,"mature-market high",400,18742.23,dt,23288300,436474674909,BTU,21.06,Crop
"agriculture land","Agricultural residues","Oats straw",55099,"Price County",Wisconsin,"Lake States",1278.04,POLYSYS,emerging,70,0.00,dt,14892000,0,BTU,0.00,Crop
"agriculture land","Agricultural residues","Pruning residues, noncitrus",55075,"Marinette County",Wisconsin,"Lake States",1429.25,"NASS 2017 Census","mature-market high",40,6.20,dt,17368000,107681600,BTU,0.00,Crop
"agriculture land","Energy crops, woody",Willow,55075,"Marinette County",Wisconsin,"Lake States",1429.25,POLYSYS,emerging,70,14926.00,dt,17296000,258160096000,BTU,10.44,Crop
"agriculture land","Agricultural residues","Pruning residues, tree nuts",55083,"Oconto County",Wisconsin,"Lake States",1016.31,"NASS 2017 Census","mature-market low",40,3.90,dt,17368000,67735200,BTU,0.00,Crop
"agriculture land","Agricultural residues","Pruning residues, noncitrus",55063,"La Crosse County",Wisconsin,"Lake States",480.05,"NASS 2017 Census",near-term,40,28.60,dt,17368000,496724800,BTU,0.06,Crop
"agriculture land","Energy crops, woody",Willow,55081,"Monroe County",Wisconsin,"Lake States",908.08,POLYSYS,"mature-market high",70,9436.00,dt,17296000,163205056000,BTU,10.39,Crop
"agriculture land","Agricultural residues","Corn stover",55135,"Waupaca County",Wisconsin,"Lake States",765.17,POLYSYS,near-term,70,76695.00,dt,15722000,1205798790000,BTU,100.23,Crop
"agriculture land","Agricultural residues","Pruning residues, noncitrus",55017,"Chippewa County",Wisconsin,"Lake States",1041.27,"NASS 2017 Census","mature-market medium",40,296.00,dt,17368000,5140928000,BTU,0.28,Crop
"agriculture land","Agricultural residues","Pruning residues, noncitrus",55097,"Portage County",Wisconsin,"Lake States",822.82,"NASS 2017 Census",emerging,40,83.40,dt,17368000,1448491200,BTU,0.10,Crop
"agriculture land","Agricultural residues","Corn stover",55019,"Clark County",Wisconsin,"Lake States",1218.67,POLYSYS,"mature-market low",70,147327.00,dt,15722000,2316275094000,BTU,120.89,Crop
"agriculture land","Agricultural residues","Oats straw",55057,"Juneau County",Wisconsin,"Lake States",805.17,POLYSYS,near-term,70,0.00,dt,14892000,0,BTU,0.00,Crop
"agriculture land","Energy crops, woody",Willow,55115,"Shawano County",Wisconsin,"Lake States",909.4,POLYSYS,"mature-market high",70,4404.00,dt,17296000,76171584000,BTU,4.84,Pasture
"agriculture land","Intermediate oilseeds",Pennycress,55043,"Grant County",Wisconsin,"Lake States",1183.37,POLYSYS,"mature-market high",400,31988.90,dt,23288300,744967099870,BTU,27.03,Crop
"agriculture land","Agricultural residues","Pruning residues, noncitrus",55043,"Grant County",Wisconsin,"Lake States",1183.37,"NASS 2017 Census","mature-market low",40,98.40,dt,17368000,1709011199,BTU,0.08,Crop
"agriculture land","Agricultural residues","Pruning residues, noncitrus",55033,"Dunn County",Wisconsin,"Lake States",863.89,"NASS 2017 Census","mature-market low",40,32.20,dt,17368000,559249600,BTU,0.04,Crop
"agriculture land","Agricultural residues","Pruning residues, noncitrus",55009,"Brown County",Wisconsin,"Lake States",531.24,"NASS 2017 Census",emerging,40,63.40,dt,17368000,1101131200,BTU,0.12,Crop
"agriculture land","Agricultural residues","Pruning residues, noncitrus",55021,"Columbia County",Wisconsin,"Lake States",795.99,"NASS 2017 Census","mature-market high",40,76.60,dt,17368000,1330388800,BTU,0.10,Crop
"agriculture land","Energy crops, herbaceous",Miscanthus,55001,"Adams County",Wisconsin,"Lake States",687.48,POLYSYS,"mature-market medium",70,114747.00,dt,16660000,1911685020000,BTU,166.91,Crop
"agriculture land","Agricultural residues","Pruning residues, noncitrus",55113,"Sawyer County",Wisconsin,"Lake States",1350.24,"NASS 2017 Census","mature-market low",40,30.00,dt,17368000,521040000,BTU,0.02,Crop
"agriculture land","Agricultural residues","Oats straw",55073,"Marathon County",Wisconsin,"Lake States",1576.33,POLYSYS,"mature-market medium",70,0.00,dt,14892000,0,BTU,0.00,Crop
"agriculture land","Energy crops, woody",Willow,55093,"Pierce County",Wisconsin,"Lake States",592.73,POLYSYS,"mature-market medium",70,789.00,dt,17296000,13646544000,BTU,1.33,Pasture
"agriculture land","Agricultural residues","Pruning residues, noncitrus",55021,"Columbia County",Wisconsin,"Lake States",795.99,"NASS 2017 Census","mature-market medium",40,27.00,dt,17368000,468936000,BTU,0.03,Crop
"agriculture land","Agricultural residues","Corn stover",55059,"Kenosha County",Wisconsin,"Lake States",278.42,POLYSYS,near-term,70,71255.00,dt,15722000,1120271110000,BTU,255.93,Crop
"agriculture land","Agricultural residues","Pruning residues, noncitrus",55129,"Washburn County",Wisconsin,"Lake States",853.32,"NASS 2017 Census",near-term,40,21.40,dt,17368000,371675200,BTU,0.03,Crop
"agriculture land","Agricultural residues","Pruning residues, tree nuts",55023,"Crawford County",Wisconsin,"Lake States",599.21,"NASS 2017 Census",near-term,40,9.20,dt,17368000,159785600,BTU,0.02,Crop
"agriculture land","Agricultural residues","Pruning residues, noncitrus",55097,"Portage County",Wisconsin,"Lake States",822.82,"NASS 2017 Census","mature-market medium",40,952.60,dt,17368000,16544756800,BTU,1.16,Crop
"agriculture land","Energy crops, woody",Willow,55099,"Price County",Wisconsin,"Lake States",1278.04,POLYSYS,"mature-market low",70,167.00,dt,17296000,2888432000,BTU,0.13,Pasture
"agriculture land","Agricultural residues","Pruning residues, noncitrus",55063,"La Crosse County",Wisconsin,"Lake States",480.05,"NASS 2017 Census","mature-market medium",40,15.60,dt,17368000,270940800,BTU,0.03,Crop
"agriculture land","Intermediate oilseeds",Pennycress,55017,"Chippewa County",Wisconsin,"Lake States",1041.27,POLYSYS,"mature-market medium",400,21522.09,dt,23288300,501212888547,BTU,20.67,Crop
"agriculture land","Agricultural residues","Pruning residues, noncitrus",55115,"Shawano County",Wisconsin,"Lake States",909.4,"NASS 2017 Census","mature-market medium",40,51.50,dt,17368000,894452000,BTU,0.06,Crop
"agriculture land","Agricultural residues","Pruning residues, noncitrus",55019,"Clark County",Wisconsin,"Lake States",1218.67,"NASS 2017 Census",near-term,40,84.10,dt,17368000,1460648800,BTU,0.07,Crop
"agriculture land","Agricultural residues","Pruning residues, noncitrus",55057,"Juneau County",Wisconsin,"Lake States",805.17,"NASS 2017 Census","mature-market low",40,2948.40,dt,17368000,51207811200,BTU,3.66,Crop
"agriculture land","Agricultural residues","Corn stover",55075,"Marinette County",Wisconsin,"Lake States",1429.25,POLYSYS,"mature-market low",70,0.00,dt,15722000,0,BTU,0.00,Crop
"agriculture land","Energy crops, woody",Willow,55087,"Outagamie County",Wisconsin,"Lake States",644.61,POLYSYS,emerging,70,3202.00,dt,17296000,55381792000,BTU,4.97,Pasture
"agriculture land","Agricultural residues","Pruning residues, noncitrus",55135,"Waupaca County",Wisconsin,"Lake States",765.17,"NASS 2017 Census","mature-market high",40,54.60,dt,17368000,948292800,BTU,0.07,Crop
"agriculture land","Agricultural residues","Corn stover",55041,"Forest County",Wisconsin,"Lake States",1046.52,POLYSYS,near-term,70,0.00,dt,15722000,0,BTU,0.00,Crop
"agriculture land","Agricultural residues","Oats straw",55065,"Lafayette County",Wisconsin,"Lake States",634.57,POLYSYS,emerging,70,0.00,dt,14892000,0,BTU,0.00,Crop
"agriculture land","Agricultural residues","Wheat straw",55137,"Waushara County",Wisconsin,"Lake States",637.4,POLYSYS,emerging,70,0.00,dt,14892000,0,BTU,0.00,Crop
"agriculture land","Agricultural residues","Pruning residues, noncitrus",55019,"Clark County",Wisconsin,"Lake States",1218.67,"NASS 2017 Census","mature-market medium",40,36.40,dt,17368000,632195200,BTU,0.03,Crop
"agriculture land","Intermediate oilseeds",Pennycress,55029,"Door County",Wisconsin,"Lake States",487.56,POLYSYS,emerging,400,8110.30,dt,23288300,188875099490,BTU,16.63,Crop
"agriculture land","Agricultural residues","Pruning residues, noncitrus",55101,"Racine County",Wisconsin,"Lake States",340.39,"NASS 2017 Census","mature-market high",40,315.20,dt,17368000,5474393600,BTU,0.93,Crop
"agriculture land","Agricultural residues","Corn stover",55095,"Polk County",Wisconsin,"Lake States",956.41,POLYSYS,"mature-market high",70,175048.00,dt,15722000,2752104656000,BTU,183.03,Crop
"agriculture land","Agricultural residues","Pruning residues, noncitrus",55109,"St. Croix County",Wisconsin,"Lake States",735.19,"NASS 2017 Census","mature-market medium",40,89.80,dt,17368000,1559646400,BTU,0.12,Crop
"agriculture land","Energy crops, woody",Willow,55017,"Chippewa County",Wisconsin,"Lake States",1041.27,POLYSYS,"mature-market medium",70,10359.00,dt,17296000,179169264000,BTU,9.95,Pasture
"agriculture land","Agricultural residues","Pruning residues, noncitrus",55013,"Burnett County",Wisconsin,"Lake States",880.22,"NASS 2017 Census",emerging,40,9.40,dt,17368000,163259200,BTU,0.01,Crop
"agriculture land","Agricultural residues","Pruning residues, noncitrus",55031,"Douglas County",Wisconsin,"Lake States",1332.11,"NASS 2017 Census","mature-market medium",40,37.20,dt,17368000,646089600,BTU,0.03,Crop
"agriculture land","Agricultural residues","Pruning residues, noncitrus",55085,"Oneida County",Wisconsin,"Lake States",1236.57,"NASS 2017 Census","mature-market medium",40,873.60,dt,17368000,15172684800,BTU,0.71,Crop
"agriculture land","Agricultural residues","Oats straw",55133,"Waukesha County",Wisconsin,"Lake States",580.54,POLYSYS,"mature-market low",70,0.00,dt,14892000,0,BTU,0.00,Crop
"agriculture land","Energy crops, woody",Willow,55001,"Adams County",Wisconsin,"Lake States",687.48,POLYSYS,"mature-market medium",70,62919.00,dt,17296000,1088247024000,BTU,91.52,Crop
"agriculture land","Intermediate oilseeds",Pennycress,55017,"Chippewa County",Wisconsin,"Lake States",1041.27,POLYSYS,"mature-market low",400,21522.09,dt,23288300,501212888547,BTU,20.67,Crop
"agriculture land","Energy crops, herbaceous",Miscanthus,55111,"Sauk County",Wisconsin,"Lake States",849.19,POLYSYS,emerging,70,5635.00,dt,16660000,93879100000,BTU,6.64,Pasture
"agriculture land","Agricultural residues","Pruning residues, noncitrus",55005,"Barron County",Wisconsin,"Lake States",889.76,"NASS 2017 Census","mature-market medium",40,8.30,dt,17368000,144154400,BTU,0.01,Crop
"agriculture land","Energy crops, woody",Willow,55061,"Kewaunee County",Wisconsin,"Lake States",343.95,POLYSYS,"mature-market medium",70,2581.00,dt,17296000,44640976000,BTU,7.50,Pasture
"agriculture land","Energy crops, woody",Poplar,55015,"Calumet County",Wisconsin,"Lake States",397.08,POLYSYS,"mature-market high",70,169.00,dt,16904000,2856776000,BTU,0.43,Pasture
"agriculture land","Agricultural residues","Wheat straw",55047,"Green Lake County",Wisconsin,"Lake States",380.13,POLYSYS,"mature-market high",70,0.00,dt,14892000,0,BTU,0.00,Crop
"agriculture land","Intermediate oilseeds",Pennycress,55013,"Burnett County",Wisconsin,"Lake States",880.22,POLYSYS,"mature-market medium",400,4194.34,dt,23288300,97679048222,BTU,4.77,Crop
"agriculture land","Agricultural residues","Oats straw",55135,"Waupaca County",Wisconsin,"Lake States",765.17,POLYSYS,"mature-market high",70,0.00,dt,14892000,0,BTU,0.00,Crop
"agriculture land","Agricultural residues","Pruning residues, noncitrus",55129,"Washburn County",Wisconsin,"Lake States",853.32,"NASS 2017 Census","mature-market low",40,21.40,dt,17368000,371675200,BTU,0.03,Crop
"agriculture land","Agricultural residues","Pruning residues, noncitrus",55023,"Crawford County",Wisconsin,"Lake States",599.21,"NASS 2017 Census",near-term,40,537.30,dt,17368000,9331826400,BTU,0.90,Crop
"agriculture land","Agricultural residues","Pruning residues, noncitrus",55107,"Rusk County",Wisconsin,"Lake States",930.86,"NASS 2017 Census",emerging,40,15.70,dt,17368000,272677600,BTU,0.02,Crop
"agriculture land","Agricultural residues","Pruning residues, noncitrus",55111,"Sauk County",Wisconsin,"Lake States",849.19,"NASS 2017 Census",emerging,40,109.80,dt,17368000,1907006400,BTU,0.13,Crop
"agriculture land","Agricultural residues","Corn stover",55083,"Oconto County",Wisconsin,"Lake States",1016.31,POLYSYS,"mature-market medium",70,27835.00,dt,15722000,437621870000,BTU,27.39,Crop
"agriculture land","Energy crops, herbaceous",Miscanthus,55089,"Ozaukee County",Wisconsin,"Lake States",235.28,POLYSYS,"mature-market low",70,914.00,dt,16660000,15227240000,BTU,3.88,Pasture
"agriculture land","Energy crops, herbaceous",Miscanthus,55123,"Vernon County",Wisconsin,"Lake States",816.38,POLYSYS,"mature-market high",70,235063.00,dt,16660000,3916149580000,BTU,287.93,Crop
"agriculture land","Agricultural residues","Pruning residues, noncitrus",55061,"Kewaunee County",Wisconsin,"Lake States",343.95,"NASS 2017 Census","mature-market high",40,72.20,dt,17368000,1253969599,BTU,0.21,Crop
"agriculture land","Energy crops, woody",Willow,55135,"Waupaca County",Wisconsin,"Lake States",765.17,POLYSYS,"mature-market high",70,17716.00,dt,17296000,306415936000,BTU,23.15,Crop
"agriculture land","Energy crops, herbaceous",Miscanthus,55133,"Waukesha County",Wisconsin,"Lake States",580.54,POLYSYS,"mature-market high",70,1373.00,dt,16660000,22874180000,BTU,2.37,Pasture
"agriculture land","Agricultural residues","Pruning residues, noncitrus",55103,"Richland County",Wisconsin,"Lake States",589.3,"NASS 2017 Census","mature-market low",40,1.00,dt,17368000,17368000,BTU,0.00,Crop
"agriculture land","Agricultural residues","Pruning residues, noncitrus",55109,"St. Croix County",Wisconsin,"Lake States",735.19,"NASS 2017 Census",near-term,40,16.60,dt,17368000,288308800,BTU,0.02,Crop
"agriculture land","Energy crops, herbaceous",Switchgrass,55051,"Iron County",Wisconsin,"Lake States",802.62,POLYSYS,"mature-market medium",70,0.00,dt,16424000,0,BTU,0.00,Pasture
"agriculture land","Energy crops, woody",Willow,55001,"Adams County",Wisconsin,"Lake States",687.48,POLYSYS,"mature-market high",70,45750.00,dt,17296000,791292000000,BTU,66.55,Crop
"agriculture land","Agricultural residues","Pruning residues, noncitrus",55129,"Washburn County",Wisconsin,"Lake States",853.32,"NASS 2017 Census","mature-market medium",40,21.40,dt,17368000,371675200,BTU,0.03,Crop
"agriculture land","Energy crops, herbaceous",Miscanthus,55121,"Trempealeau County",Wisconsin,"Lake States",741.98,POLYSYS,"mature-market high",70,9192.00,dt,16660000,153138720000,BTU,12.39,Pasture
"agriculture land","Agricultural residues","Pruning residues, noncitrus",55139,"Winnebago County",Wisconsin,"Lake States",578.57,"NASS 2017 Census","mature-market low",40,26.00,dt,17368000,451568000,BTU,0.04,Crop
"agriculture land","Agricultural residues","Pruning residues, noncitrus",55031,"Douglas County",Wisconsin,"Lake States",1332.11,"NASS 2017 Census",emerging,40,37.20,dt,17368000,646089600,BTU,0.03,Crop
"agriculture land","Energy crops, woody",Poplar,55139,"Winnebago County",Wisconsin,"Lake States",578.57,POLYSYS,"mature-market high",70,503.00,dt,16904000,8502712000,BTU,0.87,Pasture
"agriculture land","Agricultural residues","Pruning residues, noncitrus",55113,"Sawyer County",Wisconsin,"Lake States",1350.24,"NASS 2017 Census",emerging,40,30.00,dt,17368000,521040000,BTU,0.02,Crop
"agriculture land","Energy crops, herbaceous",Miscanthus,55081,"Monroe County",Wisconsin,"Lake States",908.08,POLYSYS,"mature-market high",70,8230.00,dt,16660000,137111800000,BTU,9.06,Pasture
"agriculture land","Energy crops, woody",Poplar,55099,"Price County",Wisconsin,"Lake States",1278.04,POLYSYS,"mature-market medium",70,1646.00,dt,16904000,27823984000,BTU,1.29,Pasture
"agriculture land","Energy crops, woody",Willow,55057,"Juneau County",Wisconsin,"Lake States",805.17,POLYSYS,"mature-market low",70,4997.00,dt,17296000,86428112000,BTU,6.21,Pasture
"agriculture land","Energy crops, herbaceous",Miscanthus,55053,"Jackson County",Wisconsin,"Lake States",1000.48,POLYSYS,emerging,70,0.00,dt,16660000,0,BTU,0.00,Crop
"agriculture land","Agricultural residues","Pruning residues, noncitrus",55081,"Monroe County",Wisconsin,"Lake States",908.08,"NASS 2017 Census","mature-market high",40,113.00,dt,17368000,1962584000,BTU,0.12,Crop
"agriculture land","Agricultural residues","Pruning residues, noncitrus",55061,"Kewaunee County",Wisconsin,"Lake States",343.95,"NASS 2017 Census","mature-market low",40,72.20,dt,17368000,1253969599,BTU,0.21,Crop
"agriculture land","Agricultural residues","Oats straw",55089,"Ozaukee County",Wisconsin,"Lake States",235.28,POLYSYS,"mature-market medium",70,0.00,dt,14892000,0,BTU,0.00,Crop
"agriculture land","Energy crops, woody",Poplar,55011,"Buffalo County",Wisconsin,"Lake States",709.59,POLYSYS,"mature-market high",70,650.00,dt,16904000,10987600000,BTU,0.92,Pasture
"agriculture land","Energy crops, herbaceous",Miscanthus,55131,"Washington County",Wisconsin,"Lake States",435.66,POLYSYS,"mature-market high",70,2859.00,dt,16660000,47630940000,BTU,6.56,Pasture
"agriculture land","Agricultural residues","Pruning residues, noncitrus",55021,"Columbia County",Wisconsin,"Lake States",795.99,"NASS 2017 Census","mature-market low",40,27.00,dt,17368000,468936000,BTU,0.03,Crop
"agriculture land","Agricultural residues","Corn stover",55105,"Rock County",Wisconsin,"Lake States",726.16,POLYSYS,"mature-market low",70,234986.00,dt,15722000,3694449892000,BTU,323.60,Crop
"agriculture land","Agricultural residues","Pruning residues, tree nuts",55133,"Waukesha County",Wisconsin,"Lake States",580.54,"NASS 2017 Census","mature-market low",40,39.00,dt,17368000,677352000,BTU,0.07,Crop
"agriculture land","Agricultural residues","Pruning residues, noncitrus",55005,"Barron County",Wisconsin,"Lake States",889.76,"NASS 2017 Census","mature-market low",40,8.30,dt,17368000,144154400,BTU,0.01,Crop
"agriculture land","Agricultural residues","Oats straw",55033,"Dunn County",Wisconsin,"Lake States",863.89,POLYSYS,"mature-market low",70,0.00,dt,14892000,0,BTU,0.00,Crop
"agriculture land","Energy crops, herbaceous",Miscanthus,55129,"Washburn County",Wisconsin,"Lake States",853.32,POLYSYS,"mature-market medium",70,22951.00,dt,16660000,382363660000,BTU,26.90,Pasture
"agriculture land","Energy crops, woody",Willow,55025,"Dane County",Wisconsin,"Lake States",1237.5,POLYSYS,"mature-market low",70,13051.00,dt,17296000,225730096000,BTU,10.55,Pasture
"agriculture land","Agricultural residues","Oats straw",55089,"Ozaukee County",Wisconsin,"Lake States",235.28,POLYSYS,emerging,70,0.00,dt,14892000,0,BTU,0.00,Crop
"agriculture land","Agricultural residues","Pruning residues, noncitrus",55115,"Shawano County",Wisconsin,"Lake States",909.4,"NASS 2017 Census",emerging,40,51.50,dt,17368000,894452000,BTU,0.06,Crop
"agriculture land","Agricultural residues","Pruning residues, tree nuts",55083,"Oconto County",Wisconsin,"Lake States",1016.31,"NASS 2017 Census",near-term,40,3.90,dt,17368000,67735200,BTU,0.00,Crop
"agriculture land","Agricultural residues","Pruning residues, noncitrus",55107,"Rusk County",Wisconsin,"Lake States",930.86,"NASS 2017 Census","mature-market low",40,2.10,dt,17368000,36472800,BTU,0.00,Crop
"agriculture land","Agricultural residues","Pruning residues, noncitrus",55037,"Florence County",Wisconsin,"Lake States",497.43,"NASS 2017 Census","mature-market medium",40,18.60,dt,17368000,323044800,BTU,0.04,Crop
"agriculture land","Agricultural residues","Pruning residues, noncitrus",55017,"Chippewa County",Wisconsin,"Lake States",1041.27,"NASS 2017 Census","mature-market high",40,296.00,dt,17368000,5140928000,BTU,0.28,Crop
"agriculture land","Agricultural residues","Pruning residues, noncitrus",55081,"Monroe County",Wisconsin,"Lake States",908.08,"NASS 2017 Census",emerging,40,3769.90,dt,17368000,65475623200,BTU,4.15,Crop
"agriculture land","Intermediate oilseeds",Pennycress,55091,"Pepin County",Wisconsin,"Lake States",248.7,POLYSYS,emerging,400,7096.34,dt,23288300,165261694822,BTU,28.53,Crop
"agriculture land","Agricultural residues","Corn stover",55071,"Manitowoc County",Wisconsin,"Lake States",594.62,POLYSYS,"mature-market low",70,0.00,dt,15722000,0,BTU,0.00,Crop
"agriculture land","Agricultural residues","Pruning residues, tree nuts",55035,"Eau Claire County",Wisconsin,"Lake States",645.2,"NASS 2017 Census","mature-market low",40,10.40,dt,17368000,180627200,BTU,0.02,Crop
"agriculture land","Energy crops, woody",Willow,55005,"Barron County",Wisconsin,"Lake States",889.76,POLYSYS,"mature-market high",70,1527.00,dt,17296000,26410992000,BTU,1.72,Pasture
"agriculture land","Energy crops, herbaceous",Switchgrass,55023,"Crawford County",Wisconsin,"Lake States",599.21,POLYSYS,emerging,70,0.00,dt,16424000,0,BTU,0.00,Pasture
"agriculture land","Agricultural residues","Pruning residues, noncitrus",55081,"Monroe County",Wisconsin,"Lake States",908.08,"NASS 2017 Census","mature-market low",40,113.00,dt,17368000,1962584000,BTU,0.12,Crop
"agriculture land","Energy crops, herbaceous",Miscanthus,55019,"Clark County",Wisconsin,"Lake States",1218.67,POLYSYS,"mature-market high",70,499300.00,dt,16660000,8318338000000,BTU,409.71,Crop
"agriculture land","Energy crops, woody",Willow,55121,"Trempealeau County",Wisconsin,"Lake States",741.98,POLYSYS,emerging,70,1777.00,dt,17296000,30734992000,BTU,2.39,Pasture
"agriculture land","Energy crops, woody",Willow,55019,"Clark County",Wisconsin,"Lake States",1218.67,POLYSYS,"mature-market low",70,6203.00,dt,17296000,107287088000,BTU,5.09,Pasture
"agriculture land","Agricultural residues","Wheat straw",55027,"Dodge County",Wisconsin,"Lake States",907.1,POLYSYS,near-term,70,0.00,dt,14892000,0,BTU,0.00,Crop
"agriculture land","Agricultural residues","Wheat straw",55119,"Taylor County",Wisconsin,"Lake States",984.56,POLYSYS,near-term,70,0.00,dt,14892000,0,BTU,0.00,Crop
"agriculture land","Agricultural residues","Wheat straw",55079,"Milwaukee County",Wisconsin,"Lake States",242.17,POLYSYS,emerging,70,0.00,dt,14892000,0,BTU,0.00,Crop
"agriculture land","Agricultural residues","Corn stover",55103,"Richland County",Wisconsin,"Lake States",589.3,POLYSYS,"mature-market low",70,25755.00,dt,15722000,404920110000,BTU,43.70,Crop
"agriculture land","Agricultural residues","Corn stover",55007,"Bayfield County",Wisconsin,"Lake States",1511.34,POLYSYS,near-term,70,0.00,dt,15722000,0,BTU,0.00,Crop
"agriculture land","Agricultural residues","Corn stover",55049,"Iowa County",Wisconsin,"Lake States",768.05,POLYSYS,near-term,70,115507.00,dt,15722000,1816001054000,BTU,150.39,Crop
"agriculture land","Energy crops, herbaceous",Miscanthus,55103,"Richland County",Wisconsin,"Lake States",589.3,POLYSYS,emerging,70,5013.00,dt,16660000,83516580000,BTU,8.51,Pasture
"agriculture land","Agricultural residues","Wheat straw",55101,"Racine County",Wisconsin,"Lake States",340.39,POLYSYS,"mature-market high",70,0.00,dt,14892000,0,BTU,0.00,Crop
"agriculture land","Energy crops, woody",Poplar,55063,"La Crosse County",Wisconsin,"Lake States",480.05,POLYSYS,"mature-market high",70,399.00,dt,16904000,6744696000,BTU,0.83,Pasture
"agriculture land","Agricultural residues","Corn stover",55137,"Waushara County",Wisconsin,"Lake States",637.4,POLYSYS,"mature-market high",70,155566.00,dt,15722000,2445808652000,BTU,244.06,Crop
"agriculture land","Energy crops, herbaceous",Miscanthus,55091,"Pepin County",Wisconsin,"Lake States",248.7,POLYSYS,emerging,70,902.00,dt,16660000,15027320000,BTU,3.63,Pasture
"agriculture land","Energy crops, herbaceous",Miscanthus,55109,"St. Croix County",Wisconsin,"Lake States",735.19,POLYSYS,"mature-market medium",70,8693.00,dt,16660000,144825380000,BTU,11.82,Pasture
"agriculture land","Energy crops, herbaceous",Miscanthus,55011,"Buffalo County",Wisconsin,"Lake States",709.59,POLYSYS,"mature-market medium",70,5568.00,dt,16660000,92762880000,BTU,7.85,Pasture
"agriculture land","Agricultural residues","Oats straw",55087,"Outagamie County",Wisconsin,"Lake States",644.61,POLYSYS,emerging,70,0.00,dt,14892000,0,BTU,0.00,Crop
"agriculture land","Energy crops, herbaceous",Miscanthus,55085,"Oneida County",Wisconsin,"Lake States",1236.57,POLYSYS,emerging,70,7751.00,dt,16660000,129131660000,BTU,6.27,Pasture
"agriculture land","Agricultural residues","Wheat straw",55015,"Calumet County",Wisconsin,"Lake States",397.08,POLYSYS,emerging,70,0.00,dt,14892000,0,BTU,0.00,Crop
"agriculture land","Intermediate oilseeds",Pennycress,55037,"Florence County",Wisconsin,"Lake States",497.43,POLYSYS,"mature-market medium",400,148.59,dt,23288300,3460408497,BTU,0.30,Crop
"agriculture land","Energy crops, herbaceous",Miscanthus,55141,"Wood County",Wisconsin,"Lake States",809.25,POLYSYS,emerging,70,40591.00,dt,16660000,676246060000,BTU,50.16,Pasture
"agriculture land","Energy crops, woody",Willow,55083,"Oconto County",Wisconsin,"Lake States",1016.31,POLYSYS,emerging,70,5865.00,dt,17296000,101441040000,BTU,5.77,Pasture
"agriculture land","Energy crops, herbaceous",Miscanthus,55133,"Waukesha County",Wisconsin,"Lake States",580.54,POLYSYS,emerging,70,1373.00,dt,16660000,22874180000,BTU,2.37,Pasture
"agriculture land","Energy crops, herbaceous",Miscanthus,55085,"Oneida County",Wisconsin,"Lake States",1236.57,POLYSYS,"mature-market low",70,9943.00,dt,16660000,165650380000,BTU,8.04,Crop
"agriculture land","Agricultural residues","Oats straw",55081,"Monroe County",Wisconsin,"Lake States",908.08,POLYSYS,"mature-market low",70,0.00,dt,14892000,0,BTU,0.00,Crop
"agriculture land","Energy crops, herbaceous",Miscanthus,55117,"Sheboygan County",Wisconsin,"Lake States",517.64,POLYSYS,emerging,70,102822.00,dt,16660000,1713014520000,BTU,198.64,Crop
"agriculture land","Agricultural residues","Wheat straw",55011,"Buffalo County",Wisconsin,"Lake States",709.59,POLYSYS,"mature-market high",70,0.00,dt,14892000,0,BTU,0.00,Crop
"agriculture land","Intermediate oilseeds",Pennycress,55011,"Buffalo County",Wisconsin,"Lake States",709.59,POLYSYS,emerging,400,15418.42,dt,23288300,359068790486,BTU,21.73,Crop
"agriculture land","Energy crops, herbaceous",Miscanthus,55033,"Dunn County",Wisconsin,"Lake States",863.89,POLYSYS,"mature-market low",70,5668.00,dt,16660000,94428880000,BTU,6.56,Pasture
"agriculture land","Agricultural residues","Oats straw",55103,"Richland County",Wisconsin,"Lake States",589.3,POLYSYS,near-term,70,0.00,dt,14892000,0,BTU,0.00,Crop
"agriculture land","Agricultural residues","Corn stover",55021,"Columbia County",Wisconsin,"Lake States",795.99,POLYSYS,near-term,70,0.00,dt,15722000,0,BTU,0.00,Crop
"agriculture land","Energy crops, herbaceous",Miscanthus,55099,"Price County",Wisconsin,"Lake States",1278.04,POLYSYS,"mature-market high",70,27106.00,dt,16660000,451585960000,BTU,21.21,Crop
"agriculture land","Agricultural residues","Corn stover",55099,"Price County",Wisconsin,"Lake States",1278.04,POLYSYS,"mature-market high",70,5790.00,dt,15722000,91030380000,BTU,4.53,Crop
"agriculture land","Energy crops, woody",Poplar,55123,"Vernon County",Wisconsin,"Lake States",816.38,POLYSYS,"mature-market low",70,1467.00,dt,16904000,24798168000,BTU,1.80,Pasture
"agriculture land","Agricultural residues","Corn stover",55001,"Adams County",Wisconsin,"Lake States",687.48,POLYSYS,"mature-market high",70,14183.00,dt,15722000,222985126000,BTU,20.63,Crop
"agriculture land","Energy crops, herbaceous",Miscanthus,55087,"Outagamie County",Wisconsin,"Lake States",644.61,POLYSYS,"mature-market low",70,11654.00,dt,16660000,194155640000,BTU,18.08,Pasture
"agriculture land","Energy crops, herbaceous",Miscanthus,55027,"Dodge County",Wisconsin,"Lake States",907.1,POLYSYS,"mature-market medium",70,32800.00,dt,16660000,546448000000,BTU,36.16,Pasture
"agriculture land","Agricultural residues","Wheat straw",55021,"Columbia County",Wisconsin,"Lake States",795.99,POLYSYS,"mature-market low",70,0.00,dt,14892000,0,BTU,0.00,Crop
"agriculture land","Agricultural residues","Wheat straw",55075,"Marinette County",Wisconsin,"Lake States",1429.25,POLYSYS,near-term,70,0.00,dt,14892000,0,BTU,0.00,Crop
"agriculture land","Agricultural residues","Oats straw",55091,"Pepin County",Wisconsin,"Lake States",248.7,POLYSYS,"mature-market high",70,0.00,dt,14892000,0,BTU,0.00,Crop
"agriculture land","Intermediate oilseeds",Pennycress,55133,"Waukesha County",Wisconsin,"Lake States",580.54,POLYSYS,"mature-market high",400,6482.57,dt,23288300,150968034931,BTU,11.17,Crop
"agriculture land","Intermediate oilseeds",Pennycress,55039,"Fond du Lac County",Wisconsin,"Lake States",765.84,POLYSYS,"mature-market high",400,27470.49,dt,23288300,639741012267,BTU,35.87,Crop
"agriculture land","Energy crops, herbaceous",Switchgrass,55013,"Burnett County",Wisconsin,"Lake States",880.22,POLYSYS,"mature-market high",70,0.00,dt,16424000,0,BTU,0.00,Pasture
"agriculture land","Energy crops, herbaceous",Miscanthus,55107,"Rusk County",Wisconsin,"Lake States",930.86,POLYSYS,"mature-market medium",70,40728.00,dt,16660000,678528480000,BTU,43.75,Pasture
"agriculture land","Agricultural residues","Corn stover",55083,"Oconto County",Wisconsin,"Lake States",1016.31,POLYSYS,emerging,70,84597.00,dt,15722000,1330034034000,BTU,83.24,Crop
"agriculture land","Agricultural residues","Oats straw",55021,"Columbia County",Wisconsin,"Lake States",795.99,POLYSYS,"mature-market medium",70,0.00,dt,14892000,0,BTU,0.00,Crop
"agriculture land","Energy crops, woody",Poplar,55063,"La Crosse County",Wisconsin,"Lake States",480.05,POLYSYS,"mature-market low",70,287.00,dt,16904000,4851448000,BTU,0.60,Pasture
"agriculture land","Energy crops, herbaceous",Miscanthus,55025,"Dane County",Wisconsin,"Lake States",1237.5,POLYSYS,"mature-market low",70,56060.00,dt,16660000,933959600000,BTU,45.30,Pasture
"agriculture land","Agricultural residues","Wheat straw",55141,"Wood County",Wisconsin,"Lake States",809.25,POLYSYS,near-term,70,0.00,dt,14892000,0,BTU,0.00,Crop
"agriculture land","Agricultural residues","Oats straw",55067,"Langlade County",Wisconsin,"Lake States",887.79,POLYSYS,"mature-market high",70,0.00,dt,14892000,0,BTU,0.00,Crop
"agriculture land","Intermediate oilseeds",Pennycress,55035,"Eau Claire County",Wisconsin,"Lake States",645.2,POLYSYS,emerging,400,12483.42,dt,23288300,290717629986,BTU,19.35,Crop
"agriculture land","Intermediate oilseeds",Pennycress,55055,"Jefferson County",Wisconsin,"Lake States",582.74,POLYSYS,emerging,400,22552.59,dt,23288300,525211481697,BTU,38.70,Crop
"agriculture land","Energy crops, herbaceous",Miscanthus,55045,"Green County",Wisconsin,"Lake States",584.55,POLYSYS,emerging,70,55126.00,dt,16660000,918399160000,BTU,94.31,Pasture
"agriculture land","Energy crops, woody",Willow,55051,"Iron County",Wisconsin,"Lake States",802.62,POLYSYS,"mature-market medium",70,27.00,dt,17296000,466992000,BTU,0.03,Pasture
"agriculture land","Intermediate oilseeds",Pennycress,55057,"Juneau County",Wisconsin,"Lake States",805.17,POLYSYS,"mature-market medium",400,10672.65,dt,23288300,248547874995,BTU,13.26,Crop
"agriculture land","Intermediate oilseeds",Pennycress,55063,"La Crosse County",Wisconsin,"Lake States",480.05,POLYSYS,"mature-market high",400,7121.32,dt,23288300,165843436556,BTU,14.83,Crop
"agriculture land","Energy crops, woody",Willow,55047,"Green Lake County",Wisconsin,"Lake States",380.13,POLYSYS,"mature-market low",70,2244.00,dt,17296000,38812224000,BTU,5.90,Pasture
"agriculture land","Agricultural residues","Corn stover",55047,"Green Lake County",Wisconsin,"Lake States",380.13,POLYSYS,near-term,70,107931.00,dt,15722000,1696891182000,BTU,283.93,Crop
"agriculture land","Agricultural residues","Corn stover",55057,"Juneau County",Wisconsin,"Lake States",805.17,POLYSYS,"mature-market low",70,50051.00,dt,15722000,786901822000,BTU,62.16,Crop
"agriculture land","Agricultural residues","Oats straw",55021,"Columbia County",Wisconsin,"Lake States",795.99,POLYSYS,"mature-market high",70,0.00,dt,14892000,0,BTU,0.00,Crop
"agriculture land","Agricultural residues","Oats straw",55123,"Vernon County",Wisconsin,"Lake States",816.38,POLYSYS,"mature-market medium",70,0.00,dt,14892000,0,BTU,0.00,Crop
"agriculture land","Energy crops, herbaceous",Miscanthus,55117,"Sheboygan County",Wisconsin,"Lake States",517.64,POLYSYS,"mature-market low",70,20588.00,dt,16660000,342996080000,BTU,39.77,Pasture
"agriculture land","Energy crops, woody",Willow,55099,"Price County",Wisconsin,"Lake States",1278.04,POLYSYS,"mature-market high",70,505.00,dt,17296000,8734480000,BTU,0.40,Pasture
"agriculture land","Energy crops, woody",Willow,55095,"Polk County",Wisconsin,"Lake States",956.41,POLYSYS,"mature-market low",70,152.00,dt,17296000,2628992000,BTU,0.16,Pasture
"agriculture land","Energy crops, woody",Willow,55029,"Door County",Wisconsin,"Lake States",487.56,POLYSYS,"mature-market low",70,2184.00,dt,17296000,37774464000,BTU,4.48,Pasture
"agriculture land","Agricultural residues","Wheat straw",55023,"Crawford County",Wisconsin,"Lake States",599.21,POLYSYS,"mature-market medium",70,0.00,dt,14892000,0,BTU,0.00,Crop
"agriculture land","Energy crops, woody",Willow,55139,"Winnebago County",Wisconsin,"Lake States",578.57,POLYSYS,emerging,70,2326.00,dt,17296000,40230496000,BTU,4.02,Pasture
"agriculture land","Agricultural residues","Oats straw",55093,"Pierce County",Wisconsin,"Lake States",592.73,POLYSYS,near-term,70,0.00,dt,14892000,0,BTU,0.00,Crop
"agriculture land","Energy crops, woody",Willow,55083,"Oconto County",Wisconsin,"Lake States",1016.31,POLYSYS,"mature-market high",70,65293.00,dt,17296000,1129307728000,BTU,64.25,Crop
"agriculture land","Energy crops, woody",Willow,55025,"Dane County",Wisconsin,"Lake States",1237.5,POLYSYS,emerging,70,14714.00,dt,17296000,254493344000,BTU,11.89,Pasture
"agriculture land","Energy crops, herbaceous",Miscanthus,55115,"Shawano County",Wisconsin,"Lake States",909.4,POLYSYS,emerging,70,298968.00,dt,16660000,4980806880000,BTU,328.75,Crop
"agriculture land","Agricultural residues","Corn stover",55125,"Vilas County",Wisconsin,"Lake States",1017.72,POLYSYS,emerging,70,0.00,dt,15722000,0,BTU,0.00,Crop
"agriculture land","Energy crops, herbaceous",Miscanthus,55127,"Walworth County",Wisconsin,"Lake States",576.6,POLYSYS,"mature-market high",70,4071.00,dt,16660000,67822860000,BTU,7.06,Pasture
"agriculture land","Agricultural residues","Corn stover",55019,"Clark County",Wisconsin,"Lake States",1218.67,POLYSYS,emerging,70,209985.00,dt,15722000,3301384170000,BTU,172.31,Crop
"agriculture land","Agricultural residues","Wheat straw",55021,"Columbia County",Wisconsin,"Lake States",795.99,POLYSYS,"mature-market high",70,0.00,dt,14892000,0,BTU,0.00,Crop
"agriculture land","Energy crops, woody",Willow,55095,"Polk County",Wisconsin,"Lake States",956.41,POLYSYS,"mature-market medium",70,824.00,dt,17296000,14251904000,BTU,0.86,Pasture
"agriculture land","Energy crops, woody",Poplar,55049,"Iowa County",Wisconsin,"Lake States",768.05,POLYSYS,emerging,70,353.00,dt,16904000,5967112000,BTU,0.46,Pasture
"agriculture land","Energy crops, herbaceous",Miscanthus,55003,"Ashland County",Wisconsin,"Lake States",1054.13,POLYSYS,"mature-market high",70,20782.00,dt,16660000,346228120000,BTU,19.71,Pasture
"agriculture land","Agricultural residues","Wheat straw",55041,"Forest County",Wisconsin,"Lake States",1046.52,POLYSYS,"mature-market medium",70,0.00,dt,14892000,0,BTU,0.00,Crop
"agriculture land","Energy crops, herbaceous",Switchgrass,55031,"Douglas County",Wisconsin,"Lake States",1332.11,POLYSYS,"mature-market low",70,0.00,dt,16424000,0,BTU,0.00,Pasture
"agriculture land","Agricultural residues","Wheat straw",55135,"Waupaca County",Wisconsin,"Lake States",765.17,POLYSYS,"mature-market medium",70,0.00,dt,14892000,0,BTU,0.00,Crop
"agriculture land","Agricultural residues","Corn stover",55033,"Dunn County",Wisconsin,"Lake States",863.89,POLYSYS,near-term,70,171556.00,dt,15722000,2697203432000,BTU,198.59,Crop
"agriculture land","Energy crops, woody",Poplar,55097,"Portage County",Wisconsin,"Lake States",822.82,POLYSYS,emerging,70,473.00,dt,16904000,7995592000,BTU,0.57,Pasture
"agriculture land","Agricultural residues","Wheat straw",55093,"Pierce County",Wisconsin,"Lake States",592.73,POLYSYS,"mature-market high",70,0.00,dt,14892000,0,BTU,0.00,Crop
"agriculture land","Agricultural residues","Corn stover",55071,"Manitowoc County",Wisconsin,"Lake States",594.62,POLYSYS,emerging,70,0.00,dt,15722000,0,BTU,0.00,Crop
"agriculture land","Energy crops, woody",Willow,55063,"La Crosse County",Wisconsin,"Lake States",480.05,POLYSYS,"mature-market high",70,854.00,dt,17296000,14770784000,BTU,1.78,Pasture
"agriculture land","Energy crops, herbaceous",Miscanthus,55009,"Brown County",Wisconsin,"Lake States",531.24,POLYSYS,emerging,70,316550.00,dt,16660000,5273723000000,BTU,595.87,Crop
"agriculture land","Agricultural residues","Oats straw",55049,"Iowa County",Wisconsin,"Lake States",768.05,POLYSYS,emerging,70,0.00,dt,14892000,0,BTU,0.00,Crop
"agriculture land","Agricultural residues","Corn stover",55075,"Marinette County",Wisconsin,"Lake States",1429.25,POLYSYS,near-term,70,0.00,dt,15722000,0,BTU,0.00,Crop
"agriculture land","Energy crops, herbaceous",Miscanthus,55119,"Taylor County",Wisconsin,"Lake States",984.56,POLYSYS,"mature-market high",70,0.00,dt,16660000,0,BTU,0.00,Crop
"agriculture land","Agricultural residues","Oats straw",55035,"Eau Claire County",Wisconsin,"Lake States",645.2,POLYSYS,emerging,70,0.00,dt,14892000,0,BTU,0.00,Crop
"agriculture land","Energy crops, herbaceous",Miscanthus,55015,"Calumet County",Wisconsin,"Lake States",397.08,POLYSYS,"mature-market low",70,6843.00,dt,16660000,114004380000,BTU,17.23,Pasture
"agriculture land","Agricultural residues","Oats straw",55127,"Walworth County",Wisconsin,"Lake States",576.6,POLYSYS,"mature-market low",70,0.00,dt,14892000,0,BTU,0.00,Crop
"agriculture land","Energy crops, herbaceous",Miscanthus,55129,"Washburn County",Wisconsin,"Lake States",853.32,POLYSYS,emerging,70,27790.00,dt,16660000,462981400000,BTU,32.57,Pasture
"agriculture land","Energy crops, woody",Willow,55063,"La Crosse County",Wisconsin,"Lake States",480.05,POLYSYS,"mature-market medium",70,786.00,dt,17296000,13594656000,BTU,1.64,Pasture
"agriculture land","Intermediate oilseeds",Pennycress,55111,"Sauk County",Wisconsin,"Lake States",849.19,POLYSYS,"mature-market high",400,18645.96,dt,23288300,434232710268,BTU,21.96,Crop
"agriculture land","Energy crops, woody",Willow,55137,"Waushara County",Wisconsin,"Lake States",637.4,POLYSYS,emerging,70,3499.00,dt,17296000,60518704000,BTU,5.49,Crop
"agriculture land","Agricultural residues","Oats straw",55015,"Calumet County",Wisconsin,"Lake States",397.08,POLYSYS,near-term,70,0.00,dt,14892000,0,BTU,0.00,Crop
"agriculture land","Energy crops, herbaceous",Miscanthus,55013,"Burnett County",Wisconsin,"Lake States",880.22,POLYSYS,"mature-market medium",70,21672.00,dt,16660000,361055520000,BTU,24.62,Pasture
"agriculture land","Energy crops, herbaceous",Miscanthus,55087,"Outagamie County",Wisconsin,"Lake States",644.61,POLYSYS,emerging,70,330604.00,dt,16660000,5507862640000,BTU,512.87,Crop
"agriculture land","Energy crops, herbaceous",Miscanthus,55131,"Washington County",Wisconsin,"Lake States",435.66,POLYSYS,emerging,70,2859.00,dt,16660000,47630940000,BTU,6.56,Pasture
"agriculture land","Agricultural residues","Oats straw",55015,"Calumet County",Wisconsin,"Lake States",397.08,POLYSYS,emerging,70,0.00,dt,14892000,0,BTU,0.00,Crop
"agriculture land","Agricultural residues","Oats straw",55129,"Washburn County",Wisconsin,"Lake States",853.32,POLYSYS,"mature-market high",70,0.00,dt,14892000,0,BTU,0.00,Crop
"agriculture land","Agricultural residues","Corn stover",55079,"Milwaukee County",Wisconsin,"Lake States",242.17,POLYSYS,"mature-market low",70,0.00,dt,15722000,0,BTU,0.00,Crop
"agriculture land","Energy crops, herbaceous",Miscanthus,55115,"Shawano County",Wisconsin,"Lake States",909.4,POLYSYS,"mature-market medium",70,20861.00,dt,16660000,347544260000,BTU,22.94,Pasture
"agriculture land","Energy crops, herbaceous",Miscanthus,55023,"Crawford County",Wisconsin,"Lake States",599.21,POLYSYS,emerging,70,172441.00,dt,16660000,2872867060000,BTU,287.78,Crop
"agriculture land","Energy crops, herbaceous",Miscanthus,55103,"Richland County",Wisconsin,"Lake States",589.3,POLYSYS,"mature-market low",70,3723.00,dt,16660000,62025180000,BTU,6.32,Pasture
"agriculture land","Energy crops, woody",Willow,55111,"Sauk County",Wisconsin,"Lake States",849.19,POLYSYS,"mature-market low",70,1249.00,dt,17296000,21602704000,BTU,1.47,Pasture
"agriculture land","Energy crops, herbaceous",Miscanthus,55043,"Grant County",Wisconsin,"Lake States",1183.37,POLYSYS,emerging,70,11252.00,dt,16660000,187458320000,BTU,9.51,Pasture
"agriculture land","Agricultural residues","Wheat straw",55035,"Eau Claire County",Wisconsin,"Lake States",645.2,POLYSYS,"mature-market low",70,0.00,dt,14892000,0,BTU,0.00,Crop
"agriculture land","Agricultural residues","Wheat straw",55039,"Fond du Lac County",Wisconsin,"Lake States",765.84,POLYSYS,"mature-market medium",70,0.00,dt,14892000,0,BTU,0.00,Crop
"agriculture land","Agricultural residues","Corn stover",55015,"Calumet County",Wisconsin,"Lake States",397.08,POLYSYS,"mature-market low",70,0.00,dt,15722000,0,BTU,0.00,Crop
"agriculture land","Agricultural residues","Oats straw",55113,"Sawyer County",Wisconsin,"Lake States",1350.24,POLYSYS,"mature-market medium",70,0.00,dt,14892000,0,BTU,0.00,Crop
"agriculture land","Energy crops, herbaceous",Miscanthus,55091,"Pepin County",Wisconsin,"Lake States",248.7,POLYSYS,"mature-market high",70,0.00,dt,16660000,0,BTU,0.00,Crop
"agriculture land","Agricultural residues","Wheat straw",55039,"Fond du Lac County",Wisconsin,"Lake States",765.84,POLYSYS,"mature-market low",70,0.00,dt,14892000,0,BTU,0.00,Crop
"agriculture land","Agricultural residues","Corn stover",55109,"St. Croix County",Wisconsin,"Lake States",735.19,POLYSYS,near-term,70,177500.00,dt,15722000,2790655000000,BTU,241.43,Crop
"agriculture land","Energy crops, herbaceous",Miscanthus,55023,"Crawford County",Wisconsin,"Lake States",599.21,POLYSYS,"mature-market high",70,11025.00,dt,16660000,183676500000,BTU,18.40,Pasture
"agriculture land","Agricultural residues","Wheat straw",55127,"Walworth County",Wisconsin,"Lake States",576.6,POLYSYS,"mature-market medium",70,0.00,dt,14892000,0,BTU,0.00,Crop
"agriculture land","Energy crops, woody",Poplar,55119,"Taylor County",Wisconsin,"Lake States",984.56,POLYSYS,"mature-market medium",70,5030.00,dt,16904000,85027120000,BTU,5.11,Pasture
"agriculture land","Agricultural residues","Wheat straw",55109,"St. Croix County",Wisconsin,"Lake States",735.19,POLYSYS,"mature-market high",70,0.00,dt,14892000,0,BTU,0.00,Crop
"agriculture land","Agricultural residues","Wheat straw",55067,"Langlade County",Wisconsin,"Lake States",887.79,POLYSYS,"mature-market low",70,0.00,dt,14892000,0,BTU,0.00,Crop
"agriculture land","Agricultural residues","Oats straw",55099,"Price County",Wisconsin,"Lake States",1278.04,POLYSYS,"mature-market medium",70,0.00,dt,14892000,0,BTU,0.00,Crop
"agriculture land","Energy crops, herbaceous",Switchgrass,55021,"Columbia County",Wisconsin,"Lake States",795.99,POLYSYS,"mature-market high",70,0.00,dt,16424000,0,BTU,0.00,Pasture
"agriculture land","Energy crops, herbaceous",Miscanthus,55091,"Pepin County",Wisconsin,"Lake States",248.7,POLYSYS,"mature-market medium",70,703.00,dt,16660000,11711980000,BTU,2.83,Pasture
"agriculture land","Agricultural residues","Oats straw",55065,"Lafayette County",Wisconsin,"Lake States",634.57,POLYSYS,"mature-market high",70,0.00,dt,14892000,0,BTU,0.00,Crop
"agriculture land","Agricultural residues","Oats straw",55063,"La Crosse County",Wisconsin,"Lake States",480.05,POLYSYS,emerging,70,0.00,dt,14892000,0,BTU,0.00,Crop
"agriculture land","Agricultural residues","Oats straw",55109,"St. Croix County",Wisconsin,"Lake States",735.19,POLYSYS,"mature-market medium",70,0.00,dt,14892000,0,BTU,0.00,Crop
"agriculture land","Intermediate oilseeds",Pennycress,55133,"Waukesha County",Wisconsin,"Lake States",580.54,POLYSYS,"mature-market low",400,6482.57,dt,23288300,150968034931,BTU,11.17,Crop
"agriculture land","Agricultural residues","Corn stover",55007,"Bayfield County",Wisconsin,"Lake States",1511.34,POLYSYS,"mature-market medium",70,0.00,dt,15722000,0,BTU,0.00,Crop
"agriculture land","Agricultural residues","Wheat straw",55077,"Marquette County",Wisconsin,"Lake States",464.47,POLYSYS,emerging,70,0.00,dt,14892000,0,BTU,0.00,Crop
"agriculture land","Energy crops, woody",Poplar,55029,"Door County",Wisconsin,"Lake States",487.56,POLYSYS,emerging,70,546.00,dt,16904000,9229584000,BTU,1.12,Pasture
"agriculture land","Agricultural residues","Corn stover",55091,"Pepin County",Wisconsin,"Lake States",248.7,POLYSYS,"mature-market medium",70,56777.00,dt,15722000,892647994000,BTU,228.30,Crop
"agriculture land","Energy crops, woody",Willow,55001,"Adams County",Wisconsin,"Lake States",687.48,POLYSYS,"mature-market high",70,887.00,dt,17296000,15341552000,BTU,1.29,Pasture
"agriculture land","Agricultural residues","Oats straw",55123,"Vernon County",Wisconsin,"Lake States",816.38,POLYSYS,"mature-market high",70,0.00,dt,14892000,0,BTU,0.00,Crop
"agriculture land","Agricultural residues","Corn stover",55063,"La Crosse County",Wisconsin,"Lake States",480.05,POLYSYS,"mature-market low",70,37502.00,dt,15722000,589606444000,BTU,78.12,Crop
"agriculture land","Energy crops, woody",Willow,55083,"Oconto County",Wisconsin,"Lake States",1016.31,POLYSYS,"mature-market low",70,32184.00,dt,17296000,556654464000,BTU,31.67,Crop
"agriculture land","Agricultural residues","Wheat straw",55085,"Oneida County",Wisconsin,"Lake States",1236.57,POLYSYS,"mature-market medium",70,0.00,dt,14892000,0,BTU,0.00,Crop
"agriculture land","Energy crops, woody",Willow,55021,"Columbia County",Wisconsin,"Lake States",795.99,POLYSYS,emerging,70,6735.00,dt,17296000,116488560000,BTU,8.46,Crop
"agriculture land","Agricultural residues","Wheat straw",55033,"Dunn County",Wisconsin,"Lake States",863.89,POLYSYS,"mature-market medium",70,0.00,dt,14892000,0,BTU,0.00,Crop
"agriculture land","Agricultural residues","Corn stover",55037,"Florence County",Wisconsin,"Lake States",497.43,POLYSYS,"mature-market high",70,0.00,dt,15722000,0,BTU,0.00,Crop
"agriculture land","Agricultural residues","Corn stover",55053,"Jackson County",Wisconsin,"Lake States",1000.48,POLYSYS,"mature-market low",70,97193.00,dt,15722000,1528068346000,BTU,97.15,Crop
"agriculture land","Agricultural residues","Wheat straw",55015,"Calumet County",Wisconsin,"Lake States",397.08,POLYSYS,"mature-market high",70,0.00,dt,14892000,0,BTU,0.00,Crop
"agriculture land","Intermediate oilseeds",Pennycress,55121,"Trempealeau County",Wisconsin,"Lake States",741.98,POLYSYS,"mature-market high",400,20363.62,dt,23288300,474234091646,BTU,27.44,Crop
"agriculture land","Agricultural residues","Wheat straw",55135,"Waupaca County",Wisconsin,"Lake States",765.17,POLYSYS,"mature-market high",70,0.00,dt,14892000,0,BTU,0.00,Crop
"agriculture land","Agricultural residues","Wheat straw",55131,"Washington County",Wisconsin,"Lake States",435.66,POLYSYS,"mature-market low",70,0.00,dt,14892000,0,BTU,0.00,Crop
"agriculture land","Intermediate oilseeds",Pennycress,55023,"Crawford County",Wisconsin,"Lake States",599.21,POLYSYS,"mature-market high",400,7967.99,dt,23288300,185560941517,BTU,13.30,Crop
"agriculture land","Energy crops, woody",Poplar,55103,"Richland County",Wisconsin,"Lake States",589.3,POLYSYS,"mature-market low",70,352.00,dt,16904000,5950208000,BTU,0.60,Pasture
"agriculture land","Intermediate oilseeds",Pennycress,55121,"Trempealeau County",Wisconsin,"Lake States",741.98,POLYSYS,emerging,400,20363.62,dt,23288300,474234091646,BTU,27.44,Crop
"agriculture land","Energy crops, herbaceous",Miscanthus,55115,"Shawano County",Wisconsin,"Lake States",909.4,POLYSYS,"mature-market low",70,41256.00,dt,16660000,687324960000,BTU,45.37,Crop
"agriculture land","Agricultural residues","Corn stover",55121,"Trempealeau County",Wisconsin,"Lake States",741.98,POLYSYS,"mature-market medium",70,123238.00,dt,15722000,1937547836000,BTU,166.09,Crop
"agriculture land","Agricultural residues","Sorghum stubble",55073,"Marathon County",Wisconsin,"Lake States",1576.33,POLYSYS,"mature-market medium",70,0.00,dt,14830000,0,BTU,0.00,Crop
"agriculture land","Energy crops, herbaceous",Miscanthus,55013,"Burnett County",Wisconsin,"Lake States",880.22,POLYSYS,"mature-market medium",70,55320.00,dt,16660000,921631200000,BTU,62.85,Crop
"agriculture land","Energy crops, herbaceous",Miscanthus,55071,"Manitowoc County",Wisconsin,"Lake States",594.62,POLYSYS,"mature-market high",70,221274.00,dt,16660000,3686424840000,BTU,372.13,Crop
"agriculture land","Energy crops, woody",Willow,55071,"Manitowoc County",Wisconsin,"Lake States",594.62,POLYSYS,emerging,70,42751.00,dt,17296000,739421296000,BTU,71.90,Crop
"agriculture land","Agricultural residues","Corn stover",55139,"Winnebago County",Wisconsin,"Lake States",578.57,POLYSYS,"mature-market medium",70,194942.00,dt,15722000,3064878124000,BTU,336.94,Crop
"agriculture land","Energy crops, herbaceous",Miscanthus,55077,"Marquette County",Wisconsin,"Lake States",464.47,POLYSYS,emerging,70,141389.00,dt,16660000,2355540740000,BTU,304.41,Crop
"agriculture land","Agricultural residues","Oats straw",55011,"Buffalo County",Wisconsin,"Lake States",709.59,POLYSYS,near-term,70,0.00,dt,14892000,0,BTU,0.00,Crop
"agriculture land","Agricultural residues","Wheat straw",55057,"Juneau County",Wisconsin,"Lake States",805.17,POLYSYS,"mature-market high",70,0.00,dt,14892000,0,BTU,0.00,Crop
"agriculture land","Agricultural residues","Wheat straw",55053,"Jackson County",Wisconsin,"Lake States",1000.48,POLYSYS,"mature-market medium",70,0.00,dt,14892000,0,BTU,0.00,Crop
"agriculture land","Energy crops, herbaceous",Miscanthus,55011,"Buffalo County",Wisconsin,"Lake States",709.59,POLYSYS,"mature-market high",70,295461.00,dt,16660000,4922380260000,BTU,416.38,Crop
"agriculture land","Agricultural residues","Wheat straw",55133,"Waukesha County",Wisconsin,"Lake States",580.54,POLYSYS,emerging,70,0.00,dt,14892000,0,BTU,0.00,Crop
"agriculture land","Energy crops, woody",Willow,55137,"Waushara County",Wisconsin,"Lake States",637.4,POLYSYS,"mature-market high",70,3499.00,dt,17296000,60518704000,BTU,5.49,Crop
"agriculture land","Agricultural residues","Corn stover",55057,"Juneau County",Wisconsin,"Lake States",805.17,POLYSYS,near-term,70,36803.00,dt,15722000,578616766000,BTU,45.71,Crop
"agriculture land","Energy crops, herbaceous",Switchgrass,55051,"Iron County",Wisconsin,"Lake States",802.62,POLYSYS,emerging,70,0.00,dt,16424000,0,BTU,0.00,Pasture
"agriculture land","Agricultural residues","Oats straw",55047,"Green Lake County",Wisconsin,"Lake States",380.13,POLYSYS,near-term,70,0.00,dt,14892000,0,BTU,0.00,Crop
"agriculture land","Energy crops, herbaceous",Miscanthus,55069,"Lincoln County",Wisconsin,"Lake States",906.79,POLYSYS,"mature-market high",70,26421.00,dt,16660000,440173860000,BTU,29.14,Pasture
"agriculture land","Agricultural residues","Corn stover",55053,"Jackson County",Wisconsin,"Lake States",1000.48,POLYSYS,near-term,70,88034.00,dt,15722000,1384070548000,BTU,87.99,Crop
"agriculture land","Agricultural residues","Corn stover",55125,"Vilas County",Wisconsin,"Lake States",1017.72,POLYSYS,"mature-market medium",70,0.00,dt,15722000,0,BTU,0.00,Crop
"agriculture land","Energy crops, woody",Poplar,55015,"Calumet County",Wisconsin,"Lake States",397.08,POLYSYS,emerging,70,169.00,dt,16904000,2856776000,BTU,0.43,Pasture
"agriculture land","Agricultural residues","Wheat straw",55017,"Chippewa County",Wisconsin,"Lake States",1041.27,POLYSYS,near-term,70,0.00,dt,14892000,0,BTU,0.00,Crop
"agriculture land","Energy crops, herbaceous",Miscanthus,55009,"Brown County",Wisconsin,"Lake States",531.24,POLYSYS,"mature-market high",70,316550.00,dt,16660000,5273723000000,BTU,595.87,Crop
"agriculture land","Agricultural residues","Wheat straw",55119,"Taylor County",Wisconsin,"Lake States",984.56,POLYSYS,"mature-market high",70,0.00,dt,14892000,0,BTU,0.00,Crop
"agriculture land","Energy crops, herbaceous",Miscanthus,55069,"Lincoln County",Wisconsin,"Lake States",906.79,POLYSYS,"mature-market low",70,52167.00,dt,16660000,869102220000,BTU,57.53,Crop
"agriculture land","Energy crops, woody",Willow,55057,"Juneau County",Wisconsin,"Lake States",805.17,POLYSYS,"mature-market medium",70,5212.00,dt,17296000,90146752000,BTU,6.47,Pasture
"agriculture land","Agricultural residues","Oats straw",55071,"Manitowoc County",Wisconsin,"Lake States",594.62,POLYSYS,near-term,70,0.00,dt,14892000,0,BTU,0.00,Crop
"agriculture land","Agricultural residues","Wheat straw",55069,"Lincoln County",Wisconsin,"Lake States",906.79,POLYSYS,near-term,70,0.00,dt,14892000,0,BTU,0.00,Crop
"agriculture land","Energy crops, herbaceous",Switchgrass,55045,"Green County",Wisconsin,"Lake States",584.55,POLYSYS,"mature-market low",70,0.00,dt,16424000,0,BTU,0.00,Pasture
"agriculture land","Agricultural residues","Wheat straw",55043,"Grant County",Wisconsin,"Lake States",1183.37,POLYSYS,"mature-market high",70,0.00,dt,14892000,0,BTU,0.00,Crop
"agriculture land","Energy crops, herbaceous",Miscanthus,55013,"Burnett County",Wisconsin,"Lake States",880.22,POLYSYS,"mature-market low",70,19675.00,dt,16660000,327785500000,BTU,22.35,Pasture
"agriculture land","Intermediate oilseeds",Pennycress,55045,"Green County",Wisconsin,"Lake States",584.55,POLYSYS,"mature-market medium",400,25909.62,dt,23288300,603391003446,BTU,44.32,Crop
"agriculture land","Agricultural residues","Corn stover",55029,"Door County",Wisconsin,"Lake States",487.56,POLYSYS,"mature-market high",70,34213.00,dt,15722000,537896786000,BTU,70.17,Crop
"agriculture land","Agricultural residues","Corn stover",55005,"Barron County",Wisconsin,"Lake States",889.76,POLYSYS,near-term,70,77088.00,dt,15722000,1211977536000,BTU,86.64,Crop
"agriculture land","Agricultural residues","Oats straw",55141,"Wood County",Wisconsin,"Lake States",809.25,POLYSYS,"mature-market high",70,0.00,dt,14892000,0,BTU,0.00,Crop
"agriculture land","Energy crops, woody",Willow,55111,"Sauk County",Wisconsin,"Lake States",849.19,POLYSYS,"mature-market high",70,18135.00,dt,17296000,313662960000,BTU,21.36,Crop
"agriculture land","Energy crops, woody",Poplar,55095,"Polk County",Wisconsin,"Lake States",956.41,POLYSYS,"mature-market medium",70,399.00,dt,16904000,6744696000,BTU,0.42,Pasture
"agriculture land","Energy crops, herbaceous",Miscanthus,55013,"Burnett County",Wisconsin,"Lake States",880.22,POLYSYS,"mature-market high",70,26367.00,dt,16660000,439274220000,BTU,29.96,Pasture
"agriculture land","Agricultural residues","Wheat straw",55117,"Sheboygan County",Wisconsin,"Lake States",517.64,POLYSYS,"mature-market low",70,0.00,dt,14892000,0,BTU,0.00,Crop
"agriculture land","Agricultural residues","Wheat straw",55015,"Calumet County",Wisconsin,"Lake States",397.08,POLYSYS,"mature-market medium",70,0.00,dt,14892000,0,BTU,0.00,Crop
"agriculture land","Agricultural residues","Wheat straw",55019,"Clark County",Wisconsin,"Lake States",1218.67,POLYSYS,near-term,70,0.00,dt,14892000,0,BTU,0.00,Crop
"agriculture land","Agricultural residues","Oats straw",55117,"Sheboygan County",Wisconsin,"Lake States",517.64,POLYSYS,near-term,70,0.00,dt,14892000,0,BTU,0.00,Crop
"agriculture land","Agricultural residues","Corn stover",55049,"Iowa County",Wisconsin,"Lake States",768.05,POLYSYS,"mature-market medium",70,164347.00,dt,15722000,2583863534000,BTU,213.98,Crop
"agriculture land","Energy crops, herbaceous",Miscanthus,55139,"Winnebago County",Wisconsin,"Lake States",578.57,POLYSYS,"mature-market high",70,13320.00,dt,16660000,221911200000,BTU,23.02,Pasture
"agriculture land","Energy crops, woody",Willow,55033,"Dunn County",Wisconsin,"Lake States",863.89,POLYSYS,"mature-market medium",70,1272.00,dt,17296000,22000512000,BTU,1.47,Pasture
"agriculture land","Agricultural residues","Oats straw",55129,"Washburn County",Wisconsin,"Lake States",853.32,POLYSYS,near-term,70,0.00,dt,14892000,0,BTU,0.00,Crop
"agriculture land","Agricultural residues","Oats straw",55067,"Langlade County",Wisconsin,"Lake States",887.79,POLYSYS,near-term,70,0.00,dt,14892000,0,BTU,0.00,Crop
"agriculture land","Energy crops, herbaceous",Switchgrass,55015,"Calumet County",Wisconsin,"Lake States",397.08,POLYSYS,emerging,70,0.00,dt,16424000,0,BTU,0.00,Pasture
"agriculture land","Agricultural residues","Oats straw",55083,"Oconto County",Wisconsin,"Lake States",1016.31,POLYSYS,emerging,70,0.00,dt,14892000,0,BTU,0.00,Crop
"agriculture land","Energy crops, woody",Willow,55007,"Bayfield County",Wisconsin,"Lake States",1511.34,POLYSYS,"mature-market low",70,1350.00,dt,17296000,23349600000,BTU,0.89,Pasture
"agriculture land","Energy crops, woody",Willow,55009,"Brown County",Wisconsin,"Lake States",531.24,POLYSYS,"mature-market low",70,4069.00,dt,17296000,70377424000,BTU,7.66,Pasture
"agriculture land","Agricultural residues","Oats straw",55127,"Walworth County",Wisconsin,"Lake States",576.6,POLYSYS,near-term,70,0.00,dt,14892000,0,BTU,0.00,Crop
"agriculture land","Energy crops, woody",Willow,55111,"Sauk County",Wisconsin,"Lake States",849.19,POLYSYS,emerging,70,1276.00,dt,17296000,22069696000,BTU,1.50,Pasture
"agriculture land","Energy crops, woody",Willow,55023,"Crawford County",Wisconsin,"Lake States",599.21,POLYSYS,"mature-market high",70,2358.00,dt,17296000,40783968000,BTU,3.94,Pasture
"agriculture land","Agricultural residues","Oats straw",55105,"Rock County",Wisconsin,"Lake States",726.16,POLYSYS,near-term,70,0.00,dt,14892000,0,BTU,0.00,Crop
"agriculture land","Energy crops, herbaceous",Miscanthus,55131,"Washington County",Wisconsin,"Lake States",435.66,POLYSYS,"mature-market high",70,19182.00,dt,16660000,319572120000,BTU,44.03,Crop
"agriculture land","Agricultural residues","Corn stover",55109,"St. Croix County",Wisconsin,"Lake States",735.19,POLYSYS,"mature-market high",70,342628.00,dt,15722000,5386797416000,BTU,466.04,Crop
"agriculture land","Agricultural residues","Oats straw",55139,"Winnebago County",Wisconsin,"Lake States",578.57,POLYSYS,"mature-market medium",70,0.00,dt,14892000,0,BTU,0.00,Crop
"agriculture land","Energy crops, woody",Poplar,55029,"Door County",Wisconsin,"Lake States",487.56,POLYSYS,"mature-market low",70,394.00,dt,16904000,6660176000,BTU,0.81,Pasture
"agriculture land","Agricultural residues","Corn stover",55021,"Columbia County",Wisconsin,"Lake States",795.99,POLYSYS,"mature-market medium",70,0.00,dt,15722000,0,BTU,0.00,Crop
"agriculture land","Agricultural residues","Oats straw",55011,"Buffalo County",Wisconsin,"Lake States",709.59,POLYSYS,"mature-market high",70,0.00,dt,14892000,0,BTU,0.00,Crop
"agriculture land","Agricultural residues","Oats straw",55063,"La Crosse County",Wisconsin,"Lake States",480.05,POLYSYS,"mature-market high",70,0.00,dt,14892000,0,BTU,0.00,Crop
"agriculture land","Agricultural residues","Oats straw",55043,"Grant County",Wisconsin,"Lake States",1183.37,POLYSYS,"mature-market high",70,0.00,dt,14892000,0,BTU,0.00,Crop
"agriculture land","Agricultural residues","Oats straw",55035,"Eau Claire County",Wisconsin,"Lake States",645.2,POLYSYS,"mature-market low",70,0.00,dt,14892000,0,BTU,0.00,Crop
"agriculture land","Agricultural residues","Corn stover",55001,"Adams County",Wisconsin,"Lake States",687.48,POLYSYS,near-term,70,10554.00,dt,15722000,165929988000,BTU,15.35,Crop
"agriculture land","Agricultural residues","Corn stover",55017,"Chippewa County",Wisconsin,"Lake States",1041.27,POLYSYS,"mature-market medium",70,311645.00,dt,15722000,4899682690000,BTU,299.29,Crop
"agriculture land","Energy crops, herbaceous",Miscanthus,55095,"Polk County",Wisconsin,"Lake States",956.41,POLYSYS,"mature-market medium",70,63697.00,dt,16660000,1061192020000,BTU,66.60,Pasture
"agriculture land","Agricultural residues","Corn stover",55009,"Brown County",Wisconsin,"Lake States",531.24,POLYSYS,near-term,70,88302.00,dt,15722000,1388284044000,BTU,166.22,Crop
"agriculture land","Agricultural residues","Oats straw",55141,"Wood County",Wisconsin,"Lake States",809.25,POLYSYS,emerging,70,0.00,dt,14892000,0,BTU,0.00,Crop
"agriculture land","Agricultural residues","Oats straw",55121,"Trempealeau County",Wisconsin,"Lake States",741.98,POLYSYS,near-term,70,0.00,dt,14892000,0,BTU,0.00,Crop
"agriculture land","Agricultural residues","Corn stover",55087,"Outagamie County",Wisconsin,"Lake States",644.61,POLYSYS,"mature-market low",70,73820.00,dt,15722000,1160598040000,BTU,114.52,Crop
"agriculture land","Intermediate oilseeds",Pennycress,55019,"Clark County",Wisconsin,"Lake States",1218.67,POLYSYS,"mature-market high",400,32376.63,dt,23288300,753996672429,BTU,26.57,Crop
"agriculture land","Agricultural residues","Oats straw",55115,"Shawano County",Wisconsin,"Lake States",909.4,POLYSYS,"mature-market low",70,0.00,dt,14892000,0,BTU,0.00,Crop
"agriculture land","Energy crops, woody",Willow,55005,"Barron County",Wisconsin,"Lake States",889.76,POLYSYS,"mature-market medium",70,1455.00,dt,17296000,25165680000,BTU,1.64,Pasture
"agriculture land","Agricultural residues","Wheat straw",55033,"Dunn County",Wisconsin,"Lake States",863.89,POLYSYS,"mature-market high",70,0.00,dt,14892000,0,BTU,0.00,Crop
"agriculture land","Agricultural residues","Wheat straw",55055,"Jefferson County",Wisconsin,"Lake States",582.74,POLYSYS,"mature-market medium",70,0.00,dt,14892000,0,BTU,0.00,Crop
"agriculture land","Agricultural residues","Wheat straw",55075,"Marinette County",Wisconsin,"Lake States",1429.25,POLYSYS,"mature-market low",70,0.00,dt,14892000,0,BTU,0.00,Crop
"agriculture land","Energy crops, herbaceous",Miscanthus,55093,"Pierce County",Wisconsin,"Lake States",592.73,POLYSYS,"mature-market high",70,7874.00,dt,16660000,131180840000,BTU,13.28,Pasture
"agriculture land","Energy crops, herbaceous",Miscanthus,55131,"Washington County",Wisconsin,"Lake States",435.66,POLYSYS,"mature-market medium",70,2153.00,dt,16660000,35868980000,BTU,4.94,Pasture
"agriculture land","Agricultural residues","Wheat straw",55075,"Marinette County",Wisconsin,"Lake States",1429.25,POLYSYS,emerging,70,0.00,dt,14892000,0,BTU,0.00,Crop
"agriculture land","Energy crops, woody",Poplar,55023,"Crawford County",Wisconsin,"Lake States",599.21,POLYSYS,emerging,70,1070.00,dt,16904000,18087280000,BTU,1.79,Pasture
"agriculture land","Agricultural residues","Wheat straw",55137,"Waushara County",Wisconsin,"Lake States",637.4,POLYSYS,"mature-market high",70,0.00,dt,14892000,0,BTU,0.00,Crop
"agriculture land","Agricultural residues","Corn stover",55033,"Dunn County",Wisconsin,"Lake States",863.89,POLYSYS,"mature-market medium",70,254368.00,dt,15722000,3999173696000,BTU,294.44,Crop
"agriculture land","Agricultural residues","Corn stover",55089,"Ozaukee County",Wisconsin,"Lake States",235.28,POLYSYS,near-term,70,36125.00,dt,15722000,567957250000,BTU,153.54,Crop
"agriculture land","Agricultural residues","Oats straw",55137,"Waushara County",Wisconsin,"Lake States",637.4,POLYSYS,"mature-market high",70,0.00,dt,14892000,0,BTU,0.00,Crop
"agriculture land","Energy crops, herbaceous",Miscanthus,55115,"Shawano County",Wisconsin,"Lake States",909.4,POLYSYS,"mature-market low",70,18663.00,dt,16660000,310925580000,BTU,20.52,Pasture
"agriculture land","Agricultural residues","Wheat straw",55009,"Brown County",Wisconsin,"Lake States",531.24,POLYSYS,"mature-market medium",70,0.00,dt,14892000,0,BTU,0.00,Crop
"agriculture land","Agricultural residues","Corn stover",55039,"Fond du Lac County",Wisconsin,"Lake States",765.84,POLYSYS,"mature-market high",70,443824.00,dt,15722000,6977800928000,BTU,579.53,Crop
"agriculture land","Energy crops, woody",Willow,55117,"Sheboygan County",Wisconsin,"Lake States",517.64,POLYSYS,"mature-market low",70,4388.00,dt,17296000,75894848000,BTU,8.48,Pasture
"agriculture land","Intermediate oilseeds",Pennycress,55081,"Monroe County",Wisconsin,"Lake States",908.08,POLYSYS,"mature-market medium",400,14605.09,dt,23288300,340127717447,BTU,16.08,Crop
"agriculture land","Agricultural residues","Corn stover",55093,"Pierce County",Wisconsin,"Lake States",592.73,POLYSYS,emerging,70,266144.00,dt,15722000,4184315968000,BTU,449.01,Crop
"agriculture land","Energy crops, herbaceous",Miscanthus,55057,"Juneau County",Wisconsin,"Lake States",805.17,POLYSYS,"mature-market medium",70,24378.00,dt,16660000,406137480000,BTU,30.28,Pasture
"agriculture land","Agricultural residues","Wheat straw",55037,"Florence County",Wisconsin,"Lake States",497.43,POLYSYS,"mature-market medium",70,0.00,dt,14892000,0,BTU,0.00,Crop
"agriculture land","Agricultural residues","Corn stover",55079,"Milwaukee County",Wisconsin,"Lake States",242.17,POLYSYS,emerging,70,0.00,dt,15722000,0,BTU,0.00,Crop
"agriculture land","Intermediate oilseeds",Pennycress,55139,"Winnebago County",Wisconsin,"Lake States",578.57,POLYSYS,"mature-market high",400,9741.30,dt,23288300,226858316789,BTU,16.84,Crop
"agriculture land","Intermediate oilseeds",Pennycress,55097,"Portage County",Wisconsin,"Lake States",822.82,POLYSYS,"mature-market medium",400,11327.16,dt,23288300,263790300228,BTU,13.77,Crop
"agriculture land","Energy crops, herbaceous",Miscanthus,55019,"Clark County",Wisconsin,"Lake States",1218.67,POLYSYS,"mature-market medium",70,451278.00,dt,16660000,7518291480000,BTU,370.30,Crop
"agriculture land","Energy crops, herbaceous",Miscanthus,55051,"Iron County",Wisconsin,"Lake States",802.62,POLYSYS,"mature-market high",70,3254.00,dt,16660000,54211640000,BTU,4.05,Crop
"agriculture land","Energy crops, herbaceous",Switchgrass,55027,"Dodge County",Wisconsin,"Lake States",907.1,POLYSYS,emerging,70,0.00,dt,16424000,0,BTU,0.00,Pasture
"agriculture land","Agricultural residues","Oats straw",55023,"Crawford County",Wisconsin,"Lake States",599.21,POLYSYS,"mature-market medium",70,0.00,dt,14892000,0,BTU,0.00,Crop
"agriculture land","Energy crops, woody",Poplar,55117,"Sheboygan County",Wisconsin,"Lake States",517.64,POLYSYS,emerging,70,1217.00,dt,16904000,20572168000,BTU,2.35,Pasture
"agriculture land","Energy crops, herbaceous",Miscanthus,55043,"Grant County",Wisconsin,"Lake States",1183.37,POLYSYS,"mature-market medium",70,9031.00,dt,16660000,150456460000,BTU,7.63,Pasture
"agriculture land","Agricultural residues","Wheat straw",55069,"Lincoln County",Wisconsin,"Lake States",906.79,POLYSYS,"mature-market high",70,0.00,dt,14892000,0,BTU,0.00,Crop
"agriculture land","Agricultural residues","Wheat straw",55127,"Walworth County",Wisconsin,"Lake States",576.6,POLYSYS,"mature-market low",70,0.00,dt,14892000,0,BTU,0.00,Crop
"agriculture land","Agricultural residues","Wheat straw",55043,"Grant County",Wisconsin,"Lake States",1183.37,POLYSYS,"mature-market medium",70,0.00,dt,14892000,0,BTU,0.00,Crop
"agriculture land","Energy crops, herbaceous",Miscanthus,55109,"St. Croix County",Wisconsin,"Lake States",735.19,POLYSYS,"mature-market high",70,9556.00,dt,16660000,159202960000,BTU,13.00,Pasture
"agriculture land","Agricultural residues","Corn stover",55127,"Walworth County",Wisconsin,"Lake States",576.6,POLYSYS,"mature-market medium",70,186689.00,dt,15722000,2935124458000,BTU,323.78,Crop
"agriculture land","Agricultural residues","Wheat straw",55047,"Green Lake County",Wisconsin,"Lake States",380.13,POLYSYS,emerging,70,0.00,dt,14892000,0,BTU,0.00,Crop
"agriculture land","Intermediate oilseeds",Pennycress,55009,"Brown County",Wisconsin,"Lake States",531.24,POLYSYS,emerging,400,9867.25,dt,23288300,229791478175,BTU,18.57,Crop
"agriculture land","Agricultural residues","Oats straw",55005,"Barron County",Wisconsin,"Lake States",889.76,POLYSYS,emerging,70,0.00,dt,14892000,0,BTU,0.00,Crop
"agriculture land","Agricultural residues","Corn stover",55035,"Eau Claire County",Wisconsin,"Lake States",645.2,POLYSYS,"mature-market medium",70,78847.00,dt,15722000,1239632534000,BTU,122.21,Crop
"agriculture land","Agricultural residues","Wheat straw",55047,"Green Lake County",Wisconsin,"Lake States",380.13,POLYSYS,"mature-market medium",70,0.00,dt,14892000,0,BTU,0.00,Crop
"agriculture land","Energy crops, herbaceous",Miscanthus,55099,"Price County",Wisconsin,"Lake States",1278.04,POLYSYS,"mature-market medium",70,23803.00,dt,16660000,396557980000,BTU,18.62,Pasture
"agriculture land","Energy crops, woody",Willow,55021,"Columbia County",Wisconsin,"Lake States",795.99,POLYSYS,"mature-market high",70,6735.00,dt,17296000,116488560000,BTU,8.46,Crop
"agriculture land","Energy crops, woody",Poplar,55113,"Sawyer County",Wisconsin,"Lake States",1350.24,POLYSYS,"mature-market high",70,698.00,dt,16904000,11798992000,BTU,0.52,Pasture
"agriculture land","Energy crops, woody",Poplar,55007,"Bayfield County",Wisconsin,"Lake States",1511.34,POLYSYS,"mature-market high",70,798.00,dt,16904000,13489392000,BTU,0.53,Pasture
"agriculture land","Agricultural residues","Oats straw",55073,"Marathon County",Wisconsin,"Lake States",1576.33,POLYSYS,near-term,70,0.00,dt,14892000,0,BTU,0.00,Crop
"agriculture land","Agricultural residues","Wheat straw",55139,"Winnebago County",Wisconsin,"Lake States",578.57,POLYSYS,"mature-market low",70,0.00,dt,14892000,0,BTU,0.00,Crop
"agriculture land","Agricultural residues","Wheat straw",55121,"Trempealeau County",Wisconsin,"Lake States",741.98,POLYSYS,emerging,70,0.00,dt,14892000,0,BTU,0.00,Crop
"agriculture land","Intermediate oilseeds",Pennycress,55071,"Manitowoc County",Wisconsin,"Lake States",594.62,POLYSYS,emerging,400,14247.44,dt,23288300,331798656952,BTU,23.96,Crop
"agriculture land","Agricultural residues","Oats straw",55115,"Shawano County",Wisconsin,"Lake States",909.4,POLYSYS,"mature-market high",70,0.00,dt,14892000,0,BTU,0.00,Crop
"agriculture land","Energy crops, woody",Willow,55093,"Pierce County",Wisconsin,"Lake States",592.73,POLYSYS,"mature-market low",70,145.00,dt,17296000,2507920000,BTU,0.24,Pasture
"agriculture land","Agricultural residues","Oats straw",55107,"Rusk County",Wisconsin,"Lake States",930.86,POLYSYS,"mature-market high",70,0.00,dt,14892000,0,BTU,0.00,Crop
"agriculture land","Agricultural residues","Corn stover",55045,"Green County",Wisconsin,"Lake States",584.55,POLYSYS,"mature-market medium",70,181118.00,dt,15722000,2847537196000,BTU,309.84,Crop
"agriculture land","Energy crops, herbaceous",Miscanthus,55101,"Racine County",Wisconsin,"Lake States",340.39,POLYSYS,"mature-market medium",70,510.00,dt,16660000,8496600000,BTU,1.50,Pasture
"agriculture land","Energy crops, herbaceous",Miscanthus,55125,"Vilas County",Wisconsin,"Lake States",1017.72,POLYSYS,"mature-market medium",70,316.00,dt,16660000,5264560000,BTU,0.31,Pasture
"agriculture land","Agricultural residues","Oats straw",55081,"Monroe County",Wisconsin,"Lake States",908.08,POLYSYS,"mature-market medium",70,0.00,dt,14892000,0,BTU,0.00,Crop
"agriculture land","Agricultural residues","Oats straw",55119,"Taylor County",Wisconsin,"Lake States",984.56,POLYSYS,"mature-market low",70,0.00,dt,14892000,0,BTU,0.00,Crop
"agriculture land","Agricultural residues","Corn stover",55141,"Wood County",Wisconsin,"Lake States",809.25,POLYSYS,near-term,70,69399.00,dt,15722000,1091091078000,BTU,85.76,Crop
"agriculture land","Agricultural residues","Wheat straw",55023,"Crawford County",Wisconsin,"Lake States",599.21,POLYSYS,near-term,70,0.00,dt,14892000,0,BTU,0.00,Crop
"agriculture land","Energy crops, woody",Poplar,55123,"Vernon County",Wisconsin,"Lake States",816.38,POLYSYS,emerging,70,2039.00,dt,16904000,34467256000,BTU,2.50,Pasture
"agriculture land","Intermediate oilseeds",Pennycress,55131,"Washington County",Wisconsin,"Lake States",435.66,POLYSYS,"mature-market low",400,9320.54,dt,23288300,217059531682,BTU,21.39,Crop
"agriculture land","Agricultural residues","Oats straw",55053,"Jackson County",Wisconsin,"Lake States",1000.48,POLYSYS,emerging,70,0.00,dt,14892000,0,BTU,0.00,Crop
"agriculture land","Energy crops, herbaceous",Miscanthus,55121,"Trempealeau County",Wisconsin,"Lake States",741.98,POLYSYS,"mature-market medium",70,7614.00,dt,16660000,126849240000,BTU,10.26,Pasture
"agriculture land","Agricultural residues","Corn stover",55055,"Jefferson County",Wisconsin,"Lake States",582.74,POLYSYS,near-term,70,176228.00,dt,15722000,2770656616000,BTU,302.41,Crop
"agriculture land","Energy crops, herbaceous",Miscanthus,55063,"La Crosse County",Wisconsin,"Lake States",480.05,POLYSYS,"mature-market medium",70,3390.00,dt,16660000,56477400000,BTU,7.06,Pasture
"agriculture land","Agricultural residues","Corn stover",55035,"Eau Claire County",Wisconsin,"Lake States",645.2,POLYSYS,"mature-market low",70,65019.00,dt,15722000,1022228718000,BTU,100.77,Crop
"agriculture land","Agricultural residues","Wheat straw",55127,"Walworth County",Wisconsin,"Lake States",576.6,POLYSYS,"mature-market high",70,0.00,dt,14892000,0,BTU,0.00,Crop
"agriculture land","Agricultural residues","Wheat straw",55037,"Florence County",Wisconsin,"Lake States",497.43,POLYSYS,near-term,70,0.00,dt,14892000,0,BTU,0.00,Crop
"agriculture land","Energy crops, herbaceous",Miscanthus,55139,"Winnebago County",Wisconsin,"Lake States",578.57,POLYSYS,"mature-market low",70,9839.00,dt,16660000,163917740000,BTU,17.01,Pasture
"agriculture land","Agricultural residues","Oats straw",55121,"Trempealeau County",Wisconsin,"Lake States",741.98,POLYSYS,"mature-market low",70,0.00,dt,14892000,0,BTU,0.00,Crop
"agriculture land","Energy crops, herbaceous",Miscanthus,55141,"Wood County",Wisconsin,"Lake States",809.25,POLYSYS,emerging,70,108359.00,dt,16660000,1805260940000,BTU,133.90,Crop
"agriculture land","Energy crops, herbaceous",Miscanthus,55017,"Chippewa County",Wisconsin,"Lake States",1041.27,POLYSYS,emerging,70,86652.00,dt,16660000,1443622320000,BTU,83.22,Pasture
"agriculture land","Agricultural residues","Corn stover",55039,"Fond du Lac County",Wisconsin,"Lake States",765.84,POLYSYS,emerging,70,443824.00,dt,15722000,6977800928000,BTU,579.53,Crop
"agriculture land","Agricultural residues","Wheat straw",55007,"Bayfield County",Wisconsin,"Lake States",1511.34,POLYSYS,"mature-market medium",70,0.00,dt,14892000,0,BTU,0.00,Crop
"agriculture land","Energy crops, woody",Poplar,55033,"Dunn County",Wisconsin,"Lake States",863.89,POLYSYS,"mature-market high",70,707.00,dt,16904000,11951128000,BTU,0.82,Pasture
"agriculture land","Energy crops, herbaceous",Miscanthus,55091,"Pepin County",Wisconsin,"Lake States",248.7,POLYSYS,"mature-market high",70,902.00,dt,16660000,15027320000,BTU,3.63,Pasture
"agriculture land","Agricultural residues","Oats straw",55017,"Chippewa County",Wisconsin,"Lake States",1041.27,POLYSYS,"mature-market high",70,0.00,dt,14892000,0,BTU,0.00,Crop
"agriculture land","Agricultural residues","Corn stover",55131,"Washington County",Wisconsin,"Lake States",435.66,POLYSYS,emerging,70,85487.00,dt,15722000,1344026614000,BTU,196.22,Crop
"agriculture land","Agricultural residues","Corn stover",55139,"Winnebago County",Wisconsin,"Lake States",578.57,POLYSYS,emerging,70,213840.00,dt,15722000,3361992480000,BTU,369.60,Crop
"agriculture land","Energy crops, herbaceous",Miscanthus,55035,"Eau Claire County",Wisconsin,"Lake States",645.2,POLYSYS,"mature-market high",70,25225.00,dt,16660000,420248500000,BTU,39.10,Crop
"agriculture land","Agricultural residues","Oats straw",55077,"Marquette County",Wisconsin,"Lake States",464.47,POLYSYS,"mature-market low",70,0.00,dt,14892000,0,BTU,0.00,Crop
"agriculture land","Agricultural residues","Wheat straw",55087,"Outagamie County",Wisconsin,"Lake States",644.61,POLYSYS,"mature-market low",70,0.00,dt,14892000,0,BTU,0.00,Crop
"agriculture land","Intermediate oilseeds",Pennycress,55099,"Price County",Wisconsin,"Lake States",1278.04,POLYSYS,"mature-market high",400,874.41,dt,23288300,20363522403,BTU,0.68,Crop
"agriculture land","Energy crops, woody",Willow,55003,"Ashland County",Wisconsin,"Lake States",1054.13,POLYSYS,emerging,70,2604.00,dt,17296000,45038784000,BTU,2.47,Pasture
"agriculture land","Agricultural residues","Wheat straw",55107,"Rusk County",Wisconsin,"Lake States",930.86,POLYSYS,"mature-market high",70,0.00,dt,14892000,0,BTU,0.00,Crop
"agriculture land","Energy crops, woody",Willow,55011,"Buffalo County",Wisconsin,"Lake States",709.59,POLYSYS,"mature-market high",70,9002.00,dt,17296000,155698592000,BTU,12.69,Crop
"agriculture land","Agricultural residues","Oats straw",55001,"Adams County",Wisconsin,"Lake States",687.48,POLYSYS,"mature-market low",70,0.00,dt,14892000,0,BTU,0.00,Crop
"agriculture land","Energy crops, woody",Willow,55057,"Juneau County",Wisconsin,"Lake States",805.17,POLYSYS,"mature-market high",70,0.00,dt,17296000,0,BTU,0.00,Crop
"agriculture land","Agricultural residues","Wheat straw",55009,"Brown County",Wisconsin,"Lake States",531.24,POLYSYS,emerging,70,0.00,dt,14892000,0,BTU,0.00,Crop
"agriculture land","Agricultural residues","Oats straw",55067,"Langlade County",Wisconsin,"Lake States",887.79,POLYSYS,emerging,70,0.00,dt,14892000,0,BTU,0.00,Crop
"agriculture land","Agricultural residues","Corn stover",55131,"Washington County",Wisconsin,"Lake States",435.66,POLYSYS,near-term,70,71678.00,dt,15722000,1126921516000,BTU,164.53,Crop
"agriculture land","Agricultural residues","Oats straw",55131,"Washington County",Wisconsin,"Lake States",435.66,POLYSYS,"mature-market low",70,0.00,dt,14892000,0,BTU,0.00,Crop
"agriculture land","Agricultural residues","Wheat straw",55081,"Monroe County",Wisconsin,"Lake States",908.08,POLYSYS,"mature-market low",70,0.00,dt,14892000,0,BTU,0.00,Crop
"agriculture land","Energy crops, herbaceous",Switchgrass,55099,"Price County",Wisconsin,"Lake States",1278.04,POLYSYS,emerging,70,0.00,dt,16424000,0,BTU,0.00,Pasture
"agriculture land","Energy crops, herbaceous",Miscanthus,55133,"Waukesha County",Wisconsin,"Lake States",580.54,POLYSYS,"mature-market high",70,72943.00,dt,16660000,1215230380000,BTU,125.65,Crop
"agriculture land","Energy crops, herbaceous",Miscanthus,55007,"Bayfield County",Wisconsin,"Lake States",1511.34,POLYSYS,"mature-market high",70,23772.00,dt,16660000,396041520000,BTU,15.73,Pasture
"agriculture land","Energy crops, herbaceous",Switchgrass,55023,"Crawford County",Wisconsin,"Lake States",599.21,POLYSYS,"mature-market high",70,0.00,dt,16424000,0,BTU,0.00,Pasture
"agriculture land","Agricultural residues","Wheat straw",55065,"Lafayette County",Wisconsin,"Lake States",634.57,POLYSYS,"mature-market high",70,0.00,dt,14892000,0,BTU,0.00,Crop
"agriculture land","Agricultural residues","Oats straw",55001,"Adams County",Wisconsin,"Lake States",687.48,POLYSYS,"mature-market medium",70,0.00,dt,14892000,0,BTU,0.00,Crop
"agriculture land","Agricultural residues","Wheat straw",55023,"Crawford County",Wisconsin,"Lake States",599.21,POLYSYS,emerging,70,0.00,dt,14892000,0,BTU,0.00,Crop
"agriculture land","Energy crops, woody",Willow,55023,"Crawford County",Wisconsin,"Lake States",599.21,POLYSYS,emerging,70,6866.00,dt,17296000,118754336000,BTU,11.46,Crop
"agriculture land","Agricultural residues","Corn stover",55025,"Dane County",Wisconsin,"Lake States",1237.5,POLYSYS,emerging,70,682610.00,dt,15722000,10731994420000,BTU,551.60,Crop
"agriculture land","Agricultural residues","Wheat straw",55047,"Green Lake County",Wisconsin,"Lake States",380.13,POLYSYS,near-term,70,0.00,dt,14892000,0,BTU,0.00,Crop
"agriculture land","Energy crops, herbaceous",Switchgrass,55103,"Richland County",Wisconsin,"Lake States",589.3,POLYSYS,"mature-market low",70,0.00,dt,16424000,0,BTU,0.00,Pasture
"agriculture land","Energy crops, herbaceous",Switchgrass,55015,"Calumet County",Wisconsin,"Lake States",397.08,POLYSYS,"mature-market medium",70,0.00,dt,16424000,0,BTU,0.00,Pasture
"agriculture land","Agricultural residues","Corn stover",55041,"Forest County",Wisconsin,"Lake States",1046.52,POLYSYS,"mature-market high",70,0.00,dt,15722000,0,BTU,0.00,Crop
"agriculture land","Agricultural residues","Wheat straw",55011,"Buffalo County",Wisconsin,"Lake States",709.59,POLYSYS,"mature-market medium",70,0.00,dt,14892000,0,BTU,0.00,Crop
"agriculture land","Energy crops, woody",Willow,55141,"Wood County",Wisconsin,"Lake States",809.25,POLYSYS,"mature-market low",70,5717.00,dt,17296000,98881232000,BTU,7.06,Pasture
"agriculture land","Agricultural residues","Oats straw",55003,"Ashland County",Wisconsin,"Lake States",1054.13,POLYSYS,"mature-market medium",70,0.00,dt,14892000,0,BTU,0.00,Crop
"agriculture land","Agricultural residues","Wheat straw",55071,"Manitowoc County",Wisconsin,"Lake States",594.62,POLYSYS,emerging,70,0.00,dt,14892000,0,BTU,0.00,Crop
"agriculture land","Energy crops, herbaceous",Miscanthus,55035,"Eau Claire County",Wisconsin,"Lake States",645.2,POLYSYS,"mature-market medium",70,6403.00,dt,16660000,106673980000,BTU,9.92,Pasture
"agriculture land","Energy crops, herbaceous",Switchgrass,55107,"Rusk County",Wisconsin,"Lake States",930.86,POLYSYS,emerging,70,39542.00,dt,16424000,649437808000,BTU,42.48,Crop
"agriculture land","Agricultural residues","Oats straw",55063,"La Crosse County",Wisconsin,"Lake States",480.05,POLYSYS,"mature-market medium",70,0.00,dt,14892000,0,BTU,0.00,Crop
"agriculture land","Agricultural residues","Corn stover",55127,"Walworth County",Wisconsin,"Lake States",576.6,POLYSYS,"mature-market low",70,151576.00,dt,15722000,2383077872000,BTU,262.88,Crop
"agriculture land","Agricultural residues","Oats straw",55063,"La Crosse County",Wisconsin,"Lake States",480.05,POLYSYS,"mature-market low",70,0.00,dt,14892000,0,BTU,0.00,Crop
"agriculture land","Agricultural residues","Wheat straw",55117,"Sheboygan County",Wisconsin,"Lake States",517.64,POLYSYS,near-term,70,0.00,dt,14892000,0,BTU,0.00,Crop
"agriculture land","Energy crops, herbaceous",Miscanthus,55025,"Dane County",Wisconsin,"Lake States",1237.5,POLYSYS,emerging,70,75677.00,dt,16660000,1260778820000,BTU,61.15,Pasture
"agriculture land","Agricultural residues","Corn stover",55017,"Chippewa County",Wisconsin,"Lake States",1041.27,POLYSYS,near-term,70,170215.00,dt,15722000,2676120230000,BTU,163.47,Crop
"agriculture land","Intermediate oilseeds",Pennycress,55045,"Green County",Wisconsin,"Lake States",584.55,POLYSYS,"mature-market high",400,25909.62,dt,23288300,603391003446,BTU,44.32,Crop
"agriculture land","Intermediate oilseeds",Pennycress,55123,"Vernon County",Wisconsin,"Lake States",816.38,POLYSYS,"mature-market low",400,12886.62,dt,23288300,300107472546,BTU,15.79,Crop
"agriculture land","Agricultural residues","Oats straw",55009,"Brown County",Wisconsin,"Lake States",531.24,POLYSYS,"mature-market medium",70,0.00,dt,14892000,0,BTU,0.00,Crop
"agriculture land","Agricultural residues","Oats straw",55053,"Jackson County",Wisconsin,"Lake States",1000.48,POLYSYS,"mature-market high",70,0.00,dt,14892000,0,BTU,0.00,Crop
"agriculture land","Agricultural residues","Wheat straw",55133,"Waukesha County",Wisconsin,"Lake States",580.54,POLYSYS,"mature-market high",70,0.00,dt,14892000,0,BTU,0.00,Crop
"agriculture land","Energy crops, herbaceous",Miscanthus,55137,"Waushara County",Wisconsin,"Lake States",637.4,POLYSYS,"mature-market low",70,1667.00,dt,16660000,27772220000,BTU,2.62,Pasture
"agriculture land","Energy crops, woody",Poplar,55013,"Burnett County",Wisconsin,"Lake States",880.22,POLYSYS,emerging,70,1562.00,dt,16904000,26404048000,BTU,1.77,Pasture
"agriculture land","Agricultural residues","Wheat straw",55079,"Milwaukee County",Wisconsin,"Lake States",242.17,POLYSYS,"mature-market low",70,0.00,dt,14892000,0,BTU,0.00,Crop
"agriculture land","Energy crops, herbaceous",Miscanthus,55025,"Dane County",Wisconsin,"Lake States",1237.5,POLYSYS,"mature-market medium",70,62599.00,dt,16660000,1042899340000,BTU,50.59,Pasture
"agriculture land","Agricultural residues","Wheat straw",55107,"Rusk County",Wisconsin,"Lake States",930.86,POLYSYS,emerging,70,0.00,dt,14892000,0,BTU,0.00,Crop
"agriculture land","Agricultural residues","Corn stover",55107,"Rusk County",Wisconsin,"Lake States",930.86,POLYSYS,"mature-market low",70,9209.00,dt,15722000,144783898000,BTU,9.89,Crop
"agriculture land","Agricultural residues","Oats straw",55067,"Langlade County",Wisconsin,"Lake States",887.79,POLYSYS,"mature-market medium",70,0.00,dt,14892000,0,BTU,0.00,Crop
"agriculture land","Agricultural residues","Wheat straw",55029,"Door County",Wisconsin,"Lake States",487.56,POLYSYS,"mature-market low",70,0.00,dt,14892000,0,BTU,0.00,Crop
"agriculture land","Energy crops, herbaceous",Miscanthus,55081,"Monroe County",Wisconsin,"Lake States",908.08,POLYSYS,"mature-market medium",70,6817.00,dt,16660000,113571220000,BTU,7.51,Pasture
"agriculture land","Agricultural residues","Wheat straw",55021,"Columbia County",Wisconsin,"Lake States",795.99,POLYSYS,"mature-market medium",70,0.00,dt,14892000,0,BTU,0.00,Crop
"agriculture land","Agricultural residues","Corn stover",55051,"Iron County",Wisconsin,"Lake States",802.62,POLYSYS,"mature-market high",70,0.00,dt,15722000,0,BTU,0.00,Crop
"agriculture land","Energy crops, woody",Willow,55083,"Oconto County",Wisconsin,"Lake States",1016.31,POLYSYS,emerging,70,65293.00,dt,17296000,1129307728000,BTU,64.25,Crop
"agriculture land","Energy crops, herbaceous",Miscanthus,55049,"Iowa County",Wisconsin,"Lake States",768.05,POLYSYS,"mature-market high",70,5238.00,dt,16660000,87265080000,BTU,6.82,Pasture
"agriculture land","Agricultural residues","Corn stover",55085,"Oneida County",Wisconsin,"Lake States",1236.57,POLYSYS,near-term,70,0.00,dt,15722000,0,BTU,0.00,Crop
"agriculture land","Agricultural residues","Oats straw",55069,"Lincoln County",Wisconsin,"Lake States",906.79,POLYSYS,"mature-market high",70,0.00,dt,14892000,0,BTU,0.00,Crop
"agriculture land","Agricultural residues","Oats straw",55039,"Fond du Lac County",Wisconsin,"Lake States",765.84,POLYSYS,"mature-market low",70,0.00,dt,14892000,0,BTU,0.00,Crop
"agriculture land","Energy crops, herbaceous",Miscanthus,55123,"Vernon County",Wisconsin,"Lake States",816.38,POLYSYS,emerging,70,235063.00,dt,16660000,3916149580000,BTU,287.93,Crop
"agriculture land","Energy crops, herbaceous",Miscanthus,55061,"Kewaunee County",Wisconsin,"Lake States",343.95,POLYSYS,"mature-market medium",70,12424.00,dt,16660000,206983840000,BTU,36.12,Pasture
"agriculture land","Energy crops, herbaceous",Miscanthus,55073,"Marathon County",Wisconsin,"Lake States",1576.33,POLYSYS,"mature-market medium",70,464491.00,dt,16660000,7738420060000,BTU,294.67,Crop
"agriculture land","Agricultural residues","Pruning residues, noncitrus",55095,"Polk County",Wisconsin,"Lake States",956.41,"NASS 2017 Census",emerging,40,227.60,dt,17368000,3952956800,BTU,0.24,Crop
"agriculture land","Energy crops, woody",Willow,55033,"Dunn County",Wisconsin,"Lake States",863.89,POLYSYS,"mature-market high",70,1381.00,dt,17296000,23885776000,BTU,1.60,Pasture
"agriculture land","Agricultural residues","Pruning residues, noncitrus",55013,"Burnett County",Wisconsin,"Lake States",880.22,"NASS 2017 Census","mature-market low",40,21.40,dt,17368000,371675200,BTU,0.02,Crop
"agriculture land","Agricultural residues","Oats straw",55005,"Barron County",Wisconsin,"Lake States",889.76,POLYSYS,"mature-market low",70,0.00,dt,14892000,0,BTU,0.00,Crop
"agriculture land","Agricultural residues","Pruning residues, noncitrus",55113,"Sawyer County",Wisconsin,"Lake States",1350.24,"NASS 2017 Census",emerging,40,443.00,dt,17368000,7694024000,BTU,0.33,Crop
"agriculture land","Agricultural residues","Pruning residues, noncitrus",55005,"Barron County",Wisconsin,"Lake States",889.76,"NASS 2017 Census",near-term,40,82.00,dt,17368000,1424176000,BTU,0.09,Crop
"agriculture land","Agricultural residues","Pruning residues, noncitrus",55087,"Outagamie County",Wisconsin,"Lake States",644.61,"NASS 2017 Census",emerging,40,102.70,dt,17368000,1783693600,BTU,0.16,Crop
"agriculture land","Agricultural residues","Pruning residues, noncitrus",55109,"St. Croix County",Wisconsin,"Lake States",735.19,"NASS 2017 Census",emerging,40,89.80,dt,17368000,1559646400,BTU,0.12,Crop
"agriculture land","Agricultural residues","Pruning residues, noncitrus",55105,"Rock County",Wisconsin,"Lake States",726.16,"NASS 2017 Census",emerging,40,91.60,dt,17368000,1590908800,BTU,0.13,Crop
"agriculture land","Agricultural residues","Pruning residues, noncitrus",55049,"Iowa County",Wisconsin,"Lake States",768.05,"NASS 2017 Census","mature-market high",40,167.10,dt,17368000,2902192800,BTU,0.22,Crop
"agriculture land","Energy crops, woody",Willow,55009,"Brown County",Wisconsin,"Lake States",531.24,POLYSYS,"mature-market high",70,4475.00,dt,17296000,77399600000,BTU,8.42,Pasture
"agriculture land","Agricultural residues","Pruning residues, noncitrus",55109,"St. Croix County",Wisconsin,"Lake States",735.19,"NASS 2017 Census","mature-market low",40,16.60,dt,17368000,288308800,BTU,0.02,Crop
"agriculture land","Energy crops, woody",Poplar,55023,"Crawford County",Wisconsin,"Lake States",599.21,POLYSYS,"mature-market low",70,770.00,dt,16904000,13016080000,BTU,1.29,Pasture
"agriculture land","Energy crops, woody",Willow,55053,"Jackson County",Wisconsin,"Lake States",1000.48,POLYSYS,"mature-market medium",70,1323.00,dt,17296000,22882608000,BTU,1.32,Pasture
"agriculture land","Agricultural residues","Pruning residues, noncitrus",55131,"Washington County",Wisconsin,"Lake States",435.66,"NASS 2017 Census","mature-market medium",40,73.00,dt,17368000,1267864000,BTU,0.17,Crop
"agriculture land","Agricultural residues","Oats straw",55057,"Juneau County",Wisconsin,"Lake States",805.17,POLYSYS,"mature-market high",70,0.00,dt,14892000,0,BTU,0.00,Crop
"agriculture land","Intermediate oilseeds",Pennycress,55087,"Outagamie County",Wisconsin,"Lake States",644.61,POLYSYS,"mature-market high",400,25117.91,dt,23288300,584953423453,BTU,38.97,Crop
"agriculture land","Energy crops, woody",Poplar,55027,"Dodge County",Wisconsin,"Lake States",907.1,POLYSYS,emerging,70,967.00,dt,16904000,16346168000,BTU,1.07,Pasture
"agriculture land","Agricultural residues","Wheat straw",55005,"Barron County",Wisconsin,"Lake States",889.76,POLYSYS,"mature-market medium",70,0.00,dt,14892000,0,BTU,0.00,Crop
"agriculture land","Agricultural residues","Pruning residues, noncitrus",55067,"Langlade County",Wisconsin,"Lake States",887.79,"NASS 2017 Census","mature-market low",40,2.90,dt,17368000,50367200,BTU,0.00,Crop
"agriculture land","Agricultural residues","Pruning residues, noncitrus",55079,"Milwaukee County",Wisconsin,"Lake States",242.17,"NASS 2017 Census","mature-market low",40,1.00,dt,17368000,17368000,BTU,0.00,Crop
"agriculture land","Energy crops, herbaceous",Switchgrass,55005,"Barron County",Wisconsin,"Lake States",889.76,POLYSYS,emerging,70,0.00,dt,16424000,0,BTU,0.00,Pasture
"agriculture land","Agricultural residues","Corn stover",55107,"Rusk County",Wisconsin,"Lake States",930.86,POLYSYS,emerging,70,34329.00,dt,15722000,539720538000,BTU,36.88,Crop
"agriculture land","Energy crops, woody",Poplar,55013,"Burnett County",Wisconsin,"Lake States",880.22,POLYSYS,"mature-market high",70,1562.00,dt,16904000,26404048000,BTU,1.77,Pasture
"agriculture land","Agricultural residues","Wheat straw",55093,"Pierce County",Wisconsin,"Lake States",592.73,POLYSYS,"mature-market medium",70,0.00,dt,14892000,0,BTU,0.00,Crop
"agriculture land","Intermediate oilseeds",Pennycress,55033,"Dunn County",Wisconsin,"Lake States",863.89,POLYSYS,"mature-market medium",400,26243.75,dt,23288300,611172323125,BTU,30.38,Crop
"agriculture land","Energy crops, woody",Poplar,55117,"Sheboygan County",Wisconsin,"Lake States",517.64,POLYSYS,"mature-market medium",70,990.00,dt,16904000,16734960000,BTU,1.91,Pasture
"agriculture land","Agricultural residues","Pruning residues, noncitrus",55067,"Langlade County",Wisconsin,"Lake States",887.79,"NASS 2017 Census","mature-market medium",40,2.90,dt,17368000,50367200,BTU,0.00,Crop
"agriculture land","Intermediate oilseeds",Pennycress,55023,"Crawford County",Wisconsin,"Lake States",599.21,POLYSYS,"mature-market medium",400,7967.99,dt,23288300,185560941517,BTU,13.30,Crop
"agriculture land","Agricultural residues","Wheat straw",55115,"Shawano County",Wisconsin,"Lake States",909.4,POLYSYS,"mature-market low",70,0.00,dt,14892000,0,BTU,0.00,Crop
"agriculture land","Agricultural residues","Pruning residues, tree nuts",55035,"Eau Claire County",Wisconsin,"Lake States",645.2,"NASS 2017 Census",near-term,40,10.40,dt,17368000,180627200,BTU,0.02,Crop
"agriculture land","Energy crops, herbaceous",Switchgrass,55103,"Richland County",Wisconsin,"Lake States",589.3,POLYSYS,"mature-market medium",70,0.00,dt,16424000,0,BTU,0.00,Pasture
"agriculture land","Energy crops, woody",Poplar,55005,"Barron County",Wisconsin,"Lake States",889.76,POLYSYS,"mature-market low",70,3236.00,dt,16904000,54701344000,BTU,3.64,Pasture
"agriculture land","Energy crops, woody",Poplar,55095,"Polk County",Wisconsin,"Lake States",956.41,POLYSYS,"mature-market high",70,811.00,dt,16904000,13709144000,BTU,0.85,Pasture
"agriculture land","Agricultural residues","Pruning residues, noncitrus",55133,"Waukesha County",Wisconsin,"Lake States",580.54,"NASS 2017 Census","mature-market low",40,22.90,dt,17368000,397727200,BTU,0.04,Crop
"agriculture land","Intermediate oilseeds",Pennycress,55021,"Columbia County",Wisconsin,"Lake States",795.99,POLYSYS,emerging,400,27965.83,dt,23288300,651276638789,BTU,35.13,Crop
"agriculture land","Energy crops, woody",Willow,55135,"Waupaca County",Wisconsin,"Lake States",765.17,POLYSYS,"mature-market medium",70,5901.00,dt,17296000,102063696000,BTU,7.71,Pasture
"agriculture land","Energy crops, woody",Willow,55013,"Burnett County",Wisconsin,"Lake States",880.22,POLYSYS,"mature-market medium",70,424.00,dt,17296000,7333504000,BTU,0.48,Pasture
"agriculture land","Agricultural residues","Corn stover",55001,"Adams County",Wisconsin,"Lake States",687.48,POLYSYS,emerging,70,14183.00,dt,15722000,222985126000,BTU,20.63,Crop
"agriculture land","Energy crops, woody",Poplar,55063,"La Crosse County",Wisconsin,"Lake States",480.05,POLYSYS,"mature-market medium",70,324.00,dt,16904000,5476896000,BTU,0.67,Pasture
"agriculture land","Energy crops, woody",Willow,55003,"Ashland County",Wisconsin,"Lake States",1054.13,POLYSYS,emerging,70,2385.00,dt,17296000,41250960000,BTU,2.26,Crop
"agriculture land","Agricultural residues","Pruning residues, noncitrus",55015,"Calumet County",Wisconsin,"Lake States",397.08,"NASS 2017 Census",emerging,40,47.60,dt,17368000,826716800,BTU,0.12,Crop
"agriculture land","Agricultural residues","Pruning residues, noncitrus",55055,"Jefferson County",Wisconsin,"Lake States",582.74,"NASS 2017 Census",emerging,40,9.40,dt,17368000,163259200,BTU,0.02,Crop
"agriculture land","Agricultural residues","Pruning residues, noncitrus",55029,"Door County",Wisconsin,"Lake States",487.56,"NASS 2017 Census","mature-market low",40,31.30,dt,17368000,543618400,BTU,0.06,Crop
"agriculture land","Intermediate oilseeds",Pennycress,55075,"Marinette County",Wisconsin,"Lake States",1429.25,POLYSYS,"mature-market low",400,5522.47,dt,23288300,128608938101,BTU,3.86,Crop
"agriculture land","Agricultural residues","Pruning residues, noncitrus",55097,"Portage County",Wisconsin,"Lake States",822.82,"NASS 2017 Census",near-term,40,83.40,dt,17368000,1448491200,BTU,0.10,Crop
"agriculture land","Agricultural residues","Wheat straw",55097,"Portage County",Wisconsin,"Lake States",822.82,POLYSYS,emerging,70,0.00,dt,14892000,0,BTU,0.00,Crop
"agriculture land","Agricultural residues","Pruning residues, noncitrus",55031,"Douglas County",Wisconsin,"Lake States",1332.11,"NASS 2017 Census","mature-market high",40,37.20,dt,17368000,646089600,BTU,0.03,Crop
"agriculture land","Energy crops, herbaceous",Miscanthus,55009,"Brown County",Wisconsin,"Lake States",531.24,POLYSYS,"mature-market low",70,20148.00,dt,16660000,335665680000,BTU,37.93,Pasture
"agriculture land","Intermediate oilseeds",Pennycress,55101,"Racine County",Wisconsin,"Lake States",340.39,POLYSYS,"mature-market medium",400,10200.64,dt,23288300,237555564512,BTU,29.97,Crop
"agriculture land","Energy crops, woody",Willow,55049,"Iowa County",Wisconsin,"Lake States",768.05,POLYSYS,"mature-market medium",70,1140.00,dt,17296000,19717440000,BTU,1.48,Pasture
"agriculture land","Energy crops, herbaceous",Miscanthus,55073,"Marathon County",Wisconsin,"Lake States",1576.33,POLYSYS,emerging,70,114833.00,dt,16660000,1913117780000,BTU,72.85,Pasture
"agriculture land","Energy crops, herbaceous",Miscanthus,55019,"Clark County",Wisconsin,"Lake States",1218.67,POLYSYS,"mature-market low",70,116967.00,dt,16660000,1948670220000,BTU,95.98,Crop
"agriculture land","Intermediate oilseeds",Pennycress,55115,"Shawano County",Wisconsin,"Lake States",909.4,POLYSYS,"mature-market high",400,15786.75,dt,23288300,367646570025,BTU,17.36,Crop
"agriculture land","Agricultural residues","Pruning residues, noncitrus",55025,"Dane County",Wisconsin,"Lake States",1237.5,"NASS 2017 Census",emerging,40,428.40,dt,17368000,7440451200,BTU,0.35,Crop
"agriculture land","Agricultural residues","Pruning residues, noncitrus",55035,"Eau Claire County",Wisconsin,"Lake States",645.2,"NASS 2017 Census","mature-market low",40,80.50,dt,17368000,1398124000,BTU,0.12,Crop
"agriculture land","Agricultural residues","Corn stover",55075,"Marinette County",Wisconsin,"Lake States",1429.25,POLYSYS,"mature-market high",70,0.00,dt,15722000,0,BTU,0.00,Crop
"agriculture land","Energy crops, woody",Willow,55045,"Green County",Wisconsin,"Lake States",584.55,POLYSYS,"mature-market medium",70,8456.00,dt,17296000,146254976000,BTU,14.47,Pasture
"agriculture land","Agricultural residues","Pruning residues, noncitrus",55119,"Taylor County",Wisconsin,"Lake States",984.56,"NASS 2017 Census","mature-market high",40,7.00,dt,17368000,121576000,BTU,0.01,Crop
"agriculture land","Energy crops, woody",Willow,55075,"Marinette County",Wisconsin,"Lake States",1429.25,POLYSYS,"mature-market high",70,14926.00,dt,17296000,258160096000,BTU,10.44,Crop
"agriculture land","Agricultural residues","Corn stover",55069,"Lincoln County",Wisconsin,"Lake States",906.79,POLYSYS,"mature-market high",70,12032.00,dt,15722000,189167104000,BTU,13.27,Crop
"agriculture land","Agricultural residues","Pruning residues, noncitrus",55139,"Winnebago County",Wisconsin,"Lake States",578.57,"NASS 2017 Census","mature-market high",40,42.60,dt,17368000,739876800,BTU,0.07,Crop
"agriculture land","Agricultural residues","Pruning residues, tree nuts",55003,"Ashland County",Wisconsin,"Lake States",1054.13,"NASS 2017 Census","mature-market high",40,1.30,dt,17368000,22578400,BTU,0.00,Crop
"agriculture land","Agricultural residues","Pruning residues, noncitrus",55095,"Polk County",Wisconsin,"Lake States",956.41,"NASS 2017 Census",emerging,40,15.60,dt,17368000,270940800,BTU,0.02,Crop
"agriculture land","Energy crops, herbaceous",Miscanthus,55141,"Wood County",Wisconsin,"Lake States",809.25,POLYSYS,"mature-market medium",70,33529.00,dt,16660000,558593140000,BTU,41.43,Pasture
"agriculture land","Agricultural residues","Pruning residues, noncitrus",55025,"Dane County",Wisconsin,"Lake States",1237.5,"NASS 2017 Census","mature-market low",40,134.00,dt,17368000,2327312000,BTU,0.11,Crop
"agriculture land","Energy crops, herbaceous",Miscanthus,55041,"Forest County",Wisconsin,"Lake States",1046.52,POLYSYS,"mature-market high",70,13551.00,dt,16660000,225759660000,BTU,12.95,Pasture
"agriculture land","Agricultural residues","Pruning residues, noncitrus",55057,"Juneau County",Wisconsin,"Lake States",805.17,"NASS 2017 Census","mature-market medium",40,2948.40,dt,17368000,51207811200,BTU,3.66,Crop
"agriculture land","Energy crops, herbaceous",Switchgrass,55021,"Columbia County",Wisconsin,"Lake States",795.99,POLYSYS,emerging,70,0.00,dt,16424000,0,BTU,0.00,Pasture
"agriculture land","Agricultural residues","Pruning residues, noncitrus",55021,"Columbia County",Wisconsin,"Lake States",795.99,"NASS 2017 Census",emerging,40,76.60,dt,17368000,1330388800,BTU,0.10,Crop
"agriculture land","Agricultural residues","Wheat straw",55129,"Washburn County",Wisconsin,"Lake States",853.32,POLYSYS,emerging,70,0.00,dt,14892000,0,BTU,0.00,Crop
"agriculture land","Energy crops, woody",Willow,55119,"Taylor County",Wisconsin,"Lake States",984.56,POLYSYS,emerging,70,956.00,dt,17296000,16534976000,BTU,0.97,Pasture
"agriculture land","Energy crops, herbaceous",Miscanthus,55029,"Door County",Wisconsin,"Lake States",487.56,POLYSYS,"mature-market low",70,11048.00,dt,16660000,184059680000,BTU,22.66,Pasture
"agriculture land","Agricultural residues","Pruning residues, noncitrus",55073,"Marathon County",Wisconsin,"Lake States",1576.33,"NASS 2017 Census","mature-market medium",40,48.90,dt,17368000,849295200,BTU,0.03,Crop
"agriculture land","Agricultural residues","Pruning residues, noncitrus",55093,"Pierce County",Wisconsin,"Lake States",592.73,"NASS 2017 Census","mature-market low",40,151.10,dt,17368000,2624304800,BTU,0.25,Crop
"agriculture land","Agricultural residues","Wheat straw",55029,"Door County",Wisconsin,"Lake States",487.56,POLYSYS,emerging,70,0.00,dt,14892000,0,BTU,0.00,Crop
"agriculture land","Agricultural residues","Pruning residues, tree nuts",55117,"Sheboygan County",Wisconsin,"Lake States",517.64,"NASS 2017 Census",near-term,40,2.60,dt,17368000,45156800,BTU,0.01,Crop
"agriculture land","Energy crops, woody",Poplar,55031,"Douglas County",Wisconsin,"Lake States",1332.11,POLYSYS,"mature-market low",70,57.00,dt,16904000,963528000,BTU,0.04,Pasture
"agriculture land","Agricultural residues","Pruning residues, noncitrus",55127,"Walworth County",Wisconsin,"Lake States",576.6,"NASS 2017 Census",emerging,40,272.70,dt,17368000,4736253600,BTU,0.47,Crop
"agriculture land","Agricultural residues","Pruning residues, tree nuts",55047,"Green Lake County",Wisconsin,"Lake States",380.13,"NASS 2017 Census","mature-market medium",40,7.80,dt,17368000,135470400,BTU,0.02,Crop
"agriculture land","Agricultural residues","Pruning residues, noncitrus",55039,"Fond du Lac County",Wisconsin,"Lake States",765.84,"NASS 2017 Census","mature-market low",40,85.90,dt,17368000,1491911200,BTU,0.11,Crop
"agriculture land","Agricultural residues","Pruning residues, noncitrus",55049,"Iowa County",Wisconsin,"Lake States",768.05,"NASS 2017 Census",emerging,40,167.10,dt,17368000,2902192800,BTU,0.22,Crop
"agriculture land","Intermediate oilseeds",Pennycress,55141,"Wood County",Wisconsin,"Lake States",809.25,POLYSYS,"mature-market high",400,10974.11,dt,23288300,255568365913,BTU,13.56,Crop
"agriculture land","Energy crops, herbaceous",Miscanthus,55081,"Monroe County",Wisconsin,"Lake States",908.08,POLYSYS,emerging,70,8230.00,dt,16660000,137111800000,BTU,9.06,Pasture
"agriculture land","Agricultural residues","Pruning residues, noncitrus",55103,"Richland County",Wisconsin,"Lake States",589.3,"NASS 2017 Census","mature-market low",40,388.40,dt,17368000,6745731200,BTU,0.66,Crop
"agriculture land","Energy crops, woody",Willow,55131,"Washington County",Wisconsin,"Lake States",435.66,POLYSYS,"mature-market medium",70,766.00,dt,17296000,13248736000,BTU,1.76,Pasture
"agriculture land","Intermediate oilseeds",Pennycress,55059,"Kenosha County",Wisconsin,"Lake States",278.42,POLYSYS,emerging,400,8225.37,dt,23288300,191554884171,BTU,29.54,Crop
"agriculture land","Agricultural residues","Pruning residues, noncitrus",55035,"Eau Claire County",Wisconsin,"Lake States",645.2,"NASS 2017 Census","mature-market low",40,52.00,dt,17368000,903136000,BTU,0.08,Crop
"agriculture land","Agricultural residues","Pruning residues, noncitrus",55037,"Florence County",Wisconsin,"Lake States",497.43,"NASS 2017 Census","mature-market low",40,18.60,dt,17368000,323044800,BTU,0.04,Crop
"agriculture land","Agricultural residues","Pruning residues, noncitrus",55017,"Chippewa County",Wisconsin,"Lake States",1041.27,"NASS 2017 Census","mature-market low",40,296.00,dt,17368000,5140928000,BTU,0.28,Crop
"agriculture land","Agricultural residues","Pruning residues, noncitrus",55089,"Ozaukee County",Wisconsin,"Lake States",235.28,"NASS 2017 Census","mature-market low",40,276.00,dt,17368000,4793568000,BTU,1.17,Crop
"agriculture land","Agricultural residues","Pruning residues, tree nuts",55123,"Vernon County",Wisconsin,"Lake States",816.38,"NASS 2017 Census","mature-market high",40,4.60,dt,17368000,79892800,BTU,0.01,Crop
"agriculture land","Agricultural residues","Corn stover",55081,"Monroe County",Wisconsin,"Lake States",908.08,POLYSYS,near-term,70,57409.00,dt,15722000,902584298000,BTU,63.22,Crop
"agriculture land","Agricultural residues","Wheat straw",55025,"Dane County",Wisconsin,"Lake States",1237.5,POLYSYS,"mature-market high",70,0.00,dt,14892000,0,BTU,0.00,Crop
"agriculture land","Agricultural residues","Pruning residues, noncitrus",55141,"Wood County",Wisconsin,"Lake States",809.25,"NASS 2017 Census",near-term,40,6473.00,dt,17368000,112423064000,BTU,8.00,Crop
"agriculture land","Intermediate oilseeds",Pennycress,55093,"Pierce County",Wisconsin,"Lake States",592.73,POLYSYS,"mature-market low",400,19649.29,dt,23288300,457598560307,BTU,33.15,Crop
"agriculture land","Energy crops, woody",Poplar,55063,"La Crosse County",Wisconsin,"Lake States",480.05,POLYSYS,emerging,70,399.00,dt,16904000,6744696000,BTU,0.83,Pasture
"agriculture land","Energy crops, woody",Willow,55005,"Barron County",Wisconsin,"Lake States",889.76,POLYSYS,"mature-market low",70,1419.00,dt,17296000,24543024000,BTU,1.59,Pasture
"agriculture land","Energy crops, herbaceous",Miscanthus,55019,"Clark County",Wisconsin,"Lake States",1218.67,POLYSYS,"mature-market high",70,111037.00,dt,16660000,1849876420000,BTU,91.11,Pasture
"agriculture land","Agricultural residues","Wheat straw",55021,"Columbia County",Wisconsin,"Lake States",795.99,POLYSYS,emerging,70,0.00,dt,14892000,0,BTU,0.00,Crop
"agriculture land","Agricultural residues","Pruning residues, noncitrus",55009,"Brown County",Wisconsin,"Lake States",531.24,"NASS 2017 Census","mature-market high",40,63.40,dt,17368000,1101131200,BTU,0.12,Crop
"agriculture land","Energy crops, woody",Willow,55055,"Jefferson County",Wisconsin,"Lake States",582.74,POLYSYS,"mature-market medium",70,3418.00,dt,17296000,59117728000,BTU,5.87,Pasture
"agriculture land","Agricultural residues","Pruning residues, tree nuts",55123,"Vernon County",Wisconsin,"Lake States",816.38,"NASS 2017 Census",near-term,40,4.60,dt,17368000,79892800,BTU,0.01,Crop
"agriculture land","Energy crops, herbaceous",Switchgrass,55021,"Columbia County",Wisconsin,"Lake States",795.99,POLYSYS,"mature-market medium",70,0.00,dt,16424000,0,BTU,0.00,Pasture
"agriculture land","Agricultural residues","Wheat straw",55077,"Marquette County",Wisconsin,"Lake States",464.47,POLYSYS,"mature-market high",70,0.00,dt,14892000,0,BTU,0.00,Crop
"agriculture land","Energy crops, woody",Willow,55103,"Richland County",Wisconsin,"Lake States",589.3,POLYSYS,"mature-market high",70,16276.00,dt,17296000,281509696000,BTU,27.62,Crop
"agriculture land","Energy crops, woody",Willow,55017,"Chippewa County",Wisconsin,"Lake States",1041.27,POLYSYS,"mature-market high",70,11157.00,dt,17296000,192971472000,BTU,10.71,Pasture
"agriculture land","Energy crops, woody",Willow,55023,"Crawford County",Wisconsin,"Lake States",599.21,POLYSYS,"mature-market medium",70,2172.00,dt,17296000,37566912000,BTU,3.62,Pasture
"agriculture land","Energy crops, woody",Willow,55047,"Green Lake County",Wisconsin,"Lake States",380.13,POLYSYS,emerging,70,2547.00,dt,17296000,44052912000,BTU,6.70,Pasture
"agriculture land","Agricultural residues","Corn stover",55025,"Dane County",Wisconsin,"Lake States",1237.5,POLYSYS,"mature-market medium",70,584205.00,dt,15722000,9184871010000,BTU,472.08,Crop
"agriculture land","Intermediate oilseeds",Pennycress,55065,"Lafayette County",Wisconsin,"Lake States",634.57,POLYSYS,"mature-market low",400,29705.65,dt,23288300,691794088895,BTU,46.81,Crop
"agriculture land","Agricultural residues","Pruning residues, noncitrus",55065,"Lafayette County",Wisconsin,"Lake States",634.57,"NASS 2017 Census",emerging,40,11.60,dt,17368000,201468800,BTU,0.02,Crop
"agriculture land","Energy crops, herbaceous",Miscanthus,55139,"Winnebago County",Wisconsin,"Lake States",578.57,POLYSYS,"mature-market medium",70,10999.00,dt,16660000,183243340000,BTU,19.01,Pasture
"agriculture land","Agricultural residues","Oats straw",55139,"Winnebago County",Wisconsin,"Lake States",578.57,POLYSYS,"mature-market low",70,0.00,dt,14892000,0,BTU,0.00,Crop
"agriculture land","Energy crops, woody",Poplar,55097,"Portage County",Wisconsin,"Lake States",822.82,POLYSYS,"mature-market medium",70,127.00,dt,16904000,2146808000,BTU,0.15,Pasture
"agriculture land","Agricultural residues","Pruning residues, tree nuts",55033,"Dunn County",Wisconsin,"Lake States",863.89,"NASS 2017 Census","mature-market low",40,3.90,dt,17368000,67735200,BTU,0.00,Crop
"agriculture land","Energy crops, herbaceous",Switchgrass,55013,"Burnett County",Wisconsin,"Lake States",880.22,POLYSYS,"mature-market low",70,0.00,dt,16424000,0,BTU,0.00,Pasture
"agriculture land","Agricultural residues","Pruning residues, noncitrus",55073,"Marathon County",Wisconsin,"Lake States",1576.33,"NASS 2017 Census",near-term,40,48.90,dt,17368000,849295200,BTU,0.03,Crop
"agriculture land","Agricultural residues","Pruning residues, noncitrus",55037,"Florence County",Wisconsin,"Lake States",497.43,"NASS 2017 Census",near-term,40,18.60,dt,17368000,323044800,BTU,0.04,Crop
"agriculture land","Agricultural residues","Pruning residues, noncitrus",55025,"Dane County",Wisconsin,"Lake States",1237.5,"NASS 2017 Census","mature-market high",40,428.40,dt,17368000,7440451200,BTU,0.35,Crop
"agriculture land","Agricultural residues","Pruning residues, noncitrus",55103,"Richland County",Wisconsin,"Lake States",589.3,"NASS 2017 Census",near-term,40,388.40,dt,17368000,6745731200,BTU,0.66,Crop
"agriculture land","Agricultural residues","Pruning residues, noncitrus",55055,"Jefferson County",Wisconsin,"Lake States",582.74,"NASS 2017 Census","mature-market medium",40,64.80,dt,17368000,1125446400,BTU,0.11,Crop
"agriculture land","Energy crops, herbaceous",Miscanthus,55105,"Rock County",Wisconsin,"Lake States",726.16,POLYSYS,"mature-market high",70,30052.00,dt,16660000,500666320000,BTU,41.38,Pasture
"agriculture land","Agricultural residues","Pruning residues, noncitrus",55077,"Marquette County",Wisconsin,"Lake States",464.47,"NASS 2017 Census",emerging,40,41.50,dt,17368000,720772000,BTU,0.09,Crop
"agriculture land","Agricultural residues","Corn stover",55111,"Sauk County",Wisconsin,"Lake States",849.19,POLYSYS,"mature-market low",70,65932.00,dt,15722000,1036582904000,BTU,77.64,Crop
"agriculture land","Energy crops, woody",Willow,55049,"Iowa County",Wisconsin,"Lake States",768.05,POLYSYS,"mature-market low",70,1166.00,dt,17296000,20167136000,BTU,1.52,Pasture
"agriculture land","Intermediate oilseeds",Pennycress,55065,"Lafayette County",Wisconsin,"Lake States",634.57,POLYSYS,emerging,400,29705.65,dt,23288300,691794088895,BTU,46.81,Crop
"agriculture land","Intermediate oilseeds",Pennycress,55015,"Calumet County",Wisconsin,"Lake States",397.08,POLYSYS,emerging,400,12802.37,dt,23288300,298145433271,BTU,32.24,Crop
"agriculture land","Agricultural residues","Pruning residues, noncitrus",55135,"Waupaca County",Wisconsin,"Lake States",765.17,"NASS 2017 Census",emerging,40,54.60,dt,17368000,948292800,BTU,0.07,Crop
"agriculture land","Agricultural residues","Pruning residues, noncitrus",55123,"Vernon County",Wisconsin,"Lake States",816.38,"NASS 2017 Census",emerging,40,24.90,dt,17368000,432463200,BTU,0.03,Crop
"agriculture land","Agricultural residues","Pruning residues, noncitrus",55057,"Juneau County",Wisconsin,"Lake States",805.17,"NASS 2017 Census",emerging,40,21.40,dt,17368000,371675200,BTU,0.03,Crop
"agriculture land","Agricultural residues","Oats straw",55043,"Grant County",Wisconsin,"Lake States",1183.37,POLYSYS,near-term,70,0.00,dt,14892000,0,BTU,0.00,Crop
"agriculture land","Energy crops, woody",Poplar,55033,"Dunn County",Wisconsin,"Lake States",863.89,POLYSYS,"mature-market low",70,307.00,dt,16904000,5189528000,BTU,0.36,Pasture
"agriculture land","Energy crops, herbaceous",Miscanthus,55113,"Sawyer County",Wisconsin,"Lake States",1350.24,POLYSYS,emerging,70,14350.00,dt,16660000,239071000000,BTU,10.63,Pasture
"agriculture land","Agricultural residues","Oats straw",55033,"Dunn County",Wisconsin,"Lake States",863.89,POLYSYS,emerging,70,0.00,dt,14892000,0,BTU,0.00,Crop
"agriculture land","Agricultural residues","Oats straw",55065,"Lafayette County",Wisconsin,"Lake States",634.57,POLYSYS,"mature-market medium",70,0.00,dt,14892000,0,BTU,0.00,Crop
"agriculture land","Intermediate oilseeds",Pennycress,55107,"Rusk County",Wisconsin,"Lake States",930.86,POLYSYS,"mature-market medium",400,8800.71,dt,23288300,204953574692,BTU,9.45,Crop
"agriculture land","Intermediate oilseeds",Pennycress,55001,"Adams County",Wisconsin,"Lake States",687.48,POLYSYS,emerging,400,7016.09,dt,23288300,163392808747,BTU,10.21,Crop
"agriculture land","Agricultural residues","Oats straw",55017,"Chippewa County",Wisconsin,"Lake States",1041.27,POLYSYS,near-term,70,0.00,dt,14892000,0,BTU,0.00,Crop
"agriculture land","Agricultural residues","Pruning residues, noncitrus",55063,"La Crosse County",Wisconsin,"Lake States",480.05,"NASS 2017 Census","mature-market high",40,28.60,dt,17368000,496724800,BTU,0.06,Crop
"agriculture land","Intermediate oilseeds",Pennycress,55127,"Walworth County",Wisconsin,"Lake States",576.6,POLYSYS,"mature-market medium",400,23305.99,dt,23288300,542756886917,BTU,40.42,Crop
"agriculture land","Intermediate oilseeds",Pennycress,55027,"Dodge County",Wisconsin,"Lake States",907.1,POLYSYS,"mature-market low",400,36815.14,dt,23288300,857362024862,BTU,40.59,Crop
"agriculture land","Agricultural residues","Pruning residues, noncitrus",55139,"Winnebago County",Wisconsin,"Lake States",578.57,"NASS 2017 Census","mature-market high",40,26.00,dt,17368000,451568000,BTU,0.04,Crop
"agriculture land","Agricultural residues","Oats straw",55015,"Calumet County",Wisconsin,"Lake States",397.08,POLYSYS,"mature-market low",70,0.00,dt,14892000,0,BTU,0.00,Crop
"agriculture land","Energy crops, woody",Willow,55007,"Bayfield County",Wisconsin,"Lake States",1511.34,POLYSYS,"mature-market high",70,1759.00,dt,17296000,30423664000,BTU,1.16,Pasture
"agriculture land","Energy crops, herbaceous",Miscanthus,55019,"Clark County",Wisconsin,"Lake States",1218.67,POLYSYS,emerging,70,111037.00,dt,16660000,1849876420000,BTU,91.11,Pasture
"agriculture land","Agricultural residues","Pruning residues, noncitrus",55021,"Columbia County",Wisconsin,"Lake States",795.99,"NASS 2017 Census","mature-market medium",40,76.60,dt,17368000,1330388800,BTU,0.10,Crop
"agriculture land","Agricultural residues","Pruning residues, noncitrus",55073,"Marathon County",Wisconsin,"Lake States",1576.33,"NASS 2017 Census","mature-market low",40,126.00,dt,17368000,2188368000,BTU,0.08,Crop
"agriculture land","Agricultural residues","Oats straw",55071,"Manitowoc County",Wisconsin,"Lake States",594.62,POLYSYS,emerging,70,0.00,dt,14892000,0,BTU,0.00,Crop
"agriculture land","Energy crops, woody",Willow,55013,"Burnett County",Wisconsin,"Lake States",880.22,POLYSYS,"mature-market high",70,444.00,dt,17296000,7679424000,BTU,0.50,Pasture
"agriculture land","Agricultural residues","Pruning residues, noncitrus",55111,"Sauk County",Wisconsin,"Lake States",849.19,"NASS 2017 Census","mature-market medium",40,21.80,dt,17368000,378622400,BTU,0.03,Crop
"agriculture land","Agricultural residues","Pruning residues, noncitrus",55109,"St. Croix County",Wisconsin,"Lake States",735.19,"NASS 2017 Census","mature-market low",40,89.80,dt,17368000,1559646400,BTU,0.12,Crop
"agriculture land","Agricultural residues","Pruning residues, noncitrus",55029,"Door County",Wisconsin,"Lake States",487.56,"NASS 2017 Census",emerging,40,31.30,dt,17368000,543618400,BTU,0.06,Crop
"agriculture land","Agricultural residues","Corn stover",55015,"Calumet County",Wisconsin,"Lake States",397.08,POLYSYS,near-term,70,0.00,dt,15722000,0,BTU,0.00,Crop
"agriculture land","Agricultural residues","Pruning residues, noncitrus",55095,"Polk County",Wisconsin,"Lake States",956.41,"NASS 2017 Census","mature-market medium",40,227.60,dt,17368000,3952956800,BTU,0.24,Crop
"agriculture land","Agricultural residues","Pruning residues, noncitrus",55095,"Polk County",Wisconsin,"Lake States",956.41,"NASS 2017 Census","mature-market low",40,227.60,dt,17368000,3952956800,BTU,0.24,Crop
"agriculture land","Energy crops, woody",Poplar,55013,"Burnett County",Wisconsin,"Lake States",880.22,POLYSYS,"mature-market medium",70,1269.00,dt,16904000,21451176000,BTU,1.44,Pasture
"agriculture land","Energy crops, woody",Willow,55133,"Waukesha County",Wisconsin,"Lake States",580.54,POLYSYS,"mature-market low",70,340.00,dt,17296000,5880640000,BTU,0.59,Pasture
"agriculture land","Agricultural residues","Corn stover",55069,"Lincoln County",Wisconsin,"Lake States",906.79,POLYSYS,near-term,70,9971.00,dt,15722000,156764062000,BTU,11.00,Crop
"agriculture land","Agricultural residues","Pruning residues, noncitrus",55033,"Dunn County",Wisconsin,"Lake States",863.89,"NASS 2017 Census","mature-market low",40,63.20,dt,17368000,1097657600,BTU,0.07,Crop
"agriculture land","Intermediate oilseeds",Pennycress,55013,"Burnett County",Wisconsin,"Lake States",880.22,POLYSYS,"mature-market low",400,4194.34,dt,23288300,97679048222,BTU,4.77,Crop
"agriculture land","Agricultural residues","Pruning residues, noncitrus",55007,"Bayfield County",Wisconsin,"Lake States",1511.34,"NASS 2017 Census",near-term,40,73.90,dt,17368000,1283495200,BTU,0.05,Crop
"agriculture land","Agricultural residues","Pruning residues, noncitrus",55045,"Green County",Wisconsin,"Lake States",584.55,"NASS 2017 Census","mature-market high",40,76.40,dt,17368000,1326915199,BTU,0.13,Crop
"agriculture land","Intermediate oilseeds",Pennycress,55109,"St. Croix County",Wisconsin,"Lake States",735.19,POLYSYS,"mature-market low",400,23027.64,dt,23288300,536274588612,BTU,31.32,Crop
"agriculture land","Agricultural residues","Pruning residues, noncitrus",55031,"Douglas County",Wisconsin,"Lake States",1332.11,"NASS 2017 Census",near-term,40,2.00,dt,17368000,34736000,BTU,0.00,Crop
"agriculture land","Energy crops, herbaceous",Miscanthus,55029,"Door County",Wisconsin,"Lake States",487.56,POLYSYS,"mature-market high",70,162504.00,dt,16660000,2707316640000,BTU,333.30,Crop
"agriculture land","Agricultural residues","Pruning residues, noncitrus",55079,"Milwaukee County",Wisconsin,"Lake States",242.17,"NASS 2017 Census","mature-market medium",40,1.00,dt,17368000,17368000,BTU,0.00,Crop
"agriculture land","Agricultural residues","Oats straw",55017,"Chippewa County",Wisconsin,"Lake States",1041.27,POLYSYS,"mature-market medium",70,0.00,dt,14892000,0,BTU,0.00,Crop
"agriculture land","Energy crops, woody",Willow,55023,"Crawford County",Wisconsin,"Lake States",599.21,POLYSYS,"mature-market high",70,6866.00,dt,17296000,118754336000,BTU,11.46,Crop
"agriculture land","Intermediate oilseeds",Pennycress,55115,"Shawano County",Wisconsin,"Lake States",909.4,POLYSYS,"mature-market low",400,15786.75,dt,23288300,367646570025,BTU,17.36,Crop
"agriculture land","Agricultural residues","Pruning residues, noncitrus",55075,"Marinette County",Wisconsin,"Lake States",1429.25,"NASS 2017 Census","mature-market high",40,41.80,dt,17368000,725982400,BTU,0.03,Crop
"agriculture land","Energy crops, herbaceous",Switchgrass,55103,"Richland County",Wisconsin,"Lake States",589.3,POLYSYS,emerging,70,0.00,dt,16424000,0,BTU,0.00,Pasture
"agriculture land","Agricultural residues","Pruning residues, noncitrus",55083,"Oconto County",Wisconsin,"Lake States",1016.31,"NASS 2017 Census","mature-market low",40,58.60,dt,17368000,1017764800,BTU,0.06,Crop
"agriculture land","Agricultural residues","Pruning residues, noncitrus",55135,"Waupaca County",Wisconsin,"Lake States",765.17,"NASS 2017 Census","mature-market medium",40,54.60,dt,17368000,948292800,BTU,0.07,Crop
"agriculture land","Agricultural residues","Pruning residues, noncitrus",55043,"Grant County",Wisconsin,"Lake States",1183.37,"NASS 2017 Census","mature-market medium",40,11.40,dt,17368000,197995200,BTU,0.01,Crop
"agriculture land","Agricultural residues","Oats straw",55043,"Grant County",Wisconsin,"Lake States",1183.37,POLYSYS,"mature-market low",70,0.00,dt,14892000,0,BTU,0.00,Crop
"agriculture land","Agricultural residues","Pruning residues, noncitrus",55031,"Douglas County",Wisconsin,"Lake States",1332.11,"NASS 2017 Census","mature-market low",40,2.00,dt,17368000,34736000,BTU,0.00,Crop
"agriculture land","Agricultural residues","Pruning residues, noncitrus",55011,"Buffalo County",Wisconsin,"Lake States",709.59,"NASS 2017 Census","mature-market low",40,8.60,dt,17368000,149364800,BTU,0.01,Crop
"agriculture land","Agricultural residues","Pruning residues, noncitrus",55121,"Trempealeau County",Wisconsin,"Lake States",741.98,"NASS 2017 Census",emerging,40,5.20,dt,17368000,90313600,BTU,0.01,Crop
"agriculture land","Agricultural residues","Corn stover",55029,"Door County",Wisconsin,"Lake States",487.56,POLYSYS,near-term,70,10788.00,dt,15722000,169608936000,BTU,22.13,Crop
"agriculture land","Intermediate oilseeds",Pennycress,55069,"Lincoln County",Wisconsin,"Lake States",906.79,POLYSYS,"mature-market low",400,3859.75,dt,23288300,89887015925,BTU,4.26,Crop
"agriculture land","Energy crops, woody",Willow,55133,"Waukesha County",Wisconsin,"Lake States",580.54,POLYSYS,"mature-market high",70,316.00,dt,17296000,5465536000,BTU,0.54,Pasture
"agriculture land","Agricultural residues","Pruning residues, noncitrus",55039,"Fond du Lac County",Wisconsin,"Lake States",765.84,"NASS 2017 Census","mature-market high",40,5.20,dt,17368000,90313600,BTU,0.01,Crop
"agriculture land","Agricultural residues","Pruning residues, noncitrus",55111,"Sauk County",Wisconsin,"Lake States",849.19,"NASS 2017 Census","mature-market low",40,21.80,dt,17368000,378622400,BTU,0.03,Crop
"agriculture land","Agricultural residues","Pruning residues, noncitrus",55071,"Manitowoc County",Wisconsin,"Lake States",594.62,"NASS 2017 Census",near-term,40,23.90,dt,17368000,415095200,BTU,0.04,Crop
"agriculture land","Intermediate oilseeds",Pennycress,55137,"Waushara County",Wisconsin,"Lake States",637.4,POLYSYS,emerging,400,11303.30,dt,23288300,263234641389,BTU,17.73,Crop
"agriculture land","Agricultural residues","Pruning residues, noncitrus",55045,"Green County",Wisconsin,"Lake States",584.55,"NASS 2017 Census","mature-market medium",40,76.40,dt,17368000,1326915199,BTU,0.13,Crop
"agriculture land","Agricultural residues","Pruning residues, noncitrus",55031,"Douglas County",Wisconsin,"Lake States",1332.11,"NASS 2017 Census",near-term,40,37.20,dt,17368000,646089600,BTU,0.03,Crop
"agriculture land","Agricultural residues","Pruning residues, noncitrus",55111,"Sauk County",Wisconsin,"Lake States",849.19,"NASS 2017 Census","mature-market high",40,21.80,dt,17368000,378622400,BTU,0.03,Crop
"agriculture land","Agricultural residues","Pruning residues, noncitrus",55109,"St. Croix County",Wisconsin,"Lake States",735.19,"NASS 2017 Census","mature-market high",40,89.80,dt,17368000,1559646400,BTU,0.12,Crop
"agriculture land","Energy crops, woody",Willow,55115,"Shawano County",Wisconsin,"Lake States",909.4,POLYSYS,emerging,70,4404.00,dt,17296000,76171584000,BTU,4.84,Pasture
"agriculture land","Energy crops, woody",Willow,55059,"Kenosha County",Wisconsin,"Lake States",278.42,POLYSYS,"mature-market high",70,353.00,dt,17296000,6105488000,BTU,1.27,Pasture
"agriculture land","Energy crops, woody",Willow,55121,"Trempealeau County",Wisconsin,"Lake States",741.98,POLYSYS,"mature-market high",70,1777.00,dt,17296000,30734992000,BTU,2.39,Pasture
"agriculture land","Agricultural residues","Pruning residues, noncitrus",55123,"Vernon County",Wisconsin,"Lake States",816.38,"NASS 2017 Census","mature-market low",40,24.90,dt,17368000,432463200,BTU,0.03,Crop
"agriculture land","Energy crops, woody",Willow,55053,"Jackson County",Wisconsin,"Lake States",1000.48,POLYSYS,emerging,70,1291.00,dt,17296000,22329136000,BTU,1.29,Pasture
"agriculture land","Energy crops, woody",Willow,55063,"La Crosse County",Wisconsin,"Lake States",480.05,POLYSYS,"mature-market high",70,499.00,dt,17296000,8630704000,BTU,1.04,Crop
"agriculture land","Energy crops, herbaceous",Miscanthus,55005,"Barron County",Wisconsin,"Lake States",889.76,POLYSYS,emerging,70,144400.00,dt,16660000,2405704000000,BTU,162.29,Crop
"agriculture land","Energy crops, herbaceous",Miscanthus,55067,"Langlade County",Wisconsin,"Lake States",887.79,POLYSYS,"mature-market low",70,64780.00,dt,16660000,1079234800000,BTU,72.97,Crop
"agriculture land","Energy crops, herbaceous",Miscanthus,55089,"Ozaukee County",Wisconsin,"Lake States",235.28,POLYSYS,emerging,70,1299.00,dt,16660000,21641340000,BTU,5.52,Pasture
"agriculture land","Energy crops, woody",Willow,55001,"Adams County",Wisconsin,"Lake States",687.48,POLYSYS,"mature-market low",70,794.00,dt,17296000,13733024000,BTU,1.15,Pasture
"agriculture land","Agricultural residues","Pruning residues, noncitrus",55123,"Vernon County",Wisconsin,"Lake States",816.38,"NASS 2017 Census","mature-market high",40,236.90,dt,17368000,4114479200,BTU,0.29,Crop
"agriculture land","Agricultural residues","Pruning residues, tree nuts",55123,"Vernon County",Wisconsin,"Lake States",816.38,"NASS 2017 Census","mature-market low",40,4.60,dt,17368000,79892800,BTU,0.01,Crop
"agriculture land","Agricultural residues","Pruning residues, noncitrus",55081,"Monroe County",Wisconsin,"Lake States",908.08,"NASS 2017 Census","mature-market low",40,3769.90,dt,17368000,65475623200,BTU,4.15,Crop
"agriculture land","Agricultural residues","Pruning residues, noncitrus",55057,"Juneau County",Wisconsin,"Lake States",805.17,"NASS 2017 Census",emerging,40,2948.40,dt,17368000,51207811200,BTU,3.66,Crop
"agriculture land","Agricultural residues","Pruning residues, noncitrus",55127,"Walworth County",Wisconsin,"Lake States",576.6,"NASS 2017 Census","mature-market medium",40,40.60,dt,17368000,705140800,BTU,0.07,Crop
"agriculture land","Agricultural residues","Oats straw",55135,"Waupaca County",Wisconsin,"Lake States",765.17,POLYSYS,"mature-market medium",70,0.00,dt,14892000,0,BTU,0.00,Crop
"agriculture land","Agricultural residues","Pruning residues, noncitrus",55005,"Barron County",Wisconsin,"Lake States",889.76,"NASS 2017 Census","mature-market medium",40,82.00,dt,17368000,1424176000,BTU,0.09,Crop
"agriculture land","Agricultural residues","Pruning residues, noncitrus",55029,"Door County",Wisconsin,"Lake States",487.56,"NASS 2017 Census","mature-market medium",40,1161.70,dt,17368000,20176405600,BTU,2.38,Crop
"agriculture land","Agricultural residues","Pruning residues, tree nuts",55103,"Richland County",Wisconsin,"Lake States",589.3,"NASS 2017 Census","mature-market high",40,28.60,dt,17368000,496724800,BTU,0.05,Crop
"agriculture land","Agricultural residues","Oats straw",55061,"Kewaunee County",Wisconsin,"Lake States",343.95,POLYSYS,near-term,70,0.00,dt,14892000,0,BTU,0.00,Crop
"agriculture land","Agricultural residues","Pruning residues, noncitrus",55053,"Jackson County",Wisconsin,"Lake States",1000.48,"NASS 2017 Census",near-term,40,3669.10,dt,17368000,63724928800,BTU,3.67,Crop
"agriculture land","Energy crops, woody",Willow,55091,"Pepin County",Wisconsin,"Lake States",248.7,POLYSYS,emerging,70,194.00,dt,17296000,3355424000,BTU,0.78,Pasture
"agriculture land","Agricultural residues","Pruning residues, noncitrus",55117,"Sheboygan County",Wisconsin,"Lake States",517.64,"NASS 2017 Census",emerging,40,4.10,dt,17368000,71208800,BTU,0.01,Crop
"agriculture land","Agricultural residues","Oats straw",55085,"Oneida County",Wisconsin,"Lake States",1236.57,POLYSYS,emerging,70,0.00,dt,14892000,0,BTU,0.00,Crop
"agriculture land","Agricultural residues","Pruning residues, noncitrus",55139,"Winnebago County",Wisconsin,"Lake States",578.57,"NASS 2017 Census","mature-market low",40,42.60,dt,17368000,739876800,BTU,0.07,Crop
"agriculture land","Agricultural residues","Pruning residues, noncitrus",55101,"Racine County",Wisconsin,"Lake States",340.39,"NASS 2017 Census","mature-market medium",40,315.20,dt,17368000,5474393600,BTU,0.93,Crop
"agriculture land","Agricultural residues","Pruning residues, noncitrus",55043,"Grant County",Wisconsin,"Lake States",1183.37,"NASS 2017 Census","mature-market medium",40,98.40,dt,17368000,1709011199,BTU,0.08,Crop
"agriculture land","Agricultural residues","Pruning residues, noncitrus",55047,"Green Lake County",Wisconsin,"Lake States",380.13,"NASS 2017 Census",emerging,40,35.80,dt,17368000,621774400,BTU,0.09,Crop
"agriculture land","Agricultural residues","Wheat straw",55129,"Washburn County",Wisconsin,"Lake States",853.32,POLYSYS,near-term,70,0.00,dt,14892000,0,BTU,0.00,Crop
"agriculture land","Agricultural residues","Pruning residues, noncitrus",55123,"Vernon County",Wisconsin,"Lake States",816.38,"NASS 2017 Census",near-term,40,236.90,dt,17368000,4114479200,BTU,0.29,Crop
"agriculture land","Intermediate oilseeds",Pennycress,55127,"Walworth County",Wisconsin,"Lake States",576.6,POLYSYS,"mature-market low",400,23305.99,dt,23288300,542756886917,BTU,40.42,Crop
"agriculture land","Agricultural residues","Pruning residues, noncitrus",55033,"Dunn County",Wisconsin,"Lake States",863.89,"NASS 2017 Census","mature-market medium",40,63.20,dt,17368000,1097657600,BTU,0.07,Crop
"agriculture land","Agricultural residues","Wheat straw",55053,"Jackson County",Wisconsin,"Lake States",1000.48,POLYSYS,"mature-market low",70,0.00,dt,14892000,0,BTU,0.00,Crop
"agriculture land","Energy crops, woody",Willow,55003,"Ashland County",Wisconsin,"Lake States",1054.13,POLYSYS,"mature-market high",70,2604.00,dt,17296000,45038784000,BTU,2.47,Pasture
"agriculture land","Energy crops, woody",Willow,55095,"Polk County",Wisconsin,"Lake States",956.41,POLYSYS,emerging,70,3404.00,dt,17296000,58875584000,BTU,3.56,Pasture
"agriculture land","Agricultural residues","Pruning residues, noncitrus",55059,"Kenosha County",Wisconsin,"Lake States",278.42,"NASS 2017 Census","mature-market low",40,63.00,dt,17368000,1094184000,BTU,0.23,Crop
"agriculture land","Intermediate oilseeds",Pennycress,55041,"Forest County",Wisconsin,"Lake States",1046.52,POLYSYS,emerging,400,316.64,dt,23288300,7374007312,BTU,0.30,Crop
"agriculture land","Intermediate oilseeds",Pennycress,55033,"Dunn County",Wisconsin,"Lake States",863.89,POLYSYS,"mature-market low",400,26243.75,dt,23288300,611172323125,BTU,30.38,Crop
"agriculture land","Agricultural residues","Pruning residues, noncitrus",55095,"Polk County",Wisconsin,"Lake States",956.41,"NASS 2017 Census","mature-market medium",40,15.60,dt,17368000,270940800,BTU,0.02,Crop
"agriculture land","Energy crops, herbaceous",Switchgrass,55099,"Price County",Wisconsin,"Lake States",1278.04,POLYSYS,"mature-market high",70,0.00,dt,16424000,0,BTU,0.00,Pasture
"agriculture land","Energy crops, herbaceous",Miscanthus,55015,"Calumet County",Wisconsin,"Lake States",397.08,POLYSYS,emerging,70,9067.00,dt,16660000,151056220000,BTU,22.83,Pasture
"agriculture land","Agricultural residues","Pruning residues, noncitrus",55007,"Bayfield County",Wisconsin,"Lake States",1511.34,"NASS 2017 Census","mature-market high",40,365.10,dt,17368000,6341056800,BTU,0.24,Crop
"agriculture land","Agricultural residues","Pruning residues, noncitrus",55029,"Door County",Wisconsin,"Lake States",487.56,"NASS 2017 Census","mature-market low",40,1161.70,dt,17368000,20176405600,BTU,2.38,Crop
"agriculture land","Agricultural residues","Oats straw",55001,"Adams County",Wisconsin,"Lake States",687.48,POLYSYS,emerging,70,0.00,dt,14892000,0,BTU,0.00,Crop
"agriculture land","Agricultural residues","Pruning residues, tree nuts",55003,"Ashland County",Wisconsin,"Lake States",1054.13,"NASS 2017 Census",near-term,40,1.30,dt,17368000,22578400,BTU,0.00,Crop
"agriculture land","Energy crops, herbaceous",Switchgrass,55051,"Iron County",Wisconsin,"Lake States",802.62,POLYSYS,"mature-market high",70,0.00,dt,16424000,0,BTU,0.00,Pasture
"agriculture land","Energy crops, woody",Willow,55029,"Door County",Wisconsin,"Lake States",487.56,POLYSYS,"mature-market low",70,25112.00,dt,17296000,434337152000,BTU,51.51,Crop
"agriculture land","Agricultural residues","Pruning residues, noncitrus",55043,"Grant County",Wisconsin,"Lake States",1183.37,"NASS 2017 Census","mature-market low",40,11.40,dt,17368000,197995200,BTU,0.01,Crop
"agriculture land","Agricultural residues","Pruning residues, noncitrus",55029,"Door County",Wisconsin,"Lake States",487.56,"NASS 2017 Census",emerging,40,1161.70,dt,17368000,20176405600,BTU,2.38,Crop
"agriculture land","Agricultural residues","Pruning residues, noncitrus",55023,"Crawford County",Wisconsin,"Lake States",599.21,"NASS 2017 Census","mature-market low",40,19.80,dt,17368000,343886400,BTU,0.03,Crop
"agriculture land","Agricultural residues","Pruning residues, noncitrus",55119,"Taylor County",Wisconsin,"Lake States",984.56,"NASS 2017 Census","mature-market high",40,4.20,dt,17368000,72945600,BTU,0.00,Crop
"agriculture land","Energy crops, herbaceous",Switchgrass,55107,"Rusk County",Wisconsin,"Lake States",930.86,POLYSYS,"mature-market low",70,0.00,dt,16424000,0,BTU,0.00,Pasture
"agriculture land","Energy crops, woody",Willow,55021,"Columbia County",Wisconsin,"Lake States",795.99,POLYSYS,"mature-market low",70,6350.00,dt,17296000,109829600000,BTU,7.98,Pasture
"agriculture land","Intermediate oilseeds",Pennycress,55085,"Oneida County",Wisconsin,"Lake States",1236.57,POLYSYS,"mature-market medium",400,686.90,dt,23288300,15996733270,BTU,0.56,Crop
"agriculture land","Agricultural residues","Pruning residues, noncitrus",55071,"Manitowoc County",Wisconsin,"Lake States",594.62,"NASS 2017 Census",near-term,40,49.50,dt,17368000,859716000,BTU,0.08,Crop
"agriculture land","Agricultural residues","Oats straw",55101,"Racine County",Wisconsin,"Lake States",340.39,POLYSYS,"mature-market medium",70,0.00,dt,14892000,0,BTU,0.00,Crop
"agriculture land","Energy crops, woody",Willow,55139,"Winnebago County",Wisconsin,"Lake States",578.57,POLYSYS,"mature-market high",70,2326.00,dt,17296000,40230496000,BTU,4.02,Pasture
"agriculture land","Intermediate oilseeds",Pennycress,55027,"Dodge County",Wisconsin,"Lake States",907.1,POLYSYS,"mature-market medium",400,36815.14,dt,23288300,857362024862,BTU,40.59,Crop
"agriculture land","Agricultural residues","Pruning residues, noncitrus",55031,"Douglas County",Wisconsin,"Lake States",1332.11,"NASS 2017 Census",emerging,40,2.00,dt,17368000,34736000,BTU,0.00,Crop
"agriculture land","Energy crops, woody",Willow,55123,"Vernon County",Wisconsin,"Lake States",816.38,POLYSYS,"mature-market high",70,7150.00,dt,17296000,123666400000,BTU,8.76,Crop
"agriculture land","Energy crops, woody",Willow,55043,"Grant County",Wisconsin,"Lake States",1183.37,POLYSYS,"mature-market low",70,2495.00,dt,17296000,43153520000,BTU,2.11,Pasture
"agriculture land","Energy crops, woody",Willow,55075,"Marinette County",Wisconsin,"Lake States",1429.25,POLYSYS,"mature-market low",70,81.00,dt,17296000,1400976000,BTU,0.06,Pasture
"agriculture land","Energy crops, woody",Willow,55089,"Ozaukee County",Wisconsin,"Lake States",235.28,POLYSYS,emerging,70,19733.00,dt,17296000,341301968000,BTU,83.87,Crop
"agriculture land","Agricultural residues","Pruning residues, noncitrus",55055,"Jefferson County",Wisconsin,"Lake States",582.74,"NASS 2017 Census",near-term,40,9.40,dt,17368000,163259200,BTU,0.02,Crop
"agriculture land","Agricultural residues","Wheat straw",55077,"Marquette County",Wisconsin,"Lake States",464.47,POLYSYS,near-term,70,0.00,dt,14892000,0,BTU,0.00,Crop
"agriculture land","Agricultural residues","Pruning residues, noncitrus",55085,"Oneida County",Wisconsin,"Lake States",1236.57,"NASS 2017 Census",emerging,40,2.90,dt,17368000,50367200,BTU,0.00,Crop
"agriculture land","Energy crops, woody",Willow,55043,"Grant County",Wisconsin,"Lake States",1183.37,POLYSYS,"mature-market high",70,2515.00,dt,17296000,43499440000,BTU,2.13,Pasture
"agriculture land","Energy crops, herbaceous",Miscanthus,55043,"Grant County",Wisconsin,"Lake States",1183.37,POLYSYS,"mature-market low",70,7918.00,dt,16660000,131913880000,BTU,6.69,Pasture
"agriculture land","Energy crops, woody",Willow,55033,"Dunn County",Wisconsin,"Lake States",863.89,POLYSYS,"mature-market low",70,1283.00,dt,17296000,22190768000,BTU,1.49,Pasture
"agriculture land","Agricultural residues","Corn stover",55049,"Iowa County",Wisconsin,"Lake States",768.05,POLYSYS,emerging,70,56001.00,dt,15722000,880447722000,BTU,72.91,Crop
"agriculture land","Agricultural residues","Pruning residues, noncitrus",55109,"St. Croix County",Wisconsin,"Lake States",735.19,"NASS 2017 Census",emerging,40,16.60,dt,17368000,288308800,BTU,0.02,Crop
"agriculture land","Energy crops, herbaceous",Miscanthus,55109,"St. Croix County",Wisconsin,"Lake States",735.19,POLYSYS,"mature-market low",70,8623.00,dt,16660000,143659180000,BTU,11.73,Pasture
"agriculture land","Agricultural residues","Pruning residues, noncitrus",55025,"Dane County",Wisconsin,"Lake States",1237.5,"NASS 2017 Census",emerging,40,134.00,dt,17368000,2327312000,BTU,0.11,Crop
"agriculture land","Intermediate oilseeds",Pennycress,55089,"Ozaukee County",Wisconsin,"Lake States",235.28,POLYSYS,"mature-market low",400,5760.80,dt,23288300,134159238640,BTU,24.48,Crop
"agriculture land","Energy crops, woody",Willow,55035,"Eau Claire County",Wisconsin,"Lake States",645.2,POLYSYS,emerging,70,1354.00,dt,17296000,23418784000,BTU,2.10,Pasture
"agriculture land","Agricultural residues","Pruning residues, noncitrus",55089,"Ozaukee County",Wisconsin,"Lake States",235.28,"NASS 2017 Census",near-term,40,276.00,dt,17368000,4793568000,BTU,1.17,Crop
"agriculture land","Agricultural residues","Oats straw",55101,"Racine County",Wisconsin,"Lake States",340.39,POLYSYS,"mature-market high",70,0.00,dt,14892000,0,BTU,0.00,Crop
"agriculture land","Agricultural residues","Pruning residues, noncitrus",55025,"Dane County",Wisconsin,"Lake States",1237.5,"NASS 2017 Census","mature-market medium",40,134.00,dt,17368000,2327312000,BTU,0.11,Crop
"agriculture land","Intermediate oilseeds",Pennycress,55025,"Dane County",Wisconsin,"Lake States",1237.5,POLYSYS,"mature-market medium",400,40966.74,dt,23288300,954045731142,BTU,33.10,Crop
"agriculture land","Agricultural residues","Pruning residues, noncitrus",55025,"Dane County",Wisconsin,"Lake States",1237.5,"NASS 2017 Census",near-term,40,134.00,dt,17368000,2327312000,BTU,0.11,Crop
"agriculture land","Agricultural residues","Pruning residues, noncitrus",55139,"Winnebago County",Wisconsin,"Lake States",578.57,"NASS 2017 Census",near-term,40,42.60,dt,17368000,739876800,BTU,0.07,Crop
"agriculture land","Intermediate oilseeds",Pennycress,55071,"Manitowoc County",Wisconsin,"Lake States",594.62,POLYSYS,"mature-market low",400,14247.44,dt,23288300,331798656952,BTU,23.96,Crop
"agriculture land","Agricultural residues","Pruning residues, noncitrus",55005,"Barron County",Wisconsin,"Lake States",889.76,"NASS 2017 Census",emerging,40,8.30,dt,17368000,144154400,BTU,0.01,Crop
"agriculture land","Agricultural residues","Pruning residues, noncitrus",55085,"Oneida County",Wisconsin,"Lake States",1236.57,"NASS 2017 Census",near-term,40,2.90,dt,17368000,50367200,BTU,0.00,Crop
"agriculture land","Energy crops, herbaceous",Switchgrass,55005,"Barron County",Wisconsin,"Lake States",889.76,POLYSYS,"mature-market medium",70,0.00,dt,16424000,0,BTU,0.00,Pasture
"agriculture land","Agricultural residues","Corn stover",55025,"Dane County",Wisconsin,"Lake States",1237.5,POLYSYS,"mature-market low",70,495384.00,dt,15722000,7788427248000,BTU,400.31,Crop
"agriculture land","Agricultural residues","Pruning residues, noncitrus",55057,"Juneau County",Wisconsin,"Lake States",805.17,"NASS 2017 Census","mature-market low",40,21.40,dt,17368000,371675200,BTU,0.03,Crop
"agriculture land","Intermediate oilseeds",Pennycress,55015,"Calumet County",Wisconsin,"Lake States",397.08,POLYSYS,"mature-market medium",400,12802.37,dt,23288300,298145433271,BTU,32.24,Crop
"agriculture land","Energy crops, herbaceous",Miscanthus,55121,"Trempealeau County",Wisconsin,"Lake States",741.98,POLYSYS,"mature-market high",70,372373.00,dt,16660000,6203734180000,BTU,501.86,Crop
"agriculture land","Agricultural residues","Pruning residues, noncitrus",55029,"Door County",Wisconsin,"Lake States",487.56,"NASS 2017 Census","mature-market medium",40,31.30,dt,17368000,543618400,BTU,0.06,Crop
"agriculture land","Intermediate oilseeds",Pennycress,55053,"Jackson County",Wisconsin,"Lake States",1000.48,POLYSYS,"mature-market low",400,13439.20,dt,23288300,312976121360,BTU,13.43,Crop
"agriculture land","Agricultural residues","Pruning residues, noncitrus",55079,"Milwaukee County",Wisconsin,"Lake States",242.17,"NASS 2017 Census","mature-market high",40,1.00,dt,17368000,17368000,BTU,0.00,Crop
"agriculture land","Agricultural residues","Pruning residues, tree nuts",55083,"Oconto County",Wisconsin,"Lake States",1016.31,"NASS 2017 Census","mature-market high",40,3.90,dt,17368000,67735200,BTU,0.00,Crop
"agriculture land","Agricultural residues","Pruning residues, noncitrus",55015,"Calumet County",Wisconsin,"Lake States",397.08,"NASS 2017 Census","mature-market medium",40,47.60,dt,17368000,826716800,BTU,0.12,Crop
"agriculture land","Agricultural residues","Pruning residues, noncitrus",55111,"Sauk County",Wisconsin,"Lake States",849.19,"NASS 2017 Census",near-term,40,109.80,dt,17368000,1907006400,BTU,0.13,Crop
"agriculture land","Agricultural residues","Pruning residues, noncitrus",55023,"Crawford County",Wisconsin,"Lake States",599.21,"NASS 2017 Census","mature-market medium",40,19.80,dt,17368000,343886400,BTU,0.03,Crop
"agriculture land","Agricultural residues","Corn stover",55123,"Vernon County",Wisconsin,"Lake States",816.38,POLYSYS,"mature-market high",70,13605.00,dt,15722000,213897810000,BTU,16.67,Crop
"agriculture land","Energy crops, woody",Willow,55077,"Marquette County",Wisconsin,"Lake States",464.47,POLYSYS,emerging,70,2476.00,dt,17296000,42824896000,BTU,5.33,Pasture
"agriculture land","Agricultural residues","Wheat straw",55105,"Rock County",Wisconsin,"Lake States",726.16,POLYSYS,near-term,70,0.00,dt,14892000,0,BTU,0.00,Crop
"agriculture land","Energy crops, herbaceous",Miscanthus,55067,"Langlade County",Wisconsin,"Lake States",887.79,POLYSYS,"mature-market high",70,21932.00,dt,16660000,365387120000,BTU,24.70,Pasture
"agriculture land","Intermediate oilseeds",Pennycress,55133,"Waukesha County",Wisconsin,"Lake States",580.54,POLYSYS,emerging,400,6482.57,dt,23288300,150968034931,BTU,11.17,Crop
"agriculture land","Energy crops, herbaceous",Miscanthus,55103,"Richland County",Wisconsin,"Lake States",589.3,POLYSYS,"mature-market medium",70,4153.00,dt,16660000,69188980000,BTU,7.05,Pasture
"agriculture land","Energy crops, woody",Willow,55075,"Marinette County",Wisconsin,"Lake States",1429.25,POLYSYS,"mature-market medium",70,1198.00,dt,17296000,20720608000,BTU,0.84,Pasture
"agriculture land","Energy crops, herbaceous",Miscanthus,55019,"Clark County",Wisconsin,"Lake States",1218.67,POLYSYS,"mature-market low",70,87962.00,dt,16660000,1465446920000,BTU,72.18,Pasture
"agriculture land","Agricultural residues","Pruning residues, noncitrus",55065,"Lafayette County",Wisconsin,"Lake States",634.57,"NASS 2017 Census",near-term,40,11.60,dt,17368000,201468800,BTU,0.02,Crop
"agriculture land","Agricultural residues","Pruning residues, noncitrus",55009,"Brown County",Wisconsin,"Lake States",531.24,"NASS 2017 Census","mature-market high",40,185.50,dt,17368000,3221764000,BTU,0.35,Crop
"agriculture land","Intermediate oilseeds",Pennycress,55061,"Kewaunee County",Wisconsin,"Lake States",343.95,POLYSYS,"mature-market medium",400,6749.42,dt,23288300,157182517786,BTU,19.62,Crop
"agriculture land","Energy crops, woody",Willow,55047,"Green Lake County",Wisconsin,"Lake States",380.13,POLYSYS,"mature-market medium",70,2345.00,dt,17296000,40559120000,BTU,6.17,Pasture
"agriculture land","Agricultural residues","Pruning residues, noncitrus",55011,"Buffalo County",Wisconsin,"Lake States",709.59,"NASS 2017 Census",emerging,40,8.60,dt,17368000,149364800,BTU,0.01,Crop
"agriculture land","Energy crops, woody",Poplar,55117,"Sheboygan County",Wisconsin,"Lake States",517.64,POLYSYS,"mature-market low",70,876.00,dt,16904000,14807904000,BTU,1.69,Pasture
"agriculture land","Agricultural residues","Pruning residues, noncitrus",55095,"Polk County",Wisconsin,"Lake States",956.41,"NASS 2017 Census","mature-market high",40,227.60,dt,17368000,3952956800,BTU,0.24,Crop
"agriculture land","Agricultural residues","Pruning residues, noncitrus",55011,"Buffalo County",Wisconsin,"Lake States",709.59,"NASS 2017 Census","mature-market medium",40,8.60,dt,17368000,149364800,BTU,0.01,Crop
"agriculture land","Agricultural residues","Pruning residues, noncitrus",55117,"Sheboygan County",Wisconsin,"Lake States",517.64,"NASS 2017 Census","mature-market low",40,4.10,dt,17368000,71208800,BTU,0.01,Crop
"agriculture land","Energy crops, herbaceous",Switchgrass,55111,"Sauk County",Wisconsin,"Lake States",849.19,POLYSYS,"mature-market high",70,0.00,dt,16424000,0,BTU,0.00,Pasture
"agriculture land","Energy crops, herbaceous",Miscanthus,55111,"Sauk County",Wisconsin,"Lake States",849.19,POLYSYS,"mature-market medium",70,5189.00,dt,16660000,86448740000,BTU,6.11,Pasture
"agriculture land","Agricultural residues","Pruning residues, noncitrus",55029,"Door County",Wisconsin,"Lake States",487.56,"NASS 2017 Census","mature-market high",40,31.30,dt,17368000,543618400,BTU,0.06,Crop
"agriculture land","Agricultural residues","Pruning residues, noncitrus",55133,"Waukesha County",Wisconsin,"Lake States",580.54,"NASS 2017 Census",emerging,40,22.90,dt,17368000,397727200,BTU,0.04,Crop
"agriculture land","Energy crops, woody",Willow,55073,"Marathon County",Wisconsin,"Lake States",1576.33,POLYSYS,"mature-market medium",70,915.00,dt,17296000,15825840000,BTU,0.58,Crop
"agriculture land","Agricultural residues","Wheat straw",55089,"Ozaukee County",Wisconsin,"Lake States",235.28,POLYSYS,"mature-market medium",70,0.00,dt,14892000,0,BTU,0.00,Crop
"agriculture land","Agricultural residues","Wheat straw",55137,"Waushara County",Wisconsin,"Lake States",637.4,POLYSYS,"mature-market medium",70,0.00,dt,14892000,0,BTU,0.00,Crop
"agriculture land","Intermediate oilseeds",Pennycress,55123,"Vernon County",Wisconsin,"Lake States",816.38,POLYSYS,emerging,400,12886.62,dt,23288300,300107472546,BTU,15.79,Crop
"agriculture land","Agricultural residues","Pruning residues, noncitrus",55045,"Green County",Wisconsin,"Lake States",584.55,"NASS 2017 Census",emerging,40,4.10,dt,17368000,71208800,BTU,0.01,Crop
"agriculture land","Intermediate oilseeds",Pennycress,55115,"Shawano County",Wisconsin,"Lake States",909.4,POLYSYS,emerging,400,15786.75,dt,23288300,367646570025,BTU,17.36,Crop
"agriculture land","Agricultural residues","Pruning residues, noncitrus",55055,"Jefferson County",Wisconsin,"Lake States",582.74,"NASS 2017 Census",near-term,40,64.80,dt,17368000,1125446400,BTU,0.11,Crop
"agriculture land","Energy crops, herbaceous",Miscanthus,55097,"Portage County",Wisconsin,"Lake States",822.82,POLYSYS,"mature-market medium",70,24464.00,dt,16660000,407570240000,BTU,29.73,Pasture
"agriculture land","Agricultural residues","Pruning residues, noncitrus",55137,"Waushara County",Wisconsin,"Lake States",637.4,"NASS 2017 Census",near-term,40,13.50,dt,17368000,234468000,BTU,0.02,Crop
"agriculture land","Agricultural residues","Pruning residues, tree nuts",55103,"Richland County",Wisconsin,"Lake States",589.3,"NASS 2017 Census",near-term,40,28.60,dt,17368000,496724800,BTU,0.05,Crop
"agriculture land","Agricultural residues","Pruning residues, noncitrus",55033,"Dunn County",Wisconsin,"Lake States",863.89,"NASS 2017 Census","mature-market high",40,32.20,dt,17368000,559249600,BTU,0.04,Crop
"agriculture land","Agricultural residues","Pruning residues, noncitrus",55075,"Marinette County",Wisconsin,"Lake States",1429.25,"NASS 2017 Census","mature-market medium",40,6.20,dt,17368000,107681600,BTU,0.00,Crop
"agriculture land","Energy crops, woody",Willow,55029,"Door County",Wisconsin,"Lake States",487.56,POLYSYS,"mature-market medium",70,29045.00,dt,17296000,502362320000,BTU,59.57,Crop
"agriculture land","Agricultural residues","Oats straw",55093,"Pierce County",Wisconsin,"Lake States",592.73,POLYSYS,"mature-market medium",70,0.00,dt,14892000,0,BTU,0.00,Crop
"agriculture land","Energy crops, woody",Willow,55013,"Burnett County",Wisconsin,"Lake States",880.22,POLYSYS,"mature-market low",70,122.00,dt,17296000,2110112000,BTU,0.14,Pasture
"agriculture land","Energy crops, herbaceous",Miscanthus,55009,"Brown County",Wisconsin,"Lake States",531.24,POLYSYS,emerging,70,26787.00,dt,16660000,446271420000,BTU,50.42,Pasture
"agriculture land","Agricultural residues","Pruning residues, noncitrus",55119,"Taylor County",Wisconsin,"Lake States",984.56,"NASS 2017 Census","mature-market medium",40,4.20,dt,17368000,72945600,BTU,0.00,Crop
"agriculture land","Energy crops, woody",Willow,55123,"Vernon County",Wisconsin,"Lake States",816.38,POLYSYS,"mature-market low",70,3661.00,dt,17296000,63320656000,BTU,4.48,Pasture
"agriculture land","Agricultural residues","Wheat straw",55071,"Manitowoc County",Wisconsin,"Lake States",594.62,POLYSYS,"mature-market medium",70,0.00,dt,14892000,0,BTU,0.00,Crop
"agriculture land","Agricultural residues","Pruning residues, noncitrus",55009,"Brown County",Wisconsin,"Lake States",531.24,"NASS 2017 Census",emerging,40,185.50,dt,17368000,3221764000,BTU,0.35,Crop
"agriculture land","Agricultural residues","Pruning residues, noncitrus",55085,"Oneida County",Wisconsin,"Lake States",1236.57,"NASS 2017 Census",emerging,40,873.60,dt,17368000,15172684800,BTU,0.71,Crop
"agriculture land","Intermediate oilseeds",Pennycress,55063,"La Crosse County",Wisconsin,"Lake States",480.05,POLYSYS,"mature-market medium",400,7121.32,dt,23288300,165843436556,BTU,14.83,Crop
"agriculture land","Energy crops, woody",Willow,55097,"Portage County",Wisconsin,"Lake States",822.82,POLYSYS,"mature-market low",70,4234.00,dt,17296000,73231264000,BTU,5.15,Pasture
"agriculture land","Energy crops, woody",Poplar,55119,"Taylor County",Wisconsin,"Lake States",984.56,POLYSYS,"mature-market low",70,3521.00,dt,16904000,59518984000,BTU,3.58,Pasture
"agriculture land","Energy crops, herbaceous",Miscanthus,55075,"Marinette County",Wisconsin,"Lake States",1429.25,POLYSYS,"mature-market medium",70,106507.00,dt,16660000,1774406620000,BTU,74.52,Crop
"agriculture land","Agricultural residues","Pruning residues, noncitrus",55137,"Waushara County",Wisconsin,"Lake States",637.4,"NASS 2017 Census","mature-market low",40,16.20,dt,17368000,281361600,BTU,0.03,Crop
"agriculture land","Agricultural residues","Pruning residues, noncitrus",55115,"Shawano County",Wisconsin,"Lake States",909.4,"NASS 2017 Census","mature-market low",40,51.50,dt,17368000,894452000,BTU,0.06,Crop
"agriculture land","Agricultural residues","Oats straw",55057,"Juneau County",Wisconsin,"Lake States",805.17,POLYSYS,"mature-market low",70,0.00,dt,14892000,0,BTU,0.00,Crop
"agriculture land","Energy crops, herbaceous",Miscanthus,55067,"Langlade County",Wisconsin,"Lake States",887.79,POLYSYS,emerging,70,21932.00,dt,16660000,365387120000,BTU,24.70,Pasture
"agriculture land","Agricultural residues","Pruning residues, noncitrus",55113,"Sawyer County",Wisconsin,"Lake States",1350.24,"NASS 2017 Census","mature-market high",40,30.00,dt,17368000,521040000,BTU,0.02,Crop
"agriculture land","Agricultural residues","Pruning residues, noncitrus",55113,"Sawyer County",Wisconsin,"Lake States",1350.24,"NASS 2017 Census","mature-market medium",40,30.00,dt,17368000,521040000,BTU,0.02,Crop
"agriculture land","Agricultural residues","Pruning residues, noncitrus",55081,"Monroe County",Wisconsin,"Lake States",908.08,"NASS 2017 Census",near-term,40,113.00,dt,17368000,1962584000,BTU,0.12,Crop
"agriculture land","Agricultural residues","Pruning residues, noncitrus",55083,"Oconto County",Wisconsin,"Lake States",1016.31,"NASS 2017 Census","mature-market low",40,2.10,dt,17368000,36472800,BTU,0.00,Crop
"agriculture land","Agricultural residues","Pruning residues, noncitrus",55131,"Washington County",Wisconsin,"Lake States",435.66,"NASS 2017 Census","mature-market high",40,73.00,dt,17368000,1267864000,BTU,0.17,Crop
"agriculture land","Agricultural residues","Pruning residues, noncitrus",55097,"Portage County",Wisconsin,"Lake States",822.82,"NASS 2017 Census",emerging,40,952.60,dt,17368000,16544756800,BTU,1.16,Crop
"agriculture land","Energy crops, herbaceous",Miscanthus,55029,"Door County",Wisconsin,"Lake States",487.56,POLYSYS,"mature-market high",70,14962.00,dt,16660000,249266920000,BTU,30.69,Pasture
"agriculture land","Agricultural residues","Pruning residues, noncitrus",55013,"Burnett County",Wisconsin,"Lake States",880.22,"NASS 2017 Census","mature-market high",40,9.40,dt,17368000,163259200,BTU,0.01,Crop
"agriculture land","Agricultural residues","Oats straw",55061,"Kewaunee County",Wisconsin,"Lake States",343.95,POLYSYS,emerging,70,0.00,dt,14892000,0,BTU,0.00,Crop
"agriculture land","Energy crops, woody",Willow,55131,"Washington County",Wisconsin,"Lake States",435.66,POLYSYS,emerging,70,679.00,dt,17296000,11743984000,BTU,1.56,Pasture
"agriculture land","Intermediate oilseeds",Pennycress,55107,"Rusk County",Wisconsin,"Lake States",930.86,POLYSYS,"mature-market high",400,8800.71,dt,23288300,204953574692,BTU,9.45,Crop
"agriculture land","Energy crops, herbaceous",Miscanthus,55035,"Eau Claire County",Wisconsin,"Lake States",645.2,POLYSYS,emerging,70,25225.00,dt,16660000,420248500000,BTU,39.10,Crop
"agriculture land","Agricultural residues","Wheat straw",55107,"Rusk County",Wisconsin,"Lake States",930.86,POLYSYS,"mature-market low",70,0.00,dt,14892000,0,BTU,0.00,Crop
"agriculture land","Energy crops, herbaceous",Miscanthus,55107,"Rusk County",Wisconsin,"Lake States",930.86,POLYSYS,"mature-market low",70,110679.00,dt,16660000,1843912140000,BTU,118.90,Crop
"agriculture land","Energy crops, herbaceous",Miscanthus,55095,"Polk County",Wisconsin,"Lake States",956.41,POLYSYS,"mature-market high",70,74957.00,dt,16660000,1248783620000,BTU,78.37,Crop
"agriculture land","Energy crops, woody",Willow,55027,"Dodge County",Wisconsin,"Lake States",907.1,POLYSYS,"mature-market high",70,6773.00,dt,17296000,117145808000,BTU,7.47,Pasture
"agriculture land","Agricultural residues","Wheat straw",55071,"Manitowoc County",Wisconsin,"Lake States",594.62,POLYSYS,"mature-market high",70,0.00,dt,14892000,0,BTU,0.00,Crop
"agriculture land","Agricultural residues","Corn stover",55081,"Monroe County",Wisconsin,"Lake States",908.08,POLYSYS,"mature-market low",70,39660.00,dt,15722000,623534520000,BTU,43.67,Crop
"agriculture land","Agricultural residues","Oats straw",55081,"Monroe County",Wisconsin,"Lake States",908.08,POLYSYS,"mature-market high",70,0.00,dt,14892000,0,BTU,0.00,Crop
"agriculture land","Energy crops, herbaceous",Miscanthus,55081,"Monroe County",Wisconsin,"Lake States",908.08,POLYSYS,"mature-market medium",70,37979.00,dt,16660000,632730140000,BTU,41.82,Crop
"agriculture land","Energy crops, herbaceous",Miscanthus,55115,"Shawano County",Wisconsin,"Lake States",909.4,POLYSYS,"mature-market high",70,298968.00,dt,16660000,4980806880000,BTU,328.75,Crop
"agriculture land","Energy crops, herbaceous",Switchgrass,55027,"Dodge County",Wisconsin,"Lake States",907.1,POLYSYS,"mature-market high",70,0.00,dt,16424000,0,BTU,0.00,Pasture
"agriculture land","Energy crops, herbaceous",Miscanthus,55005,"Barron County",Wisconsin,"Lake States",889.76,POLYSYS,"mature-market high",70,69457.00,dt,16660000,1157153620000,BTU,78.06,Pasture
"agriculture land","Energy crops, woody",Poplar,55009,"Brown County",Wisconsin,"Lake States",531.24,POLYSYS,"mature-market medium",70,818.00,dt,16904000,13827472000,BTU,1.54,Pasture
"agriculture land","Agricultural residues","Corn stover",55123,"Vernon County",Wisconsin,"Lake States",816.38,POLYSYS,emerging,70,13605.00,dt,15722000,213897810000,BTU,16.67,Crop
"agriculture land","Agricultural residues","Wheat straw",55111,"Sauk County",Wisconsin,"Lake States",849.19,POLYSYS,emerging,70,0.00,dt,14892000,0,BTU,0.00,Crop
"agriculture land","Agricultural residues","Wheat straw",55139,"Winnebago County",Wisconsin,"Lake States",578.57,POLYSYS,near-term,70,0.00,dt,14892000,0,BTU,0.00,Crop
"agriculture land","Agricultural residues","Corn stover",55073,"Marathon County",Wisconsin,"Lake States",1576.33,POLYSYS,"mature-market low",70,110162.00,dt,15722000,1731966964000,BTU,69.89,Crop
"agriculture land","Agricultural residues","Wheat straw",55079,"Milwaukee County",Wisconsin,"Lake States",242.17,POLYSYS,near-term,70,0.00,dt,14892000,0,BTU,0.00,Crop
"agriculture land","Agricultural residues","Corn stover",55005,"Barron County",Wisconsin,"Lake States",889.76,POLYSYS,"mature-market low",70,119453.00,dt,15722000,1878040066000,BTU,134.25,Crop
"agriculture land","Intermediate oilseeds",Pennycress,55055,"Jefferson County",Wisconsin,"Lake States",582.74,POLYSYS,"mature-market medium",400,22552.59,dt,23288300,525211481697,BTU,38.70,Crop
"agriculture land","Agricultural residues","Oats straw",55015,"Calumet County",Wisconsin,"Lake States",397.08,POLYSYS,"mature-market high",70,0.00,dt,14892000,0,BTU,0.00,Crop
"agriculture land","Energy crops, herbaceous",Miscanthus,55065,"Lafayette County",Wisconsin,"Lake States",634.57,POLYSYS,"mature-market low",70,6662.00,dt,16660000,110988920000,BTU,10.50,Pasture
"agriculture land","Energy crops, woody",Willow,55091,"Pepin County",Wisconsin,"Lake States",248.7,POLYSYS,"mature-market low",70,67.00,dt,17296000,1158832000,BTU,0.27,Pasture
"agriculture land","Energy crops, woody",Willow,55039,"Fond du Lac County",Wisconsin,"Lake States",765.84,POLYSYS,"mature-market high",70,6682.00,dt,17296000,115571872000,BTU,8.73,Pasture
"agriculture land","Agricultural residues","Corn stover",55105,"Rock County",Wisconsin,"Lake States",726.16,POLYSYS,near-term,70,184151.00,dt,15722000,2895222022000,BTU,253.60,Crop
"agriculture land","Agricultural residues","Corn stover",55013,"Burnett County",Wisconsin,"Lake States",880.22,POLYSYS,emerging,70,30084.00,dt,15722000,472980648000,BTU,34.18,Crop
"agriculture land","Energy crops, herbaceous",Miscanthus,55089,"Ozaukee County",Wisconsin,"Lake States",235.28,POLYSYS,"mature-market high",70,1299.00,dt,16660000,21641340000,BTU,5.52,Pasture
"agriculture land","Agricultural residues","Wheat straw",55011,"Buffalo County",Wisconsin,"Lake States",709.59,POLYSYS,near-term,70,0.00,dt,14892000,0,BTU,0.00,Crop
"agriculture land","Agricultural residues","Wheat straw",55037,"Florence County",Wisconsin,"Lake States",497.43,POLYSYS,"mature-market low",70,0.00,dt,14892000,0,BTU,0.00,Crop
"agriculture land","Agricultural residues","Corn stover",55021,"Columbia County",Wisconsin,"Lake States",795.99,POLYSYS,"mature-market low",70,0.00,dt,15722000,0,BTU,0.00,Crop
"agriculture land","Energy crops, herbaceous",Miscanthus,55073,"Marathon County",Wisconsin,"Lake States",1576.33,POLYSYS,emerging,70,533957.00,dt,16660000,8895723620000,BTU,338.73,Crop
"agriculture land","Energy crops, herbaceous",Miscanthus,55023,"Crawford County",Wisconsin,"Lake States",599.21,POLYSYS,emerging,70,11025.00,dt,16660000,183676500000,BTU,18.40,Pasture
"agriculture land","Energy crops, herbaceous",Switchgrass,55043,"Grant County",Wisconsin,"Lake States",1183.37,POLYSYS,"mature-market high",70,0.00,dt,16424000,0,BTU,0.00,Pasture
"agriculture land","Energy crops, woody",Willow,55043,"Grant County",Wisconsin,"Lake States",1183.37,POLYSYS,emerging,70,2515.00,dt,17296000,43499440000,BTU,2.13,Pasture
"agriculture land","Energy crops, herbaceous",Miscanthus,55003,"Ashland County",Wisconsin,"Lake States",1054.13,POLYSYS,"mature-market low",70,10455.00,dt,16660000,174180300000,BTU,9.92,Crop
"agriculture land","Agricultural residues","Corn stover",55059,"Kenosha County",Wisconsin,"Lake States",278.42,POLYSYS,emerging,70,126805.00,dt,15722000,1993628210000,BTU,455.45,Crop
"agriculture land","Agricultural residues","Corn stover",55139,"Winnebago County",Wisconsin,"Lake States",578.57,POLYSYS,near-term,70,81039.00,dt,15722000,1274095158000,BTU,140.07,Crop
"agriculture land","Agricultural residues","Wheat straw",55023,"Crawford County",Wisconsin,"Lake States",599.21,POLYSYS,"mature-market high",70,0.00,dt,14892000,0,BTU,0.00,Crop
"agriculture land","Intermediate oilseeds",Pennycress,55053,"Jackson County",Wisconsin,"Lake States",1000.48,POLYSYS,"mature-market high",400,13439.20,dt,23288300,312976121360,BTU,13.43,Crop
"agriculture land","Energy crops, herbaceous",Miscanthus,55047,"Green Lake County",Wisconsin,"Lake States",380.13,POLYSYS,emerging,70,11918.00,dt,16660000,198553880000,BTU,31.35,Pasture
"agriculture land","Energy crops, woody",Willow,55073,"Marathon County",Wisconsin,"Lake States",1576.33,POLYSYS,emerging,70,342950.00,dt,17296000,5931663200000,BTU,217.56,Crop
"agriculture land","Energy crops, woody",Willow,55127,"Walworth County",Wisconsin,"Lake States",576.6,POLYSYS,"mature-market low",70,1014.00,dt,17296000,17538144000,BTU,1.76,Pasture
"agriculture land","Energy crops, herbaceous",Switchgrass,55017,"Chippewa County",Wisconsin,"Lake States",1041.27,POLYSYS,"mature-market low",70,0.00,dt,16424000,0,BTU,0.00,Pasture
"agriculture land","Energy crops, herbaceous",Miscanthus,55107,"Rusk County",Wisconsin,"Lake States",930.86,POLYSYS,"mature-market high",70,138931.00,dt,16660000,2314590460000,BTU,149.25,Crop
"agriculture land","Agricultural residues","Sorghum stubble",55073,"Marathon County",Wisconsin,"Lake States",1576.33,POLYSYS,emerging,70,0.00,dt,14830000,0,BTU,0.00,Crop
"agriculture land","Agricultural residues","Corn stover",55067,"Langlade County",Wisconsin,"Lake States",887.79,POLYSYS,emerging,70,671.00,dt,15722000,10549462000,BTU,0.76,Crop
"agriculture land","Energy crops, woody",Willow,55023,"Crawford County",Wisconsin,"Lake States",599.21,POLYSYS,"mature-market low",70,2079.00,dt,17296000,35958384000,BTU,3.47,Pasture
"agriculture land","Energy crops, herbaceous",Miscanthus,55095,"Polk County",Wisconsin,"Lake States",956.41,POLYSYS,"mature-market low",70,58383.00,dt,16660000,972660780000,BTU,61.04,Pasture
"agriculture land","Energy crops, herbaceous",Miscanthus,55065,"Lafayette County",Wisconsin,"Lake States",634.57,POLYSYS,"mature-market medium",70,7403.00,dt,16660000,123333980000,BTU,11.67,Pasture
"agriculture land","Agricultural residues","Oats straw",55011,"Buffalo County",Wisconsin,"Lake States",709.59,POLYSYS,"mature-market low",70,0.00,dt,14892000,0,BTU,0.00,Crop
"agriculture land","Energy crops, herbaceous",Miscanthus,55127,"Walworth County",Wisconsin,"Lake States",576.6,POLYSYS,emerging,70,4071.00,dt,16660000,67822860000,BTU,7.06,Pasture
"agriculture land","Energy crops, woody",Willow,55093,"Pierce County",Wisconsin,"Lake States",592.73,POLYSYS,"mature-market high",70,1405.00,dt,17296000,24300880000,BTU,2.37,Pasture
"agriculture land","Energy crops, herbaceous",Switchgrass,55107,"Rusk County",Wisconsin,"Lake States",930.86,POLYSYS,"mature-market medium",70,61583.00,dt,16424000,1011439192000,BTU,66.16,Crop
"agriculture land","Intermediate oilseeds",Pennycress,55087,"Outagamie County",Wisconsin,"Lake States",644.61,POLYSYS,"mature-market low",400,25117.91,dt,23288300,584953423453,BTU,38.97,Crop
"agriculture land","Energy crops, herbaceous",Miscanthus,55011,"Buffalo County",Wisconsin,"Lake States",709.59,POLYSYS,"mature-market low",70,4991.00,dt,16660000,83150060000,BTU,7.03,Pasture
"agriculture land","Agricultural residues","Oats straw",55033,"Dunn County",Wisconsin,"Lake States",863.89,POLYSYS,near-term,70,0.00,dt,14892000,0,BTU,0.00,Crop
"agriculture land","Agricultural residues","Corn stover",55129,"Washburn County",Wisconsin,"Lake States",853.32,POLYSYS,near-term,70,12972.00,dt,15722000,203945784000,BTU,15.20,Crop
"agriculture land","Energy crops, herbaceous",Miscanthus,55095,"Polk County",Wisconsin,"Lake States",956.41,POLYSYS,"mature-market high",70,72652.00,dt,16660000,1210382320000,BTU,75.96,Pasture
"agriculture land","Agricultural residues","Oats straw",55129,"Washburn County",Wisconsin,"Lake States",853.32,POLYSYS,"mature-market medium",70,0.00,dt,14892000,0,BTU,0.00,Crop
"agriculture land","Agricultural residues","Oats straw",55097,"Portage County",Wisconsin,"Lake States",822.82,POLYSYS,"mature-market low",70,0.00,dt,14892000,0,BTU,0.00,Crop
"agriculture land","Energy crops, woody",Poplar,55061,"Kewaunee County",Wisconsin,"Lake States",343.95,POLYSYS,"mature-market high",70,520.00,dt,16904000,8790080000,BTU,1.51,Pasture
"agriculture land","Energy crops, woody",Poplar,55099,"Price County",Wisconsin,"Lake States",1278.04,POLYSYS,emerging,70,1920.00,dt,16904000,32455680000,BTU,1.50,Pasture
"agriculture land","Agricultural residues","Oats straw",55117,"Sheboygan County",Wisconsin,"Lake States",517.64,POLYSYS,emerging,70,0.00,dt,14892000,0,BTU,0.00,Crop
"agriculture land","Agricultural residues","Corn stover",55113,"Sawyer County",Wisconsin,"Lake States",1350.24,POLYSYS,"mature-market high",70,5875.00,dt,15722000,92366750000,BTU,4.35,Crop
"agriculture land","Energy crops, woody",Poplar,55139,"Winnebago County",Wisconsin,"Lake States",578.57,POLYSYS,emerging,70,503.00,dt,16904000,8502712000,BTU,0.87,Pasture
"agriculture land","Agricultural residues","Oats straw",55073,"Marathon County",Wisconsin,"Lake States",1576.33,POLYSYS,"mature-market high",70,0.00,dt,14892000,0,BTU,0.00,Crop
"agriculture land","Energy crops, herbaceous",Miscanthus,55007,"Bayfield County",Wisconsin,"Lake States",1511.34,POLYSYS,"mature-market medium",70,21273.00,dt,16660000,354408180000,BTU,14.08,Crop
"agriculture land","Agricultural residues","Corn stover",55045,"Green County",Wisconsin,"Lake States",584.55,POLYSYS,"mature-market low",70,152444.00,dt,15722000,2396724568000,BTU,260.79,Crop
"agriculture land","Intermediate oilseeds",Pennycress,55091,"Pepin County",Wisconsin,"Lake States",248.7,POLYSYS,"mature-market high",400,7096.34,dt,23288300,165261694822,BTU,28.53,Crop
"agriculture land","Intermediate oilseeds",Pennycress,55109,"St. Croix County",Wisconsin,"Lake States",735.19,POLYSYS,"mature-market medium",400,23027.64,dt,23288300,536274588612,BTU,31.32,Crop
"agriculture land","Agricultural residues","Corn stover",55013,"Burnett County",Wisconsin,"Lake States",880.22,POLYSYS,near-term,70,16825.00,dt,15722000,264522650000,BTU,19.11,Crop
"agriculture land","Intermediate oilseeds",Pennycress,55135,"Waupaca County",Wisconsin,"Lake States",765.17,POLYSYS,"mature-market high",400,14298.80,dt,23288300,332994744040,BTU,18.69,Crop
"agriculture land","Agricultural residues","Corn stover",55051,"Iron County",Wisconsin,"Lake States",802.62,POLYSYS,emerging,70,0.00,dt,15722000,0,BTU,0.00,Crop
"agriculture land","Energy crops, woody",Poplar,55103,"Richland County",Wisconsin,"Lake States",589.3,POLYSYS,"mature-market high",70,489.00,dt,16904000,8266056000,BTU,0.83,Pasture
"agriculture land","Energy crops, herbaceous",Switchgrass,55109,"St. Croix County",Wisconsin,"Lake States",735.19,POLYSYS,"mature-market high",70,0.00,dt,16424000,0,BTU,0.00,Pasture
"agriculture land","Energy crops, herbaceous",Switchgrass,55067,"Langlade County",Wisconsin,"Lake States",887.79,POLYSYS,"mature-market high",70,0.00,dt,16424000,0,BTU,0.00,Pasture
"agriculture land","Agricultural residues","Oats straw",55111,"Sauk County",Wisconsin,"Lake States",849.19,POLYSYS,"mature-market low",70,0.00,dt,14892000,0,BTU,0.00,Crop
"agriculture land","Agricultural residues","Wheat straw",55115,"Shawano County",Wisconsin,"Lake States",909.4,POLYSYS,near-term,70,0.00,dt,14892000,0,BTU,0.00,Crop
"agriculture land","Energy crops, woody",Poplar,55061,"Kewaunee County",Wisconsin,"Lake States",343.95,POLYSYS,emerging,70,520.00,dt,16904000,8790080000,BTU,1.51,Pasture
"agriculture land","Agricultural residues","Wheat straw",55025,"Dane County",Wisconsin,"Lake States",1237.5,POLYSYS,emerging,70,0.00,dt,14892000,0,BTU,0.00,Crop
"agriculture land","Energy crops, woody",Willow,55011,"Buffalo County",Wisconsin,"Lake States",709.59,POLYSYS,"mature-market high",70,1304.00,dt,17296000,22553984000,BTU,1.84,Pasture
"agriculture land","Agricultural residues","Oats straw",55013,"Burnett County",Wisconsin,"Lake States",880.22,POLYSYS,"mature-market medium",70,0.00,dt,14892000,0,BTU,0.00,Crop
"agriculture land","Energy crops, woody",Willow,55105,"Rock County",Wisconsin,"Lake States",726.16,POLYSYS,"mature-market high",70,5993.00,dt,17296000,103654928000,BTU,8.25,Pasture
"agriculture land","Energy crops, herbaceous",Miscanthus,55055,"Jefferson County",Wisconsin,"Lake States",582.74,POLYSYS,"mature-market low",70,15775.00,dt,16660000,262811500000,BTU,27.07,Pasture
"agriculture land","Intermediate oilseeds",Pennycress,55083,"Oconto County",Wisconsin,"Lake States",1016.31,POLYSYS,"mature-market high",400,15110.85,dt,23288300,351906008055,BTU,14.87,Crop
"agriculture land","Intermediate oilseeds",Pennycress,55105,"Rock County",Wisconsin,"Lake States",726.16,POLYSYS,"mature-market medium",400,35041.90,dt,23288300,816066279770,BTU,48.26,Crop
"agriculture land","Agricultural residues","Oats straw",55003,"Ashland County",Wisconsin,"Lake States",1054.13,POLYSYS,emerging,70,0.00,dt,14892000,0,BTU,0.00,Crop
"agriculture land","Agricultural residues","Corn stover",55029,"Door County",Wisconsin,"Lake States",487.56,POLYSYS,emerging,70,34213.00,dt,15722000,537896786000,BTU,70.17,Crop
"agriculture land","Agricultural residues","Oats straw",55135,"Waupaca County",Wisconsin,"Lake States",765.17,POLYSYS,"mature-market low",70,0.00,dt,14892000,0,BTU,0.00,Crop
"agriculture land","Agricultural residues","Oats straw",55003,"Ashland County",Wisconsin,"Lake States",1054.13,POLYSYS,near-term,70,0.00,dt,14892000,0,BTU,0.00,Crop
"agriculture land","Agricultural residues","Corn stover",55119,"Taylor County",Wisconsin,"Lake States",984.56,POLYSYS,"mature-market medium",70,19207.00,dt,15722000,301972454000,BTU,19.51,Crop
"agriculture land","Energy crops, herbaceous",Miscanthus,55121,"Trempealeau County",Wisconsin,"Lake States",741.98,POLYSYS,emerging,70,9192.00,dt,16660000,153138720000,BTU,12.39,Pasture
"agriculture land","Energy crops, woody",Poplar,55031,"Douglas County",Wisconsin,"Lake States",1332.11,POLYSYS,"mature-market high",70,2394.00,dt,16904000,40468176000,BTU,1.80,Pasture
"agriculture land","Intermediate oilseeds",Pennycress,55087,"Outagamie County",Wisconsin,"Lake States",644.61,POLYSYS,emerging,400,25117.91,dt,23288300,584953423453,BTU,38.97,Crop
"agriculture land","Agricultural residues","Corn stover",55025,"Dane County",Wisconsin,"Lake States",1237.5,POLYSYS,near-term,70,359958.00,dt,15722000,5659259676000,BTU,290.88,Crop
"agriculture land","Intermediate oilseeds",Pennycress,55033,"Dunn County",Wisconsin,"Lake States",863.89,POLYSYS,"mature-market high",400,26243.75,dt,23288300,611172323125,BTU,30.38,Crop
"agriculture land","Energy crops, herbaceous",Miscanthus,55063,"La Crosse County",Wisconsin,"Lake States",480.05,POLYSYS,"mature-market high",70,4092.00,dt,16660000,68172720000,BTU,8.52,Pasture
"agriculture land","Agricultural residues","Wheat straw",55139,"Winnebago County",Wisconsin,"Lake States",578.57,POLYSYS,"mature-market medium",70,0.00,dt,14892000,0,BTU,0.00,Crop
"agriculture land","Energy crops, woody",Willow,55021,"Columbia County",Wisconsin,"Lake States",795.99,POLYSYS,emerging,70,6910.00,dt,17296000,119515360000,BTU,8.68,Pasture
"agriculture land","Energy crops, herbaceous",Miscanthus,55129,"Washburn County",Wisconsin,"Lake States",853.32,POLYSYS,"mature-market high",70,57887.00,dt,16660000,964397420000,BTU,67.84,Crop
"agriculture land","Energy crops, herbaceous",Miscanthus,55099,"Price County",Wisconsin,"Lake States",1278.04,POLYSYS,"mature-market high",70,28455.00,dt,16660000,474060300000,BTU,22.26,Pasture
"agriculture land","Energy crops, woody",Willow,55055,"Jefferson County",Wisconsin,"Lake States",582.74,POLYSYS,"mature-market high",70,3684.00,dt,17296000,63718464000,BTU,6.32,Pasture
"agriculture land","Energy crops, herbaceous",Miscanthus,55069,"Lincoln County",Wisconsin,"Lake States",906.79,POLYSYS,"mature-market high",70,64406.00,dt,16660000,1073003960000,BTU,71.03,Crop
"agriculture land","Agricultural residues","Corn stover",55093,"Pierce County",Wisconsin,"Lake States",592.73,POLYSYS,"mature-market high",70,266144.00,dt,15722000,4184315968000,BTU,449.01,Crop
"agriculture land","Agricultural residues","Oats straw",55019,"Clark County",Wisconsin,"Lake States",1218.67,POLYSYS,emerging,70,0.00,dt,14892000,0,BTU,0.00,Crop
"agriculture land","Agricultural residues","Corn stover",55127,"Walworth County",Wisconsin,"Lake States",576.6,POLYSYS,near-term,70,116214.00,dt,15722000,1827116508000,BTU,201.55,Crop
"agriculture land","Agricultural residues","Corn stover",55047,"Green Lake County",Wisconsin,"Lake States",380.13,POLYSYS,"mature-market medium",70,166574.00,dt,15722000,2618876428000,BTU,438.20,Crop
"agriculture land","Energy crops, woody",Poplar,55121,"Trempealeau County",Wisconsin,"Lake States",741.98,POLYSYS,"mature-market medium",70,727.00,dt,16904000,12289208000,BTU,0.98,Pasture
"agriculture land","Energy crops, woody",Willow,55097,"Portage County",Wisconsin,"Lake States",822.82,POLYSYS,emerging,70,27534.00,dt,17296000,476228064000,BTU,33.46,Crop
"agriculture land","Energy crops, woody",Willow,55029,"Door County",Wisconsin,"Lake States",487.56,POLYSYS,"mature-market medium",70,2270.00,dt,17296000,39261920000,BTU,4.66,Pasture
"agriculture land","Energy crops, herbaceous",Miscanthus,55113,"Sawyer County",Wisconsin,"Lake States",1350.24,POLYSYS,"mature-market high",70,27448.00,dt,16660000,457283680000,BTU,20.33,Crop
"agriculture land","Energy crops, herbaceous",Switchgrass,55107,"Rusk County",Wisconsin,"Lake States",930.86,POLYSYS,"mature-market high",70,39542.00,dt,16424000,649437808000,BTU,42.48,Crop
"agriculture land","Agricultural residues","Corn stover",55009,"Brown County",Wisconsin,"Lake States",531.24,POLYSYS,"mature-market high",70,86035.00,dt,15722000,1352642270000,BTU,161.95,Crop
"agriculture land","Energy crops, herbaceous",Miscanthus,55123,"Vernon County",Wisconsin,"Lake States",816.38,POLYSYS,"mature-market high",70,20857.00,dt,16660000,347477620000,BTU,25.55,Pasture
"agriculture land","Energy crops, herbaceous",Switchgrass,55029,"Door County",Wisconsin,"Lake States",487.56,POLYSYS,"mature-market high",70,0.00,dt,16424000,0,BTU,0.00,Pasture
"agriculture land","Agricultural residues","Wheat straw",55111,"Sauk County",Wisconsin,"Lake States",849.19,POLYSYS,near-term,70,0.00,dt,14892000,0,BTU,0.00,Crop
"agriculture land","Energy crops, woody",Poplar,55119,"Taylor County",Wisconsin,"Lake States",984.56,POLYSYS,emerging,70,5903.00,dt,16904000,99784312000,BTU,6.00,Pasture
"agriculture land","Agricultural residues","Oats straw",55097,"Portage County",Wisconsin,"Lake States",822.82,POLYSYS,"mature-market medium",70,0.00,dt,14892000,0,BTU,0.00,Crop
"agriculture land","Energy crops, herbaceous",Switchgrass,55017,"Chippewa County",Wisconsin,"Lake States",1041.27,POLYSYS,"mature-market medium",70,0.00,dt,16424000,0,BTU,0.00,Pasture
"agriculture land","Energy crops, woody",Poplar,55019,"Clark County",Wisconsin,"Lake States",1218.67,POLYSYS,"mature-market low",70,3341.00,dt,16904000,56476264000,BTU,2.74,Pasture
"agriculture land","Intermediate oilseeds",Pennycress,55049,"Iowa County",Wisconsin,"Lake States",768.05,POLYSYS,"mature-market high",400,17419.68,dt,23288300,405674733744,BTU,22.68,Crop
"agriculture land","Energy crops, herbaceous",Miscanthus,55085,"Oneida County",Wisconsin,"Lake States",1236.57,POLYSYS,emerging,70,11755.00,dt,16660000,195838300000,BTU,9.51,Crop
"agriculture land","Energy crops, herbaceous",Miscanthus,55031,"Douglas County",Wisconsin,"Lake States",1332.11,POLYSYS,"mature-market low",70,528.00,dt,16660000,8796480000,BTU,0.40,Crop
"agriculture land","Energy crops, herbaceous",Switchgrass,55111,"Sauk County",Wisconsin,"Lake States",849.19,POLYSYS,"mature-market medium",70,0.00,dt,16424000,0,BTU,0.00,Pasture
"agriculture land","Energy crops, herbaceous",Miscanthus,55127,"Walworth County",Wisconsin,"Lake States",576.6,POLYSYS,"mature-market low",70,2759.00,dt,16660000,45964940000,BTU,4.78,Pasture
"agriculture land","Agricultural residues","Oats straw",55075,"Marinette County",Wisconsin,"Lake States",1429.25,POLYSYS,emerging,70,0.00,dt,14892000,0,BTU,0.00,Crop
"agriculture land","Agricultural residues","Oats straw",55021,"Columbia County",Wisconsin,"Lake States",795.99,POLYSYS,near-term,70,0.00,dt,14892000,0,BTU,0.00,Crop
"agriculture land","Energy crops, herbaceous",Miscanthus,55021,"Columbia County",Wisconsin,"Lake States",795.99,POLYSYS,"mature-market medium",70,32277.00,dt,16660000,537734820000,BTU,40.55,Pasture
"agriculture land","Agricultural residues","Wheat straw",55059,"Kenosha County",Wisconsin,"Lake States",278.42,POLYSYS,"mature-market low",70,0.00,dt,14892000,0,BTU,0.00,Crop
"agriculture land","Energy crops, woody",Willow,55081,"Monroe County",Wisconsin,"Lake States",908.08,POLYSYS,emerging,70,1636.00,dt,17296000,28296256000,BTU,1.80,Pasture
"agriculture land","Energy crops, herbaceous",Miscanthus,55033,"Dunn County",Wisconsin,"Lake States",863.89,POLYSYS,"mature-market high",70,7334.00,dt,16660000,122184440000,BTU,8.49,Pasture
"agriculture land","Agricultural residues","Wheat straw",55109,"St. Croix County",Wisconsin,"Lake States",735.19,POLYSYS,emerging,70,0.00,dt,14892000,0,BTU,0.00,Crop
"agriculture land","Intermediate oilseeds",Pennycress,55067,"Langlade County",Wisconsin,"Lake States",887.79,POLYSYS,emerging,400,2858.58,dt,23288300,66571468614,BTU,3.22,Crop
"agriculture land","Agricultural residues","Oats straw",55047,"Green Lake County",Wisconsin,"Lake States",380.13,POLYSYS,emerging,70,0.00,dt,14892000,0,BTU,0.00,Crop
"agriculture land","Agricultural residues","Wheat straw",55017,"Chippewa County",Wisconsin,"Lake States",1041.27,POLYSYS,"mature-market medium",70,0.00,dt,14892000,0,BTU,0.00,Crop
"agriculture land","Energy crops, woody",Willow,55065,"Lafayette County",Wisconsin,"Lake States",634.57,POLYSYS,"mature-market low",70,2378.00,dt,17296000,41129888000,BTU,3.75,Pasture
"agriculture land","Intermediate oilseeds",Pennycress,55127,"Walworth County",Wisconsin,"Lake States",576.6,POLYSYS,emerging,400,23305.99,dt,23288300,542756886917,BTU,40.42,Crop
"agriculture land","Energy crops, woody",Willow,55015,"Calumet County",Wisconsin,"Lake States",397.08,POLYSYS,"mature-market high",70,1615.00,dt,17296000,27933040000,BTU,4.07,Pasture
"agriculture land","Energy crops, woody",Willow,55073,"Marathon County",Wisconsin,"Lake States",1576.33,POLYSYS,"mature-market high",70,342950.00,dt,17296000,5931663200000,BTU,217.56,Crop
"agriculture land","Energy crops, woody",Willow,55081,"Monroe County",Wisconsin,"Lake States",908.08,POLYSYS,"mature-market medium",70,1506.00,dt,17296000,26047776000,BTU,1.66,Pasture
"agriculture land","Agricultural residues","Corn stover",55077,"Marquette County",Wisconsin,"Lake States",464.47,POLYSYS,"mature-market low",70,31256.00,dt,15722000,491406832000,BTU,67.29,Crop
"agriculture land","Agricultural residues","Oats straw",55069,"Lincoln County",Wisconsin,"Lake States",906.79,POLYSYS,near-term,70,0.00,dt,14892000,0,BTU,0.00,Crop
"agriculture land","Energy crops, herbaceous",Miscanthus,55103,"Richland County",Wisconsin,"Lake States",589.3,POLYSYS,emerging,70,201725.00,dt,16660000,3360738500000,BTU,342.31,Crop
"agriculture land","Agricultural residues","Wheat straw",55059,"Kenosha County",Wisconsin,"Lake States",278.42,POLYSYS,"mature-market high",70,0.00,dt,14892000,0,BTU,0.00,Crop
"agriculture land","Agricultural residues","Wheat straw",55101,"Racine County",Wisconsin,"Lake States",340.39,POLYSYS,near-term,70,0.00,dt,14892000,0,BTU,0.00,Crop
"agriculture land","Agricultural residues","Wheat straw",55017,"Chippewa County",Wisconsin,"Lake States",1041.27,POLYSYS,emerging,70,0.00,dt,14892000,0,BTU,0.00,Crop
"agriculture land","Agricultural residues","Corn stover",55087,"Outagamie County",Wisconsin,"Lake States",644.61,POLYSYS,"mature-market high",70,116955.00,dt,15722000,1838766510000,BTU,181.44,Crop
"agriculture land","Agricultural residues","Corn stover",55065,"Lafayette County",Wisconsin,"Lake States",634.57,POLYSYS,near-term,70,134378.00,dt,15722000,2112690916000,BTU,211.76,Crop
"agriculture land","Energy crops, herbaceous",Miscanthus,55057,"Juneau County",Wisconsin,"Lake States",805.17,POLYSYS,"mature-market high",70,191327.00,dt,16660000,3187507820000,BTU,237.62,Crop
"agriculture land","Agricultural residues","Corn stover",55069,"Lincoln County",Wisconsin,"Lake States",906.79,POLYSYS,"mature-market low",70,7845.00,dt,15722000,123339090000,BTU,8.65,Crop
"agriculture land","Agricultural residues","Corn stover",55113,"Sawyer County",Wisconsin,"Lake States",1350.24,POLYSYS,near-term,70,9798.00,dt,15722000,154044156000,BTU,7.26,Crop
"agriculture land","Agricultural residues","Wheat straw",55119,"Taylor County",Wisconsin,"Lake States",984.56,POLYSYS,emerging,70,0.00,dt,14892000,0,BTU,0.00,Crop
"agriculture land","Agricultural residues","Oats straw",55105,"Rock County",Wisconsin,"Lake States",726.16,POLYSYS,"mature-market medium",70,0.00,dt,14892000,0,BTU,0.00,Crop
"agriculture land","Energy crops, herbaceous",Miscanthus,55097,"Portage County",Wisconsin,"Lake States",822.82,POLYSYS,emerging,70,253347.00,dt,16660000,4220761020000,BTU,307.90,Crop
"agriculture land","Agricultural residues","Corn stover",55061,"Kewaunee County",Wisconsin,"Lake States",343.95,POLYSYS,"mature-market low",70,62038.00,dt,15722000,975361436000,BTU,180.37,Crop
"agriculture land","Agricultural residues","Oats straw",55095,"Polk County",Wisconsin,"Lake States",956.41,POLYSYS,"mature-market high",70,0.00,dt,14892000,0,BTU,0.00,Crop
"agriculture land","Agricultural residues","Oats straw",55097,"Portage County",Wisconsin,"Lake States",822.82,POLYSYS,emerging,70,0.00,dt,14892000,0,BTU,0.00,Crop
"agriculture land","Agricultural residues","Corn stover",55007,"Bayfield County",Wisconsin,"Lake States",1511.34,POLYSYS,emerging,70,0.00,dt,15722000,0,BTU,0.00,Crop
"agriculture land","Energy crops, woody",Willow,55061,"Kewaunee County",Wisconsin,"Lake States",343.95,POLYSYS,"mature-market high",70,2646.00,dt,17296000,45765216000,BTU,7.69,Pasture
"agriculture land","Agricultural residues","Corn stover",55057,"Juneau County",Wisconsin,"Lake States",805.17,POLYSYS,emerging,70,65832.00,dt,15722000,1035010704000,BTU,81.76,Crop
"agriculture land","Energy crops, woody",Willow,55031,"Douglas County",Wisconsin,"Lake States",1332.11,POLYSYS,"mature-market high",70,205.00,dt,17296000,3545680000,BTU,0.15,Pasture
"agriculture land","Energy crops, herbaceous",Miscanthus,55063,"La Crosse County",Wisconsin,"Lake States",480.05,POLYSYS,emerging,70,45643.00,dt,16660000,760412380000,BTU,95.08,Crop
"agriculture land","Agricultural residues","Wheat straw",55103,"Richland County",Wisconsin,"Lake States",589.3,POLYSYS,near-term,70,0.00,dt,14892000,0,BTU,0.00,Crop
"agriculture land","Agricultural residues","Oats straw",55045,"Green County",Wisconsin,"Lake States",584.55,POLYSYS,"mature-market low",70,0.00,dt,14892000,0,BTU,0.00,Crop
"agriculture land","Agricultural residues","Oats straw",55105,"Rock County",Wisconsin,"Lake States",726.16,POLYSYS,"mature-market high",70,0.00,dt,14892000,0,BTU,0.00,Crop
"agriculture land","Agricultural residues","Oats straw",55003,"Ashland County",Wisconsin,"Lake States",1054.13,POLYSYS,"mature-market low",70,0.00,dt,14892000,0,BTU,0.00,Crop
"agriculture land","Energy crops, herbaceous",Miscanthus,55007,"Bayfield County",Wisconsin,"Lake States",1511.34,POLYSYS,"mature-market low",70,20260.00,dt,16660000,337531600000,BTU,13.41,Crop
"agriculture land","Agricultural residues","Corn stover",55003,"Ashland County",Wisconsin,"Lake States",1054.13,POLYSYS,emerging,70,0.00,dt,15722000,0,BTU,0.00,Crop
"agriculture land","Intermediate oilseeds",Pennycress,55091,"Pepin County",Wisconsin,"Lake States",248.7,POLYSYS,"mature-market medium",400,7096.34,dt,23288300,165261694822,BTU,28.53,Crop
"agriculture land","Agricultural residues","Corn stover",55003,"Ashland County",Wisconsin,"Lake States",1054.13,POLYSYS,"mature-market high",70,0.00,dt,15722000,0,BTU,0.00,Crop
"agriculture land","Agricultural residues","Wheat straw",55001,"Adams County",Wisconsin,"Lake States",687.48,POLYSYS,near-term,70,92.00,dt,14892000,1370064000,BTU,0.13,Crop
"agriculture land","Agricultural residues","Wheat straw",55049,"Iowa County",Wisconsin,"Lake States",768.05,POLYSYS,emerging,70,0.00,dt,14892000,0,BTU,0.00,Crop
"agriculture land","Energy crops, herbaceous",Miscanthus,55029,"Door County",Wisconsin,"Lake States",487.56,POLYSYS,"mature-market low",70,93798.00,dt,16660000,1562674680000,BTU,192.38,Crop
"agriculture land","Intermediate oilseeds",Pennycress,55119,"Taylor County",Wisconsin,"Lake States",984.56,POLYSYS,emerging,400,10601.97,dt,23288300,246901857951,BTU,10.77,Crop
"agriculture land","Agricultural residues","Corn stover",55103,"Richland County",Wisconsin,"Lake States",589.3,POLYSYS,emerging,70,9311.00,dt,15722000,146387542000,BTU,15.80,Crop
"agriculture land","Agricultural residues","Corn stover",55075,"Marinette County",Wisconsin,"Lake States",1429.25,POLYSYS,"mature-market medium",70,0.00,dt,15722000,0,BTU,0.00,Crop
"agriculture land","Energy crops, herbaceous",Switchgrass,55111,"Sauk County",Wisconsin,"Lake States",849.19,POLYSYS,"mature-market low",70,0.00,dt,16424000,0,BTU,0.00,Pasture
"agriculture land","Agricultural residues","Corn stover",55065,"Lafayette County",Wisconsin,"Lake States",634.57,POLYSYS,"mature-market high",70,302837.00,dt,15722000,4761203314000,BTU,477.23,Crop
"agriculture land","Intermediate oilseeds",Pennycress,55013,"Burnett County",Wisconsin,"Lake States",880.22,POLYSYS,"mature-market high",400,4194.34,dt,23288300,97679048222,BTU,4.77,Crop
"agriculture land","Intermediate oilseeds",Pennycress,55141,"Wood County",Wisconsin,"Lake States",809.25,POLYSYS,"mature-market low",400,10974.11,dt,23288300,255568365913,BTU,13.56,Crop
"agriculture land","Agricultural residues","Oats straw",55023,"Crawford County",Wisconsin,"Lake States",599.21,POLYSYS,emerging,70,0.00,dt,14892000,0,BTU,0.00,Crop
"agriculture land","Energy crops, herbaceous",Miscanthus,55057,"Juneau County",Wisconsin,"Lake States",805.17,POLYSYS,emerging,70,30028.00,dt,16660000,500266480000,BTU,37.29,Pasture
"agriculture land","Agricultural residues","Wheat straw",55081,"Monroe County",Wisconsin,"Lake States",908.08,POLYSYS,near-term,70,0.00,dt,14892000,0,BTU,0.00,Crop
"agriculture land","Energy crops, herbaceous",Miscanthus,55131,"Washington County",Wisconsin,"Lake States",435.66,POLYSYS,emerging,70,19182.00,dt,16660000,319572120000,BTU,44.03,Crop
"agriculture land","Energy crops, herbaceous",Miscanthus,55015,"Calumet County",Wisconsin,"Lake States",397.08,POLYSYS,"mature-market high",70,9067.00,dt,16660000,151056220000,BTU,22.83,Pasture
"agriculture land","Energy crops, herbaceous",Miscanthus,55119,"Taylor County",Wisconsin,"Lake States",984.56,POLYSYS,"mature-market medium",70,68427.00,dt,16660000,1139993820000,BTU,69.50,Pasture
"agriculture land","Agricultural residues","Corn stover",55091,"Pepin County",Wisconsin,"Lake States",248.7,POLYSYS,"mature-market low",70,50045.00,dt,15722000,786807490000,BTU,201.23,Crop
"agriculture land","Agricultural residues","Oats straw",55005,"Barron County",Wisconsin,"Lake States",889.76,POLYSYS,"mature-market high",70,0.00,dt,14892000,0,BTU,0.00,Crop
"agriculture land","Intermediate oilseeds",Pennycress,55045,"Green County",Wisconsin,"Lake States",584.55,POLYSYS,"mature-market low",400,25909.62,dt,23288300,603391003446,BTU,44.32,Crop
"agriculture land","Agricultural residues","Oats straw",55057,"Juneau County",Wisconsin,"Lake States",805.17,POLYSYS,emerging,70,0.00,dt,14892000,0,BTU,0.00,Crop
"agriculture land","Energy crops, woody",Willow,55127,"Walworth County",Wisconsin,"Lake States",576.6,POLYSYS,"mature-market medium",70,1066.00,dt,17296000,18437536000,BTU,1.85,Pasture
"agriculture land","Agricultural residues","Oats straw",55049,"Iowa County",Wisconsin,"Lake States",768.05,POLYSYS,"mature-market medium",70,0.00,dt,14892000,0,BTU,0.00,Crop
"agriculture land","Energy crops, woody",Willow,55001,"Adams County",Wisconsin,"Lake States",687.48,POLYSYS,"mature-market medium",70,826.00,dt,17296000,14286496000,BTU,1.20,Pasture
"agriculture land","Energy crops, herbaceous",Miscanthus,55091,"Pepin County",Wisconsin,"Lake States",248.7,POLYSYS,emerging,70,0.00,dt,16660000,0,BTU,0.00,Crop
"agriculture land","Agricultural residues","Wheat straw",55025,"Dane County",Wisconsin,"Lake States",1237.5,POLYSYS,near-term,70,0.00,dt,14892000,0,BTU,0.00,Crop
"agriculture land","Energy crops, herbaceous",Miscanthus,55095,"Polk County",Wisconsin,"Lake States",956.41,POLYSYS,emerging,70,72652.00,dt,16660000,1210382320000,BTU,75.96,Pasture
"agriculture land","Agricultural residues","Corn stover",55033,"Dunn County",Wisconsin,"Lake States",863.89,POLYSYS,"mature-market low",70,217875.00,dt,15722000,3425430750000,BTU,252.20,Crop
"agriculture land","Agricultural residues","Corn stover",55123,"Vernon County",Wisconsin,"Lake States",816.38,POLYSYS,"mature-market medium",70,8708.00,dt,15722000,136907176000,BTU,10.67,Crop
"agriculture land","Energy crops, herbaceous",Miscanthus,55067,"Langlade County",Wisconsin,"Lake States",887.79,POLYSYS,"mature-market low",70,15793.00,dt,16660000,263111380000,BTU,17.79,Pasture
"agriculture land","Agricultural residues","Wheat straw",55037,"Florence County",Wisconsin,"Lake States",497.43,POLYSYS,emerging,70,0.00,dt,14892000,0,BTU,0.00,Crop
"agriculture land","Energy crops, herbaceous",Miscanthus,55029,"Door County",Wisconsin,"Lake States",487.56,POLYSYS,emerging,70,14962.00,dt,16660000,249266920000,BTU,30.69,Pasture
"agriculture land","Agricultural residues","Corn stover",55027,"Dodge County",Wisconsin,"Lake States",907.1,POLYSYS,near-term,70,327103.00,dt,15722000,5142713366000,BTU,360.60,Crop
"agriculture land","Energy crops, herbaceous",Miscanthus,55047,"Green Lake County",Wisconsin,"Lake States",380.13,POLYSYS,"mature-market high",70,11918.00,dt,16660000,198553880000,BTU,31.35,Pasture
"agriculture land","Agricultural residues","Wheat straw",55129,"Washburn County",Wisconsin,"Lake States",853.32,POLYSYS,"mature-market medium",70,0.00,dt,14892000,0,BTU,0.00,Crop
"agriculture land","Energy crops, woody",Poplar,55067,"Langlade County",Wisconsin,"Lake States",887.79,POLYSYS,emerging,70,231.00,dt,16904000,3904824000,BTU,0.26,Pasture
"agriculture land","Energy crops, herbaceous",Miscanthus,55021,"Columbia County",Wisconsin,"Lake States",795.99,POLYSYS,"mature-market high",70,6323.00,dt,16660000,105341180000,BTU,7.94,Crop
"agriculture land","Agricultural residues","Wheat straw",55015,"Calumet County",Wisconsin,"Lake States",397.08,POLYSYS,"mature-market low",70,0.00,dt,14892000,0,BTU,0.00,Crop
"agriculture land","Agricultural residues","Wheat straw",55033,"Dunn County",Wisconsin,"Lake States",863.89,POLYSYS,near-term,70,0.00,dt,14892000,0,BTU,0.00,Crop
"agriculture land","Energy crops, herbaceous",Miscanthus,55033,"Dunn County",Wisconsin,"Lake States",863.89,POLYSYS,"mature-market medium",70,6075.00,dt,16660000,101209500000,BTU,7.03,Pasture
"agriculture land","Agricultural residues","Wheat straw",55045,"Green County",Wisconsin,"Lake States",584.55,POLYSYS,emerging,70,0.00,dt,14892000,0,BTU,0.00,Crop
"agriculture land","Energy crops, herbaceous",Miscanthus,55061,"Kewaunee County",Wisconsin,"Lake States",343.95,POLYSYS,emerging,70,150936.00,dt,16660000,2514593760000,BTU,438.83,Crop
"agriculture land","Agricultural residues","Oats straw",55085,"Oneida County",Wisconsin,"Lake States",1236.57,POLYSYS,"mature-market high",70,0.00,dt,14892000,0,BTU,0.00,Crop
"agriculture land","Intermediate oilseeds",Pennycress,55063,"La Crosse County",Wisconsin,"Lake States",480.05,POLYSYS,"mature-market low",400,7121.32,dt,23288300,165843436556,BTU,14.83,Crop
"agriculture land","Agricultural residues","Corn stover",55047,"Green Lake County",Wisconsin,"Lake States",380.13,POLYSYS,"mature-market low",70,138153.00,dt,15722000,2172041466000,BTU,363.44,Crop
"agriculture land","Energy crops, herbaceous",Miscanthus,55057,"Juneau County",Wisconsin,"Lake States",805.17,POLYSYS,"mature-market low",70,21836.00,dt,16660000,363787760000,BTU,27.12,Pasture
"agriculture land","Agricultural residues","Corn stover",55089,"Ozaukee County",Wisconsin,"Lake States",235.28,POLYSYS,"mature-market low",70,51503.00,dt,15722000,809730166000,BTU,218.90,Crop
"agriculture land","Energy crops, woody",Poplar,55009,"Brown County",Wisconsin,"Lake States",531.24,POLYSYS,"mature-market low",70,399.00,dt,16904000,6744696000,BTU,0.75,Pasture
"agriculture land","Energy crops, herbaceous",Miscanthus,55007,"Bayfield County",Wisconsin,"Lake States",1511.34,POLYSYS,"mature-market low",70,18458.00,dt,16660000,307510280000,BTU,12.21,Pasture
"agriculture land","Agricultural residues","Oats straw",55103,"Richland County",Wisconsin,"Lake States",589.3,POLYSYS,"mature-market medium",70,0.00,dt,14892000,0,BTU,0.00,Crop
"agriculture land","Energy crops, woody",Willow,55065,"Lafayette County",Wisconsin,"Lake States",634.57,POLYSYS,"mature-market high",70,2749.00,dt,17296000,47546704000,BTU,4.33,Pasture
"agriculture land","Agricultural residues","Wheat straw",55055,"Jefferson County",Wisconsin,"Lake States",582.74,POLYSYS,"mature-market high",70,0.00,dt,14892000,0,BTU,0.00,Crop
"agriculture land","Agricultural residues","Corn stover",55041,"Forest County",Wisconsin,"Lake States",1046.52,POLYSYS,"mature-market medium",70,0.00,dt,15722000,0,BTU,0.00,Crop
"agriculture land","Energy crops, herbaceous",Miscanthus,55035,"Eau Claire County",Wisconsin,"Lake States",645.2,POLYSYS,"mature-market low",70,5742.00,dt,16660000,95661720000,BTU,8.90,Pasture
"agriculture land","Energy crops, herbaceous",Miscanthus,55031,"Douglas County",Wisconsin,"Lake States",1332.11,POLYSYS,emerging,70,38273.00,dt,16660000,637628180000,BTU,28.73,Pasture
"agriculture land","Energy crops, woody",Willow,55011,"Buffalo County",Wisconsin,"Lake States",709.59,POLYSYS,emerging,70,9002.00,dt,17296000,155698592000,BTU,12.69,Crop
"agriculture land","Agricultural residues","Corn stover",55123,"Vernon County",Wisconsin,"Lake States",816.38,POLYSYS,"mature-market low",70,8896.00,dt,15722000,139862912000,BTU,10.90,Crop
"agriculture land","Agricultural residues","Oats straw",55035,"Eau Claire County",Wisconsin,"Lake States",645.2,POLYSYS,"mature-market high",70,0.00,dt,14892000,0,BTU,0.00,Crop
"agriculture land","Energy crops, woody",Willow,55141,"Wood County",Wisconsin,"Lake States",809.25,POLYSYS,"mature-market medium",70,5949.00,dt,17296000,102893904000,BTU,7.35,Pasture
"agriculture land","Energy crops, herbaceous",Miscanthus,55141,"Wood County",Wisconsin,"Lake States",809.25,POLYSYS,"mature-market high",70,108359.00,dt,16660000,1805260940000,BTU,133.90,Crop
"agriculture land","Agricultural residues","Corn stover",55035,"Eau Claire County",Wisconsin,"Lake States",645.2,POLYSYS,emerging,70,87908.00,dt,15722000,1382089576000,BTU,136.25,Crop
"agriculture land","Agricultural residues","Oats straw",55023,"Crawford County",Wisconsin,"Lake States",599.21,POLYSYS,"mature-market low",70,0.00,dt,14892000,0,BTU,0.00,Crop
"agriculture land","Agricultural residues","Wheat straw",55077,"Marquette County",Wisconsin,"Lake States",464.47,POLYSYS,"mature-market low",70,0.00,dt,14892000,0,BTU,0.00,Crop
"agriculture land","Agricultural residues","Wheat straw",55137,"Waushara County",Wisconsin,"Lake States",637.4,POLYSYS,near-term,70,0.00,dt,14892000,0,BTU,0.00,Crop
"agriculture land","Energy crops, herbaceous",Miscanthus,55085,"Oneida County",Wisconsin,"Lake States",1236.57,POLYSYS,"mature-market medium",70,6402.00,dt,16660000,106657320000,BTU,5.18,Pasture
"agriculture land","Energy crops, herbaceous",Miscanthus,55053,"Jackson County",Wisconsin,"Lake States",1000.48,POLYSYS,"mature-market low",70,5803.00,dt,16660000,96677980000,BTU,5.80,Pasture
"agriculture land","Energy crops, herbaceous",Switchgrass,55055,"Jefferson County",Wisconsin,"Lake States",582.74,POLYSYS,emerging,70,0.00,dt,16424000,0,BTU,0.00,Pasture
"agriculture land","Agricultural residues","Corn stover",55109,"St. Croix County",Wisconsin,"Lake States",735.19,POLYSYS,emerging,70,342628.00,dt,15722000,5386797416000,BTU,466.04,Crop
"agriculture land","Energy crops, herbaceous",Miscanthus,55057,"Juneau County",Wisconsin,"Lake States",805.17,POLYSYS,"mature-market medium",70,28280.00,dt,16660000,471144800000,BTU,35.12,Crop
"agriculture land","Energy crops, herbaceous",Miscanthus,55111,"Sauk County",Wisconsin,"Lake States",849.19,POLYSYS,"mature-market high",70,254409.00,dt,16660000,4238453940000,BTU,299.59,Crop
"agriculture land","Agricultural residues","Wheat straw",55087,"Outagamie County",Wisconsin,"Lake States",644.61,POLYSYS,near-term,70,0.00,dt,14892000,0,BTU,0.00,Crop
"agriculture land","Energy crops, herbaceous",Switchgrass,55005,"Barron County",Wisconsin,"Lake States",889.76,POLYSYS,"mature-market high",70,0.00,dt,16424000,0,BTU,0.00,Pasture
"agriculture land","Energy crops, herbaceous",Miscanthus,55107,"Rusk County",Wisconsin,"Lake States",930.86,POLYSYS,"mature-market high",70,51234.00,dt,16660000,853558440000,BTU,55.04,Pasture
"agriculture land","Agricultural residues","Wheat straw",55073,"Marathon County",Wisconsin,"Lake States",1576.33,POLYSYS,"mature-market medium",70,0.00,dt,14892000,0,BTU,0.00,Crop
"agriculture land","Energy crops, herbaceous",Miscanthus,55005,"Barron County",Wisconsin,"Lake States",889.76,POLYSYS,emerging,70,69457.00,dt,16660000,1157153620000,BTU,78.06,Pasture
"agriculture land","Energy crops, herbaceous",Miscanthus,55041,"Forest County",Wisconsin,"Lake States",1046.52,POLYSYS,"mature-market medium",70,10846.00,dt,16660000,180694360000,BTU,10.36,Pasture
"agriculture land","Agricultural residues","Oats straw",55033,"Dunn County",Wisconsin,"Lake States",863.89,POLYSYS,"mature-market medium",70,0.00,dt,14892000,0,BTU,0.00,Crop
"agriculture land","Agricultural residues","Corn stover",55049,"Iowa County",Wisconsin,"Lake States",768.05,POLYSYS,"mature-market high",70,56001.00,dt,15722000,880447722000,BTU,72.91,Crop
"agriculture land","Energy crops, herbaceous",Miscanthus,55093,"Pierce County",Wisconsin,"Lake States",592.73,POLYSYS,"mature-market medium",70,7153.00,dt,16660000,119168980000,BTU,12.07,Pasture
"agriculture land","Energy crops, woody",Willow,55015,"Calumet County",Wisconsin,"Lake States",397.08,POLYSYS,"mature-market medium",70,1537.00,dt,17296000,26583952000,BTU,3.87,Pasture
"agriculture land","Energy crops, herbaceous",Miscanthus,55013,"Burnett County",Wisconsin,"Lake States",880.22,POLYSYS,emerging,70,67539.00,dt,16660000,1125199740000,BTU,76.73,Crop
"agriculture land","Agricultural residues","Oats straw",55117,"Sheboygan County",Wisconsin,"Lake States",517.64,POLYSYS,"mature-market high",70,0.00,dt,14892000,0,BTU,0.00,Crop
"agriculture land","Energy crops, herbaceous",Switchgrass,55099,"Price County",Wisconsin,"Lake States",1278.04,POLYSYS,"mature-market low",70,0.00,dt,16424000,0,BTU,0.00,Pasture
"agriculture land","Agricultural residues","Wheat straw",55133,"Waukesha County",Wisconsin,"Lake States",580.54,POLYSYS,"mature-market low",70,0.00,dt,14892000,0,BTU,0.00,Crop
"agriculture land","Agricultural residues","Oats straw",55129,"Washburn County",Wisconsin,"Lake States",853.32,POLYSYS,emerging,70,0.00,dt,14892000,0,BTU,0.00,Crop
"agriculture land","Agricultural residues","Wheat straw",55035,"Eau Claire County",Wisconsin,"Lake States",645.2,POLYSYS,near-term,70,0.00,dt,14892000,0,BTU,0.00,Crop
"agriculture land","Intermediate oilseeds",Pennycress,55069,"Lincoln County",Wisconsin,"Lake States",906.79,POLYSYS,"mature-market medium",400,3859.75,dt,23288300,89887015925,BTU,4.26,Crop
"agriculture land","Energy crops, herbaceous",Miscanthus,55005,"Barron County",Wisconsin,"Lake States",889.76,POLYSYS,"mature-market low",70,50916.00,dt,16660000,848260560000,BTU,57.22,Pasture
"agriculture land","Agricultural residues","Corn stover",55115,"Shawano County",Wisconsin,"Lake States",909.4,POLYSYS,"mature-market high",70,92839.00,dt,15722000,1459614758000,BTU,102.09,Crop
"agriculture land","Agricultural residues","Wheat straw",55009,"Brown County",Wisconsin,"Lake States",531.24,POLYSYS,"mature-market high",70,0.00,dt,14892000,0,BTU,0.00,Crop
"agriculture land","Energy crops, woody",Willow,55099,"Price County",Wisconsin,"Lake States",1278.04,POLYSYS,emerging,70,505.00,dt,17296000,8734480000,BTU,0.40,Pasture
"agriculture land","Agricultural residues","Oats straw",55077,"Marquette County",Wisconsin,"Lake States",464.47,POLYSYS,near-term,70,0.00,dt,14892000,0,BTU,0.00,Crop
"agriculture land","Energy crops, herbaceous",Miscanthus,55087,"Outagamie County",Wisconsin,"Lake States",644.61,POLYSYS,"mature-market medium",70,13012.00,dt,16660000,216779920000,BTU,20.19,Pasture
"agriculture land","Energy crops, woody",Willow,55075,"Marinette County",Wisconsin,"Lake States",1429.25,POLYSYS,"mature-market low",70,12778.00,dt,17296000,221008288000,BTU,8.94,Crop
"agriculture land","Energy crops, woody",Willow,55001,"Adams County",Wisconsin,"Lake States",687.48,POLYSYS,"mature-market low",70,18924.00,dt,17296000,327309504000,BTU,27.53,Crop
"agriculture land","Energy crops, herbaceous",Miscanthus,55077,"Marquette County",Wisconsin,"Lake States",464.47,POLYSYS,"mature-market low",70,9251.00,dt,16660000,154121660000,BTU,19.92,Pasture
"agriculture land","Agricultural residues","Corn stover",55083,"Oconto County",Wisconsin,"Lake States",1016.31,POLYSYS,"mature-market low",70,24016.00,dt,15722000,377579552000,BTU,23.63,Crop
"agriculture land","Energy crops, herbaceous",Miscanthus,55075,"Marinette County",Wisconsin,"Lake States",1429.25,POLYSYS,"mature-market high",70,129989.00,dt,16660000,2165616740000,BTU,90.95,Crop
"agriculture land","Energy crops, woody",Poplar,55049,"Iowa County",Wisconsin,"Lake States",768.05,POLYSYS,"mature-market high",70,353.00,dt,16904000,5967112000,BTU,0.46,Pasture
"agriculture land","Agricultural residues","Corn stover",55085,"Oneida County",Wisconsin,"Lake States",1236.57,POLYSYS,emerging,70,0.00,dt,15722000,0,BTU,0.00,Crop
"agriculture land","Energy crops, herbaceous",Miscanthus,55125,"Vilas County",Wisconsin,"Lake States",1017.72,POLYSYS,"mature-market high",70,1175.00,dt,16660000,19575500000,BTU,1.15,Crop
"agriculture land","Agricultural residues","Wheat straw",55049,"Iowa County",Wisconsin,"Lake States",768.05,POLYSYS,"mature-market low",70,0.00,dt,14892000,0,BTU,0.00,Crop
"agriculture land","Agricultural residues","Wheat straw",55111,"Sauk County",Wisconsin,"Lake States",849.19,POLYSYS,"mature-market low",70,0.00,dt,14892000,0,BTU,0.00,Crop
"agriculture land","Agricultural residues","Corn stover",55063,"La Crosse County",Wisconsin,"Lake States",480.05,POLYSYS,near-term,70,27797.00,dt,15722000,437024434000,BTU,57.90,Crop
"agriculture land","Agricultural residues","Oats straw",55075,"Marinette County",Wisconsin,"Lake States",1429.25,POLYSYS,"mature-market high",70,0.00,dt,14892000,0,BTU,0.00,Crop
"agriculture land","Agricultural residues","Wheat straw",55095,"Polk County",Wisconsin,"Lake States",956.41,POLYSYS,near-term,70,0.00,dt,14892000,0,BTU,0.00,Crop
"agriculture land","Intermediate oilseeds",Pennycress,55001,"Adams County",Wisconsin,"Lake States",687.48,POLYSYS,"mature-market high",400,7016.09,dt,23288300,163392808747,BTU,10.21,Crop
"agriculture land","Agricultural residues","Corn stover",55065,"Lafayette County",Wisconsin,"Lake States",634.57,POLYSYS,"mature-market low",70,175705.00,dt,15722000,2762434010000,BTU,276.89,Crop
"agriculture land","Agricultural residues","Oats straw",55095,"Polk County",Wisconsin,"Lake States",956.41,POLYSYS,"mature-market low",70,0.00,dt,14892000,0,BTU,0.00,Crop
"agriculture land","Energy crops, herbaceous",Miscanthus,55043,"Grant County",Wisconsin,"Lake States",1183.37,POLYSYS,"mature-market high",70,11252.00,dt,16660000,187458320000,BTU,9.51,Pasture
"agriculture land","Energy crops, herbaceous",Miscanthus,55099,"Price County",Wisconsin,"Lake States",1278.04,POLYSYS,"mature-market medium",70,23474.00,dt,16660000,391076840000,BTU,18.37,Crop
"agriculture land","Agricultural residues","Wheat straw",55045,"Green County",Wisconsin,"Lake States",584.55,POLYSYS,"mature-market medium",70,0.00,dt,14892000,0,BTU,0.00,Crop
"agriculture land","Energy crops, herbaceous",Miscanthus,55029,"Door County",Wisconsin,"Lake States",487.56,POLYSYS,"mature-market medium",70,12352.00,dt,16660000,205784320000,BTU,25.33,Pasture
"agriculture land","Energy crops, herbaceous",Miscanthus,55139,"Winnebago County",Wisconsin,"Lake States",578.57,POLYSYS,"mature-market high",70,66414.00,dt,16660000,1106457240000,BTU,114.79,Crop
"agriculture land","Agricultural residues","Wheat straw",55007,"Bayfield County",Wisconsin,"Lake States",1511.34,POLYSYS,"mature-market high",70,0.00,dt,14892000,0,BTU,0.00,Crop
"agriculture land","Agricultural residues","Wheat straw",55061,"Kewaunee County",Wisconsin,"Lake States",343.95,POLYSYS,"mature-market medium",70,0.00,dt,14892000,0,BTU,0.00,Crop
"agriculture land","Intermediate oilseeds",Pennycress,55037,"Florence County",Wisconsin,"Lake States",497.43,POLYSYS,emerging,400,148.59,dt,23288300,3460408497,BTU,0.30,Crop
"agriculture land","Energy crops, woody",Poplar,55099,"Price County",Wisconsin,"Lake States",1278.04,POLYSYS,"mature-market low",70,1457.00,dt,16904000,24629128000,BTU,1.14,Pasture
"agriculture land","Energy crops, herbaceous",Miscanthus,55137,"Waushara County",Wisconsin,"Lake States",637.4,POLYSYS,emerging,70,11098.00,dt,16660000,184892680000,BTU,17.41,Pasture
"agriculture land","Intermediate oilseeds",Pennycress,55021,"Columbia County",Wisconsin,"Lake States",795.99,POLYSYS,"mature-market high",400,27965.83,dt,23288300,651276638789,BTU,35.13,Crop
"agriculture land","Agricultural residues","Corn stover",55013,"Burnett County",Wisconsin,"Lake States",880.22,POLYSYS,"mature-market high",70,30084.00,dt,15722000,472980648000,BTU,34.18,Crop
"agriculture land","Agricultural residues","Corn stover",55009,"Brown County",Wisconsin,"Lake States",531.24,POLYSYS,"mature-market medium",70,73530.00,dt,15722000,1156038660000,BTU,138.41,Crop
"agriculture land","Energy crops, woody",Willow,55001,"Adams County",Wisconsin,"Lake States",687.48,POLYSYS,emerging,70,45750.00,dt,17296000,791292000000,BTU,66.55,Crop
"agriculture land","Agricultural residues","Corn stover",55045,"Green County",Wisconsin,"Lake States",584.55,POLYSYS,"mature-market high",70,211464.00,dt,15722000,3324637008000,BTU,361.76,Crop
"agriculture land","Intermediate oilseeds",Pennycress,55021,"Columbia County",Wisconsin,"Lake States",795.99,POLYSYS,"mature-market medium",400,27965.83,dt,23288300,651276638789,BTU,35.13,Crop
"agriculture land","Agricultural residues","Wheat straw",55073,"Marathon County",Wisconsin,"Lake States",1576.33,POLYSYS,emerging,70,0.00,dt,14892000,0,BTU,0.00,Crop
"agriculture land","Agricultural residues","Corn stover",55015,"Calumet County",Wisconsin,"Lake States",397.08,POLYSYS,emerging,70,0.00,dt,15722000,0,BTU,0.00,Crop
"agriculture land","Intermediate oilseeds",Pennycress,55099,"Price County",Wisconsin,"Lake States",1278.04,POLYSYS,"mature-market medium",400,874.41,dt,23288300,20363522403,BTU,0.68,Crop
"agriculture land","Energy crops, herbaceous",Miscanthus,55019,"Clark County",Wisconsin,"Lake States",1218.67,POLYSYS,"mature-market medium",70,98628.00,dt,16660000,1643142480000,BTU,80.93,Pasture
"agriculture land","Agricultural residues","Oats straw",55083,"Oconto County",Wisconsin,"Lake States",1016.31,POLYSYS,near-term,70,0.00,dt,14892000,0,BTU,0.00,Crop
"agriculture land","Energy crops, herbaceous",Miscanthus,55139,"Winnebago County",Wisconsin,"Lake States",578.57,POLYSYS,emerging,70,13320.00,dt,16660000,221911200000,BTU,23.02,Pasture
"agriculture land","Agricultural residues","Oats straw",55119,"Taylor County",Wisconsin,"Lake States",984.56,POLYSYS,"mature-market medium",70,0.00,dt,14892000,0,BTU,0.00,Crop
"agriculture land","Agricultural residues","Wheat straw",55035,"Eau Claire County",Wisconsin,"Lake States",645.2,POLYSYS,"mature-market high",70,0.00,dt,14892000,0,BTU,0.00,Crop
"agriculture land","Intermediate oilseeds",Pennycress,55055,"Jefferson County",Wisconsin,"Lake States",582.74,POLYSYS,"mature-market low",400,22552.59,dt,23288300,525211481697,BTU,38.70,Crop
"agriculture land","Energy crops, herbaceous",Miscanthus,55053,"Jackson County",Wisconsin,"Lake States",1000.48,POLYSYS,"mature-market high",70,7034.00,dt,16660000,117186440000,BTU,7.03,Pasture
"agriculture land","Energy crops, herbaceous",Miscanthus,55017,"Chippewa County",Wisconsin,"Lake States",1041.27,POLYSYS,"mature-market low",70,70399.00,dt,16660000,1172847340000,BTU,67.61,Pasture
"agriculture land","Intermediate oilseeds",Pennycress,55011,"Buffalo County",Wisconsin,"Lake States",709.59,POLYSYS,"mature-market high",400,15418.42,dt,23288300,359068790486,BTU,21.73,Crop
"agriculture land","Intermediate oilseeds",Pennycress,55117,"Sheboygan County",Wisconsin,"Lake States",517.64,POLYSYS,emerging,400,14361.77,dt,23288300,334461208291,BTU,27.74,Crop
"agriculture land","Agricultural residues","Oats straw",55047,"Green Lake County",Wisconsin,"Lake States",380.13,POLYSYS,"mature-market medium",70,0.00,dt,14892000,0,BTU,0.00,Crop
"agriculture land","Energy crops, woody",Willow,55099,"Price County",Wisconsin,"Lake States",1278.04,POLYSYS,"mature-market medium",70,172.00,dt,17296000,2974912000,BTU,0.13,Pasture
"agriculture land","Energy crops, herbaceous",Miscanthus,55051,"Iron County",Wisconsin,"Lake States",802.62,POLYSYS,"mature-market low",70,2693.00,dt,16660000,44865380000,BTU,3.36,Pasture
"agriculture land","Intermediate oilseeds",Pennycress,55053,"Jackson County",Wisconsin,"Lake States",1000.48,POLYSYS,emerging,400,13439.20,dt,23288300,312976121360,BTU,13.43,Crop
"agriculture land","Energy crops, herbaceous",Miscanthus,55027,"Dodge County",Wisconsin,"Lake States",907.1,POLYSYS,"mature-market low",70,29338.00,dt,16660000,488771080000,BTU,32.34,Pasture
"agriculture land","Agricultural residues","Corn stover",55115,"Shawano County",Wisconsin,"Lake States",909.4,POLYSYS,near-term,70,75541.00,dt,15722000,1187655602000,BTU,83.07,Crop
"agriculture land","Agricultural residues","Oats straw",55133,"Waukesha County",Wisconsin,"Lake States",580.54,POLYSYS,near-term,70,0.00,dt,14892000,0,BTU,0.00,Crop
"agriculture land","Energy crops, herbaceous",Miscanthus,55077,"Marquette County",Wisconsin,"Lake States",464.47,POLYSYS,"mature-market high",70,12807.00,dt,16660000,213364620000,BTU,27.57,Pasture
"agriculture land","Agricultural residues","Corn stover",55035,"Eau Claire County",Wisconsin,"Lake States",645.2,POLYSYS,near-term,70,51164.00,dt,15722000,804400408000,BTU,79.30,Crop
"agriculture land","Agricultural residues","Corn stover",55007,"Bayfield County",Wisconsin,"Lake States",1511.34,POLYSYS,"mature-market low",70,0.00,dt,15722000,0,BTU,0.00,Crop
"agriculture land","Energy crops, herbaceous",Switchgrass,55027,"Dodge County",Wisconsin,"Lake States",907.1,POLYSYS,"mature-market medium",70,0.00,dt,16424000,0,BTU,0.00,Pasture
"agriculture land","Intermediate oilseeds",Pennycress,55113,"Sawyer County",Wisconsin,"Lake States",1350.24,POLYSYS,"mature-market high",400,1471.38,dt,23288300,34265938854,BTU,1.09,Crop
"agriculture land","Agricultural residues","Corn stover",55057,"Juneau County",Wisconsin,"Lake States",805.17,POLYSYS,"mature-market medium",70,47767.00,dt,15722000,750992774000,BTU,59.33,Crop
"agriculture land","Energy crops, herbaceous",Miscanthus,55083,"Oconto County",Wisconsin,"Lake States",1016.31,POLYSYS,"mature-market medium",70,189745.00,dt,16660000,3161151700000,BTU,186.70,Crop
"agriculture land","Agricultural residues","Corn stover",55017,"Chippewa County",Wisconsin,"Lake States",1041.27,POLYSYS,"mature-market low",70,268876.00,dt,15722000,4227268472000,BTU,258.22,Crop
"agriculture land","Energy crops, herbaceous",Miscanthus,55097,"Portage County",Wisconsin,"Lake States",822.82,POLYSYS,"mature-market high",70,253347.00,dt,16660000,4220761020000,BTU,307.90,Crop
"agriculture land","Agricultural residues","Corn stover",55027,"Dodge County",Wisconsin,"Lake States",907.1,POLYSYS,emerging,70,643084.00,dt,15722000,10110566648000,BTU,708.94,Crop
"agriculture land","Energy crops, herbaceous",Miscanthus,55075,"Marinette County",Wisconsin,"Lake States",1429.25,POLYSYS,"mature-market high",70,14498.00,dt,16660000,241536680000,BTU,10.14,Pasture
"agriculture land","Energy crops, herbaceous",Miscanthus,55097,"Portage County",Wisconsin,"Lake States",822.82,POLYSYS,emerging,70,29294.00,dt,16660000,488038040000,BTU,35.60,Pasture
"agriculture land","Agricultural residues","Oats straw",55009,"Brown County",Wisconsin,"Lake States",531.24,POLYSYS,"mature-market low",70,0.00,dt,14892000,0,BTU,0.00,Crop
"agriculture land","Agricultural residues","Corn stover",55135,"Waupaca County",Wisconsin,"Lake States",765.17,POLYSYS,"mature-market low",70,141337.00,dt,15722000,2222100314000,BTU,184.71,Crop
"agriculture land","Agricultural residues","Oats straw",55055,"Jefferson County",Wisconsin,"Lake States",582.74,POLYSYS,emerging,70,0.00,dt,14892000,0,BTU,0.00,Crop
"agriculture land","Energy crops, herbaceous",Miscanthus,55105,"Rock County",Wisconsin,"Lake States",726.16,POLYSYS,emerging,70,30052.00,dt,16660000,500666320000,BTU,41.38,Pasture
"agriculture land","Energy crops, herbaceous",Miscanthus,55003,"Ashland County",Wisconsin,"Lake States",1054.13,POLYSYS,"mature-market high",70,18771.00,dt,16660000,312724860000,BTU,17.81,Crop
"agriculture land","Agricultural residues","Oats straw",55099,"Price County",Wisconsin,"Lake States",1278.04,POLYSYS,"mature-market high",70,0.00,dt,14892000,0,BTU,0.00,Crop
"agriculture land","Agricultural residues","Wheat straw",55133,"Waukesha County",Wisconsin,"Lake States",580.54,POLYSYS,near-term,70,0.00,dt,14892000,0,BTU,0.00,Crop
"agriculture land","Agricultural residues","Oats straw",55121,"Trempealeau County",Wisconsin,"Lake States",741.98,POLYSYS,emerging,70,0.00,dt,14892000,0,BTU,0.00,Crop
"agriculture land","Energy crops, herbaceous",Miscanthus,55107,"Rusk County",Wisconsin,"Lake States",930.86,POLYSYS,"mature-market low",70,35543.00,dt,16660000,592146380000,BTU,38.18,Pasture
"agriculture land","Agricultural residues","Corn stover",55063,"La Crosse County",Wisconsin,"Lake States",480.05,POLYSYS,"mature-market medium",70,44499.00,dt,15722000,699613278000,BTU,92.70,Crop
"agriculture land","Energy crops, woody",Willow,55067,"Langlade County",Wisconsin,"Lake States",887.79,POLYSYS,emerging,70,42709.00,dt,17296000,738694864000,BTU,48.11,Crop
"agriculture land","Agricultural residues","Corn stover",55011,"Buffalo County",Wisconsin,"Lake States",709.59,POLYSYS,"mature-market low",70,16997.00,dt,15722000,267226834000,BTU,23.95,Crop
"agriculture land","Energy crops, herbaceous",Miscanthus,55017,"Chippewa County",Wisconsin,"Lake States",1041.27,POLYSYS,"mature-market medium",70,71519.00,dt,16660000,1191506540000,BTU,68.68,Pasture
"agriculture land","Agricultural residues","Corn stover",55013,"Burnett County",Wisconsin,"Lake States",880.22,POLYSYS,"mature-market low",70,24394.00,dt,15722000,383522468000,BTU,27.71,Crop
"agriculture land","Energy crops, woody",Willow,55011,"Buffalo County",Wisconsin,"Lake States",709.59,POLYSYS,"mature-market low",70,1149.00,dt,17296000,19873104000,BTU,1.62,Pasture
"agriculture land","Agricultural residues","Wheat straw",55101,"Racine County",Wisconsin,"Lake States",340.39,POLYSYS,"mature-market low",70,0.00,dt,14892000,0,BTU,0.00,Crop
"agriculture land","Agricultural residues","Wheat straw",55067,"Langlade County",Wisconsin,"Lake States",887.79,POLYSYS,emerging,70,0.00,dt,14892000,0,BTU,0.00,Crop
"agriculture land","Agricultural residues","Wheat straw",55089,"Ozaukee County",Wisconsin,"Lake States",235.28,POLYSYS,near-term,70,0.00,dt,14892000,0,BTU,0.00,Crop
"agriculture land","Intermediate oilseeds",Pennycress,55059,"Kenosha County",Wisconsin,"Lake States",278.42,POLYSYS,"mature-market medium",400,8225.37,dt,23288300,191554884171,BTU,29.54,Crop
"agriculture land","Intermediate oilseeds",Pennycress,55101,"Racine County",Wisconsin,"Lake States",340.39,POLYSYS,"mature-market low",400,10200.64,dt,23288300,237555564512,BTU,29.97,Crop
"agriculture land","Energy crops, herbaceous",Miscanthus,55061,"Kewaunee County",Wisconsin,"Lake States",343.95,POLYSYS,"mature-market low",70,11115.00,dt,16660000,185175900000,BTU,32.32,Pasture
"agriculture land","Agricultural residues","Corn stover",55053,"Jackson County",Wisconsin,"Lake States",1000.48,POLYSYS,"mature-market high",70,163883.00,dt,15722000,2576568526000,BTU,163.80,Crop
"agriculture land","Energy crops, woody",Poplar,55009,"Brown County",Wisconsin,"Lake States",531.24,POLYSYS,emerging,70,1006.00,dt,16904000,17005424000,BTU,1.89,Pasture
"agriculture land","Energy crops, woody",Willow,55077,"Marquette County",Wisconsin,"Lake States",464.47,POLYSYS,emerging,70,119106.00,dt,17296000,2060057376000,BTU,256.43,Crop
"agriculture land","Agricultural residues","Oats straw",55025,"Dane County",Wisconsin,"Lake States",1237.5,POLYSYS,"mature-market high",70,0.00,dt,14892000,0,BTU,0.00,Crop
"agriculture land","Intermediate oilseeds",Pennycress,55117,"Sheboygan County",Wisconsin,"Lake States",517.64,POLYSYS,"mature-market high",400,14361.77,dt,23288300,334461208291,BTU,27.74,Crop
"agriculture land","Energy crops, herbaceous",Miscanthus,55115,"Shawano County",Wisconsin,"Lake States",909.4,POLYSYS,emerging,70,25257.00,dt,16660000,420781620000,BTU,27.77,Pasture
"agriculture land","Energy crops, herbaceous",Miscanthus,55127,"Walworth County",Wisconsin,"Lake States",576.6,POLYSYS,"mature-market medium",70,3066.00,dt,16660000,51079560000,BTU,5.32,Pasture
"agriculture land","Agricultural residues","Corn stover",55115,"Shawano County",Wisconsin,"Lake States",909.4,POLYSYS,"mature-market low",70,79548.00,dt,15722000,1250653656000,BTU,87.47,Crop
"agriculture land","Energy crops, woody",Willow,55045,"Green County",Wisconsin,"Lake States",584.55,POLYSYS,emerging,70,9106.00,dt,17296000,157497376000,BTU,15.58,Pasture
"agriculture land","Energy crops, woody",Willow,55101,"Racine County",Wisconsin,"Lake States",340.39,POLYSYS,"mature-market low",70,165.00,dt,17296000,2853840000,BTU,0.48,Pasture
"agriculture land","Agricultural residues","Corn stover",55043,"Grant County",Wisconsin,"Lake States",1183.37,POLYSYS,near-term,70,126833.00,dt,15722000,1994068426000,BTU,107.18,Crop
"agriculture land","Intermediate oilseeds",Pennycress,55115,"Shawano County",Wisconsin,"Lake States",909.4,POLYSYS,"mature-market medium",400,15786.75,dt,23288300,367646570025,BTU,17.36,Crop
"agriculture land","Intermediate oilseeds",Pennycress,55139,"Winnebago County",Wisconsin,"Lake States",578.57,POLYSYS,"mature-market low",400,9741.30,dt,23288300,226858316789,BTU,16.84,Crop
"agriculture land","Agricultural residues","Oats straw",55073,"Marathon County",Wisconsin,"Lake States",1576.33,POLYSYS,emerging,70,0.00,dt,14892000,0,BTU,0.00,Crop
"agriculture land","Agricultural residues","Pruning residues, noncitrus",55015,"Calumet County",Wisconsin,"Lake States",397.08,"NASS 2017 Census",near-term,40,47.60,dt,17368000,826716800,BTU,0.12,Crop
"agriculture land","Agricultural residues","Corn stover",55085,"Oneida County",Wisconsin,"Lake States",1236.57,POLYSYS,"mature-market high",70,0.00,dt,15722000,0,BTU,0.00,Crop
"agriculture land","Agricultural residues","Pruning residues, noncitrus",55013,"Burnett County",Wisconsin,"Lake States",880.22,"NASS 2017 Census","mature-market medium",40,9.40,dt,17368000,163259200,BTU,0.01,Crop
"agriculture land","Agricultural residues","Pruning residues, noncitrus",55057,"Juneau County",Wisconsin,"Lake States",805.17,"NASS 2017 Census","mature-market high",40,2948.40,dt,17368000,51207811200,BTU,3.66,Crop
"agriculture land","Intermediate oilseeds",Pennycress,55129,"Washburn County",Wisconsin,"Lake States",853.32,POLYSYS,"mature-market low",400,3473.82,dt,23288300,80899362306,BTU,4.07,Crop
"agriculture land","Energy crops, herbaceous",Switchgrass,55109,"St. Croix County",Wisconsin,"Lake States",735.19,POLYSYS,"mature-market medium",70,0.00,dt,16424000,0,BTU,0.00,Pasture
"agriculture land","Agricultural residues","Wheat straw",55035,"Eau Claire County",Wisconsin,"Lake States",645.2,POLYSYS,emerging,70,0.00,dt,14892000,0,BTU,0.00,Crop
"agriculture land","Agricultural residues","Corn stover",55097,"Portage County",Wisconsin,"Lake States",822.82,POLYSYS,"mature-market high",70,31248.00,dt,15722000,491281056000,BTU,37.98,Crop
"agriculture land","Agricultural residues","Oats straw",55107,"Rusk County",Wisconsin,"Lake States",930.86,POLYSYS,"mature-market medium",70,0.00,dt,14892000,0,BTU,0.00,Crop
"agriculture land","Intermediate oilseeds",Pennycress,55119,"Taylor County",Wisconsin,"Lake States",984.56,POLYSYS,"mature-market medium",400,10601.97,dt,23288300,246901857951,BTU,10.77,Crop
"agriculture land","Intermediate oilseeds",Pennycress,55103,"Richland County",Wisconsin,"Lake States",589.3,POLYSYS,"mature-market high",400,8814.42,dt,23288300,205272857286,BTU,14.96,Crop
"agriculture land","Agricultural residues","Oats straw",55091,"Pepin County",Wisconsin,"Lake States",248.7,POLYSYS,emerging,70,0.00,dt,14892000,0,BTU,0.00,Crop
"agriculture land","Energy crops, herbaceous",Miscanthus,55063,"La Crosse County",Wisconsin,"Lake States",480.05,POLYSYS,"mature-market high",70,45643.00,dt,16660000,760412380000,BTU,95.08,Crop
"agriculture land","Agricultural residues","Pruning residues, noncitrus",55085,"Oneida County",Wisconsin,"Lake States",1236.57,"NASS 2017 Census","mature-market low",40,2.90,dt,17368000,50367200,BTU,0.00,Crop
"agriculture land","Agricultural residues","Pruning residues, noncitrus",55105,"Rock County",Wisconsin,"Lake States",726.16,"NASS 2017 Census","mature-market medium",40,91.60,dt,17368000,1590908800,BTU,0.13,Crop
"agriculture land","Agricultural residues","Wheat straw",55123,"Vernon County",Wisconsin,"Lake States",816.38,POLYSYS,"mature-market high",70,0.00,dt,14892000,0,BTU,0.00,Crop
"agriculture land","Energy crops, herbaceous",Switchgrass,55067,"Langlade County",Wisconsin,"Lake States",887.79,POLYSYS,emerging,70,0.00,dt,16424000,0,BTU,0.00,Pasture
"agriculture land","Agricultural residues","Corn stover",55023,"Crawford County",Wisconsin,"Lake States",599.21,POLYSYS,"mature-market low",70,25805.00,dt,15722000,405706210000,BTU,43.07,Crop
"agriculture land","Intermediate oilseeds",Pennycress,55109,"St. Croix County",Wisconsin,"Lake States",735.19,POLYSYS,"mature-market high",400,23027.64,dt,23288300,536274588612,BTU,31.32,Crop
"agriculture land","Agricultural residues","Pruning residues, noncitrus",55131,"Washington County",Wisconsin,"Lake States",435.66,"NASS 2017 Census","mature-market low",40,66.60,dt,17368000,1156708800,BTU,0.15,Crop
"agriculture land","Agricultural residues","Pruning residues, noncitrus",55063,"La Crosse County",Wisconsin,"Lake States",480.05,"NASS 2017 Census","mature-market high",40,15.60,dt,17368000,270940800,BTU,0.03,Crop
"agriculture land","Energy crops, woody",Willow,55043,"Grant County",Wisconsin,"Lake States",1183.37,POLYSYS,"mature-market medium",70,2475.00,dt,17296000,42807600000,BTU,2.09,Pasture
"agriculture land","Agricultural residues","Pruning residues, tree nuts",55117,"Sheboygan County",Wisconsin,"Lake States",517.64,"NASS 2017 Census","mature-market low",40,2.60,dt,17368000,45156800,BTU,0.01,Crop
"agriculture land","Intermediate oilseeds",Pennycress,55089,"Ozaukee County",Wisconsin,"Lake States",235.28,POLYSYS,emerging,400,5760.80,dt,23288300,134159238640,BTU,24.48,Crop
"agriculture land","Agricultural residues","Pruning residues, noncitrus",55113,"Sawyer County",Wisconsin,"Lake States",1350.24,"NASS 2017 Census","mature-market high",40,443.00,dt,17368000,7694024000,BTU,0.33,Crop
"agriculture land","Agricultural residues","Wheat straw",55081,"Monroe County",Wisconsin,"Lake States",908.08,POLYSYS,emerging,70,0.00,dt,14892000,0,BTU,0.00,Crop
"agriculture land","Energy crops, woody",Willow,55077,"Marquette County",Wisconsin,"Lake States",464.47,POLYSYS,"mature-market medium",70,2467.00,dt,17296000,42669232000,BTU,5.31,Pasture
"agriculture land","Agricultural residues","Pruning residues, noncitrus",55039,"Fond du Lac County",Wisconsin,"Lake States",765.84,"NASS 2017 Census",near-term,40,85.90,dt,17368000,1491911200,BTU,0.11,Crop
"agriculture land","Intermediate oilseeds",Pennycress,55111,"Sauk County",Wisconsin,"Lake States",849.19,POLYSYS,"mature-market low",400,18645.96,dt,23288300,434232710268,BTU,21.96,Crop
"agriculture land","Agricultural residues","Wheat straw",55061,"Kewaunee County",Wisconsin,"Lake States",343.95,POLYSYS,emerging,70,0.00,dt,14892000,0,BTU,0.00,Crop
"agriculture land","Energy crops, herbaceous",Switchgrass,55029,"Door County",Wisconsin,"Lake States",487.56,POLYSYS,"mature-market medium",70,0.00,dt,16424000,0,BTU,0.00,Pasture
"agriculture land","Energy crops, woody",Willow,55057,"Juneau County",Wisconsin,"Lake States",805.17,POLYSYS,"mature-market high",70,5328.00,dt,17296000,92153088000,BTU,6.62,Pasture
"agriculture land","Agricultural residues","Oats straw",55075,"Marinette County",Wisconsin,"Lake States",1429.25,POLYSYS,near-term,70,0.00,dt,14892000,0,BTU,0.00,Crop
"agriculture land","Agricultural residues","Wheat straw",55055,"Jefferson County",Wisconsin,"Lake States",582.74,POLYSYS,emerging,70,0.00,dt,14892000,0,BTU,0.00,Crop
"agriculture land","Agricultural residues","Wheat straw",55103,"Richland County",Wisconsin,"Lake States",589.3,POLYSYS,emerging,70,0.00,dt,14892000,0,BTU,0.00,Crop
"agriculture land","Intermediate oilseeds",Pennycress,55009,"Brown County",Wisconsin,"Lake States",531.24,POLYSYS,"mature-market medium",400,9867.25,dt,23288300,229791478175,BTU,18.57,Crop
"agriculture land","Agricultural residues","Wheat straw",55123,"Vernon County",Wisconsin,"Lake States",816.38,POLYSYS,near-term,70,0.00,dt,14892000,0,BTU,0.00,Crop
"agriculture land","Agricultural residues","Corn stover",55001,"Adams County",Wisconsin,"Lake States",687.48,POLYSYS,"mature-market medium",70,12773.00,dt,15722000,200817106000,BTU,18.58,Crop
"agriculture land","Agricultural residues","Pruning residues, noncitrus",55009,"Brown County",Wisconsin,"Lake States",531.24,"NASS 2017 Census","mature-market low",40,185.50,dt,17368000,3221764000,BTU,0.35,Crop
"agriculture land","Agricultural residues","Wheat straw",55133,"Waukesha County",Wisconsin,"Lake States",580.54,POLYSYS,"mature-market medium",70,0.00,dt,14892000,0,BTU,0.00,Crop
"agriculture land","Agricultural residues","Wheat straw",55049,"Iowa County",Wisconsin,"Lake States",768.05,POLYSYS,near-term,70,0.00,dt,14892000,0,BTU,0.00,Crop
"agriculture land","Agricultural residues","Pruning residues, noncitrus",55135,"Waupaca County",Wisconsin,"Lake States",765.17,"NASS 2017 Census",near-term,40,54.60,dt,17368000,948292800,BTU,0.07,Crop
"agriculture land","Agricultural residues","Pruning residues, noncitrus",55123,"Vernon County",Wisconsin,"Lake States",816.38,"NASS 2017 Census",near-term,40,24.90,dt,17368000,432463200,BTU,0.03,Crop
"agriculture land","Energy crops, woody",Poplar,55029,"Door County",Wisconsin,"Lake States",487.56,POLYSYS,"mature-market medium",70,445.00,dt,16904000,7522280000,BTU,0.91,Pasture
"agriculture land","Agricultural residues","Pruning residues, noncitrus",55103,"Richland County",Wisconsin,"Lake States",589.3,"NASS 2017 Census","mature-market high",40,1.00,dt,17368000,17368000,BTU,0.00,Crop
"agriculture land","Energy crops, herbaceous",Miscanthus,55115,"Shawano County",Wisconsin,"Lake States",909.4,POLYSYS,"mature-market medium",70,118668.00,dt,16660000,1977008880000,BTU,130.49,Crop
"agriculture land","Intermediate oilseeds",Pennycress,55125,"Vilas County",Wisconsin,"Lake States",1017.72,POLYSYS,emerging,400,91.17,dt,23288300,2123194311,BTU,0.09,Crop
"agriculture land","Intermediate oilseeds",Pennycress,55073,"Marathon County",Wisconsin,"Lake States",1576.33,POLYSYS,"mature-market medium",400,34472.26,dt,23288300,802800332558,BTU,21.87,Crop
"agriculture land","Intermediate oilseeds",Pennycress,55037,"Florence County",Wisconsin,"Lake States",497.43,POLYSYS,"mature-market low",400,148.59,dt,23288300,3460408497,BTU,0.30,Crop
"agriculture land","Agricultural residues","Wheat straw",55019,"Clark County",Wisconsin,"Lake States",1218.67,POLYSYS,"mature-market low",70,0.00,dt,14892000,0,BTU,0.00,Crop
"agriculture land","Agricultural residues","Pruning residues, noncitrus",55073,"Marathon County",Wisconsin,"Lake States",1576.33,"NASS 2017 Census","mature-market high",40,48.90,dt,17368000,849295200,BTU,0.03,Crop
"agriculture land","Agricultural residues","Corn stover",55117,"Sheboygan County",Wisconsin,"Lake States",517.64,POLYSYS,near-term,70,119078.00,dt,15722000,1872144316000,BTU,230.04,Crop
"agriculture land","Agricultural residues","Pruning residues, noncitrus",55141,"Wood County",Wisconsin,"Lake States",809.25,"NASS 2017 Census",near-term,40,59.80,dt,17368000,1038606400,BTU,0.07,Crop
"agriculture land","Agricultural residues","Pruning residues, noncitrus",55103,"Richland County",Wisconsin,"Lake States",589.3,"NASS 2017 Census","mature-market high",40,388.40,dt,17368000,6745731200,BTU,0.66,Crop
"agriculture land","Intermediate oilseeds",Pennycress,55057,"Juneau County",Wisconsin,"Lake States",805.17,POLYSYS,emerging,400,10672.65,dt,23288300,248547874995,BTU,13.26,Crop
"agriculture land","Intermediate oilseeds",Pennycress,55091,"Pepin County",Wisconsin,"Lake States",248.7,POLYSYS,"mature-market low",400,7096.34,dt,23288300,165261694822,BTU,28.53,Crop
"agriculture land","Agricultural residues","Pruning residues, noncitrus",55091,"Pepin County",Wisconsin,"Lake States",248.7,"NASS 2017 Census","mature-market high",40,37.00,dt,17368000,642616000,BTU,0.15,Crop
"agriculture land","Agricultural residues","Wheat straw",55139,"Winnebago County",Wisconsin,"Lake States",578.57,POLYSYS,emerging,70,0.00,dt,14892000,0,BTU,0.00,Crop
"agriculture land","Energy crops, woody",Poplar,55019,"Clark County",Wisconsin,"Lake States",1218.67,POLYSYS,"mature-market high",70,4644.00,dt,16904000,78502176000,BTU,3.81,Pasture
"agriculture land","Intermediate oilseeds",Pennycress,55083,"Oconto County",Wisconsin,"Lake States",1016.31,POLYSYS,emerging,400,15110.85,dt,23288300,351906008055,BTU,14.87,Crop
"agriculture land","Energy crops, herbaceous",Miscanthus,55069,"Lincoln County",Wisconsin,"Lake States",906.79,POLYSYS,emerging,70,64406.00,dt,16660000,1073003960000,BTU,71.03,Crop
"agriculture land","Agricultural residues","Wheat straw",55101,"Racine County",Wisconsin,"Lake States",340.39,POLYSYS,emerging,70,0.00,dt,14892000,0,BTU,0.00,Crop
"agriculture land","Agricultural residues","Pruning residues, noncitrus",55083,"Oconto County",Wisconsin,"Lake States",1016.31,"NASS 2017 Census",emerging,40,2.10,dt,17368000,36472800,BTU,0.00,Crop
"agriculture land","Agricultural residues","Pruning residues, noncitrus",55113,"Sawyer County",Wisconsin,"Lake States",1350.24,"NASS 2017 Census","mature-market low",40,443.00,dt,17368000,7694024000,BTU,0.33,Crop
"agriculture land","Agricultural residues","Corn stover",55031,"Douglas County",Wisconsin,"Lake States",1332.11,POLYSYS,"mature-market low",70,0.00,dt,15722000,0,BTU,0.00,Crop
"agriculture land","Energy crops, woody",Poplar,55109,"St. Croix County",Wisconsin,"Lake States",735.19,POLYSYS,emerging,70,836.00,dt,16904000,14131744000,BTU,1.14,Pasture
"agriculture land","Energy crops, woody",Poplar,55103,"Richland County",Wisconsin,"Lake States",589.3,POLYSYS,"mature-market medium",70,398.00,dt,16904000,6727792000,BTU,0.68,Pasture
"agriculture land","Agricultural residues","Pruning residues, noncitrus",55061,"Kewaunee County",Wisconsin,"Lake States",343.95,"NASS 2017 Census",emerging,40,72.20,dt,17368000,1253969599,BTU,0.21,Crop
"agriculture land","Agricultural residues","Wheat straw",55039,"Fond du Lac County",Wisconsin,"Lake States",765.84,POLYSYS,"mature-market high",70,0.00,dt,14892000,0,BTU,0.00,Crop
"agriculture land","Energy crops, herbaceous",Miscanthus,55045,"Green County",Wisconsin,"Lake States",584.55,POLYSYS,"mature-market medium",70,45499.00,dt,16660000,758013340000,BTU,77.84,Pasture
"agriculture land","Agricultural residues","Pruning residues, noncitrus",55063,"La Crosse County",Wisconsin,"Lake States",480.05,"NASS 2017 Census","mature-market low",40,28.60,dt,17368000,496724800,BTU,0.06,Crop
"agriculture land","Agricultural residues","Corn stover",55113,"Sawyer County",Wisconsin,"Lake States",1350.24,POLYSYS,"mature-market medium",70,6752.00,dt,15722000,106154944000,BTU,5.00,Crop
"agriculture land","Agricultural residues","Pruning residues, noncitrus",55097,"Portage County",Wisconsin,"Lake States",822.82,"NASS 2017 Census",near-term,40,952.60,dt,17368000,16544756800,BTU,1.16,Crop
"agriculture land","Agricultural residues","Oats straw",55049,"Iowa County",Wisconsin,"Lake States",768.05,POLYSYS,"mature-market low",70,0.00,dt,14892000,0,BTU,0.00,Crop
"agriculture land","Agricultural residues","Pruning residues, noncitrus",55139,"Winnebago County",Wisconsin,"Lake States",578.57,"NASS 2017 Census",emerging,40,42.60,dt,17368000,739876800,BTU,0.07,Crop
"agriculture land","Energy crops, herbaceous",Miscanthus,55009,"Brown County",Wisconsin,"Lake States",531.24,POLYSYS,"mature-market high",70,26787.00,dt,16660000,446271420000,BTU,50.42,Pasture
"agriculture land","Agricultural residues","Pruning residues, noncitrus",55121,"Trempealeau County",Wisconsin,"Lake States",741.98,"NASS 2017 Census",emerging,40,486.20,dt,17368000,8444321600,BTU,0.66,Crop
"agriculture land","Energy crops, herbaceous",Miscanthus,55039,"Fond du Lac County",Wisconsin,"Lake States",765.84,POLYSYS,"mature-market low",70,5826.00,dt,16660000,97061160000,BTU,7.61,Pasture
"agriculture land","Energy crops, herbaceous",Miscanthus,55045,"Green County",Wisconsin,"Lake States",584.55,POLYSYS,"mature-market high",70,55126.00,dt,16660000,918399160000,BTU,94.31,Pasture
"agriculture land","Agricultural residues","Pruning residues, noncitrus",55101,"Racine County",Wisconsin,"Lake States",340.39,"NASS 2017 Census",emerging,40,315.20,dt,17368000,5474393600,BTU,0.93,Crop
"agriculture land","Energy crops, herbaceous",Switchgrass,55113,"Sawyer County",Wisconsin,"Lake States",1350.24,POLYSYS,"mature-market low",70,0.00,dt,16424000,0,BTU,0.00,Pasture
"agriculture land","Energy crops, woody",Poplar,55141,"Wood County",Wisconsin,"Lake States",809.25,POLYSYS,"mature-market high",70,1886.00,dt,16904000,31880944000,BTU,2.33,Pasture
"agriculture land","Energy crops, herbaceous",Miscanthus,55103,"Richland County",Wisconsin,"Lake States",589.3,POLYSYS,"mature-market high",70,5013.00,dt,16660000,83516580000,BTU,8.51,Pasture
"agriculture land","Agricultural residues","Wheat straw",55069,"Lincoln County",Wisconsin,"Lake States",906.79,POLYSYS,"mature-market medium",70,0.00,dt,14892000,0,BTU,0.00,Crop
"agriculture land","Agricultural residues","Oats straw",55107,"Rusk County",Wisconsin,"Lake States",930.86,POLYSYS,"mature-market low",70,0.00,dt,14892000,0,BTU,0.00,Crop
"agriculture land","Agricultural residues","Oats straw",55069,"Lincoln County",Wisconsin,"Lake States",906.79,POLYSYS,"mature-market low",70,0.00,dt,14892000,0,BTU,0.00,Crop
"agriculture land","Agricultural residues","Corn stover",55081,"Monroe County",Wisconsin,"Lake States",908.08,POLYSYS,emerging,70,107468.00,dt,15722000,1689611896000,BTU,118.35,Crop
"agriculture land","Energy crops, woody",Willow,55017,"Chippewa County",Wisconsin,"Lake States",1041.27,POLYSYS,emerging,70,11157.00,dt,17296000,192971472000,BTU,10.71,Pasture
"agriculture land","Agricultural residues","Corn stover",55085,"Oneida County",Wisconsin,"Lake States",1236.57,POLYSYS,"mature-market low",70,0.00,dt,15722000,0,BTU,0.00,Crop
"agriculture land","Energy crops, woody",Willow,55135,"Waupaca County",Wisconsin,"Lake States",765.17,POLYSYS,emerging,70,17716.00,dt,17296000,306415936000,BTU,23.15,Crop
"agriculture land","Agricultural residues","Pruning residues, noncitrus",55085,"Oneida County",Wisconsin,"Lake States",1236.57,"NASS 2017 Census","mature-market low",40,873.60,dt,17368000,15172684800,BTU,0.71,Crop
"agriculture land","Energy crops, woody",Willow,55077,"Marquette County",Wisconsin,"Lake States",464.47,POLYSYS,"mature-market medium",70,80829.00,dt,17296000,1398018384000,BTU,174.02,Crop
"agriculture land","Agricultural residues","Corn stover",55023,"Crawford County",Wisconsin,"Lake States",599.21,POLYSYS,emerging,70,5798.00,dt,15722000,91156156000,BTU,9.68,Crop
"agriculture land","Intermediate oilseeds",Pennycress,55095,"Polk County",Wisconsin,"Lake States",956.41,POLYSYS,"mature-market high",400,16042.14,dt,23288300,373594168962,BTU,16.77,Crop
"agriculture land","Energy crops, herbaceous",Switchgrass,55013,"Burnett County",Wisconsin,"Lake States",880.22,POLYSYS,emerging,70,0.00,dt,16424000,0,BTU,0.00,Pasture
"agriculture land","Agricultural residues","Pruning residues, noncitrus",55141,"Wood County",Wisconsin,"Lake States",809.25,"NASS 2017 Census","mature-market low",40,59.80,dt,17368000,1038606400,BTU,0.07,Crop
"agriculture land","Intermediate oilseeds",Pennycress,55041,"Forest County",Wisconsin,"Lake States",1046.52,POLYSYS,"mature-market medium",400,316.64,dt,23288300,7374007312,BTU,0.30,Crop
"agriculture land","Energy crops, woody",Willow,55139,"Winnebago County",Wisconsin,"Lake States",578.57,POLYSYS,"mature-market low",70,2078.00,dt,17296000,35941088000,BTU,3.59,Pasture
"agriculture land","Energy crops, woody",Willow,55015,"Calumet County",Wisconsin,"Lake States",397.08,POLYSYS,emerging,70,27751.00,dt,17296000,479981296000,BTU,69.89,Crop
"agriculture land","Energy crops, woody",Willow,55047,"Green Lake County",Wisconsin,"Lake States",380.13,POLYSYS,"mature-market high",70,2547.00,dt,17296000,44052912000,BTU,6.70,Pasture
"agriculture land","Agricultural residues","Pruning residues, noncitrus",55021,"Columbia County",Wisconsin,"Lake States",795.99,"NASS 2017 Census","mature-market low",40,76.60,dt,17368000,1330388800,BTU,0.10,Crop
"agriculture land","Intermediate oilseeds",Pennycress,55047,"Green Lake County",Wisconsin,"Lake States",380.13,POLYSYS,"mature-market high",400,10101.17,dt,23288300,235239077311,BTU,26.57,Crop
"agriculture land","Energy crops, woody",Poplar,55095,"Polk County",Wisconsin,"Lake States",956.41,POLYSYS,emerging,70,811.00,dt,16904000,13709144000,BTU,0.85,Pasture
"agriculture land","Energy crops, woody",Willow,55081,"Monroe County",Wisconsin,"Lake States",908.08,POLYSYS,"mature-market low",70,1442.00,dt,17296000,24940832000,BTU,1.59,Pasture
"agriculture land","Energy crops, herbaceous",Miscanthus,55031,"Douglas County",Wisconsin,"Lake States",1332.11,POLYSYS,"mature-market medium",70,1152.00,dt,16660000,19192320000,BTU,0.86,Crop
"agriculture land","Agricultural residues","Pruning residues, noncitrus",55137,"Waushara County",Wisconsin,"Lake States",637.4,"NASS 2017 Census",emerging,40,16.20,dt,17368000,281361600,BTU,0.03,Crop
"agriculture land","Energy crops, woody",Willow,55081,"Monroe County",Wisconsin,"Lake States",908.08,POLYSYS,emerging,70,9436.00,dt,17296000,163205056000,BTU,10.39,Crop
"agriculture land","Agricultural residues","Oats straw",55113,"Sawyer County",Wisconsin,"Lake States",1350.24,POLYSYS,near-term,70,0.00,dt,14892000,0,BTU,0.00,Crop
"agriculture land","Agricultural residues","Pruning residues, noncitrus",55021,"Columbia County",Wisconsin,"Lake States",795.99,"NASS 2017 Census",near-term,40,27.00,dt,17368000,468936000,BTU,0.03,Crop
"agriculture land","Agricultural residues","Pruning residues, noncitrus",55105,"Rock County",Wisconsin,"Lake States",726.16,"NASS 2017 Census",near-term,40,91.60,dt,17368000,1590908800,BTU,0.13,Crop
"agriculture land","Agricultural residues","Pruning residues, noncitrus",55089,"Ozaukee County",Wisconsin,"Lake States",235.28,"NASS 2017 Census","mature-market low",40,4.20,dt,17368000,72945600,BTU,0.02,Crop
"agriculture land","Energy crops, herbaceous",Switchgrass,55005,"Barron County",Wisconsin,"Lake States",889.76,POLYSYS,"mature-market low",70,0.00,dt,16424000,0,BTU,0.00,Pasture
"agriculture land","Agricultural residues","Wheat straw",55019,"Clark County",Wisconsin,"Lake States",1218.67,POLYSYS,"mature-market medium",70,0.00,dt,14892000,0,BTU,0.00,Crop
"agriculture land","Agricultural residues","Pruning residues, noncitrus",55115,"Shawano County",Wisconsin,"Lake States",909.4,"NASS 2017 Census","mature-market high",40,51.50,dt,17368000,894452000,BTU,0.06,Crop
"agriculture land","Agricultural residues","Pruning residues, noncitrus",55087,"Outagamie County",Wisconsin,"Lake States",644.61,"NASS 2017 Census","mature-market low",40,102.70,dt,17368000,1783693600,BTU,0.16,Crop
"agriculture land","Agricultural residues","Oats straw",55011,"Buffalo County",Wisconsin,"Lake States",709.59,POLYSYS,emerging,70,0.00,dt,14892000,0,BTU,0.00,Crop
"agriculture land","Energy crops, woody",Willow,55083,"Oconto County",Wisconsin,"Lake States",1016.31,POLYSYS,"mature-market low",70,1937.00,dt,17296000,33502352000,BTU,1.91,Pasture
"agriculture land","Intermediate oilseeds",Pennycress,55125,"Vilas County",Wisconsin,"Lake States",1017.72,POLYSYS,"mature-market high",400,91.17,dt,23288300,2123194311,BTU,0.09,Crop
"agriculture land","Intermediate oilseeds",Pennycress,55061,"Kewaunee County",Wisconsin,"Lake States",343.95,POLYSYS,"mature-market low",400,6749.42,dt,23288300,157182517786,BTU,19.62,Crop
"agriculture land","Agricultural residues","Corn stover",55099,"Price County",Wisconsin,"Lake States",1278.04,POLYSYS,"mature-market medium",70,5291.00,dt,15722000,83185102000,BTU,4.14,Crop
"agriculture land","Agricultural residues","Pruning residues, noncitrus",55023,"Crawford County",Wisconsin,"Lake States",599.21,"NASS 2017 Census",near-term,40,19.80,dt,17368000,343886400,BTU,0.03,Crop
"agriculture land","Agricultural residues","Pruning residues, tree nuts",55033,"Dunn County",Wisconsin,"Lake States",863.89,"NASS 2017 Census",near-term,40,3.90,dt,17368000,67735200,BTU,0.00,Crop
"agriculture land","Agricultural residues","Corn stover",55029,"Door County",Wisconsin,"Lake States",487.56,POLYSYS,"mature-market low",70,14839.00,dt,15722000,233298758000,BTU,30.44,Crop
"agriculture land","Agricultural residues","Pruning residues, noncitrus",55009,"Brown County",Wisconsin,"Lake States",531.24,"NASS 2017 Census","mature-market medium",40,185.50,dt,17368000,3221764000,BTU,0.35,Crop
"agriculture land","Energy crops, herbaceous",Miscanthus,55071,"Manitowoc County",Wisconsin,"Lake States",594.62,POLYSYS,"mature-market low",70,0.00,dt,16660000,0,BTU,0.00,Pasture
"agriculture land","Agricultural residues","Pruning residues, noncitrus",55007,"Bayfield County",Wisconsin,"Lake States",1511.34,"NASS 2017 Census","mature-market high",40,73.90,dt,17368000,1283495199,BTU,0.05,Crop
"agriculture land","Agricultural residues","Pruning residues, noncitrus",55083,"Oconto County",Wisconsin,"Lake States",1016.31,"NASS 2017 Census","mature-market high",40,58.60,dt,17368000,1017764800,BTU,0.06,Crop
"agriculture land","Agricultural residues","Pruning residues, noncitrus",55123,"Vernon County",Wisconsin,"Lake States",816.38,"NASS 2017 Census","mature-market medium",40,24.90,dt,17368000,432463200,BTU,0.03,Crop
"agriculture land","Energy crops, woody",Willow,55027,"Dodge County",Wisconsin,"Lake States",907.1,POLYSYS,"mature-market medium",70,6532.00,dt,17296000,112977472000,BTU,7.20,Pasture
"agriculture land","Agricultural residues","Corn stover",55031,"Douglas County",Wisconsin,"Lake States",1332.11,POLYSYS,"mature-market high",70,0.00,dt,15722000,0,BTU,0.00,Crop
"agriculture land","Agricultural residues","Pruning residues, noncitrus",55059,"Kenosha County",Wisconsin,"Lake States",278.42,"NASS 2017 Census","mature-market high",40,63.00,dt,17368000,1094184000,BTU,0.23,Crop
"agriculture land","Agricultural residues","Pruning residues, noncitrus",55117,"Sheboygan County",Wisconsin,"Lake States",517.64,"NASS 2017 Census","mature-market medium",40,195.90,dt,17368000,3402391200,BTU,0.38,Crop
"agriculture land","Energy crops, woody",Poplar,55121,"Trempealeau County",Wisconsin,"Lake States",741.98,POLYSYS,"mature-market low",70,644.00,dt,16904000,10886176000,BTU,0.87,Pasture
"agriculture land","Intermediate oilseeds",Pennycress,55137,"Waushara County",Wisconsin,"Lake States",637.4,POLYSYS,"mature-market high",400,11303.30,dt,23288300,263234641389,BTU,17.73,Crop
"agriculture land","Energy crops, woody",Poplar,55003,"Ashland County",Wisconsin,"Lake States",1054.13,POLYSYS,emerging,70,659.00,dt,16904000,11139736000,BTU,0.63,Pasture
"agriculture land","Agricultural residues","Wheat straw",55087,"Outagamie County",Wisconsin,"Lake States",644.61,POLYSYS,"mature-market medium",70,0.00,dt,14892000,0,BTU,0.00,Crop
"agriculture land","Agricultural residues","Pruning residues, noncitrus",55015,"Calumet County",Wisconsin,"Lake States",397.08,"NASS 2017 Census","mature-market high",40,47.60,dt,17368000,826716800,BTU,0.12,Crop
"agriculture land","Energy crops, woody",Willow,55087,"Outagamie County",Wisconsin,"Lake States",644.61,POLYSYS,"mature-market low",70,2837.00,dt,17296000,49068752000,BTU,4.40,Pasture
"agriculture land","Agricultural residues","Pruning residues, noncitrus",55097,"Portage County",Wisconsin,"Lake States",822.82,"NASS 2017 Census","mature-market low",40,952.60,dt,17368000,16544756800,BTU,1.16,Crop
"agriculture land","Agricultural residues","Oats straw",55087,"Outagamie County",Wisconsin,"Lake States",644.61,POLYSYS,"mature-market medium",70,0.00,dt,14892000,0,BTU,0.00,Crop
"agriculture land","Energy crops, herbaceous",Miscanthus,55115,"Shawano County",Wisconsin,"Lake States",909.4,POLYSYS,"mature-market high",70,25257.00,dt,16660000,420781620000,BTU,27.77,Pasture
"agriculture land","Agricultural residues","Pruning residues, noncitrus",55027,"Dodge County",Wisconsin,"Lake States",907.1,"NASS 2017 Census","mature-market medium",40,89.60,dt,17368000,1556172800,BTU,0.10,Crop
"agriculture land","Agricultural residues","Pruning residues, noncitrus",55021,"Columbia County",Wisconsin,"Lake States",795.99,"NASS 2017 Census","mature-market high",40,27.00,dt,17368000,468936000,BTU,0.03,Crop
"agriculture land","Agricultural residues","Pruning residues, tree nuts",55023,"Crawford County",Wisconsin,"Lake States",599.21,"NASS 2017 Census","mature-market low",40,9.20,dt,17368000,159785600,BTU,0.02,Crop
"agriculture land","Agricultural residues","Pruning residues, noncitrus",55071,"Manitowoc County",Wisconsin,"Lake States",594.62,"NASS 2017 Census","mature-market medium",40,49.50,dt,17368000,859716000,BTU,0.08,Crop
"agriculture land","Agricultural residues","Pruning residues, tree nuts",55103,"Richland County",Wisconsin,"Lake States",589.3,"NASS 2017 Census",emerging,40,28.60,dt,17368000,496724800,BTU,0.05,Crop
"agriculture land","Agricultural residues","Pruning residues, noncitrus",55013,"Burnett County",Wisconsin,"Lake States",880.22,"NASS 2017 Census",emerging,40,21.40,dt,17368000,371675200,BTU,0.02,Crop
"agriculture land","Energy crops, woody",Willow,55013,"Burnett County",Wisconsin,"Lake States",880.22,POLYSYS,emerging,70,444.00,dt,17296000,7679424000,BTU,0.50,Pasture
"agriculture land","Agricultural residues","Pruning residues, noncitrus",55017,"Chippewa County",Wisconsin,"Lake States",1041.27,"NASS 2017 Census","mature-market low",40,17.70,dt,17368000,307413600,BTU,0.02,Crop
"agriculture land","Intermediate oilseeds",Pennycress,55029,"Door County",Wisconsin,"Lake States",487.56,POLYSYS,"mature-market high",400,8110.30,dt,23288300,188875099490,BTU,16.63,Crop
"agriculture land","Agricultural residues","Pruning residues, noncitrus",55045,"Green County",Wisconsin,"Lake States",584.55,"NASS 2017 Census","mature-market low",40,4.10,dt,17368000,71208800,BTU,0.01,Crop
"agriculture land","Energy crops, woody",Willow,55071,"Manitowoc County",Wisconsin,"Lake States",594.62,POLYSYS,"mature-market medium",70,3180.00,dt,17296000,55001280000,BTU,5.35,Pasture
"agriculture land","Agricultural residues","Pruning residues, noncitrus",55059,"Kenosha County",Wisconsin,"Lake States",278.42,"NASS 2017 Census",near-term,40,63.00,dt,17368000,1094184000,BTU,0.23,Crop
"agriculture land","Agricultural residues","Pruning residues, noncitrus",55035,"Eau Claire County",Wisconsin,"Lake States",645.2,"NASS 2017 Census",near-term,40,52.00,dt,17368000,903136000,BTU,0.08,Crop
"agriculture land","Agricultural residues","Pruning residues, noncitrus",55005,"Barron County",Wisconsin,"Lake States",889.76,"NASS 2017 Census",near-term,40,8.30,dt,17368000,144154400,BTU,0.01,Crop
"agriculture land","Energy crops, woody",Willow,55105,"Rock County",Wisconsin,"Lake States",726.16,POLYSYS,"mature-market low",70,5307.00,dt,17296000,91789872000,BTU,7.31,Pasture
"agriculture land","Agricultural residues","Pruning residues, tree nuts",55023,"Crawford County",Wisconsin,"Lake States",599.21,"NASS 2017 Census",emerging,40,9.20,dt,17368000,159785600,BTU,0.02,Crop
"agriculture land","Agricultural residues","Oats straw",55071,"Manitowoc County",Wisconsin,"Lake States",594.62,POLYSYS,"mature-market high",70,0.00,dt,14892000,0,BTU,0.00,Crop
"agriculture land","Agricultural residues","Pruning residues, noncitrus",55053,"Jackson County",Wisconsin,"Lake States",1000.48,"NASS 2017 Census","mature-market medium",40,3669.10,dt,17368000,63724928800,BTU,3.67,Crop
"agriculture land","Energy crops, herbaceous",Switchgrass,55015,"Calumet County",Wisconsin,"Lake States",397.08,POLYSYS,"mature-market low",70,0.00,dt,16424000,0,BTU,0.00,Pasture
"agriculture land","Energy crops, woody",Willow,55109,"St. Croix County",Wisconsin,"Lake States",735.19,POLYSYS,"mature-market high",70,884.00,dt,17296000,15289664000,BTU,1.20,Pasture
"agriculture land","Agricultural residues","Pruning residues, tree nuts",55035,"Eau Claire County",Wisconsin,"Lake States",645.2,"NASS 2017 Census",emerging,40,10.40,dt,17368000,180627200,BTU,0.02,Crop
"agriculture land","Agricultural residues","Pruning residues, noncitrus",55077,"Marquette County",Wisconsin,"Lake States",464.47,"NASS 2017 Census","mature-market medium",40,41.50,dt,17368000,720772000,BTU,0.09,Crop
"agriculture land","Agricultural residues","Wheat straw",55081,"Monroe County",Wisconsin,"Lake States",908.08,POLYSYS,"mature-market high",70,0.00,dt,14892000,0,BTU,0.00,Crop
"agriculture land","Energy crops, herbaceous",Miscanthus,55031,"Douglas County",Wisconsin,"Lake States",1332.11,POLYSYS,"mature-market high",70,1156.00,dt,16660000,19258960000,BTU,0.87,Crop
"agriculture land","Agricultural residues","Pruning residues, noncitrus",55089,"Ozaukee County",Wisconsin,"Lake States",235.28,"NASS 2017 Census","mature-market high",40,4.20,dt,17368000,72945600,BTU,0.02,Crop
"agriculture land","Agricultural residues","Pruning residues, tree nuts",55137,"Waushara County",Wisconsin,"Lake States",637.4,"NASS 2017 Census",near-term,40,3.90,dt,17368000,67735200,BTU,0.01,Crop
"agriculture land","Agricultural residues","Pruning residues, noncitrus",55141,"Wood County",Wisconsin,"Lake States",809.25,"NASS 2017 Census","mature-market medium",40,6473.00,dt,17368000,112423064000,BTU,8.00,Crop
"agriculture land","Energy crops, herbaceous",Miscanthus,55117,"Sheboygan County",Wisconsin,"Lake States",517.64,POLYSYS,"mature-market high",70,27861.00,dt,16660000,464164260000,BTU,53.82,Pasture
"agriculture land","Agricultural residues","Oats straw",55141,"Wood County",Wisconsin,"Lake States",809.25,POLYSYS,"mature-market low",70,0.00,dt,14892000,0,BTU,0.00,Crop
"agriculture land","Agricultural residues","Pruning residues, noncitrus",55093,"Pierce County",Wisconsin,"Lake States",592.73,"NASS 2017 Census","mature-market high",40,33.30,dt,17368000,578354400,BTU,0.06,Crop
"agriculture land","Agricultural residues","Pruning residues, noncitrus",55079,"Milwaukee County",Wisconsin,"Lake States",242.17,"NASS 2017 Census",emerging,40,1.00,dt,17368000,17368000,BTU,0.00,Crop
"agriculture land","Agricultural residues","Wheat straw",55047,"Green Lake County",Wisconsin,"Lake States",380.13,POLYSYS,"mature-market low",70,0.00,dt,14892000,0,BTU,0.00,Crop
"agriculture land","Intermediate oilseeds",Pennycress,55097,"Portage County",Wisconsin,"Lake States",822.82,POLYSYS,"mature-market low",400,11327.16,dt,23288300,263790300228,BTU,13.77,Crop
"agriculture land","Agricultural residues","Pruning residues, noncitrus",55023,"Crawford County",Wisconsin,"Lake States",599.21,"NASS 2017 Census","mature-market high",40,537.30,dt,17368000,9331826400,BTU,0.90,Crop
"agriculture land","Energy crops, woody",Poplar,55013,"Burnett County",Wisconsin,"Lake States",880.22,POLYSYS,"mature-market low",70,1188.00,dt,16904000,20081952000,BTU,1.35,Pasture
"agriculture land","Agricultural residues","Pruning residues, noncitrus",55087,"Outagamie County",Wisconsin,"Lake States",644.61,"NASS 2017 Census",near-term,40,102.70,dt,17368000,1783693600,BTU,0.16,Crop
"agriculture land","Agricultural residues","Pruning residues, tree nuts",55131,"Washington County",Wisconsin,"Lake States",435.66,"NASS 2017 Census","mature-market low",40,7.20,dt,17368000,125049600,BTU,0.02,Crop
"agriculture land","Agricultural residues","Pruning residues, noncitrus",55035,"Eau Claire County",Wisconsin,"Lake States",645.2,"NASS 2017 Census",near-term,40,80.50,dt,17368000,1398124000,BTU,0.12,Crop
"agriculture land","Agricultural residues","Pruning residues, noncitrus",55097,"Portage County",Wisconsin,"Lake States",822.82,"NASS 2017 Census","mature-market high",40,83.40,dt,17368000,1448491200,BTU,0.10,Crop
"agriculture land","Intermediate oilseeds",Pennycress,55141,"Wood County",Wisconsin,"Lake States",809.25,POLYSYS,emerging,400,10974.11,dt,23288300,255568365913,BTU,13.56,Crop
"agriculture land","Agricultural residues","Pruning residues, noncitrus",55131,"Washington County",Wisconsin,"Lake States",435.66,"NASS 2017 Census",emerging,40,73.00,dt,17368000,1267864000,BTU,0.17,Crop
"agriculture land","Agricultural residues","Pruning residues, noncitrus",55133,"Waukesha County",Wisconsin,"Lake States",580.54,"NASS 2017 Census",near-term,40,22.90,dt,17368000,397727200,BTU,0.04,Crop
"agriculture land","Agricultural residues","Corn stover",55023,"Crawford County",Wisconsin,"Lake States",599.21,POLYSYS,"mature-market medium",70,32808.00,dt,15722000,515807376000,BTU,54.75,Crop
"agriculture land","Energy crops, herbaceous",Miscanthus,55107,"Rusk County",Wisconsin,"Lake States",930.86,POLYSYS,emerging,70,138931.00,dt,16660000,2314590460000,BTU,149.25,Crop
"agriculture land","Agricultural residues","Corn stover",55023,"Crawford County",Wisconsin,"Lake States",599.21,POLYSYS,near-term,70,15318.00,dt,15722000,240829596000,BTU,25.56,Crop
"agriculture land","Agricultural residues","Pruning residues, noncitrus",55113,"Sawyer County",Wisconsin,"Lake States",1350.24,"NASS 2017 Census","mature-market medium",40,443.00,dt,17368000,7694024000,BTU,0.33,Crop
"agriculture land","Agricultural residues","Pruning residues, noncitrus",55027,"Dodge County",Wisconsin,"Lake States",907.1,"NASS 2017 Census",emerging,40,89.60,dt,17368000,1556172800,BTU,0.10,Crop
"agriculture land","Agricultural residues","Pruning residues, noncitrus",55127,"Walworth County",Wisconsin,"Lake States",576.6,"NASS 2017 Census","mature-market low",40,272.70,dt,17368000,4736253600,BTU,0.47,Crop
"agriculture land","Energy crops, woody",Willow,55103,"Richland County",Wisconsin,"Lake States",589.3,POLYSYS,emerging,70,16276.00,dt,17296000,281509696000,BTU,27.62,Crop
"agriculture land","Agricultural residues","Pruning residues, noncitrus",55053,"Jackson County",Wisconsin,"Lake States",1000.48,"NASS 2017 Census",emerging,40,3669.10,dt,17368000,63724928800,BTU,3.67,Crop
"agriculture land","Agricultural residues","Wheat straw",55059,"Kenosha County",Wisconsin,"Lake States",278.42,POLYSYS,"mature-market medium",70,0.00,dt,14892000,0,BTU,0.00,Crop
"agriculture land","Agricultural residues","Pruning residues, noncitrus",55013,"Burnett County",Wisconsin,"Lake States",880.22,"NASS 2017 Census",near-term,40,9.40,dt,17368000,163259200,BTU,0.01,Crop
"agriculture land","Agricultural residues","Pruning residues, noncitrus",55061,"Kewaunee County",Wisconsin,"Lake States",343.95,"NASS 2017 Census","mature-market medium",40,72.20,dt,17368000,1253969599,BTU,0.21,Crop
"agriculture land","Agricultural residues","Wheat straw",55083,"Oconto County",Wisconsin,"Lake States",1016.31,POLYSYS,near-term,70,0.00,dt,14892000,0,BTU,0.00,Crop
"agriculture land","Agricultural residues","Pruning residues, noncitrus",55093,"Pierce County",Wisconsin,"Lake States",592.73,"NASS 2017 Census",near-term,40,33.30,dt,17368000,578354400,BTU,0.06,Crop
"agriculture land","Agricultural residues","Pruning residues, noncitrus",55049,"Iowa County",Wisconsin,"Lake States",768.05,"NASS 2017 Census","mature-market low",40,167.10,dt,17368000,2902192800,BTU,0.22,Crop
"agriculture land","Agricultural residues","Wheat straw",55011,"Buffalo County",Wisconsin,"Lake States",709.59,POLYSYS,emerging,70,0.00,dt,14892000,0,BTU,0.00,Crop
"agriculture land","Agricultural residues","Pruning residues, noncitrus",55123,"Vernon County",Wisconsin,"Lake States",816.38,"NASS 2017 Census","mature-market low",40,236.90,dt,17368000,4114479200,BTU,0.29,Crop
"agriculture land","Intermediate oilseeds",Pennycress,55059,"Kenosha County",Wisconsin,"Lake States",278.42,POLYSYS,"mature-market low",400,8225.37,dt,23288300,191554884171,BTU,29.54,Crop
"agriculture land","Agricultural residues","Corn stover",55125,"Vilas County",Wisconsin,"Lake States",1017.72,POLYSYS,"mature-market high",70,0.00,dt,15722000,0,BTU,0.00,Crop
"agriculture land","Agricultural residues","Pruning residues, noncitrus",55131,"Washington County",Wisconsin,"Lake States",435.66,"NASS 2017 Census",near-term,40,73.00,dt,17368000,1267864000,BTU,0.17,Crop
"agriculture land","Energy crops, woody",Willow,55049,"Iowa County",Wisconsin,"Lake States",768.05,POLYSYS,"mature-market high",70,1156.00,dt,17296000,19994176000,BTU,1.51,Pasture
"agriculture land","Intermediate oilseeds",Pennycress,55007,"Bayfield County",Wisconsin,"Lake States",1511.34,POLYSYS,emerging,400,1040.39,dt,23288300,24228914437,BTU,0.69,Crop
"agriculture land","Energy crops, woody",Willow,55087,"Outagamie County",Wisconsin,"Lake States",644.61,POLYSYS,"mature-market high",70,3202.00,dt,17296000,55381792000,BTU,4.97,Pasture
"agriculture land","Agricultural residues","Corn stover",55115,"Shawano County",Wisconsin,"Lake States",909.4,POLYSYS,emerging,70,92839.00,dt,15722000,1459614758000,BTU,102.09,Crop
"agriculture land","Agricultural residues","Pruning residues, noncitrus",55037,"Florence County",Wisconsin,"Lake States",497.43,"NASS 2017 Census","mature-market high",40,18.60,dt,17368000,323044800,BTU,0.04,Crop
"agriculture land","Agricultural residues","Pruning residues, noncitrus",55117,"Sheboygan County",Wisconsin,"Lake States",517.64,"NASS 2017 Census","mature-market high",40,4.10,dt,17368000,71208800,BTU,0.01,Crop
"agriculture land","Intermediate oilseeds",Pennycress,55001,"Adams County",Wisconsin,"Lake States",687.48,POLYSYS,"mature-market low",400,7016.09,dt,23288300,163392808747,BTU,10.21,Crop
"agriculture land","Agricultural residues","Pruning residues, noncitrus",55087,"Outagamie County",Wisconsin,"Lake States",644.61,"NASS 2017 Census","mature-market high",40,102.70,dt,17368000,1783693600,BTU,0.16,Crop
"agriculture land","Intermediate oilseeds",Pennycress,55057,"Juneau County",Wisconsin,"Lake States",805.17,POLYSYS,"mature-market low",400,10672.65,dt,23288300,248547874995,BTU,13.26,Crop
"agriculture land","Agricultural residues","Pruning residues, noncitrus",55009,"Brown County",Wisconsin,"Lake States",531.24,"NASS 2017 Census","mature-market low",40,63.40,dt,17368000,1101131200,BTU,0.12,Crop
"agriculture land","Agricultural residues","Pruning residues, tree nuts",55025,"Dane County",Wisconsin,"Lake States",1237.5,"NASS 2017 Census",near-term,40,30.80,dt,17368000,534934400,BTU,0.02,Crop
"agriculture land","Agricultural residues","Pruning residues, noncitrus",55121,"Trempealeau County",Wisconsin,"Lake States",741.98,"NASS 2017 Census","mature-market high",40,5.20,dt,17368000,90313600,BTU,0.01,Crop
"agriculture land","Agricultural residues","Pruning residues, noncitrus",55081,"Monroe County",Wisconsin,"Lake States",908.08,"NASS 2017 Census",near-term,40,3769.90,dt,17368000,65475623200,BTU,4.15,Crop
"agriculture land","Agricultural residues","Pruning residues, noncitrus",55071,"Manitowoc County",Wisconsin,"Lake States",594.62,"NASS 2017 Census",emerging,40,23.90,dt,17368000,415095200,BTU,0.04,Crop
"agriculture land","Energy crops, woody",Willow,55031,"Douglas County",Wisconsin,"Lake States",1332.11,POLYSYS,emerging,70,205.00,dt,17296000,3545680000,BTU,0.15,Pasture
"agriculture land","Intermediate oilseeds",Pennycress,55059,"Kenosha County",Wisconsin,"Lake States",278.42,POLYSYS,"mature-market high",400,8225.37,dt,23288300,191554884171,BTU,29.54,Crop
"agriculture land","Agricultural residues","Oats straw",55081,"Monroe County",Wisconsin,"Lake States",908.08,POLYSYS,near-term,70,0.00,dt,14892000,0,BTU,0.00,Crop
"agriculture land","Agricultural residues","Oats straw",55085,"Oneida County",Wisconsin,"Lake States",1236.57,POLYSYS,near-term,70,0.00,dt,14892000,0,BTU,0.00,Crop
"agriculture land","Intermediate oilseeds",Pennycress,55083,"Oconto County",Wisconsin,"Lake States",1016.31,POLYSYS,"mature-market low",400,15110.85,dt,23288300,351906008055,BTU,14.87,Crop
"agriculture land","Agricultural residues","Pruning residues, noncitrus",55089,"Ozaukee County",Wisconsin,"Lake States",235.28,"NASS 2017 Census","mature-market high",40,276.00,dt,17368000,4793568000,BTU,1.17,Crop
"agriculture land","Agricultural residues","Pruning residues, noncitrus",55005,"Barron County",Wisconsin,"Lake States",889.76,"NASS 2017 Census",emerging,40,82.00,dt,17368000,1424176000,BTU,0.09,Crop
"agriculture land","Agricultural residues","Pruning residues, tree nuts",55123,"Vernon County",Wisconsin,"Lake States",816.38,"NASS 2017 Census",emerging,40,4.60,dt,17368000,79892800,BTU,0.01,Crop
"agriculture land","Agricultural residues","Oats straw",55017,"Chippewa County",Wisconsin,"Lake States",1041.27,POLYSYS,emerging,70,0.00,dt,14892000,0,BTU,0.00,Crop
"agriculture land","Agricultural residues","Pruning residues, noncitrus",55141,"Wood County",Wisconsin,"Lake States",809.25,"NASS 2017 Census",emerging,40,59.80,dt,17368000,1038606400,BTU,0.07,Crop
"agriculture land","Agricultural residues","Pruning residues, noncitrus",55053,"Jackson County",Wisconsin,"Lake States",1000.48,"NASS 2017 Census","mature-market high",40,3669.10,dt,17368000,63724928800,BTU,3.67,Crop
"agriculture land","Agricultural residues","Pruning residues, noncitrus",55059,"Kenosha County",Wisconsin,"Lake States",278.42,"NASS 2017 Census",emerging,40,63.00,dt,17368000,1094184000,BTU,0.23,Crop
"agriculture land","Energy crops, woody",Willow,55093,"Pierce County",Wisconsin,"Lake States",592.73,POLYSYS,emerging,70,1405.00,dt,17296000,24300880000,BTU,2.37,Pasture
"agriculture land","Energy crops, herbaceous",Switchgrass,55043,"Grant County",Wisconsin,"Lake States",1183.37,POLYSYS,emerging,70,0.00,dt,16424000,0,BTU,0.00,Pasture
"agriculture land","Agricultural residues","Pruning residues, noncitrus",55121,"Trempealeau County",Wisconsin,"Lake States",741.98,"NASS 2017 Census","mature-market medium",40,5.20,dt,17368000,90313600,BTU,0.01,Crop
"agriculture land","Agricultural residues","Pruning residues, noncitrus",55013,"Burnett County",Wisconsin,"Lake States",880.22,"NASS 2017 Census","mature-market medium",40,21.40,dt,17368000,371675200,BTU,0.02,Crop
"agriculture land","Agricultural residues","Wheat straw",55029,"Door County",Wisconsin,"Lake States",487.56,POLYSYS,"mature-market medium",70,0.00,dt,14892000,0,BTU,0.00,Crop
"agriculture land","Agricultural residues","Pruning residues, noncitrus",55139,"Winnebago County",Wisconsin,"Lake States",578.57,"NASS 2017 Census",emerging,40,26.00,dt,17368000,451568000,BTU,0.04,Crop
"agriculture land","Agricultural residues","Wheat straw",55073,"Marathon County",Wisconsin,"Lake States",1576.33,POLYSYS,"mature-market low",70,0.00,dt,14892000,0,BTU,0.00,Crop
"agriculture land","Agricultural residues","Pruning residues, noncitrus",55087,"Outagamie County",Wisconsin,"Lake States",644.61,"NASS 2017 Census",near-term,40,2.10,dt,17368000,36472800,BTU,0.00,Crop
"agriculture land","Intermediate oilseeds",Pennycress,55049,"Iowa County",Wisconsin,"Lake States",768.05,POLYSYS,emerging,400,17419.68,dt,23288300,405674733744,BTU,22.68,Crop
"agriculture land","Agricultural residues","Pruning residues, noncitrus",55087,"Outagamie County",Wisconsin,"Lake States",644.61,"NASS 2017 Census",emerging,40,2.10,dt,17368000,36472800,BTU,0.00,Crop
"agriculture land","Agricultural residues","Wheat straw",55105,"Rock County",Wisconsin,"Lake States",726.16,POLYSYS,"mature-market medium",70,0.00,dt,14892000,0,BTU,0.00,Crop
"agriculture land","Energy crops, herbaceous",Miscanthus,55085,"Oneida County",Wisconsin,"Lake States",1236.57,POLYSYS,"mature-market high",70,7751.00,dt,16660000,129131660000,BTU,6.27,Pasture
"agriculture land","Energy crops, woody",Willow,55105,"Rock County",Wisconsin,"Lake States",726.16,POLYSYS,"mature-market medium",70,5535.00,dt,17296000,95733360000,BTU,7.62,Pasture
"agriculture land","Agricultural residues","Pruning residues, noncitrus",55027,"Dodge County",Wisconsin,"Lake States",907.1,"NASS 2017 Census","mature-market low",40,89.60,dt,17368000,1556172800,BTU,0.10,Crop
"agriculture land","Intermediate oilseeds",Pennycress,55097,"Portage County",Wisconsin,"Lake States",822.82,POLYSYS,emerging,400,11327.16,dt,23288300,263790300228,BTU,13.77,Crop
"agriculture land","Agricultural residues","Pruning residues, noncitrus",55105,"Rock County",Wisconsin,"Lake States",726.16,"NASS 2017 Census","mature-market low",40,91.60,dt,17368000,1590908800,BTU,0.13,Crop
"agriculture land","Agricultural residues","Pruning residues, noncitrus",55025,"Dane County",Wisconsin,"Lake States",1237.5,"NASS 2017 Census",near-term,40,428.40,dt,17368000,7440451200,BTU,0.35,Crop
"agriculture land","Agricultural residues","Wheat straw",55131,"Washington County",Wisconsin,"Lake States",435.66,POLYSYS,emerging,70,0.00,dt,14892000,0,BTU,0.00,Crop
"agriculture land","Agricultural residues","Pruning residues, noncitrus",55141,"Wood County",Wisconsin,"Lake States",809.25,"NASS 2017 Census","mature-market low",40,6473.00,dt,17368000,112423064000,BTU,8.00,Crop
"agriculture land","Energy crops, herbaceous",Switchgrass,55027,"Dodge County",Wisconsin,"Lake States",907.1,POLYSYS,"mature-market low",70,0.00,dt,16424000,0,BTU,0.00,Pasture
"agriculture land","Agricultural residues","Corn stover",55005,"Barron County",Wisconsin,"Lake States",889.76,POLYSYS,"mature-market medium",70,131851.00,dt,15722000,2072961422000,BTU,148.19,Crop
"agriculture land","Agricultural residues","Pruning residues, noncitrus",55043,"Grant County",Wisconsin,"Lake States",1183.37,"NASS 2017 Census",emerging,40,98.40,dt,17368000,1709011199,BTU,0.08,Crop
"agriculture land","Agricultural residues","Pruning residues, noncitrus",55017,"Chippewa County",Wisconsin,"Lake States",1041.27,"NASS 2017 Census",near-term,40,17.70,dt,17368000,307413600,BTU,0.02,Crop
"agriculture land","Agricultural residues","Corn stover",55067,"Langlade County",Wisconsin,"Lake States",887.79,POLYSYS,"mature-market high",70,671.00,dt,15722000,10549462000,BTU,0.76,Crop
"agriculture land","Agricultural residues","Pruning residues, noncitrus",55007,"Bayfield County",Wisconsin,"Lake States",1511.34,"NASS 2017 Census","mature-market low",40,365.10,dt,17368000,6341056800,BTU,0.24,Crop
"agriculture land","Agricultural residues","Pruning residues, noncitrus",55033,"Dunn County",Wisconsin,"Lake States",863.89,"NASS 2017 Census","mature-market high",40,63.20,dt,17368000,1097657600,BTU,0.07,Crop
"agriculture land","Agricultural residues","Corn stover",55097,"Portage County",Wisconsin,"Lake States",822.82,POLYSYS,"mature-market medium",70,73238.00,dt,15722000,1151447836000,BTU,89.01,Crop
"agriculture land","Agricultural residues","Oats straw",55077,"Marquette County",Wisconsin,"Lake States",464.47,POLYSYS,"mature-market medium",70,0.00,dt,14892000,0,BTU,0.00,Crop
"agriculture land","Agricultural residues","Corn stover",55077,"Marquette County",Wisconsin,"Lake States",464.47,POLYSYS,near-term,70,30091.00,dt,15722000,473090702000,BTU,64.79,Crop
"agriculture land","Agricultural residues","Pruning residues, noncitrus",55007,"Bayfield County",Wisconsin,"Lake States",1511.34,"NASS 2017 Census",emerging,40,73.90,dt,17368000,1283495200,BTU,0.05,Crop
"agriculture land","Energy crops, woody",Poplar,55007,"Bayfield County",Wisconsin,"Lake States",1511.34,POLYSYS,"mature-market medium",70,280.00,dt,16904000,4733120000,BTU,0.19,Pasture
"agriculture land","Energy crops, woody",Willow,55109,"St. Croix County",Wisconsin,"Lake States",735.19,POLYSYS,"mature-market medium",70,950.00,dt,17296000,16431200000,BTU,1.29,Pasture
"agriculture land","Energy crops, herbaceous",Miscanthus,55123,"Vernon County",Wisconsin,"Lake States",816.38,POLYSYS,emerging,70,20857.00,dt,16660000,347477620000,BTU,25.55,Pasture
"agriculture land","Agricultural residues","Corn stover",55073,"Marathon County",Wisconsin,"Lake States",1576.33,POLYSYS,near-term,70,87786.00,dt,15722000,1380171492000,BTU,55.69,Crop
"agriculture land","Energy crops, herbaceous",Switchgrass,55119,"Taylor County",Wisconsin,"Lake States",984.56,POLYSYS,"mature-market medium",70,0.00,dt,16424000,0,BTU,0.00,Pasture
"agriculture land","Agricultural residues","Pruning residues, noncitrus",55081,"Monroe County",Wisconsin,"Lake States",908.08,"NASS 2017 Census","mature-market high",40,3769.90,dt,17368000,65475623200,BTU,4.15,Crop
"agriculture land","Energy crops, woody",Willow,55015,"Calumet County",Wisconsin,"Lake States",397.08,POLYSYS,emerging,70,1615.00,dt,17296000,27933040000,BTU,4.07,Pasture
"agriculture land","Agricultural residues","Pruning residues, tree nuts",55133,"Waukesha County",Wisconsin,"Lake States",580.54,"NASS 2017 Census",emerging,40,39.00,dt,17368000,677352000,BTU,0.07,Crop
"agriculture land","Agricultural residues","Pruning residues, noncitrus",55127,"Walworth County",Wisconsin,"Lake States",576.6,"NASS 2017 Census","mature-market high",40,272.70,dt,17368000,4736253600,BTU,0.47,Crop
"agriculture land","Agricultural residues","Pruning residues, noncitrus",55087,"Outagamie County",Wisconsin,"Lake States",644.61,"NASS 2017 Census","mature-market medium",40,102.70,dt,17368000,1783693600,BTU,0.16,Crop
"agriculture land","Energy crops, herbaceous",Miscanthus,55011,"Buffalo County",Wisconsin,"Lake States",709.59,POLYSYS,emerging,70,295461.00,dt,16660000,4922380260000,BTU,416.38,Crop
"agriculture land","Intermediate oilseeds",Pennycress,55025,"Dane County",Wisconsin,"Lake States",1237.5,POLYSYS,"mature-market high",400,40966.74,dt,23288300,954045731142,BTU,33.10,Crop
"agriculture land","Agricultural residues","Pruning residues, noncitrus",55075,"Marinette County",Wisconsin,"Lake States",1429.25,"NASS 2017 Census",near-term,40,41.80,dt,17368000,725982400,BTU,0.03,Crop
"agriculture land","Agricultural residues","Pruning residues, tree nuts",55003,"Ashland County",Wisconsin,"Lake States",1054.13,"NASS 2017 Census","mature-market medium",40,1.30,dt,17368000,22578400,BTU,0.00,Crop
"agriculture land","Agricultural residues","Pruning residues, noncitrus",55121,"Trempealeau County",Wisconsin,"Lake States",741.98,"NASS 2017 Census","mature-market high",40,486.20,dt,17368000,8444321600,BTU,0.66,Crop
"agriculture land","Intermediate oilseeds",Pennycress,55135,"Waupaca County",Wisconsin,"Lake States",765.17,POLYSYS,"mature-market medium",400,14298.80,dt,23288300,332994744040,BTU,18.69,Crop
"agriculture land","Energy crops, woody",Poplar,55011,"Buffalo County",Wisconsin,"Lake States",709.59,POLYSYS,"mature-market medium",70,529.00,dt,16904000,8942216000,BTU,0.75,Pasture
"agriculture land","Energy crops, woody",Willow,55063,"La Crosse County",Wisconsin,"Lake States",480.05,POLYSYS,"mature-market low",70,752.00,dt,17296000,13006592000,BTU,1.57,Pasture
"agriculture land","Energy crops, herbaceous",Miscanthus,55133,"Waukesha County",Wisconsin,"Lake States",580.54,POLYSYS,"mature-market medium",70,1074.00,dt,16660000,17892840000,BTU,1.85,Pasture
"agriculture land","Energy crops, woody",Willow,55109,"St. Croix County",Wisconsin,"Lake States",735.19,POLYSYS,emerging,70,884.00,dt,17296000,15289664000,BTU,1.20,Pasture
"agriculture land","Agricultural residues","Pruning residues, noncitrus",55025,"Dane County",Wisconsin,"Lake States",1237.5,"NASS 2017 Census","mature-market high",40,134.00,dt,17368000,2327312000,BTU,0.11,Crop
"agriculture land","Energy crops, herbaceous",Miscanthus,55021,"Columbia County",Wisconsin,"Lake States",795.99,POLYSYS,emerging,70,6323.00,dt,16660000,105341180000,BTU,7.94,Crop
"agriculture land","Agricultural residues","Pruning residues, noncitrus",55133,"Waukesha County",Wisconsin,"Lake States",580.54,"NASS 2017 Census","mature-market medium",40,22.90,dt,17368000,397727200,BTU,0.04,Crop
"agriculture land","Intermediate oilseeds",Pennycress,55103,"Richland County",Wisconsin,"Lake States",589.3,POLYSYS,emerging,400,8814.42,dt,23288300,205272857286,BTU,14.96,Crop
"agriculture land","Energy crops, herbaceous",Miscanthus,55039,"Fond du Lac County",Wisconsin,"Lake States",765.84,POLYSYS,"mature-market medium",70,9702.00,dt,16660000,161635320000,BTU,12.67,Pasture
"agriculture land","Agricultural residues","Pruning residues, noncitrus",55057,"Juneau County",Wisconsin,"Lake States",805.17,"NASS 2017 Census",near-term,40,21.40,dt,17368000,371675200,BTU,0.03,Crop
"agriculture land","Agricultural residues","Pruning residues, noncitrus",55031,"Douglas County",Wisconsin,"Lake States",1332.11,"NASS 2017 Census","mature-market low",40,37.20,dt,17368000,646089600,BTU,0.03,Crop
"agriculture land","Agricultural residues","Pruning residues, noncitrus",55127,"Walworth County",Wisconsin,"Lake States",576.6,"NASS 2017 Census","mature-market medium",40,272.70,dt,17368000,4736253600,BTU,0.47,Crop
"agriculture land","Agricultural residues","Pruning residues, noncitrus",55075,"Marinette County",Wisconsin,"Lake States",1429.25,"NASS 2017 Census",emerging,40,6.20,dt,17368000,107681600,BTU,0.00,Crop
"agriculture land","Agricultural residues","Oats straw",55065,"Lafayette County",Wisconsin,"Lake States",634.57,POLYSYS,near-term,70,0.00,dt,14892000,0,BTU,0.00,Crop
"agriculture land","Agricultural residues","Corn stover",55063,"La Crosse County",Wisconsin,"Lake States",480.05,POLYSYS,emerging,70,39656.00,dt,15722000,623471632000,BTU,82.61,Crop
"agriculture land","Agricultural residues","Pruning residues, noncitrus",55035,"Eau Claire County",Wisconsin,"Lake States",645.2,"NASS 2017 Census","mature-market medium",40,80.50,dt,17368000,1398124000,BTU,0.12,Crop
"agriculture land","Agricultural residues","Pruning residues, noncitrus",55055,"Jefferson County",Wisconsin,"Lake States",582.74,"NASS 2017 Census","mature-market low",40,64.80,dt,17368000,1125446400,BTU,0.11,Crop
"agriculture land","Agricultural residues","Pruning residues, noncitrus",55073,"Marathon County",Wisconsin,"Lake States",1576.33,"NASS 2017 Census",emerging,40,48.90,dt,17368000,849295200,BTU,0.03,Crop
"agriculture land","Agricultural residues","Pruning residues, noncitrus",55055,"Jefferson County",Wisconsin,"Lake States",582.74,"NASS 2017 Census","mature-market low",40,9.40,dt,17368000,163259200,BTU,0.02,Crop
"agriculture land","Agricultural residues","Pruning residues, noncitrus",55119,"Taylor County",Wisconsin,"Lake States",984.56,"NASS 2017 Census",emerging,40,7.00,dt,17368000,121576000,BTU,0.01,Crop
"agriculture land","Energy crops, herbaceous",Miscanthus,55113,"Sawyer County",Wisconsin,"Lake States",1350.24,POLYSYS,"mature-market low",70,11080.00,dt,16660000,184592800000,BTU,8.21,Pasture
"agriculture land","Energy crops, woody",Poplar,55011,"Buffalo County",Wisconsin,"Lake States",709.59,POLYSYS,emerging,70,650.00,dt,16904000,10987600000,BTU,0.92,Pasture
"agriculture land","Agricultural residues","Oats straw",55029,"Door County",Wisconsin,"Lake States",487.56,POLYSYS,near-term,70,0.00,dt,14892000,0,BTU,0.00,Crop
"agriculture land","Agricultural residues","Wheat straw",55123,"Vernon County",Wisconsin,"Lake States",816.38,POLYSYS,emerging,70,0.00,dt,14892000,0,BTU,0.00,Crop
"agriculture land","Energy crops, herbaceous",Miscanthus,55001,"Adams County",Wisconsin,"Lake States",687.48,POLYSYS,emerging,70,5418.00,dt,16660000,90263880000,BTU,7.88,Pasture
"agriculture land","Agricultural residues","Pruning residues, noncitrus",55101,"Racine County",Wisconsin,"Lake States",340.39,"NASS 2017 Census",near-term,40,315.20,dt,17368000,5474393600,BTU,0.93,Crop
"agriculture land","Energy crops, herbaceous",Miscanthus,55097,"Portage County",Wisconsin,"Lake States",822.82,POLYSYS,"mature-market low",70,22020.00,dt,16660000,366853200000,BTU,26.76,Pasture
"agriculture land","Energy crops, herbaceous",Miscanthus,55111,"Sauk County",Wisconsin,"Lake States",849.19,POLYSYS,emerging,70,254409.00,dt,16660000,4238453940000,BTU,299.59,Crop
"agriculture land","Agricultural residues","Pruning residues, noncitrus",55089,"Ozaukee County",Wisconsin,"Lake States",235.28,"NASS 2017 Census","mature-market medium",40,4.20,dt,17368000,72945600,BTU,0.02,Crop
"agriculture land","Intermediate oilseeds",Pennycress,55067,"Langlade County",Wisconsin,"Lake States",887.79,POLYSYS,"mature-market low",400,2858.58,dt,23288300,66571468614,BTU,3.22,Crop
"agriculture land","Agricultural residues","Pruning residues, noncitrus",55029,"Door County",Wisconsin,"Lake States",487.56,"NASS 2017 Census",near-term,40,31.30,dt,17368000,543618400,BTU,0.06,Crop
"agriculture land","Agricultural residues","Wheat straw",55067,"Langlade County",Wisconsin,"Lake States",887.79,POLYSYS,"mature-market high",70,0.00,dt,14892000,0,BTU,0.00,Crop
"agriculture land","Agricultural residues","Wheat straw",55107,"Rusk County",Wisconsin,"Lake States",930.86,POLYSYS,"mature-market medium",70,0.00,dt,14892000,0,BTU,0.00,Crop
"agriculture land","Agricultural residues","Corn stover",55129,"Washburn County",Wisconsin,"Lake States",853.32,POLYSYS,emerging,70,6493.00,dt,15722000,102082946000,BTU,7.61,Crop
"agriculture land","Agricultural residues","Pruning residues, noncitrus",55017,"Chippewa County",Wisconsin,"Lake States",1041.27,"NASS 2017 Census",emerging,40,17.70,dt,17368000,307413600,BTU,0.02,Crop
"agriculture land","Agricultural residues","Pruning residues, noncitrus",55075,"Marinette County",Wisconsin,"Lake States",1429.25,"NASS 2017 Census","mature-market low",40,6.20,dt,17368000,107681600,BTU,0.00,Crop
"agriculture land","Energy crops, woody",Willow,55103,"Richland County",Wisconsin,"Lake States",589.3,POLYSYS,emerging,70,1073.00,dt,17296000,18558608000,BTU,1.82,Pasture
"agriculture land","Energy crops, herbaceous",Miscanthus,55057,"Juneau County",Wisconsin,"Lake States",805.17,POLYSYS,emerging,70,191327.00,dt,16660000,3187507820000,BTU,237.62,Crop
"agriculture land","Agricultural residues","Pruning residues, noncitrus",55089,"Ozaukee County",Wisconsin,"Lake States",235.28,"NASS 2017 Census",near-term,40,4.20,dt,17368000,72945600,BTU,0.02,Crop
"agriculture land","Agricultural residues","Pruning residues, noncitrus",55063,"La Crosse County",Wisconsin,"Lake States",480.05,"NASS 2017 Census","mature-market low",40,15.60,dt,17368000,270940800,BTU,0.03,Crop
"agriculture land","Agricultural residues","Pruning residues, noncitrus",55033,"Dunn County",Wisconsin,"Lake States",863.89,"NASS 2017 Census",near-term,40,63.20,dt,17368000,1097657600,BTU,0.07,Crop
"agriculture land","Agricultural residues","Wheat straw",55029,"Door County",Wisconsin,"Lake States",487.56,POLYSYS,"mature-market high",70,0.00,dt,14892000,0,BTU,0.00,Crop
"agriculture land","Energy crops, woody",Willow,55137,"Waushara County",Wisconsin,"Lake States",637.4,POLYSYS,"mature-market low",70,6621.00,dt,17296000,114516816000,BTU,10.39,Pasture
"agriculture land","Energy crops, woody",Willow,55045,"Green County",Wisconsin,"Lake States",584.55,POLYSYS,"mature-market low",70,8326.00,dt,17296000,144006496000,BTU,14.24,Pasture
"agriculture land","Agricultural residues","Wheat straw",55087,"Outagamie County",Wisconsin,"Lake States",644.61,POLYSYS,"mature-market high",70,0.00,dt,14892000,0,BTU,0.00,Crop
"agriculture land","Energy crops, herbaceous",Switchgrass,55097,"Portage County",Wisconsin,"Lake States",822.82,POLYSYS,emerging,70,0.00,dt,16424000,0,BTU,0.00,Pasture
"agriculture land","Agricultural residues","Pruning residues, noncitrus",55131,"Washington County",Wisconsin,"Lake States",435.66,"NASS 2017 Census","mature-market medium",40,66.60,dt,17368000,1156708800,BTU,0.15,Crop
"agriculture land","Agricultural residues","Corn stover",55073,"Marathon County",Wisconsin,"Lake States",1576.33,POLYSYS,"mature-market medium",70,108378.00,dt,15722000,1703918916000,BTU,68.75,Crop
"agriculture land","Agricultural residues","Pruning residues, noncitrus",55057,"Juneau County",Wisconsin,"Lake States",805.17,"NASS 2017 Census",near-term,40,2948.40,dt,17368000,51207811200,BTU,3.66,Crop
"agriculture land","Energy crops, herbaceous",Miscanthus,55001,"Adams County",Wisconsin,"Lake States",687.48,POLYSYS,"mature-market medium",70,4473.00,dt,16660000,74520180000,BTU,6.51,Pasture
"agriculture land","Intermediate oilseeds",Pennycress,55065,"Lafayette County",Wisconsin,"Lake States",634.57,POLYSYS,"mature-market high",400,29705.65,dt,23288300,691794088895,BTU,46.81,Crop
"agriculture land","Agricultural residues","Pruning residues, noncitrus",55063,"La Crosse County",Wisconsin,"Lake States",480.05,"NASS 2017 Census",emerging,40,28.60,dt,17368000,496724800,BTU,0.06,Crop
"agriculture land","Energy crops, herbaceous",Miscanthus,55013,"Burnett County",Wisconsin,"Lake States",880.22,POLYSYS,"mature-market high",70,67539.00,dt,16660000,1125199740000,BTU,76.73,Crop
"agriculture land","Intermediate oilseeds",Pennycress,55093,"Pierce County",Wisconsin,"Lake States",592.73,POLYSYS,"mature-market medium",400,19649.29,dt,23288300,457598560307,BTU,33.15,Crop
"agriculture land","Agricultural residues","Corn stover",55099,"Price County",Wisconsin,"Lake States",1278.04,POLYSYS,"mature-market low",70,4580.00,dt,15722000,72006760000,BTU,3.58,Crop
"agriculture land","Agricultural residues","Pruning residues, noncitrus",55131,"Washington County",Wisconsin,"Lake States",435.66,"NASS 2017 Census","mature-market low",40,73.00,dt,17368000,1267864000,BTU,0.17,Crop
