"source_desc","sector_desc","group_desc","commodity_desc","class_desc","prodn_practice_desc","util_practice_desc","statisticcat_desc","unit_desc","short_desc","domain_desc","domaincat_desc","agg_level_desc","state_ansi","state_fips_code","state_alpha","state_name","asd_code","asd_desc","county_ansi","county_code","county_name","region_desc","zip_5","watershed_code","watershed_desc","congr_district_code","country_code","country_name","location_desc","year","freq_desc","begin_code","end_code","reference_period_desc","week_ending","load_time","Value","CV (%)"
"CENSUS","CROPS","FIELD CROPS","CORN","ALL CLASSES","ALL PRODUCTION PRACTICES","GRAIN","AREA HARVESTED","ACRES","CORN, GRAIN - ACRES HARVESTED","TOTAL","NOT SPECIFIED","COUNTY","55","55","WI","WISCONSIN","10","NORTHWEST","005","005","BARRON","","","00000000","","","9000","UNITED STATES","WISCONSIN, NORTHWEST, BARRON","2022","ANNUAL","00","00","YEAR","","2024-07-02 12:00:00.000","62,649","16.1"
"CENSUS","CROPS","FIELD CROPS","CORN","ALL CLASSES","ALL PRODUCTION PRACTICES","GRAIN","AREA HARVESTED","ACRES","CORN, GRAIN - ACRES HARVESTED","TOTAL","NOT SPECIFIED","COUNTY","55","55","WI","WISCONSIN","10","NORTHWEST","007","007","BAYFIELD","","","00000000","","","9000","UNITED STATES","WISCONSIN, NORTHWEST, BAYFIELD","2022","ANNUAL","00","00","YEAR","","2024-07-02 12:00:00.000","2,361","16.1"
"CENSUS","CROPS","FIELD CROPS","CORN","ALL CLASSES","ALL PRODUCTION PRACTICES","GRAIN","AREA HARVESTED","ACRES","CORN, GRAIN - ACRES HARVESTED","TOTAL","NOT SPECIFIED","COUNTY","55","55","WI","WISCONSIN","10","NORTHWEST","013","013","BURNETT","","","00000000","","","9000","UNITED STATES","WISCONSIN, NORTHWEST, BURNETT","2022","ANNUAL","00","00","YEAR","","2024-07-02 12:00:00.000","12,577","16.1"
"CENSUS","CROPS","FIELD CROPS","CORN","ALL CLASSES","ALL PRODUCTION PRACTICES","GRAIN","AREA HARVESTED","ACRES","CORN, GRAIN - ACRES HARVESTED","TOTAL","NOT SPECIFIED","COUNTY","55","55","WI","WISCONSIN","10","NORTHWEST","017","017","CHIPPEWA","","","00000000","","","9000","UNITED STATES","WISCONSIN, NORTHWEST, CHIPPEWA","2022","ANNUAL","00","00","YEAR","","2024-07-02 12:00:00.000","76,231","16.1"
"CENSUS","CROPS","FIELD CROPS","CORN","ALL CLASSES","ALL PRODUCTION PRACTICES","GRAIN","AREA HARVESTED","ACRES","CORN, GRAIN - ACRES HARVESTED","TOTAL","NOT SPECIFIED","COUNTY","55","55","WI","WISCONSIN","10","NORTHWEST","031","031","DOUGLAS","","","00000000","","","9000","UNITED STATES","WISCONSIN, NORTHWEST, DOUGLAS","2022","ANNUAL","00","00","YEAR","","2024-07-02 12:00:00.000"," (D)","(D)"
"CENSUS","CROPS","FIELD CROPS","CORN","ALL CLASSES","ALL PRODUCTION PRACTICES","GRAIN","AREA HARVESTED","ACRES","CORN, GRAIN - ACRES HARVESTED","TOTAL","NOT SPECIFIED","COUNTY","55","55","WI","WISCONSIN","10","NORTHWEST","095","095","POLK","","","00000000","","","9000","UNITED STATES","WISCONSIN, NORTHWEST, POLK","2022","ANNUAL","00","00","YEAR","","2024-07-02 12:00:00.000","53,295","16.1"
"CENSUS","CROPS","FIELD CROPS","CORN","ALL CLASSES","ALL PRODUCTION PRACTICES","GRAIN","AREA HARVESTED","ACRES","CORN, GRAIN - ACRES HARVESTED","TOTAL","NOT SPECIFIED","COUNTY","55","55","WI","WISCONSIN","10","NORTHWEST","107","107","RUSK","","","00000000","","","9000","UNITED STATES","WISCONSIN, NORTHWEST, RUSK","2022","ANNUAL","00","00","YEAR","","2024-07-02 12:00:00.000","16,607","16.1"
"CENSUS","CROPS","FIELD CROPS","CORN","ALL CLASSES","ALL PRODUCTION PRACTICES","GRAIN","AREA HARVESTED","ACRES","CORN, GRAIN - ACRES HARVESTED","TOTAL","NOT SPECIFIED","COUNTY","55","55","WI","WISCONSIN","10","NORTHWEST","113","113","SAWYER","","","00000000","","","9000","UNITED STATES","WISCONSIN, NORTHWEST, SAWYER","2022","ANNUAL","00","00","YEAR","","2024-07-02 12:00:00.000","4,344","16.1"
"CENSUS","CROPS","FIELD CROPS","CORN","ALL CLASSES","ALL PRODUCTION PRACTICES","GRAIN","AREA HARVESTED","ACRES","CORN, GRAIN - ACRES HARVESTED","TOTAL","NOT SPECIFIED","COUNTY","55","55","WI","WISCONSIN","10","NORTHWEST","129","129","WASHBURN","","","00000000","","","9000","UNITED STATES","WISCONSIN, NORTHWEST, WASHBURN","2022","ANNUAL","00","00","YEAR","","2024-07-02 12:00:00.000","10,174","16.1"
"CENSUS","CROPS","FIELD CROPS","CORN","ALL CLASSES","ALL PRODUCTION PRACTICES","GRAIN","AREA HARVESTED","ACRES","CORN, GRAIN - ACRES HARVESTED","TOTAL","NOT SPECIFIED","COUNTY","55","55","WI","WISCONSIN","20","NORTH CENTRAL","003","003","ASHLAND","","","00000000","","","9000","UNITED STATES","WISCONSIN, NORTH CENTRAL, ASHLAND","2022","ANNUAL","00","00","YEAR","","2024-07-02 12:00:00.000","1,796","(L)"
"CENSUS","CROPS","FIELD CROPS","CORN","ALL CLASSES","ALL PRODUCTION PRACTICES","GRAIN","AREA HARVESTED","ACRES","CORN, GRAIN - ACRES HARVESTED","TOTAL","NOT SPECIFIED","COUNTY","55","55","WI","WISCONSIN","20","NORTH CENTRAL","019","019","CLARK","","","00000000","","","9000","UNITED STATES","WISCONSIN, NORTH CENTRAL, CLARK","2022","ANNUAL","00","00","YEAR","","2024-07-02 12:00:00.000","72,540","16.1"
"CENSUS","CROPS","FIELD CROPS","CORN","ALL CLASSES","ALL PRODUCTION PRACTICES","GRAIN","AREA HARVESTED","ACRES","CORN, GRAIN - ACRES HARVESTED","TOTAL","NOT SPECIFIED","COUNTY","55","55","WI","WISCONSIN","20","NORTH CENTRAL","051","051","IRON","","","00000000","","","9000","UNITED STATES","WISCONSIN, NORTH CENTRAL, IRON","2022","ANNUAL","00","00","YEAR","","2024-07-02 12:00:00.000"," (D)","(D)"
"CENSUS","CROPS","FIELD CROPS","CORN","ALL CLASSES","ALL PRODUCTION PRACTICES","GRAIN","AREA HARVESTED","ACRES","CORN, GRAIN - ACRES HARVESTED","TOTAL","NOT SPECIFIED","COUNTY","55","55","WI","WISCONSIN","20","NORTH CENTRAL","069","069","LINCOLN","","","00000000","","","9000","UNITED STATES","WISCONSIN, NORTH CENTRAL, LINCOLN","2022","ANNUAL","00","00","YEAR","","2024-07-02 12:00:00.000","8,577","16.1"
"CENSUS","CROPS","FIELD CROPS","CORN","ALL CLASSES","ALL PRODUCTION PRACTICES","GRAIN","AREA HARVESTED","ACRES","CORN, GRAIN - ACRES HARVESTED","TOTAL","NOT SPECIFIED","COUNTY","55","55","WI","WISCONSIN","20","NORTH CENTRAL","073","073","MARATHON","","","00000000","","","9000","UNITED STATES","WISCONSIN, NORTH CENTRAL, MARATHON","2022","ANNUAL","00","00","YEAR","","2024-07-02 12:00:00.000","83,973","16.1"
"CENSUS","CROPS","FIELD CROPS","CORN","ALL CLASSES","ALL PRODUCTION PRACTICES","GRAIN","AREA HARVESTED","ACRES","CORN, GRAIN - ACRES HARVESTED","TOTAL","NOT SPECIFIED","COUNTY","55","55","WI","WISCONSIN","20","NORTH CENTRAL","085","085","ONEIDA","","","00000000","","","9000","UNITED STATES","WISCONSIN, NORTH CENTRAL, ONEIDA","2022","ANNUAL","00","00","YEAR","","2024-07-02 12:00:00.000","789","16.1"
"CENSUS","CROPS","FIELD CROPS","CORN","ALL CLASSES","ALL PRODUCTION PRACTICES","GRAIN","AREA HARVESTED","ACRES","CORN, GRAIN - ACRES HARVESTED","TOTAL","NOT SPECIFIED","COUNTY","55","55","WI","WISCONSIN","20","NORTH CENTRAL","099","099","PRICE","","","00000000","","","9000","UNITED STATES","WISCONSIN, NORTH CENTRAL, PRICE","2022","ANNUAL","00","00","YEAR","","2024-07-02 12:00:00.000","987","16.1"
"CENSUS","CROPS","FIELD CROPS","CORN","ALL CLASSES","ALL PRODUCTION PRACTICES","GRAIN","AREA HARVESTED","ACRES","CORN, GRAIN - ACRES HARVESTED","TOTAL","NOT SPECIFIED","COUNTY","55","55","WI","WISCONSIN","20","NORTH CENTRAL","119","119","TAYLOR","","","00000000","","","9000","UNITED STATES","WISCONSIN, NORTH CENTRAL, TAYLOR","2022","ANNUAL","00","00","YEAR","","2024-07-02 12:00:00.000","29,157","16.1"
"CENSUS","CROPS","FIELD CROPS","CORN","ALL CLASSES","ALL PRODUCTION PRACTICES","GRAIN","AREA HARVESTED","ACRES","CORN, GRAIN - ACRES HARVESTED","TOTAL","NOT SPECIFIED","COUNTY","55","55","WI","WISCONSIN","20","NORTH CENTRAL","125","125","VILAS","","","00000000","","","9000","UNITED STATES","WISCONSIN, NORTH CENTRAL, VILAS","2022","ANNUAL","00","00","YEAR","","2024-07-02 12:00:00.000"," (D)","(D)"
"CENSUS","CROPS","FIELD CROPS","CORN","ALL CLASSES","ALL PRODUCTION PRACTICES","GRAIN","AREA HARVESTED","ACRES","CORN, GRAIN - ACRES HARVESTED","TOTAL","NOT SPECIFIED","COUNTY","55","55","WI","WISCONSIN","30","NORTHEAST","037","037","FLORENCE","","","00000000","","","9000","UNITED STATES","WISCONSIN, NORTHEAST, FLORENCE","2022","ANNUAL","00","00","YEAR","","2024-07-02 12:00:00.000","28","16.1"
"CENSUS","CROPS","FIELD CROPS","CORN","ALL CLASSES","ALL PRODUCTION PRACTICES","GRAIN","AREA HARVESTED","ACRES","CORN, GRAIN - ACRES HARVESTED","TOTAL","NOT SPECIFIED","COUNTY","55","55","WI","WISCONSIN","30","NORTHEAST","041","041","FOREST","","","00000000","","","9000","UNITED STATES","WISCONSIN, NORTHEAST, FOREST","2022","ANNUAL","00","00","YEAR","","2024-07-02 12:00:00.000","1,158","16.1"
"CENSUS","CROPS","FIELD CROPS","CORN","ALL CLASSES","ALL PRODUCTION PRACTICES","GRAIN","AREA HARVESTED","ACRES","CORN, GRAIN - ACRES HARVESTED","TOTAL","NOT SPECIFIED","COUNTY","55","55","WI","WISCONSIN","30","NORTHEAST","067","067","LANGLADE","","","00000000","","","9000","UNITED STATES","WISCONSIN, NORTHEAST, LANGLADE","2022","ANNUAL","00","00","YEAR","","2024-07-02 12:00:00.000","4,964","16.1"
"CENSUS","CROPS","FIELD CROPS","CORN","ALL CLASSES","ALL PRODUCTION PRACTICES","GRAIN","AREA HARVESTED","ACRES","CORN, GRAIN - ACRES HARVESTED","TOTAL","NOT SPECIFIED","COUNTY","55","55","WI","WISCONSIN","30","NORTHEAST","075","075","MARINETTE","","","00000000","","","9000","UNITED STATES","WISCONSIN, NORTHEAST, MARINETTE","2022","ANNUAL","00","00","YEAR","","2024-07-02 12:00:00.000","26,308","16.1"
"CENSUS","CROPS","FIELD CROPS","CORN","ALL CLASSES","ALL PRODUCTION PRACTICES","GRAIN","AREA HARVESTED","ACRES","CORN, GRAIN - ACRES HARVESTED","TOTAL","NOT SPECIFIED","COUNTY","55","55","WI","WISCONSIN","30","NORTHEAST","078","078","MENOMINEE","","","00000000","","","9000","UNITED STATES","WISCONSIN, NORTHEAST, MENOMINEE","2022","ANNUAL","00","00","YEAR","","2024-07-02 12:00:00.000"," (D)","(D)"
"CENSUS","CROPS","FIELD CROPS","CORN","ALL CLASSES","ALL PRODUCTION PRACTICES","GRAIN","AREA HARVESTED","ACRES","CORN, GRAIN - ACRES HARVESTED","TOTAL","NOT SPECIFIED","COUNTY","55","55","WI","WISCONSIN","30","NORTHEAST","083","083","OCONTO","","","00000000","","","9000","UNITED STATES","WISCONSIN, NORTHEAST, OCONTO","2022","ANNUAL","00","00","YEAR","","2024-07-02 12:00:00.000","37,882","16.1"
"CENSUS","CROPS","FIELD CROPS","CORN","ALL CLASSES","ALL PRODUCTION PRACTICES","GRAIN","AREA HARVESTED","ACRES","CORN, GRAIN - ACRES HARVESTED","TOTAL","NOT SPECIFIED","COUNTY","55","55","WI","WISCONSIN","30","NORTHEAST","115","115","SHAWANO","","","00000000","","","9000","UNITED STATES","WISCONSIN, NORTHEAST, SHAWANO","2022","ANNUAL","00","00","YEAR","","2024-07-02 12:00:00.000","47,021","16.1"
"CENSUS","CROPS","FIELD CROPS","CORN","ALL CLASSES","ALL PRODUCTION PRACTICES","GRAIN","AREA HARVESTED","ACRES","CORN, GRAIN - ACRES HARVESTED","TOTAL","NOT SPECIFIED","COUNTY","55","55","WI","WISCONSIN","40","WEST CENTRAL","011","011","BUFFALO","","","00000000","","","9000","UNITED STATES","WISCONSIN, WEST CENTRAL, BUFFALO","2022","ANNUAL","00","00","YEAR","","2024-07-02 12:00:00.000","67,906","16.1"
"CENSUS","CROPS","FIELD CROPS","CORN","ALL CLASSES","ALL PRODUCTION PRACTICES","GRAIN","AREA HARVESTED","ACRES","CORN, GRAIN - ACRES HARVESTED","TOTAL","NOT SPECIFIED","COUNTY","55","55","WI","WISCONSIN","40","WEST CENTRAL","033","033","DUNN","","","00000000","","","9000","UNITED STATES","WISCONSIN, WEST CENTRAL, DUNN","2022","ANNUAL","00","00","YEAR","","2024-07-02 12:00:00.000","96,715","16.1"
"CENSUS","CROPS","FIELD CROPS","CORN","ALL CLASSES","ALL PRODUCTION PRACTICES","GRAIN","AREA HARVESTED","ACRES","CORN, GRAIN - ACRES HARVESTED","TOTAL","NOT SPECIFIED","COUNTY","55","55","WI","WISCONSIN","40","WEST CENTRAL","035","035","EAU CLAIRE","","","00000000","","","9000","UNITED STATES","WISCONSIN, WEST CENTRAL, EAU CLAIRE","2022","ANNUAL","00","00","YEAR","","2024-07-02 12:00:00.000","39,424","16.1"
"CENSUS","CROPS","FIELD CROPS","CORN","ALL CLASSES","ALL PRODUCTION PRACTICES","GRAIN","AREA HARVESTED","ACRES","CORN, GRAIN - ACRES HARVESTED","TOTAL","NOT SPECIFIED","COUNTY","55","55","WI","WISCONSIN","40","WEST CENTRAL","053","053","JACKSON","","","00000000","","","9000","UNITED STATES","WISCONSIN, WEST CENTRAL, JACKSON","2022","ANNUAL","00","00","YEAR","","2024-07-02 12:00:00.000","41,931","16.1"
"CENSUS","CROPS","FIELD CROPS","CORN","ALL CLASSES","ALL PRODUCTION PRACTICES","GRAIN","AREA HARVESTED","ACRES","CORN, GRAIN - ACRES HARVESTED","TOTAL","NOT SPECIFIED","COUNTY","55","55","WI","WISCONSIN","40","WEST CENTRAL","063","063","LA CROSSE","","","00000000","","","9000","UNITED STATES","WISCONSIN, WEST CENTRAL, LA CROSSE","2022","ANNUAL","00","00","YEAR","","2024-07-02 12:00:00.000","29,107","16.1"
"CENSUS","CROPS","FIELD CROPS","CORN","ALL CLASSES","ALL PRODUCTION PRACTICES","GRAIN","AREA HARVESTED","ACRES","CORN, GRAIN - ACRES HARVESTED","TOTAL","NOT SPECIFIED","COUNTY","55","55","WI","WISCONSIN","40","WEST CENTRAL","081","081","MONROE","","","00000000","","","9000","UNITED STATES","WISCONSIN, WEST CENTRAL, MONROE","2022","ANNUAL","00","00","YEAR","","2024-07-02 12:00:00.000","45,036","16.1"
"CENSUS","CROPS","FIELD CROPS","CORN","ALL CLASSES","ALL PRODUCTION PRACTICES","GRAIN","AREA HARVESTED","ACRES","CORN, GRAIN - ACRES HARVESTED","TOTAL","NOT SPECIFIED","COUNTY","55","55","WI","WISCONSIN","40","WEST CENTRAL","091","091","PEPIN","","","00000000","","","9000","UNITED STATES","WISCONSIN, WEST CENTRAL, PEPIN","2022","ANNUAL","00","00","YEAR","","2024-07-02 12:00:00.000","24,979","16.1"
"CENSUS","CROPS","FIELD CROPS","CORN","ALL CLASSES","ALL PRODUCTION PRACTICES","GRAIN","AREA HARVESTED","ACRES","CORN, GRAIN - ACRES HARVESTED","TOTAL","NOT SPECIFIED","COUNTY","55","55","WI","WISCONSIN","40","WEST CENTRAL","093","093","PIERCE","","","00000000","","","9000","UNITED STATES","WISCONSIN, WEST CENTRAL, PIERCE","2022","ANNUAL","00","00","YEAR","","2024-07-02 12:00:00.000","62,968","16.1"
"CENSUS","CROPS","FIELD CROPS","CORN","ALL CLASSES","ALL PRODUCTION PRACTICES","GRAIN","AREA HARVESTED","ACRES","CORN, GRAIN - ACRES HARVESTED","TOTAL","NOT SPECIFIED","COUNTY","55","55","WI","WISCONSIN","40","WEST CENTRAL","109","109","ST CROIX","","","00000000","","","9000","UNITED STATES","WISCONSIN, WEST CENTRAL, ST CROIX","2022","ANNUAL","00","00","YEAR","","2024-07-02 12:00:00.000","75,875","16.1"
"CENSUS","CROPS","FIELD CROPS","CORN","ALL CLASSES","ALL PRODUCTION PRACTICES","GRAIN","AREA HARVESTED","ACRES","CORN, GRAIN - ACRES HARVESTED","TOTAL","NOT SPECIFIED","COUNTY","55","55","WI","WISCONSIN","40","WEST CENTRAL","121","121","TREMPEALEAU","","","00000000","","","9000","UNITED STATES","WISCONSIN, WEST CENTRAL, TREMPEALEAU","2022","ANNUAL","00","00","YEAR","","2024-07-02 12:00:00.000","76,784","16.1"
"CENSUS","CROPS","FIELD CROPS","CORN","ALL CLASSES","ALL PRODUCTION PRACTICES","GRAIN","AREA HARVESTED","ACRES","CORN, GRAIN - ACRES HARVESTED","TOTAL","NOT SPECIFIED","COUNTY","55","55","WI","WISCONSIN","50","CENTRAL","001","001","ADAMS","","","00000000","","","9000","UNITED STATES","WISCONSIN, CENTRAL, ADAMS","2022","ANNUAL","00","00","YEAR","","2024-07-02 12:00:00.000","17,314","16.1"
"CENSUS","CROPS","FIELD CROPS","CORN","ALL CLASSES","ALL PRODUCTION PRACTICES","GRAIN","AREA HARVESTED","ACRES","CORN, GRAIN - ACRES HARVESTED","TOTAL","NOT SPECIFIED","COUNTY","55","55","WI","WISCONSIN","50","CENTRAL","047","047","GREEN LAKE","","","00000000","","","9000","UNITED STATES","WISCONSIN, CENTRAL, GREEN LAKE","2022","ANNUAL","00","00","YEAR","","2024-07-02 12:00:00.000","37,922","16.1"
"CENSUS","CROPS","FIELD CROPS","CORN","ALL CLASSES","ALL PRODUCTION PRACTICES","GRAIN","AREA HARVESTED","ACRES","CORN, GRAIN - ACRES HARVESTED","TOTAL","NOT SPECIFIED","COUNTY","55","55","WI","WISCONSIN","50","CENTRAL","057","057","JUNEAU","","","00000000","","","9000","UNITED STATES","WISCONSIN, CENTRAL, JUNEAU","2022","ANNUAL","00","00","YEAR","","2024-07-02 12:00:00.000","35,912","16.1"
"CENSUS","CROPS","FIELD CROPS","CORN","ALL CLASSES","ALL PRODUCTION PRACTICES","GRAIN","AREA HARVESTED","ACRES","CORN, GRAIN - ACRES HARVESTED","TOTAL","NOT SPECIFIED","COUNTY","55","55","WI","WISCONSIN","50","CENTRAL","077","077","MARQUETTE","","","00000000","","","9000","UNITED STATES","WISCONSIN, CENTRAL, MARQUETTE","2022","ANNUAL","00","00","YEAR","","2024-07-02 12:00:00.000","29,837","16.1"
"CENSUS","CROPS","FIELD CROPS","CORN","ALL CLASSES","ALL PRODUCTION PRACTICES","GRAIN","AREA HARVESTED","ACRES","CORN, GRAIN - ACRES HARVESTED","TOTAL","NOT SPECIFIED","COUNTY","55","55","WI","WISCONSIN","50","CENTRAL","097","097","PORTAGE","","","00000000","","","9000","UNITED STATES","WISCONSIN, CENTRAL, PORTAGE","2022","ANNUAL","00","00","YEAR","","2024-07-02 12:00:00.000","42,661","16.1"
"CENSUS","CROPS","FIELD CROPS","CORN","ALL CLASSES","ALL PRODUCTION PRACTICES","GRAIN","AREA HARVESTED","ACRES","CORN, GRAIN - ACRES HARVESTED","TOTAL","NOT SPECIFIED","COUNTY","55","55","WI","WISCONSIN","50","CENTRAL","135","135","WAUPACA","","","00000000","","","9000","UNITED STATES","WISCONSIN, CENTRAL, WAUPACA","2022","ANNUAL","00","00","YEAR","","2024-07-02 12:00:00.000","46,812","16.1"
"CENSUS","CROPS","FIELD CROPS","CORN","ALL CLASSES","ALL PRODUCTION PRACTICES","GRAIN","AREA HARVESTED","ACRES","CORN, GRAIN - ACRES HARVESTED","TOTAL","NOT SPECIFIED","COUNTY","55","55","WI","WISCONSIN","50","CENTRAL","137","137","WAUSHARA","","","00000000","","","9000","UNITED STATES","WISCONSIN, CENTRAL, WAUSHARA","2022","ANNUAL","00","00","YEAR","","2024-07-02 12:00:00.000","32,577","16.1"
"CENSUS","CROPS","FIELD CROPS","CORN","ALL CLASSES","ALL PRODUCTION PRACTICES","GRAIN","AREA HARVESTED","ACRES","CORN, GRAIN - ACRES HARVESTED","TOTAL","NOT SPECIFIED","COUNTY","55","55","WI","WISCONSIN","50","CENTRAL","141","141","WOOD","","","00000000","","","9000","UNITED STATES","WISCONSIN, CENTRAL, WOOD","2022","ANNUAL","00","00","YEAR","","2024-07-02 12:00:00.000","33,513","16.1"
"CENSUS","CROPS","FIELD CROPS","CORN","ALL CLASSES","ALL PRODUCTION PRACTICES","GRAIN","AREA HARVESTED","ACRES","CORN, GRAIN - ACRES HARVESTED","TOTAL","NOT SPECIFIED","COUNTY","55","55","WI","WISCONSIN","60","EAST CENTRAL","009","009","BROWN","","","00000000","","","9000","UNITED STATES","WISCONSIN, EAST CENTRAL, BROWN","2022","ANNUAL","00","00","YEAR","","2024-07-02 12:00:00.000","28,841","16.1"
"CENSUS","CROPS","FIELD CROPS","CORN","ALL CLASSES","ALL PRODUCTION PRACTICES","GRAIN","AREA HARVESTED","ACRES","CORN, GRAIN - ACRES HARVESTED","TOTAL","NOT SPECIFIED","COUNTY","55","55","WI","WISCONSIN","60","EAST CENTRAL","015","015","CALUMET","","","00000000","","","9000","UNITED STATES","WISCONSIN, EAST CENTRAL, CALUMET","2022","ANNUAL","00","00","YEAR","","2024-07-02 12:00:00.000","26,674","16.1"
"CENSUS","CROPS","FIELD CROPS","CORN","ALL CLASSES","ALL PRODUCTION PRACTICES","GRAIN","AREA HARVESTED","ACRES","CORN, GRAIN - ACRES HARVESTED","TOTAL","NOT SPECIFIED","COUNTY","55","55","WI","WISCONSIN","60","EAST CENTRAL","029","029","DOOR","","","00000000","","","9000","UNITED STATES","WISCONSIN, EAST CENTRAL, DOOR","2022","ANNUAL","00","00","YEAR","","2024-07-02 12:00:00.000","15,857","16.1"
"CENSUS","CROPS","FIELD CROPS","CORN","ALL CLASSES","ALL PRODUCTION PRACTICES","GRAIN","AREA HARVESTED","ACRES","CORN, GRAIN - ACRES HARVESTED","TOTAL","NOT SPECIFIED","COUNTY","55","55","WI","WISCONSIN","60","EAST CENTRAL","039","039","FOND DU LAC","","","00000000","","","9000","UNITED STATES","WISCONSIN, EAST CENTRAL, FOND DU LAC","2022","ANNUAL","00","00","YEAR","","2024-07-02 12:00:00.000","77,484","16.1"
"CENSUS","CROPS","FIELD CROPS","CORN","ALL CLASSES","ALL PRODUCTION PRACTICES","GRAIN","AREA HARVESTED","ACRES","CORN, GRAIN - ACRES HARVESTED","TOTAL","NOT SPECIFIED","COUNTY","55","55","WI","WISCONSIN","60","EAST CENTRAL","061","061","KEWAUNEE","","","00000000","","","9000","UNITED STATES","WISCONSIN, EAST CENTRAL, KEWAUNEE","2022","ANNUAL","00","00","YEAR","","2024-07-02 12:00:00.000","31,346","16.1"
"CENSUS","CROPS","FIELD CROPS","CORN","ALL CLASSES","ALL PRODUCTION PRACTICES","GRAIN","AREA HARVESTED","ACRES","CORN, GRAIN - ACRES HARVESTED","TOTAL","NOT SPECIFIED","COUNTY","55","55","WI","WISCONSIN","60","EAST CENTRAL","071","071","MANITOWOC","","","00000000","","","9000","UNITED STATES","WISCONSIN, EAST CENTRAL, MANITOWOC","2022","ANNUAL","00","00","YEAR","","2024-07-02 12:00:00.000","32,261","16.1"
"CENSUS","CROPS","FIELD CROPS","CORN","ALL CLASSES","ALL PRODUCTION PRACTICES","GRAIN","AREA HARVESTED","ACRES","CORN, GRAIN - ACRES HARVESTED","TOTAL","NOT SPECIFIED","COUNTY","55","55","WI","WISCONSIN","60","EAST CENTRAL","087","087","OUTAGAMIE","","","00000000","","","9000","UNITED STATES","WISCONSIN, EAST CENTRAL, OUTAGAMIE","2022","ANNUAL","00","00","YEAR","","2024-07-02 12:00:00.000","61,934","16.1"
"CENSUS","CROPS","FIELD CROPS","CORN","ALL CLASSES","ALL PRODUCTION PRACTICES","GRAIN","AREA HARVESTED","ACRES","CORN, GRAIN - ACRES HARVESTED","TOTAL","NOT SPECIFIED","COUNTY","55","55","WI","WISCONSIN","60","EAST CENTRAL","117","117","SHEBOYGAN","","","00000000","","","9000","UNITED STATES","WISCONSIN, EAST CENTRAL, SHEBOYGAN","2022","ANNUAL","00","00","YEAR","","2024-07-02 12:00:00.000","38,829","16.1"
"CENSUS","CROPS","FIELD CROPS","CORN","ALL CLASSES","ALL PRODUCTION PRACTICES","GRAIN","AREA HARVESTED","ACRES","CORN, GRAIN - ACRES HARVESTED","TOTAL","NOT SPECIFIED","COUNTY","55","55","WI","WISCONSIN","60","EAST CENTRAL","139","139","WINNEBAGO","","","00000000","","","9000","UNITED STATES","WISCONSIN, EAST CENTRAL, WINNEBAGO","2022","ANNUAL","00","00","YEAR","","2024-07-02 12:00:00.000","36,112","16.1"
"CENSUS","CROPS","FIELD CROPS","CORN","ALL CLASSES","ALL PRODUCTION PRACTICES","GRAIN","AREA HARVESTED","ACRES","CORN, GRAIN - ACRES HARVESTED","TOTAL","NOT SPECIFIED","COUNTY","55","55","WI","WISCONSIN","70","SOUTHWEST","023","023","CRAWFORD","","","00000000","","","9000","UNITED STATES","WISCONSIN, SOUTHWEST, CRAWFORD","2022","ANNUAL","00","00","YEAR","","2024-07-02 12:00:00.000","27,904","16.1"
"CENSUS","CROPS","FIELD CROPS","CORN","ALL CLASSES","ALL PRODUCTION PRACTICES","GRAIN","AREA HARVESTED","ACRES","CORN, GRAIN - ACRES HARVESTED","TOTAL","NOT SPECIFIED","COUNTY","55","55","WI","WISCONSIN","70","SOUTHWEST","043","043","GRANT","","","00000000","","","9000","UNITED STATES","WISCONSIN, SOUTHWEST, GRANT","2022","ANNUAL","00","00","YEAR","","2024-07-02 12:00:00.000","133,321","16.1"
"CENSUS","CROPS","FIELD CROPS","CORN","ALL CLASSES","ALL PRODUCTION PRACTICES","GRAIN","AREA HARVESTED","ACRES","CORN, GRAIN - ACRES HARVESTED","TOTAL","NOT SPECIFIED","COUNTY","55","55","WI","WISCONSIN","70","SOUTHWEST","049","049","IOWA","","","00000000","","","9000","UNITED STATES","WISCONSIN, SOUTHWEST, IOWA","2022","ANNUAL","00","00","YEAR","","2024-07-02 12:00:00.000","71,969","16.1"
"CENSUS","CROPS","FIELD CROPS","CORN","ALL CLASSES","ALL PRODUCTION PRACTICES","GRAIN","AREA HARVESTED","ACRES","CORN, GRAIN - ACRES HARVESTED","TOTAL","NOT SPECIFIED","COUNTY","55","55","WI","WISCONSIN","70","SOUTHWEST","065","065","LAFAYETTE","","","00000000","","","9000","UNITED STATES","WISCONSIN, SOUTHWEST, LAFAYETTE","2022","ANNUAL","00","00","YEAR","","2024-07-02 12:00:00.000","101,652","16.1"
"CENSUS","CROPS","FIELD CROPS","CORN","ALL CLASSES","ALL PRODUCTION PRACTICES","GRAIN","AREA HARVESTED","ACRES","CORN, GRAIN - ACRES HARVESTED","TOTAL","NOT SPECIFIED","COUNTY","55","55","WI","WISCONSIN","70","SOUTHWEST","103","103","RICHLAND","","","00000000","","","9000","UNITED STATES","WISCONSIN, SOUTHWEST, RICHLAND","2022","ANNUAL","00","00","YEAR","","2024-07-02 12:00:00.000","37,546","16.1"
"CENSUS","CROPS","FIELD CROPS","CORN","ALL CLASSES","ALL PRODUCTION PRACTICES","GRAIN","AREA HARVESTED","ACRES","CORN, GRAIN - ACRES HARVESTED","TOTAL","NOT SPECIFIED","COUNTY","55","55","WI","WISCONSIN","70","SOUTHWEST","111","111","SAUK","","","00000000","","","9000","UNITED STATES","WISCONSIN, SOUTHWEST, SAUK","2022","ANNUAL","00","00","YEAR","","2024-07-02 12:00:00.000","76,306","16.1"
"CENSUS","CROPS","FIELD CROPS","CORN","ALL CLASSES","ALL PRODUCTION PRACTICES","GRAIN","AREA HARVESTED","ACRES","CORN, GRAIN - ACRES HARVESTED","TOTAL","NOT SPECIFIED","COUNTY","55","55","WI","WISCONSIN","70","SOUTHWEST","123","123","VERNON","","","00000000","","","9000","UNITED STATES","WISCONSIN, SOUTHWEST, VERNON","2022","ANNUAL","00","00","YEAR","","2024-07-02 12:00:00.000","57,581","16.1"
"CENSUS","CROPS","FIELD CROPS","CORN","ALL CLASSES","ALL PRODUCTION PRACTICES","GRAIN","AREA HARVESTED","ACRES","CORN, GRAIN - ACRES HARVESTED","TOTAL","NOT SPECIFIED","COUNTY","55","55","WI","WISCONSIN","80","SOUTH CENTRAL","021","021","COLUMBIA","","","00000000","","","9000","UNITED STATES","WISCONSIN, SOUTH CENTRAL, COLUMBIA","2022","ANNUAL","00","00","YEAR","","2024-07-02 12:00:00.000","109,266","16.1"
"CENSUS","CROPS","FIELD CROPS","CORN","ALL CLASSES","ALL PRODUCTION PRACTICES","GRAIN","AREA HARVESTED","ACRES","CORN, GRAIN - ACRES HARVESTED","TOTAL","NOT SPECIFIED","COUNTY","55","55","WI","WISCONSIN","80","SOUTH CENTRAL","025","025","DANE","","","00000000","","","9000","UNITED STATES","WISCONSIN, SOUTH CENTRAL, DANE","2022","ANNUAL","00","00","YEAR","","2024-07-02 12:00:00.000","151,011","16.1"
"CENSUS","CROPS","FIELD CROPS","CORN","ALL CLASSES","ALL PRODUCTION PRACTICES","GRAIN","AREA HARVESTED","ACRES","CORN, GRAIN - ACRES HARVESTED","TOTAL","NOT SPECIFIED","COUNTY","55","55","WI","WISCONSIN","80","SOUTH CENTRAL","027","027","DODGE","","","00000000","","","9000","UNITED STATES","WISCONSIN, SOUTH CENTRAL, DODGE","2022","ANNUAL","00","00","YEAR","","2024-07-02 12:00:00.000","122,274","16.1"
"CENSUS","CROPS","FIELD CROPS","CORN","ALL CLASSES","ALL PRODUCTION PRACTICES","GRAIN","AREA HARVESTED","ACRES","CORN, GRAIN - ACRES HARVESTED","TOTAL","NOT SPECIFIED","COUNTY","55","55","WI","WISCONSIN","80","SOUTH CENTRAL","045","045","GREEN","","","00000000","","","9000","UNITED STATES","WISCONSIN, SOUTH CENTRAL, GREEN","2022","ANNUAL","00","00","YEAR","","2024-07-02 12:00:00.000","80,926","16.1"
"CENSUS","CROPS","FIELD CROPS","CORN","ALL CLASSES","ALL PRODUCTION PRACTICES","GRAIN","AREA HARVESTED","ACRES","CORN, GRAIN - ACRES HARVESTED","TOTAL","NOT SPECIFIED","COUNTY","55","55","WI","WISCONSIN","80","SOUTH CENTRAL","055","055","JEFFERSON","","","00000000","","","9000","UNITED STATES","WISCONSIN, SOUTH CENTRAL, JEFFERSON","2022","ANNUAL","00","00","YEAR","","2024-07-02 12:00:00.000","65,014","16.1"
"CENSUS","CROPS","FIELD CROPS","CORN","ALL CLASSES","ALL PRODUCTION PRACTICES","GRAIN","AREA HARVESTED","ACRES","CORN, GRAIN - ACRES HARVESTED","TOTAL","NOT SPECIFIED","COUNTY","55","55","WI","WISCONSIN","80","SOUTH CENTRAL","105","105","ROCK","","","00000000","","","9000","UNITED STATES","WISCONSIN, SOUTH CENTRAL, ROCK","2022","ANNUAL","00","00","YEAR","","2024-07-02 12:00:00.000","119,270","16.1"
"CENSUS","CROPS","FIELD CROPS","CORN","ALL CLASSES","ALL PRODUCTION PRACTICES","GRAIN","AREA HARVESTED","ACRES","CORN, GRAIN - ACRES HARVESTED","TOTAL","NOT SPECIFIED","COUNTY","55","55","WI","WISCONSIN","90","SOUTHEAST","059","059","KENOSHA","","","00000000","","","9000","UNITED STATES","WISCONSIN, SOUTHEAST, KENOSHA","2022","ANNUAL","00","00","YEAR","","2024-07-02 12:00:00.000","22,185","16.1"
"CENSUS","CROPS","FIELD CROPS","CORN","ALL CLASSES","ALL PRODUCTION PRACTICES","GRAIN","AREA HARVESTED","ACRES","CORN, GRAIN - ACRES HARVESTED","TOTAL","NOT SPECIFIED","COUNTY","55","55","WI","WISCONSIN","90","SOUTHEAST","079","079","MILWAUKEE","","","00000000","","","9000","UNITED STATES","WISCONSIN, SOUTHEAST, MILWAUKEE","2022","ANNUAL","00","00","YEAR","","2024-07-02 12:00:00.000","979","16.1"
"CENSUS","CROPS","FIELD CROPS","CORN","ALL CLASSES","ALL PRODUCTION PRACTICES","GRAIN","AREA HARVESTED","ACRES","CORN, GRAIN - ACRES HARVESTED","TOTAL","NOT SPECIFIED","COUNTY","55","55","WI","WISCONSIN","90","SOUTHEAST","089","089","OZAUKEE","","","00000000","","","9000","UNITED STATES","WISCONSIN, SOUTHEAST, OZAUKEE","2022","ANNUAL","00","00","YEAR","","2024-07-02 12:00:00.000","7,814","16.1"
"CENSUS","CROPS","FIELD CROPS","CORN","ALL CLASSES","ALL PRODUCTION PRACTICES","GRAIN","AREA HARVESTED","ACRES","CORN, GRAIN - ACRES HARVESTED","TOTAL","NOT SPECIFIED","COUNTY","55","55","WI","WISCONSIN","90","SOUTHEAST","101","101","RACINE","","","00000000","","","9000","UNITED STATES","WISCONSIN, SOUTHEAST, RACINE","2022","ANNUAL","00","00","YEAR","","2024-07-02 12:00:00.000","31,327","16.1"
"CENSUS","CROPS","FIELD CROPS","CORN","ALL CLASSES","ALL PRODUCTION PRACTICES","GRAIN","AREA HARVESTED","ACRES","CORN, GRAIN - ACRES HARVESTED","TOTAL","NOT SPECIFIED","COUNTY","55","55","WI","WISCONSIN","90","SOUTHEAST","127","127","WALWORTH","","","00000000","","","9000","UNITED STATES","WISCONSIN, SOUTHEAST, WALWORTH","2022","ANNUAL","00","00","YEAR","","2024-07-02 12:00:00.000","64,506","16.1"
"CENSUS","CROPS","FIELD CROPS","CORN","ALL CLASSES","ALL PRODUCTION PRACTICES","GRAIN","AREA HARVESTED","ACRES","CORN, GRAIN - ACRES HARVESTED","TOTAL","NOT SPECIFIED","COUNTY","55","55","WI","WISCONSIN","90","SOUTHEAST","131","131","WASHINGTON","","","00000000","","","9000","UNITED STATES","WISCONSIN, SOUTHEAST, WASHINGTON","2022","ANNUAL","00","00","YEAR","","2024-07-02 12:00:00.000","26,273","16.1"
"CENSUS","CROPS","FIELD CROPS","CORN","ALL CLASSES","ALL PRODUCTION PRACTICES","GRAIN","AREA HARVESTED","ACRES","CORN, GRAIN - ACRES HARVESTED","TOTAL","NOT SPECIFIED","COUNTY","55","55","WI","WISCONSIN","90","SOUTHEAST","133","133","WAUKESHA","","","00000000","","","9000","UNITED STATES","WISCONSIN, SOUTHEAST, WAUKESHA","2022","ANNUAL","00","00","YEAR","","2024-07-02 12:00:00.000","18,031","16.1"
"CENSUS","CROPS","FIELD CROPS","CORN","ALL CLASSES","ALL PRODUCTION PRACTICES","GRAIN","AREA HARVESTED","OPERATIONS","CORN, GRAIN - OPERATIONS WITH AREA HARVESTED","TOTAL","NOT SPECIFIED","COUNTY","55","55","WI","WISCONSIN","10","NORTHWEST","005","005","BARRON","","","00000000","","","9000","UNITED STATES","WISCONSIN, NORTHWEST, BARRON","2022","ANNUAL","00","00","YEAR","","2024-07-02 12:00:00.000","398","15.0"
"CENSUS","CROPS","FIELD CROPS","CORN","ALL CLASSES","ALL PRODUCTION PRACTICES","GRAIN","AREA HARVESTED","OPERATIONS","CORN, GRAIN - OPERATIONS WITH AREA HARVESTED","TOTAL","NOT SPECIFIED","COUNTY","55","55","WI","WISCONSIN","10","NORTHWEST","007","007","BAYFIELD","","","00000000","","","9000","UNITED STATES","WISCONSIN, NORTHWEST, BAYFIELD","2022","ANNUAL","00","00","YEAR","","2024-07-02 12:00:00.000","22","15.0"
"CENSUS","CROPS","FIELD CROPS","CORN","ALL CLASSES","ALL PRODUCTION PRACTICES","GRAIN","AREA HARVESTED","OPERATIONS","CORN, GRAIN - OPERATIONS WITH AREA HARVESTED","TOTAL","NOT SPECIFIED","COUNTY","55","55","WI","WISCONSIN","10","NORTHWEST","013","013","BURNETT","","","00000000","","","9000","UNITED STATES","WISCONSIN, NORTHWEST, BURNETT","2022","ANNUAL","00","00","YEAR","","2024-07-02 12:00:00.000","83","15.0"
"CENSUS","CROPS","FIELD CROPS","CORN","ALL CLASSES","ALL PRODUCTION PRACTICES","GRAIN","AREA HARVESTED","OPERATIONS","CORN, GRAIN - OPERATIONS WITH AREA HARVESTED","TOTAL","NOT SPECIFIED","COUNTY","55","55","WI","WISCONSIN","10","NORTHWEST","017","017","CHIPPEWA","","","00000000","","","9000","UNITED STATES","WISCONSIN, NORTHWEST, CHIPPEWA","2022","ANNUAL","00","00","YEAR","","2024-07-02 12:00:00.000","460","15.0"
"CENSUS","CROPS","FIELD CROPS","CORN","ALL CLASSES","ALL PRODUCTION PRACTICES","GRAIN","AREA HARVESTED","OPERATIONS","CORN, GRAIN - OPERATIONS WITH AREA HARVESTED","TOTAL","NOT SPECIFIED","COUNTY","55","55","WI","WISCONSIN","10","NORTHWEST","031","031","DOUGLAS","","","00000000","","","9000","UNITED STATES","WISCONSIN, NORTHWEST, DOUGLAS","2022","ANNUAL","00","00","YEAR","","2024-07-02 12:00:00.000","2","15.0"
"CENSUS","CROPS","FIELD CROPS","CORN","ALL CLASSES","ALL PRODUCTION PRACTICES","GRAIN","AREA HARVESTED","OPERATIONS","CORN, GRAIN - OPERATIONS WITH AREA HARVESTED","TOTAL","NOT SPECIFIED","COUNTY","55","55","WI","WISCONSIN","10","NORTHWEST","095","095","POLK","","","00000000","","","9000","UNITED STATES","WISCONSIN, NORTHWEST, POLK","2022","ANNUAL","00","00","YEAR","","2024-07-02 12:00:00.000","328","15.0"
"CENSUS","CROPS","FIELD CROPS","CORN","ALL CLASSES","ALL PRODUCTION PRACTICES","GRAIN","AREA HARVESTED","OPERATIONS","CORN, GRAIN - OPERATIONS WITH AREA HARVESTED","TOTAL","NOT SPECIFIED","COUNTY","55","55","WI","WISCONSIN","10","NORTHWEST","107","107","RUSK","","","00000000","","","9000","UNITED STATES","WISCONSIN, NORTHWEST, RUSK","2022","ANNUAL","00","00","YEAR","","2024-07-02 12:00:00.000","115","15.0"
"CENSUS","CROPS","FIELD CROPS","CORN","ALL CLASSES","ALL PRODUCTION PRACTICES","GRAIN","AREA HARVESTED","OPERATIONS","CORN, GRAIN - OPERATIONS WITH AREA HARVESTED","TOTAL","NOT SPECIFIED","COUNTY","55","55","WI","WISCONSIN","10","NORTHWEST","113","113","SAWYER","","","00000000","","","9000","UNITED STATES","WISCONSIN, NORTHWEST, SAWYER","2022","ANNUAL","00","00","YEAR","","2024-07-02 12:00:00.000","23","15.0"
"CENSUS","CROPS","FIELD CROPS","CORN","ALL CLASSES","ALL PRODUCTION PRACTICES","GRAIN","AREA HARVESTED","OPERATIONS","CORN, GRAIN - OPERATIONS WITH AREA HARVESTED","TOTAL","NOT SPECIFIED","COUNTY","55","55","WI","WISCONSIN","10","NORTHWEST","129","129","WASHBURN","","","00000000","","","9000","UNITED STATES","WISCONSIN, NORTHWEST, WASHBURN","2022","ANNUAL","00","00","YEAR","","2024-07-02 12:00:00.000","59","15.0"
"CENSUS","CROPS","FIELD CROPS","CORN","ALL CLASSES","ALL PRODUCTION PRACTICES","GRAIN","AREA HARVESTED","OPERATIONS","CORN, GRAIN - OPERATIONS WITH AREA HARVESTED","TOTAL","NOT SPECIFIED","COUNTY","55","55","WI","WISCONSIN","20","NORTH CENTRAL","003","003","ASHLAND","","","00000000","","","9000","UNITED STATES","WISCONSIN, NORTH CENTRAL, ASHLAND","2022","ANNUAL","00","00","YEAR","","2024-07-02 12:00:00.000","5","(L)"
"CENSUS","CROPS","FIELD CROPS","CORN","ALL CLASSES","ALL PRODUCTION PRACTICES","GRAIN","AREA HARVESTED","OPERATIONS","CORN, GRAIN - OPERATIONS WITH AREA HARVESTED","TOTAL","NOT SPECIFIED","COUNTY","55","55","WI","WISCONSIN","20","NORTH CENTRAL","019","019","CLARK","","","00000000","","","9000","UNITED STATES","WISCONSIN, NORTH CENTRAL, CLARK","2022","ANNUAL","00","00","YEAR","","2024-07-02 12:00:00.000","884","15.0"
"CENSUS","CROPS","FIELD CROPS","CORN","ALL CLASSES","ALL PRODUCTION PRACTICES","GRAIN","AREA HARVESTED","OPERATIONS","CORN, GRAIN - OPERATIONS WITH AREA HARVESTED","TOTAL","NOT SPECIFIED","COUNTY","55","55","WI","WISCONSIN","20","NORTH CENTRAL","051","051","IRON","","","00000000","","","9000","UNITED STATES","WISCONSIN, NORTH CENTRAL, IRON","2022","ANNUAL","00","00","YEAR","","2024-07-02 12:00:00.000","1","(L)"
"CENSUS","CROPS","FIELD CROPS","CORN","ALL CLASSES","ALL PRODUCTION PRACTICES","GRAIN","AREA HARVESTED","OPERATIONS","CORN, GRAIN - OPERATIONS WITH AREA HARVESTED","TOTAL","NOT SPECIFIED","COUNTY","55","55","WI","WISCONSIN","20","NORTH CENTRAL","069","069","LINCOLN","","","00000000","","","9000","UNITED STATES","WISCONSIN, NORTH CENTRAL, LINCOLN","2022","ANNUAL","00","00","YEAR","","2024-07-02 12:00:00.000","78","15.0"
"CENSUS","CROPS","FIELD CROPS","CORN","ALL CLASSES","ALL PRODUCTION PRACTICES","GRAIN","AREA HARVESTED","OPERATIONS","CORN, GRAIN - OPERATIONS WITH AREA HARVESTED","TOTAL","NOT SPECIFIED","COUNTY","55","55","WI","WISCONSIN","20","NORTH CENTRAL","073","073","MARATHON","","","00000000","","","9000","UNITED STATES","WISCONSIN, NORTH CENTRAL, MARATHON","2022","ANNUAL","00","00","YEAR","","2024-07-02 12:00:00.000","725","15.0"
"CENSUS","CROPS","FIELD CROPS","CORN","ALL CLASSES","ALL PRODUCTION PRACTICES","GRAIN","AREA HARVESTED","OPERATIONS","CORN, GRAIN - OPERATIONS WITH AREA HARVESTED","TOTAL","NOT SPECIFIED","COUNTY","55","55","WI","WISCONSIN","20","NORTH CENTRAL","085","085","ONEIDA","","","00000000","","","9000","UNITED STATES","WISCONSIN, NORTH CENTRAL, ONEIDA","2022","ANNUAL","00","00","YEAR","","2024-07-02 12:00:00.000","4","15.0"
"CENSUS","CROPS","FIELD CROPS","CORN","ALL CLASSES","ALL PRODUCTION PRACTICES","GRAIN","AREA HARVESTED","OPERATIONS","CORN, GRAIN - OPERATIONS WITH AREA HARVESTED","TOTAL","NOT SPECIFIED","COUNTY","55","55","WI","WISCONSIN","20","NORTH CENTRAL","099","099","PRICE","","","00000000","","","9000","UNITED STATES","WISCONSIN, NORTH CENTRAL, PRICE","2022","ANNUAL","00","00","YEAR","","2024-07-02 12:00:00.000","23","15.0"
"CENSUS","CROPS","FIELD CROPS","CORN","ALL CLASSES","ALL PRODUCTION PRACTICES","GRAIN","AREA HARVESTED","OPERATIONS","CORN, GRAIN - OPERATIONS WITH AREA HARVESTED","TOTAL","NOT SPECIFIED","COUNTY","55","55","WI","WISCONSIN","20","NORTH CENTRAL","119","119","TAYLOR","","","00000000","","","9000","UNITED STATES","WISCONSIN, NORTH CENTRAL, TAYLOR","2022","ANNUAL","00","00","YEAR","","2024-07-02 12:00:00.000","213","15.0"
"CENSUS","CROPS","FIELD CROPS","CORN","ALL CLASSES","ALL PRODUCTION PRACTICES","GRAIN","AREA HARVESTED","OPERATIONS","CORN, GRAIN - OPERATIONS WITH AREA HARVESTED","TOTAL","NOT SPECIFIED","COUNTY","55","55","WI","WISCONSIN","20","NORTH CENTRAL","125","125","VILAS","","","00000000","","","9000","UNITED STATES","WISCONSIN, NORTH CENTRAL, VILAS","2022","ANNUAL","00","00","YEAR","","2024-07-02 12:00:00.000","1","(L)"
"CENSUS","CROPS","FIELD CROPS","CORN","ALL CLASSES","ALL PRODUCTION PRACTICES","GRAIN","AREA HARVESTED","OPERATIONS","CORN, GRAIN - OPERATIONS WITH AREA HARVESTED","TOTAL","NOT SPECIFIED","COUNTY","55","55","WI","WISCONSIN","30","NORTHEAST","037","037","FLORENCE","","","00000000","","","9000","UNITED STATES","WISCONSIN, NORTHEAST, FLORENCE","2022","ANNUAL","00","00","YEAR","","2024-07-02 12:00:00.000","5","15.0"
"CENSUS","CROPS","FIELD CROPS","CORN","ALL CLASSES","ALL PRODUCTION PRACTICES","GRAIN","AREA HARVESTED","OPERATIONS","CORN, GRAIN - OPERATIONS WITH AREA HARVESTED","TOTAL","NOT SPECIFIED","COUNTY","55","55","WI","WISCONSIN","30","NORTHEAST","041","041","FOREST","","","00000000","","","9000","UNITED STATES","WISCONSIN, NORTHEAST, FOREST","2022","ANNUAL","00","00","YEAR","","2024-07-02 12:00:00.000","9","15.0"
"CENSUS","CROPS","FIELD CROPS","CORN","ALL CLASSES","ALL PRODUCTION PRACTICES","GRAIN","AREA HARVESTED","OPERATIONS","CORN, GRAIN - OPERATIONS WITH AREA HARVESTED","TOTAL","NOT SPECIFIED","COUNTY","55","55","WI","WISCONSIN","30","NORTHEAST","067","067","LANGLADE","","","00000000","","","9000","UNITED STATES","WISCONSIN, NORTHEAST, LANGLADE","2022","ANNUAL","00","00","YEAR","","2024-07-02 12:00:00.000","47","15.0"
"CENSUS","CROPS","FIELD CROPS","CORN","ALL CLASSES","ALL PRODUCTION PRACTICES","GRAIN","AREA HARVESTED","OPERATIONS","CORN, GRAIN - OPERATIONS WITH AREA HARVESTED","TOTAL","NOT SPECIFIED","COUNTY","55","55","WI","WISCONSIN","30","NORTHEAST","075","075","MARINETTE","","","00000000","","","9000","UNITED STATES","WISCONSIN, NORTHEAST, MARINETTE","2022","ANNUAL","00","00","YEAR","","2024-07-02 12:00:00.000","114","15.0"
"CENSUS","CROPS","FIELD CROPS","CORN","ALL CLASSES","ALL PRODUCTION PRACTICES","GRAIN","AREA HARVESTED","OPERATIONS","CORN, GRAIN - OPERATIONS WITH AREA HARVESTED","TOTAL","NOT SPECIFIED","COUNTY","55","55","WI","WISCONSIN","30","NORTHEAST","078","078","MENOMINEE","","","00000000","","","9000","UNITED STATES","WISCONSIN, NORTHEAST, MENOMINEE","2022","ANNUAL","00","00","YEAR","","2024-07-02 12:00:00.000","1","(L)"
"CENSUS","CROPS","FIELD CROPS","CORN","ALL CLASSES","ALL PRODUCTION PRACTICES","GRAIN","AREA HARVESTED","OPERATIONS","CORN, GRAIN - OPERATIONS WITH AREA HARVESTED","TOTAL","NOT SPECIFIED","COUNTY","55","55","WI","WISCONSIN","30","NORTHEAST","083","083","OCONTO","","","00000000","","","9000","UNITED STATES","WISCONSIN, NORTHEAST, OCONTO","2022","ANNUAL","00","00","YEAR","","2024-07-02 12:00:00.000","218","15.0"
"CENSUS","CROPS","FIELD CROPS","CORN","ALL CLASSES","ALL PRODUCTION PRACTICES","GRAIN","AREA HARVESTED","OPERATIONS","CORN, GRAIN - OPERATIONS WITH AREA HARVESTED","TOTAL","NOT SPECIFIED","COUNTY","55","55","WI","WISCONSIN","30","NORTHEAST","115","115","SHAWANO","","","00000000","","","9000","UNITED STATES","WISCONSIN, NORTHEAST, SHAWANO","2022","ANNUAL","00","00","YEAR","","2024-07-02 12:00:00.000","422","15.0"
"CENSUS","CROPS","FIELD CROPS","CORN","ALL CLASSES","ALL PRODUCTION PRACTICES","GRAIN","AREA HARVESTED","OPERATIONS","CORN, GRAIN - OPERATIONS WITH AREA HARVESTED","TOTAL","NOT SPECIFIED","COUNTY","55","55","WI","WISCONSIN","40","WEST CENTRAL","011","011","BUFFALO","","","00000000","","","9000","UNITED STATES","WISCONSIN, WEST CENTRAL, BUFFALO","2022","ANNUAL","00","00","YEAR","","2024-07-02 12:00:00.000","420","15.0"
"CENSUS","CROPS","FIELD CROPS","CORN","ALL CLASSES","ALL PRODUCTION PRACTICES","GRAIN","AREA HARVESTED","OPERATIONS","CORN, GRAIN - OPERATIONS WITH AREA HARVESTED","TOTAL","NOT SPECIFIED","COUNTY","55","55","WI","WISCONSIN","40","WEST CENTRAL","033","033","DUNN","","","00000000","","","9000","UNITED STATES","WISCONSIN, WEST CENTRAL, DUNN","2022","ANNUAL","00","00","YEAR","","2024-07-02 12:00:00.000","417","15.0"
"CENSUS","CROPS","FIELD CROPS","CORN","ALL CLASSES","ALL PRODUCTION PRACTICES","GRAIN","AREA HARVESTED","OPERATIONS","CORN, GRAIN - OPERATIONS WITH AREA HARVESTED","TOTAL","NOT SPECIFIED","COUNTY","55","55","WI","WISCONSIN","40","WEST CENTRAL","035","035","EAU CLAIRE","","","00000000","","","9000","UNITED STATES","WISCONSIN, WEST CENTRAL, EAU CLAIRE","2022","ANNUAL","00","00","YEAR","","2024-07-02 12:00:00.000","320","15.0"
"CENSUS","CROPS","FIELD CROPS","CORN","ALL CLASSES","ALL PRODUCTION PRACTICES","GRAIN","AREA HARVESTED","OPERATIONS","CORN, GRAIN - OPERATIONS WITH AREA HARVESTED","TOTAL","NOT SPECIFIED","COUNTY","55","55","WI","WISCONSIN","40","WEST CENTRAL","053","053","JACKSON","","","00000000","","","9000","UNITED STATES","WISCONSIN, WEST CENTRAL, JACKSON","2022","ANNUAL","00","00","YEAR","","2024-07-02 12:00:00.000","272","15.0"
"CENSUS","CROPS","FIELD CROPS","CORN","ALL CLASSES","ALL PRODUCTION PRACTICES","GRAIN","AREA HARVESTED","OPERATIONS","CORN, GRAIN - OPERATIONS WITH AREA HARVESTED","TOTAL","NOT SPECIFIED","COUNTY","55","55","WI","WISCONSIN","40","WEST CENTRAL","063","063","LA CROSSE","","","00000000","","","9000","UNITED STATES","WISCONSIN, WEST CENTRAL, LA CROSSE","2022","ANNUAL","00","00","YEAR","","2024-07-02 12:00:00.000","285","15.0"
"CENSUS","CROPS","FIELD CROPS","CORN","ALL CLASSES","ALL PRODUCTION PRACTICES","GRAIN","AREA HARVESTED","OPERATIONS","CORN, GRAIN - OPERATIONS WITH AREA HARVESTED","TOTAL","NOT SPECIFIED","COUNTY","55","55","WI","WISCONSIN","40","WEST CENTRAL","081","081","MONROE","","","00000000","","","9000","UNITED STATES","WISCONSIN, WEST CENTRAL, MONROE","2022","ANNUAL","00","00","YEAR","","2024-07-02 12:00:00.000","524","15.0"
"CENSUS","CROPS","FIELD CROPS","CORN","ALL CLASSES","ALL PRODUCTION PRACTICES","GRAIN","AREA HARVESTED","OPERATIONS","CORN, GRAIN - OPERATIONS WITH AREA HARVESTED","TOTAL","NOT SPECIFIED","COUNTY","55","55","WI","WISCONSIN","40","WEST CENTRAL","091","091","PEPIN","","","00000000","","","9000","UNITED STATES","WISCONSIN, WEST CENTRAL, PEPIN","2022","ANNUAL","00","00","YEAR","","2024-07-02 12:00:00.000","152","15.0"
"CENSUS","CROPS","FIELD CROPS","CORN","ALL CLASSES","ALL PRODUCTION PRACTICES","GRAIN","AREA HARVESTED","OPERATIONS","CORN, GRAIN - OPERATIONS WITH AREA HARVESTED","TOTAL","NOT SPECIFIED","COUNTY","55","55","WI","WISCONSIN","40","WEST CENTRAL","093","093","PIERCE","","","00000000","","","9000","UNITED STATES","WISCONSIN, WEST CENTRAL, PIERCE","2022","ANNUAL","00","00","YEAR","","2024-07-02 12:00:00.000","394","15.0"
"CENSUS","CROPS","FIELD CROPS","CORN","ALL CLASSES","ALL PRODUCTION PRACTICES","GRAIN","AREA HARVESTED","OPERATIONS","CORN, GRAIN - OPERATIONS WITH AREA HARVESTED","TOTAL","NOT SPECIFIED","COUNTY","55","55","WI","WISCONSIN","40","WEST CENTRAL","109","109","ST CROIX","","","00000000","","","9000","UNITED STATES","WISCONSIN, WEST CENTRAL, ST CROIX","2022","ANNUAL","00","00","YEAR","","2024-07-02 12:00:00.000","397","15.0"
"CENSUS","CROPS","FIELD CROPS","CORN","ALL CLASSES","ALL PRODUCTION PRACTICES","GRAIN","AREA HARVESTED","OPERATIONS","CORN, GRAIN - OPERATIONS WITH AREA HARVESTED","TOTAL","NOT SPECIFIED","COUNTY","55","55","WI","WISCONSIN","40","WEST CENTRAL","121","121","TREMPEALEAU","","","00000000","","","9000","UNITED STATES","WISCONSIN, WEST CENTRAL, TREMPEALEAU","2022","ANNUAL","00","00","YEAR","","2024-07-02 12:00:00.000","464","15.0"
"CENSUS","CROPS","FIELD CROPS","CORN","ALL CLASSES","ALL PRODUCTION PRACTICES","GRAIN","AREA HARVESTED","OPERATIONS","CORN, GRAIN - OPERATIONS WITH AREA HARVESTED","TOTAL","NOT SPECIFIED","COUNTY","55","55","WI","WISCONSIN","50","CENTRAL","001","001","ADAMS","","","00000000","","","9000","UNITED STATES","WISCONSIN, CENTRAL, ADAMS","2022","ANNUAL","00","00","YEAR","","2024-07-02 12:00:00.000","111","15.0"
"CENSUS","CROPS","FIELD CROPS","CORN","ALL CLASSES","ALL PRODUCTION PRACTICES","GRAIN","AREA HARVESTED","OPERATIONS","CORN, GRAIN - OPERATIONS WITH AREA HARVESTED","TOTAL","NOT SPECIFIED","COUNTY","55","55","WI","WISCONSIN","50","CENTRAL","047","047","GREEN LAKE","","","00000000","","","9000","UNITED STATES","WISCONSIN, CENTRAL, GREEN LAKE","2022","ANNUAL","00","00","YEAR","","2024-07-02 12:00:00.000","239","15.0"
"CENSUS","CROPS","FIELD CROPS","CORN","ALL CLASSES","ALL PRODUCTION PRACTICES","GRAIN","AREA HARVESTED","OPERATIONS","CORN, GRAIN - OPERATIONS WITH AREA HARVESTED","TOTAL","NOT SPECIFIED","COUNTY","55","55","WI","WISCONSIN","50","CENTRAL","057","057","JUNEAU","","","00000000","","","9000","UNITED STATES","WISCONSIN, CENTRAL, JUNEAU","2022","ANNUAL","00","00","YEAR","","2024-07-02 12:00:00.000","215","15.0"
"CENSUS","CROPS","FIELD CROPS","CORN","ALL CLASSES","ALL PRODUCTION PRACTICES","GRAIN","AREA HARVESTED","OPERATIONS","CORN, GRAIN - OPERATIONS WITH AREA HARVESTED","TOTAL","NOT SPECIFIED","COUNTY","55","55","WI","WISCONSIN","50","CENTRAL","077","077","MARQUETTE","","","00000000","","","9000","UNITED STATES","WISCONSIN, CENTRAL, MARQUETTE","2022","ANNUAL","00","00","YEAR","","2024-07-02 12:00:00.000","140","15.0"
"CENSUS","CROPS","FIELD CROPS","CORN","ALL CLASSES","ALL PRODUCTION PRACTICES","GRAIN","AREA HARVESTED","OPERATIONS","CORN, GRAIN - OPERATIONS WITH AREA HARVESTED","TOTAL","NOT SPECIFIED","COUNTY","55","55","WI","WISCONSIN","50","CENTRAL","097","097","PORTAGE","","","00000000","","","9000","UNITED STATES","WISCONSIN, CENTRAL, PORTAGE","2022","ANNUAL","00","00","YEAR","","2024-07-02 12:00:00.000","316","15.0"
"CENSUS","CROPS","FIELD CROPS","CORN","ALL CLASSES","ALL PRODUCTION PRACTICES","GRAIN","AREA HARVESTED","OPERATIONS","CORN, GRAIN - OPERATIONS WITH AREA HARVESTED","TOTAL","NOT SPECIFIED","COUNTY","55","55","WI","WISCONSIN","50","CENTRAL","135","135","WAUPACA","","","00000000","","","9000","UNITED STATES","WISCONSIN, CENTRAL, WAUPACA","2022","ANNUAL","00","00","YEAR","","2024-07-02 12:00:00.000","307","15.0"
"CENSUS","CROPS","FIELD CROPS","CORN","ALL CLASSES","ALL PRODUCTION PRACTICES","GRAIN","AREA HARVESTED","OPERATIONS","CORN, GRAIN - OPERATIONS WITH AREA HARVESTED","TOTAL","NOT SPECIFIED","COUNTY","55","55","WI","WISCONSIN","50","CENTRAL","137","137","WAUSHARA","","","00000000","","","9000","UNITED STATES","WISCONSIN, CENTRAL, WAUSHARA","2022","ANNUAL","00","00","YEAR","","2024-07-02 12:00:00.000","187","15.0"
"CENSUS","CROPS","FIELD CROPS","CORN","ALL CLASSES","ALL PRODUCTION PRACTICES","GRAIN","AREA HARVESTED","OPERATIONS","CORN, GRAIN - OPERATIONS WITH AREA HARVESTED","TOTAL","NOT SPECIFIED","COUNTY","55","55","WI","WISCONSIN","50","CENTRAL","141","141","WOOD","","","00000000","","","9000","UNITED STATES","WISCONSIN, CENTRAL, WOOD","2022","ANNUAL","00","00","YEAR","","2024-07-02 12:00:00.000","262","15.0"
"CENSUS","CROPS","FIELD CROPS","CORN","ALL CLASSES","ALL PRODUCTION PRACTICES","GRAIN","AREA HARVESTED","OPERATIONS","CORN, GRAIN - OPERATIONS WITH AREA HARVESTED","TOTAL","NOT SPECIFIED","COUNTY","55","55","WI","WISCONSIN","60","EAST CENTRAL","009","009","BROWN","","","00000000","","","9000","UNITED STATES","WISCONSIN, EAST CENTRAL, BROWN","2022","ANNUAL","00","00","YEAR","","2024-07-02 12:00:00.000","221","15.0"
"CENSUS","CROPS","FIELD CROPS","CORN","ALL CLASSES","ALL PRODUCTION PRACTICES","GRAIN","AREA HARVESTED","OPERATIONS","CORN, GRAIN - OPERATIONS WITH AREA HARVESTED","TOTAL","NOT SPECIFIED","COUNTY","55","55","WI","WISCONSIN","60","EAST CENTRAL","015","015","CALUMET","","","00000000","","","9000","UNITED STATES","WISCONSIN, EAST CENTRAL, CALUMET","2022","ANNUAL","00","00","YEAR","","2024-07-02 12:00:00.000","196","15.0"
"CENSUS","CROPS","FIELD CROPS","CORN","ALL CLASSES","ALL PRODUCTION PRACTICES","GRAIN","AREA HARVESTED","OPERATIONS","CORN, GRAIN - OPERATIONS WITH AREA HARVESTED","TOTAL","NOT SPECIFIED","COUNTY","55","55","WI","WISCONSIN","60","EAST CENTRAL","029","029","DOOR","","","00000000","","","9000","UNITED STATES","WISCONSIN, EAST CENTRAL, DOOR","2022","ANNUAL","00","00","YEAR","","2024-07-02 12:00:00.000","116","15.0"
"CENSUS","CROPS","FIELD CROPS","CORN","ALL CLASSES","ALL PRODUCTION PRACTICES","GRAIN","AREA HARVESTED","OPERATIONS","CORN, GRAIN - OPERATIONS WITH AREA HARVESTED","TOTAL","NOT SPECIFIED","COUNTY","55","55","WI","WISCONSIN","60","EAST CENTRAL","039","039","FOND DU LAC","","","00000000","","","9000","UNITED STATES","WISCONSIN, EAST CENTRAL, FOND DU LAC","2022","ANNUAL","00","00","YEAR","","2024-07-02 12:00:00.000","530","15.0"
"CENSUS","CROPS","FIELD CROPS","CORN","ALL CLASSES","ALL PRODUCTION PRACTICES","GRAIN","AREA HARVESTED","OPERATIONS","CORN, GRAIN - OPERATIONS WITH AREA HARVESTED","TOTAL","NOT SPECIFIED","COUNTY","55","55","WI","WISCONSIN","60","EAST CENTRAL","061","061","KEWAUNEE","","","00000000","","","9000","UNITED STATES","WISCONSIN, EAST CENTRAL, KEWAUNEE","2022","ANNUAL","00","00","YEAR","","2024-07-02 12:00:00.000","194","15.0"
"CENSUS","CROPS","FIELD CROPS","CORN","ALL CLASSES","ALL PRODUCTION PRACTICES","GRAIN","AREA HARVESTED","OPERATIONS","CORN, GRAIN - OPERATIONS WITH AREA HARVESTED","TOTAL","NOT SPECIFIED","COUNTY","55","55","WI","WISCONSIN","60","EAST CENTRAL","071","071","MANITOWOC","","","00000000","","","9000","UNITED STATES","WISCONSIN, EAST CENTRAL, MANITOWOC","2022","ANNUAL","00","00","YEAR","","2024-07-02 12:00:00.000","300","15.0"
"CENSUS","CROPS","FIELD CROPS","CORN","ALL CLASSES","ALL PRODUCTION PRACTICES","GRAIN","AREA HARVESTED","OPERATIONS","CORN, GRAIN - OPERATIONS WITH AREA HARVESTED","TOTAL","NOT SPECIFIED","COUNTY","55","55","WI","WISCONSIN","60","EAST CENTRAL","087","087","OUTAGAMIE","","","00000000","","","9000","UNITED STATES","WISCONSIN, EAST CENTRAL, OUTAGAMIE","2022","ANNUAL","00","00","YEAR","","2024-07-02 12:00:00.000","407","15.0"
"CENSUS","CROPS","FIELD CROPS","CORN","ALL CLASSES","ALL PRODUCTION PRACTICES","GRAIN","AREA HARVESTED","OPERATIONS","CORN, GRAIN - OPERATIONS WITH AREA HARVESTED","TOTAL","NOT SPECIFIED","COUNTY","55","55","WI","WISCONSIN","60","EAST CENTRAL","117","117","SHEBOYGAN","","","00000000","","","9000","UNITED STATES","WISCONSIN, EAST CENTRAL, SHEBOYGAN","2022","ANNUAL","00","00","YEAR","","2024-07-02 12:00:00.000","323","15.0"
"CENSUS","CROPS","FIELD CROPS","CORN","ALL CLASSES","ALL PRODUCTION PRACTICES","GRAIN","AREA HARVESTED","OPERATIONS","CORN, GRAIN - OPERATIONS WITH AREA HARVESTED","TOTAL","NOT SPECIFIED","COUNTY","55","55","WI","WISCONSIN","60","EAST CENTRAL","139","139","WINNEBAGO","","","00000000","","","9000","UNITED STATES","WISCONSIN, EAST CENTRAL, WINNEBAGO","2022","ANNUAL","00","00","YEAR","","2024-07-02 12:00:00.000","270","15.0"
"CENSUS","CROPS","FIELD CROPS","CORN","ALL CLASSES","ALL PRODUCTION PRACTICES","GRAIN","AREA HARVESTED","OPERATIONS","CORN, GRAIN - OPERATIONS WITH AREA HARVESTED","TOTAL","NOT SPECIFIED","COUNTY","55","55","WI","WISCONSIN","70","SOUTHWEST","023","023","CRAWFORD","","","00000000","","","9000","UNITED STATES","WISCONSIN, SOUTHWEST, CRAWFORD","2022","ANNUAL","00","00","YEAR","","2024-07-02 12:00:00.000","259","15.0"
"CENSUS","CROPS","FIELD CROPS","CORN","ALL CLASSES","ALL PRODUCTION PRACTICES","GRAIN","AREA HARVESTED","OPERATIONS","CORN, GRAIN - OPERATIONS WITH AREA HARVESTED","TOTAL","NOT SPECIFIED","COUNTY","55","55","WI","WISCONSIN","70","SOUTHWEST","043","043","GRANT","","","00000000","","","9000","UNITED STATES","WISCONSIN, SOUTHWEST, GRANT","2022","ANNUAL","00","00","YEAR","","2024-07-02 12:00:00.000","961","15.0"
"CENSUS","CROPS","FIELD CROPS","CORN","ALL CLASSES","ALL PRODUCTION PRACTICES","GRAIN","AREA HARVESTED","OPERATIONS","CORN, GRAIN - OPERATIONS WITH AREA HARVESTED","TOTAL","NOT SPECIFIED","COUNTY","55","55","WI","WISCONSIN","70","SOUTHWEST","049","049","IOWA","","","00000000","","","9000","UNITED STATES","WISCONSIN, SOUTHWEST, IOWA","2022","ANNUAL","00","00","YEAR","","2024-07-02 12:00:00.000","479","15.0"
"CENSUS","CROPS","FIELD CROPS","CORN","ALL CLASSES","ALL PRODUCTION PRACTICES","GRAIN","AREA HARVESTED","OPERATIONS","CORN, GRAIN - OPERATIONS WITH AREA HARVESTED","TOTAL","NOT SPECIFIED","COUNTY","55","55","WI","WISCONSIN","70","SOUTHWEST","065","065","LAFAYETTE","","","00000000","","","9000","UNITED STATES","WISCONSIN, SOUTHWEST, LAFAYETTE","2022","ANNUAL","00","00","YEAR","","2024-07-02 12:00:00.000","421","15.0"
"CENSUS","CROPS","FIELD CROPS","CORN","ALL CLASSES","ALL PRODUCTION PRACTICES","GRAIN","AREA HARVESTED","OPERATIONS","CORN, GRAIN - OPERATIONS WITH AREA HARVESTED","TOTAL","NOT SPECIFIED","COUNTY","55","55","WI","WISCONSIN","70","SOUTHWEST","103","103","RICHLAND","","","00000000","","","9000","UNITED STATES","WISCONSIN, SOUTHWEST, RICHLAND","2022","ANNUAL","00","00","YEAR","","2024-07-02 12:00:00.000","297","15.0"
"CENSUS","CROPS","FIELD CROPS","CORN","ALL CLASSES","ALL PRODUCTION PRACTICES","GRAIN","AREA HARVESTED","OPERATIONS","CORN, GRAIN - OPERATIONS WITH AREA HARVESTED","TOTAL","NOT SPECIFIED","COUNTY","55","55","WI","WISCONSIN","70","SOUTHWEST","111","111","SAUK","","","00000000","","","9000","UNITED STATES","WISCONSIN, SOUTHWEST, SAUK","2022","ANNUAL","00","00","YEAR","","2024-07-02 12:00:00.000","514","15.0"
"CENSUS","CROPS","FIELD CROPS","CORN","ALL CLASSES","ALL PRODUCTION PRACTICES","GRAIN","AREA HARVESTED","OPERATIONS","CORN, GRAIN - OPERATIONS WITH AREA HARVESTED","TOTAL","NOT SPECIFIED","COUNTY","55","55","WI","WISCONSIN","70","SOUTHWEST","123","123","VERNON","","","00000000","","","9000","UNITED STATES","WISCONSIN, SOUTHWEST, VERNON","2022","ANNUAL","00","00","YEAR","","2024-07-02 12:00:00.000","640","15.0"
"CENSUS","CROPS","FIELD CROPS","CORN","ALL CLASSES","ALL PRODUCTION PRACTICES","GRAIN","AREA HARVESTED","OPERATIONS","CORN, GRAIN - OPERATIONS WITH AREA HARVESTED","TOTAL","NOT SPECIFIED","COUNTY","55","55","WI","WISCONSIN","80","SOUTH CENTRAL","021","021","COLUMBIA","","","00000000","","","9000","UNITED STATES","WISCONSIN, SOUTH CENTRAL, COLUMBIA","2022","ANNUAL","00","00","YEAR","","2024-07-02 12:00:00.000","544","15.0"
"CENSUS","CROPS","FIELD CROPS","CORN","ALL CLASSES","ALL PRODUCTION PRACTICES","GRAIN","AREA HARVESTED","OPERATIONS","CORN, GRAIN - OPERATIONS WITH AREA HARVESTED","TOTAL","NOT SPECIFIED","COUNTY","55","55","WI","WISCONSIN","80","SOUTH CENTRAL","025","025","DANE","","","00000000","","","9000","UNITED STATES","WISCONSIN, SOUTH CENTRAL, DANE","2022","ANNUAL","00","00","YEAR","","2024-07-02 12:00:00.000","789","15.0"
"CENSUS","CROPS","FIELD CROPS","CORN","ALL CLASSES","ALL PRODUCTION PRACTICES","GRAIN","AREA HARVESTED","OPERATIONS","CORN, GRAIN - OPERATIONS WITH AREA HARVESTED","TOTAL","NOT SPECIFIED","COUNTY","55","55","WI","WISCONSIN","80","SOUTH CENTRAL","027","027","DODGE","","","00000000","","","9000","UNITED STATES","WISCONSIN, SOUTH CENTRAL, DODGE","2022","ANNUAL","00","00","YEAR","","2024-07-02 12:00:00.000","712","15.0"
"CENSUS","CROPS","FIELD CROPS","CORN","ALL CLASSES","ALL PRODUCTION PRACTICES","GRAIN","AREA HARVESTED","OPERATIONS","CORN, GRAIN - OPERATIONS WITH AREA HARVESTED","TOTAL","NOT SPECIFIED","COUNTY","55","55","WI","WISCONSIN","80","SOUTH CENTRAL","045","045","GREEN","","","00000000","","","9000","UNITED STATES","WISCONSIN, SOUTH CENTRAL, GREEN","2022","ANNUAL","00","00","YEAR","","2024-07-02 12:00:00.000","441","15.0"
"CENSUS","CROPS","FIELD CROPS","CORN","ALL CLASSES","ALL PRODUCTION PRACTICES","GRAIN","AREA HARVESTED","OPERATIONS","CORN, GRAIN - OPERATIONS WITH AREA HARVESTED","TOTAL","NOT SPECIFIED","COUNTY","55","55","WI","WISCONSIN","80","SOUTH CENTRAL","055","055","JEFFERSON","","","00000000","","","9000","UNITED STATES","WISCONSIN, SOUTH CENTRAL, JEFFERSON","2022","ANNUAL","00","00","YEAR","","2024-07-02 12:00:00.000","406","15.0"
"CENSUS","CROPS","FIELD CROPS","CORN","ALL CLASSES","ALL PRODUCTION PRACTICES","GRAIN","AREA HARVESTED","OPERATIONS","CORN, GRAIN - OPERATIONS WITH AREA HARVESTED","TOTAL","NOT SPECIFIED","COUNTY","55","55","WI","WISCONSIN","80","SOUTH CENTRAL","105","105","ROCK","","","00000000","","","9000","UNITED STATES","WISCONSIN, SOUTH CENTRAL, ROCK","2022","ANNUAL","00","00","YEAR","","2024-07-02 12:00:00.000","528","15.0"
"CENSUS","CROPS","FIELD CROPS","CORN","ALL CLASSES","ALL PRODUCTION PRACTICES","GRAIN","AREA HARVESTED","OPERATIONS","CORN, GRAIN - OPERATIONS WITH AREA HARVESTED","TOTAL","NOT SPECIFIED","COUNTY","55","55","WI","WISCONSIN","90","SOUTHEAST","059","059","KENOSHA","","","00000000","","","9000","UNITED STATES","WISCONSIN, SOUTHEAST, KENOSHA","2022","ANNUAL","00","00","YEAR","","2024-07-02 12:00:00.000","93","15.0"
"CENSUS","CROPS","FIELD CROPS","CORN","ALL CLASSES","ALL PRODUCTION PRACTICES","GRAIN","AREA HARVESTED","OPERATIONS","CORN, GRAIN - OPERATIONS WITH AREA HARVESTED","TOTAL","NOT SPECIFIED","COUNTY","55","55","WI","WISCONSIN","90","SOUTHEAST","079","079","MILWAUKEE","","","00000000","","","9000","UNITED STATES","WISCONSIN, SOUTHEAST, MILWAUKEE","2022","ANNUAL","00","00","YEAR","","2024-07-02 12:00:00.000","6","15.0"
"CENSUS","CROPS","FIELD CROPS","CORN","ALL CLASSES","ALL PRODUCTION PRACTICES","GRAIN","AREA HARVESTED","OPERATIONS","CORN, GRAIN - OPERATIONS WITH AREA HARVESTED","TOTAL","NOT SPECIFIED","COUNTY","55","55","WI","WISCONSIN","90","SOUTHEAST","089","089","OZAUKEE","","","00000000","","","9000","UNITED STATES","WISCONSIN, SOUTHEAST, OZAUKEE","2022","ANNUAL","00","00","YEAR","","2024-07-02 12:00:00.000","90","15.0"
"CENSUS","CROPS","FIELD CROPS","CORN","ALL CLASSES","ALL PRODUCTION PRACTICES","GRAIN","AREA HARVESTED","OPERATIONS","CORN, GRAIN - OPERATIONS WITH AREA HARVESTED","TOTAL","NOT SPECIFIED","COUNTY","55","55","WI","WISCONSIN","90","SOUTHEAST","101","101","RACINE","","","00000000","","","9000","UNITED STATES","WISCONSIN, SOUTHEAST, RACINE","2022","ANNUAL","00","00","YEAR","","2024-07-02 12:00:00.000","169","15.0"
"CENSUS","CROPS","FIELD CROPS","CORN","ALL CLASSES","ALL PRODUCTION PRACTICES","GRAIN","AREA HARVESTED","OPERATIONS","CORN, GRAIN - OPERATIONS WITH AREA HARVESTED","TOTAL","NOT SPECIFIED","COUNTY","55","55","WI","WISCONSIN","90","SOUTHEAST","127","127","WALWORTH","","","00000000","","","9000","UNITED STATES","WISCONSIN, SOUTHEAST, WALWORTH","2022","ANNUAL","00","00","YEAR","","2024-07-02 12:00:00.000","271","15.0"
"CENSUS","CROPS","FIELD CROPS","CORN","ALL CLASSES","ALL PRODUCTION PRACTICES","GRAIN","AREA HARVESTED","OPERATIONS","CORN, GRAIN - OPERATIONS WITH AREA HARVESTED","TOTAL","NOT SPECIFIED","COUNTY","55","55","WI","WISCONSIN","90","SOUTHEAST","131","131","WASHINGTON","","","00000000","","","9000","UNITED STATES","WISCONSIN, SOUTHEAST, WASHINGTON","2022","ANNUAL","00","00","YEAR","","2024-07-02 12:00:00.000","215","15.0"
"CENSUS","CROPS","FIELD CROPS","CORN","ALL CLASSES","ALL PRODUCTION PRACTICES","GRAIN","AREA HARVESTED","OPERATIONS","CORN, GRAIN - OPERATIONS WITH AREA HARVESTED","TOTAL","NOT SPECIFIED","COUNTY","55","55","WI","WISCONSIN","90","SOUTHEAST","133","133","WAUKESHA","","","00000000","","","9000","UNITED STATES","WISCONSIN, SOUTHEAST, WAUKESHA","2022","ANNUAL","00","00","YEAR","","2024-07-02 12:00:00.000","88","15.0"
"CENSUS","CROPS","FIELD CROPS","CORN","ALL CLASSES","ALL PRODUCTION PRACTICES","SILAGE","AREA HARVESTED","ACRES","CORN, SILAGE - ACRES HARVESTED","TOTAL","NOT SPECIFIED","COUNTY","55","55","WI","WISCONSIN","10","NORTHWEST","005","005","BARRON","","","00000000","","","9000","UNITED STATES","WISCONSIN, NORTHWEST, BARRON","2022","ANNUAL","00","00","YEAR","","2024-07-02 12:00:00.000","13,508","15.7"
"CENSUS","CROPS","FIELD CROPS","CORN","ALL CLASSES","ALL PRODUCTION PRACTICES","SILAGE","AREA HARVESTED","ACRES","CORN, SILAGE - ACRES HARVESTED","TOTAL","NOT SPECIFIED","COUNTY","55","55","WI","WISCONSIN","10","NORTHWEST","007","007","BAYFIELD","","","00000000","","","9000","UNITED STATES","WISCONSIN, NORTHWEST, BAYFIELD","2022","ANNUAL","00","00","YEAR","","2024-07-02 12:00:00.000","839","15.7"
"CENSUS","CROPS","FIELD CROPS","CORN","ALL CLASSES","ALL PRODUCTION PRACTICES","SILAGE","AREA HARVESTED","ACRES","CORN, SILAGE - ACRES HARVESTED","TOTAL","NOT SPECIFIED","COUNTY","55","55","WI","WISCONSIN","10","NORTHWEST","013","013","BURNETT","","","00000000","","","9000","UNITED STATES","WISCONSIN, NORTHWEST, BURNETT","2022","ANNUAL","00","00","YEAR","","2024-07-02 12:00:00.000","3,326","15.7"
"CENSUS","CROPS","FIELD CROPS","CORN","ALL CLASSES","ALL PRODUCTION PRACTICES","SILAGE","AREA HARVESTED","ACRES","CORN, SILAGE - ACRES HARVESTED","TOTAL","NOT SPECIFIED","COUNTY","55","55","WI","WISCONSIN","10","NORTHWEST","017","017","CHIPPEWA","","","00000000","","","9000","UNITED STATES","WISCONSIN, NORTHWEST, CHIPPEWA","2022","ANNUAL","00","00","YEAR","","2024-07-02 12:00:00.000","13,621","15.7"
"CENSUS","CROPS","FIELD CROPS","CORN","ALL CLASSES","ALL PRODUCTION PRACTICES","SILAGE","AREA HARVESTED","ACRES","CORN, SILAGE - ACRES HARVESTED","TOTAL","NOT SPECIFIED","COUNTY","55","55","WI","WISCONSIN","10","NORTHWEST","031","031","DOUGLAS","","","00000000","","","9000","UNITED STATES","WISCONSIN, NORTHWEST, DOUGLAS","2022","ANNUAL","00","00","YEAR","","2024-07-02 12:00:00.000","249","15.7"
"CENSUS","CROPS","FIELD CROPS","CORN","ALL CLASSES","ALL PRODUCTION PRACTICES","SILAGE","AREA HARVESTED","ACRES","CORN, SILAGE - ACRES HARVESTED","TOTAL","NOT SPECIFIED","COUNTY","55","55","WI","WISCONSIN","10","NORTHWEST","095","095","POLK","","","00000000","","","9000","UNITED STATES","WISCONSIN, NORTHWEST, POLK","2022","ANNUAL","00","00","YEAR","","2024-07-02 12:00:00.000","8,869","15.7"
"CENSUS","CROPS","FIELD CROPS","CORN","ALL CLASSES","ALL PRODUCTION PRACTICES","SILAGE","AREA HARVESTED","ACRES","CORN, SILAGE - ACRES HARVESTED","TOTAL","NOT SPECIFIED","COUNTY","55","55","WI","WISCONSIN","10","NORTHWEST","107","107","RUSK","","","00000000","","","9000","UNITED STATES","WISCONSIN, NORTHWEST, RUSK","2022","ANNUAL","00","00","YEAR","","2024-07-02 12:00:00.000","7,568","15.7"
"CENSUS","CROPS","FIELD CROPS","CORN","ALL CLASSES","ALL PRODUCTION PRACTICES","SILAGE","AREA HARVESTED","ACRES","CORN, SILAGE - ACRES HARVESTED","TOTAL","NOT SPECIFIED","COUNTY","55","55","WI","WISCONSIN","10","NORTHWEST","113","113","SAWYER","","","00000000","","","9000","UNITED STATES","WISCONSIN, NORTHWEST, SAWYER","2022","ANNUAL","00","00","YEAR","","2024-07-02 12:00:00.000","1,674","15.7"
"CENSUS","CROPS","FIELD CROPS","CORN","ALL CLASSES","ALL PRODUCTION PRACTICES","SILAGE","AREA HARVESTED","ACRES","CORN, SILAGE - ACRES HARVESTED","TOTAL","NOT SPECIFIED","COUNTY","55","55","WI","WISCONSIN","10","NORTHWEST","129","129","WASHBURN","","","00000000","","","9000","UNITED STATES","WISCONSIN, NORTHWEST, WASHBURN","2022","ANNUAL","00","00","YEAR","","2024-07-02 12:00:00.000","1,690","15.7"
"CENSUS","CROPS","FIELD CROPS","CORN","ALL CLASSES","ALL PRODUCTION PRACTICES","SILAGE","AREA HARVESTED","ACRES","CORN, SILAGE - ACRES HARVESTED","TOTAL","NOT SPECIFIED","COUNTY","55","55","WI","WISCONSIN","20","NORTH CENTRAL","003","003","ASHLAND","","","00000000","","","9000","UNITED STATES","WISCONSIN, NORTH CENTRAL, ASHLAND","2022","ANNUAL","00","00","YEAR","","2024-07-02 12:00:00.000","1,909","15.7"
"CENSUS","CROPS","FIELD CROPS","CORN","ALL CLASSES","ALL PRODUCTION PRACTICES","SILAGE","AREA HARVESTED","ACRES","CORN, SILAGE - ACRES HARVESTED","TOTAL","NOT SPECIFIED","COUNTY","55","55","WI","WISCONSIN","20","NORTH CENTRAL","019","019","CLARK","","","00000000","","","9000","UNITED STATES","WISCONSIN, NORTH CENTRAL, CLARK","2022","ANNUAL","00","00","YEAR","","2024-07-02 12:00:00.000","40,281","15.7"
"CENSUS","CROPS","FIELD CROPS","CORN","ALL CLASSES","ALL PRODUCTION PRACTICES","SILAGE","AREA HARVESTED","ACRES","CORN, SILAGE - ACRES HARVESTED","TOTAL","NOT SPECIFIED","COUNTY","55","55","WI","WISCONSIN","20","NORTH CENTRAL","051","051","IRON","","","00000000","","","9000","UNITED STATES","WISCONSIN, NORTH CENTRAL, IRON","2022","ANNUAL","00","00","YEAR","","2024-07-02 12:00:00.000"," (D)","(D)"
"CENSUS","CROPS","FIELD CROPS","CORN","ALL CLASSES","ALL PRODUCTION PRACTICES","SILAGE","AREA HARVESTED","ACRES","CORN, SILAGE - ACRES HARVESTED","TOTAL","NOT SPECIFIED","COUNTY","55","55","WI","WISCONSIN","20","NORTH CENTRAL","069","069","LINCOLN","","","00000000","","","9000","UNITED STATES","WISCONSIN, NORTH CENTRAL, LINCOLN","2022","ANNUAL","00","00","YEAR","","2024-07-02 12:00:00.000","3,217","15.7"
"CENSUS","CROPS","FIELD CROPS","CORN","ALL CLASSES","ALL PRODUCTION PRACTICES","SILAGE","AREA HARVESTED","ACRES","CORN, SILAGE - ACRES HARVESTED","TOTAL","NOT SPECIFIED","COUNTY","55","55","WI","WISCONSIN","20","NORTH CENTRAL","073","073","MARATHON","","","00000000","","","9000","UNITED STATES","WISCONSIN, NORTH CENTRAL, MARATHON","2022","ANNUAL","00","00","YEAR","","2024-07-02 12:00:00.000","39,717","15.7"
"CENSUS","CROPS","FIELD CROPS","CORN","ALL CLASSES","ALL PRODUCTION PRACTICES","SILAGE","AREA HARVESTED","ACRES","CORN, SILAGE - ACRES HARVESTED","TOTAL","NOT SPECIFIED","COUNTY","55","55","WI","WISCONSIN","20","NORTH CENTRAL","085","085","ONEIDA","","","00000000","","","9000","UNITED STATES","WISCONSIN, NORTH CENTRAL, ONEIDA","2022","ANNUAL","00","00","YEAR","","2024-07-02 12:00:00.000","81","15.7"
"CENSUS","CROPS","FIELD CROPS","CORN","ALL CLASSES","ALL PRODUCTION PRACTICES","SILAGE","AREA HARVESTED","ACRES","CORN, SILAGE - ACRES HARVESTED","TOTAL","NOT SPECIFIED","COUNTY","55","55","WI","WISCONSIN","20","NORTH CENTRAL","099","099","PRICE","","","00000000","","","9000","UNITED STATES","WISCONSIN, NORTH CENTRAL, PRICE","2022","ANNUAL","00","00","YEAR","","2024-07-02 12:00:00.000","3,155","15.7"
"CENSUS","CROPS","FIELD CROPS","CORN","ALL CLASSES","ALL PRODUCTION PRACTICES","SILAGE","AREA HARVESTED","ACRES","CORN, SILAGE - ACRES HARVESTED","TOTAL","NOT SPECIFIED","COUNTY","55","55","WI","WISCONSIN","20","NORTH CENTRAL","119","119","TAYLOR","","","00000000","","","9000","UNITED STATES","WISCONSIN, NORTH CENTRAL, TAYLOR","2022","ANNUAL","00","00","YEAR","","2024-07-02 12:00:00.000","11,238","15.7"
"CENSUS","CROPS","FIELD CROPS","CORN","ALL CLASSES","ALL PRODUCTION PRACTICES","SILAGE","AREA HARVESTED","ACRES","CORN, SILAGE - ACRES HARVESTED","TOTAL","NOT SPECIFIED","COUNTY","55","55","WI","WISCONSIN","30","NORTHEAST","037","037","FLORENCE","","","00000000","","","9000","UNITED STATES","WISCONSIN, NORTHEAST, FLORENCE","2022","ANNUAL","00","00","YEAR","","2024-07-02 12:00:00.000"," (D)","(D)"
"CENSUS","CROPS","FIELD CROPS","CORN","ALL CLASSES","ALL PRODUCTION PRACTICES","SILAGE","AREA HARVESTED","ACRES","CORN, SILAGE - ACRES HARVESTED","TOTAL","NOT SPECIFIED","COUNTY","55","55","WI","WISCONSIN","30","NORTHEAST","041","041","FOREST","","","00000000","","","9000","UNITED STATES","WISCONSIN, NORTHEAST, FOREST","2022","ANNUAL","00","00","YEAR","","2024-07-02 12:00:00.000","130","15.7"
"CENSUS","CROPS","FIELD CROPS","CORN","ALL CLASSES","ALL PRODUCTION PRACTICES","SILAGE","AREA HARVESTED","ACRES","CORN, SILAGE - ACRES HARVESTED","TOTAL","NOT SPECIFIED","COUNTY","55","55","WI","WISCONSIN","30","NORTHEAST","067","067","LANGLADE","","","00000000","","","9000","UNITED STATES","WISCONSIN, NORTHEAST, LANGLADE","2022","ANNUAL","00","00","YEAR","","2024-07-02 12:00:00.000","5,851","15.7"
"CENSUS","CROPS","FIELD CROPS","CORN","ALL CLASSES","ALL PRODUCTION PRACTICES","SILAGE","AREA HARVESTED","ACRES","CORN, SILAGE - ACRES HARVESTED","TOTAL","NOT SPECIFIED","COUNTY","55","55","WI","WISCONSIN","30","NORTHEAST","075","075","MARINETTE","","","00000000","","","9000","UNITED STATES","WISCONSIN, NORTHEAST, MARINETTE","2022","ANNUAL","00","00","YEAR","","2024-07-02 12:00:00.000","16,413","15.7"
"CENSUS","CROPS","FIELD CROPS","CORN","ALL CLASSES","ALL PRODUCTION PRACTICES","SILAGE","AREA HARVESTED","ACRES","CORN, SILAGE - ACRES HARVESTED","TOTAL","NOT SPECIFIED","COUNTY","55","55","WI","WISCONSIN","30","NORTHEAST","083","083","OCONTO","","","00000000","","","9000","UNITED STATES","WISCONSIN, NORTHEAST, OCONTO","2022","ANNUAL","00","00","YEAR","","2024-07-02 12:00:00.000","15,942","15.7"
"CENSUS","CROPS","FIELD CROPS","CORN","ALL CLASSES","ALL PRODUCTION PRACTICES","SILAGE","AREA HARVESTED","ACRES","CORN, SILAGE - ACRES HARVESTED","TOTAL","NOT SPECIFIED","COUNTY","55","55","WI","WISCONSIN","30","NORTHEAST","115","115","SHAWANO","","","00000000","","","9000","UNITED STATES","WISCONSIN, NORTHEAST, SHAWANO","2022","ANNUAL","00","00","YEAR","","2024-07-02 12:00:00.000","32,484","15.7"
"CENSUS","CROPS","FIELD CROPS","CORN","ALL CLASSES","ALL PRODUCTION PRACTICES","SILAGE","AREA HARVESTED","ACRES","CORN, SILAGE - ACRES HARVESTED","TOTAL","NOT SPECIFIED","COUNTY","55","55","WI","WISCONSIN","40","WEST CENTRAL","011","011","BUFFALO","","","00000000","","","9000","UNITED STATES","WISCONSIN, WEST CENTRAL, BUFFALO","2022","ANNUAL","00","00","YEAR","","2024-07-02 12:00:00.000","8,641","15.7"
"CENSUS","CROPS","FIELD CROPS","CORN","ALL CLASSES","ALL PRODUCTION PRACTICES","SILAGE","AREA HARVESTED","ACRES","CORN, SILAGE - ACRES HARVESTED","TOTAL","NOT SPECIFIED","COUNTY","55","55","WI","WISCONSIN","40","WEST CENTRAL","033","033","DUNN","","","00000000","","","9000","UNITED STATES","WISCONSIN, WEST CENTRAL, DUNN","2022","ANNUAL","00","00","YEAR","","2024-07-02 12:00:00.000","18,298","15.7"
"CENSUS","CROPS","FIELD CROPS","CORN","ALL CLASSES","ALL PRODUCTION PRACTICES","SILAGE","AREA HARVESTED","ACRES","CORN, SILAGE - ACRES HARVESTED","TOTAL","NOT SPECIFIED","COUNTY","55","55","WI","WISCONSIN","40","WEST CENTRAL","035","035","EAU CLAIRE","","","00000000","","","9000","UNITED STATES","WISCONSIN, WEST CENTRAL, EAU CLAIRE","2022","ANNUAL","00","00","YEAR","","2024-07-02 12:00:00.000","4,314","15.7"
"CENSUS","CROPS","FIELD CROPS","CORN","ALL CLASSES","ALL PRODUCTION PRACTICES","SILAGE","AREA HARVESTED","ACRES","CORN, SILAGE - ACRES HARVESTED","TOTAL","NOT SPECIFIED","COUNTY","55","55","WI","WISCONSIN","40","WEST CENTRAL","053","053","JACKSON","","","00000000","","","9000","UNITED STATES","WISCONSIN, WEST CENTRAL, JACKSON","2022","ANNUAL","00","00","YEAR","","2024-07-02 12:00:00.000","5,642","15.7"
"CENSUS","CROPS","FIELD CROPS","CORN","ALL CLASSES","ALL PRODUCTION PRACTICES","SILAGE","AREA HARVESTED","ACRES","CORN, SILAGE - ACRES HARVESTED","TOTAL","NOT SPECIFIED","COUNTY","55","55","WI","WISCONSIN","40","WEST CENTRAL","063","063","LA CROSSE","","","00000000","","","9000","UNITED STATES","WISCONSIN, WEST CENTRAL, LA CROSSE","2022","ANNUAL","00","00","YEAR","","2024-07-02 12:00:00.000","3,195","15.7"
"CENSUS","CROPS","FIELD CROPS","CORN","ALL CLASSES","ALL PRODUCTION PRACTICES","SILAGE","AREA HARVESTED","ACRES","CORN, SILAGE - ACRES HARVESTED","TOTAL","NOT SPECIFIED","COUNTY","55","55","WI","WISCONSIN","40","WEST CENTRAL","081","081","MONROE","","","00000000","","","9000","UNITED STATES","WISCONSIN, WEST CENTRAL, MONROE","2022","ANNUAL","00","00","YEAR","","2024-07-02 12:00:00.000","12,894","15.7"
"CENSUS","CROPS","FIELD CROPS","CORN","ALL CLASSES","ALL PRODUCTION PRACTICES","SILAGE","AREA HARVESTED","ACRES","CORN, SILAGE - ACRES HARVESTED","TOTAL","NOT SPECIFIED","COUNTY","55","55","WI","WISCONSIN","40","WEST CENTRAL","091","091","PEPIN","","","00000000","","","9000","UNITED STATES","WISCONSIN, WEST CENTRAL, PEPIN","2022","ANNUAL","00","00","YEAR","","2024-07-02 12:00:00.000","6,752","15.7"
"CENSUS","CROPS","FIELD CROPS","CORN","ALL CLASSES","ALL PRODUCTION PRACTICES","SILAGE","AREA HARVESTED","ACRES","CORN, SILAGE - ACRES HARVESTED","TOTAL","NOT SPECIFIED","COUNTY","55","55","WI","WISCONSIN","40","WEST CENTRAL","093","093","PIERCE","","","00000000","","","9000","UNITED STATES","WISCONSIN, WEST CENTRAL, PIERCE","2022","ANNUAL","00","00","YEAR","","2024-07-02 12:00:00.000","6,750","15.7"
"CENSUS","CROPS","FIELD CROPS","CORN","ALL CLASSES","ALL PRODUCTION PRACTICES","SILAGE","AREA HARVESTED","ACRES","CORN, SILAGE - ACRES HARVESTED","TOTAL","NOT SPECIFIED","COUNTY","55","55","WI","WISCONSIN","40","WEST CENTRAL","109","109","ST CROIX","","","00000000","","","9000","UNITED STATES","WISCONSIN, WEST CENTRAL, ST CROIX","2022","ANNUAL","00","00","YEAR","","2024-07-02 12:00:00.000","10,217","15.7"
"CENSUS","CROPS","FIELD CROPS","CORN","ALL CLASSES","ALL PRODUCTION PRACTICES","SILAGE","AREA HARVESTED","ACRES","CORN, SILAGE - ACRES HARVESTED","TOTAL","NOT SPECIFIED","COUNTY","55","55","WI","WISCONSIN","40","WEST CENTRAL","121","121","TREMPEALEAU","","","00000000","","","9000","UNITED STATES","WISCONSIN, WEST CENTRAL, TREMPEALEAU","2022","ANNUAL","00","00","YEAR","","2024-07-02 12:00:00.000","11,774","15.7"
"CENSUS","CROPS","FIELD CROPS","CORN","ALL CLASSES","ALL PRODUCTION PRACTICES","SILAGE","AREA HARVESTED","ACRES","CORN, SILAGE - ACRES HARVESTED","TOTAL","NOT SPECIFIED","COUNTY","55","55","WI","WISCONSIN","50","CENTRAL","001","001","ADAMS","","","00000000","","","9000","UNITED STATES","WISCONSIN, CENTRAL, ADAMS","2022","ANNUAL","00","00","YEAR","","2024-07-02 12:00:00.000","5,663","15.7"
"CENSUS","CROPS","FIELD CROPS","CORN","ALL CLASSES","ALL PRODUCTION PRACTICES","SILAGE","AREA HARVESTED","ACRES","CORN, SILAGE - ACRES HARVESTED","TOTAL","NOT SPECIFIED","COUNTY","55","55","WI","WISCONSIN","50","CENTRAL","047","047","GREEN LAKE","","","00000000","","","9000","UNITED STATES","WISCONSIN, CENTRAL, GREEN LAKE","2022","ANNUAL","00","00","YEAR","","2024-07-02 12:00:00.000","6,971","15.7"
"CENSUS","CROPS","FIELD CROPS","CORN","ALL CLASSES","ALL PRODUCTION PRACTICES","SILAGE","AREA HARVESTED","ACRES","CORN, SILAGE - ACRES HARVESTED","TOTAL","NOT SPECIFIED","COUNTY","55","55","WI","WISCONSIN","50","CENTRAL","057","057","JUNEAU","","","00000000","","","9000","UNITED STATES","WISCONSIN, CENTRAL, JUNEAU","2022","ANNUAL","00","00","YEAR","","2024-07-02 12:00:00.000","4,939","15.7"
"CENSUS","CROPS","FIELD CROPS","CORN","ALL CLASSES","ALL PRODUCTION PRACTICES","SILAGE","AREA HARVESTED","ACRES","CORN, SILAGE - ACRES HARVESTED","TOTAL","NOT SPECIFIED","COUNTY","55","55","WI","WISCONSIN","50","CENTRAL","077","077","MARQUETTE","","","00000000","","","9000","UNITED STATES","WISCONSIN, CENTRAL, MARQUETTE","2022","ANNUAL","00","00","YEAR","","2024-07-02 12:00:00.000","3,727","15.7"
"CENSUS","CROPS","FIELD CROPS","CORN","ALL CLASSES","ALL PRODUCTION PRACTICES","SILAGE","AREA HARVESTED","ACRES","CORN, SILAGE - ACRES HARVESTED","TOTAL","NOT SPECIFIED","COUNTY","55","55","WI","WISCONSIN","50","CENTRAL","097","097","PORTAGE","","","00000000","","","9000","UNITED STATES","WISCONSIN, CENTRAL, PORTAGE","2022","ANNUAL","00","00","YEAR","","2024-07-02 12:00:00.000","13,951","15.7"
"CENSUS","CROPS","FIELD CROPS","CORN","ALL CLASSES","ALL PRODUCTION PRACTICES","SILAGE","AREA HARVESTED","ACRES","CORN, SILAGE - ACRES HARVESTED","TOTAL","NOT SPECIFIED","COUNTY","55","55","WI","WISCONSIN","50","CENTRAL","135","135","WAUPACA","","","00000000","","","9000","UNITED STATES","WISCONSIN, CENTRAL, WAUPACA","2022","ANNUAL","00","00","YEAR","","2024-07-02 12:00:00.000","20,204","15.7"
"CENSUS","CROPS","FIELD CROPS","CORN","ALL CLASSES","ALL PRODUCTION PRACTICES","SILAGE","AREA HARVESTED","ACRES","CORN, SILAGE - ACRES HARVESTED","TOTAL","NOT SPECIFIED","COUNTY","55","55","WI","WISCONSIN","50","CENTRAL","137","137","WAUSHARA","","","00000000","","","9000","UNITED STATES","WISCONSIN, CENTRAL, WAUSHARA","2022","ANNUAL","00","00","YEAR","","2024-07-02 12:00:00.000","6,885","15.7"
"CENSUS","CROPS","FIELD CROPS","CORN","ALL CLASSES","ALL PRODUCTION PRACTICES","SILAGE","AREA HARVESTED","ACRES","CORN, SILAGE - ACRES HARVESTED","TOTAL","NOT SPECIFIED","COUNTY","55","55","WI","WISCONSIN","50","CENTRAL","141","141","WOOD","","","00000000","","","9000","UNITED STATES","WISCONSIN, CENTRAL, WOOD","2022","ANNUAL","00","00","YEAR","","2024-07-02 12:00:00.000","9,251","15.7"
"CENSUS","CROPS","FIELD CROPS","CORN","ALL CLASSES","ALL PRODUCTION PRACTICES","SILAGE","AREA HARVESTED","ACRES","CORN, SILAGE - ACRES HARVESTED","TOTAL","NOT SPECIFIED","COUNTY","55","55","WI","WISCONSIN","60","EAST CENTRAL","009","009","BROWN","","","00000000","","","9000","UNITED STATES","WISCONSIN, EAST CENTRAL, BROWN","2022","ANNUAL","00","00","YEAR","","2024-07-02 12:00:00.000","32,166","15.7"
"CENSUS","CROPS","FIELD CROPS","CORN","ALL CLASSES","ALL PRODUCTION PRACTICES","SILAGE","AREA HARVESTED","ACRES","CORN, SILAGE - ACRES HARVESTED","TOTAL","NOT SPECIFIED","COUNTY","55","55","WI","WISCONSIN","60","EAST CENTRAL","015","015","CALUMET","","","00000000","","","9000","UNITED STATES","WISCONSIN, EAST CENTRAL, CALUMET","2022","ANNUAL","00","00","YEAR","","2024-07-02 12:00:00.000","17,427","15.7"
"CENSUS","CROPS","FIELD CROPS","CORN","ALL CLASSES","ALL PRODUCTION PRACTICES","SILAGE","AREA HARVESTED","ACRES","CORN, SILAGE - ACRES HARVESTED","TOTAL","NOT SPECIFIED","COUNTY","55","55","WI","WISCONSIN","60","EAST CENTRAL","029","029","DOOR","","","00000000","","","9000","UNITED STATES","WISCONSIN, EAST CENTRAL, DOOR","2022","ANNUAL","00","00","YEAR","","2024-07-02 12:00:00.000","8,224","15.7"
"CENSUS","CROPS","FIELD CROPS","CORN","ALL CLASSES","ALL PRODUCTION PRACTICES","SILAGE","AREA HARVESTED","ACRES","CORN, SILAGE - ACRES HARVESTED","TOTAL","NOT SPECIFIED","COUNTY","55","55","WI","WISCONSIN","60","EAST CENTRAL","039","039","FOND DU LAC","","","00000000","","","9000","UNITED STATES","WISCONSIN, EAST CENTRAL, FOND DU LAC","2022","ANNUAL","00","00","YEAR","","2024-07-02 12:00:00.000","29,612","15.7"
"CENSUS","CROPS","FIELD CROPS","CORN","ALL CLASSES","ALL PRODUCTION PRACTICES","SILAGE","AREA HARVESTED","ACRES","CORN, SILAGE - ACRES HARVESTED","TOTAL","NOT SPECIFIED","COUNTY","55","55","WI","WISCONSIN","60","EAST CENTRAL","061","061","KEWAUNEE","","","00000000","","","9000","UNITED STATES","WISCONSIN, EAST CENTRAL, KEWAUNEE","2022","ANNUAL","00","00","YEAR","","2024-07-02 12:00:00.000","31,739","15.7"
"CENSUS","CROPS","FIELD CROPS","CORN","ALL CLASSES","ALL PRODUCTION PRACTICES","SILAGE","AREA HARVESTED","ACRES","CORN, SILAGE - ACRES HARVESTED","TOTAL","NOT SPECIFIED","COUNTY","55","55","WI","WISCONSIN","60","EAST CENTRAL","071","071","MANITOWOC","","","00000000","","","9000","UNITED STATES","WISCONSIN, EAST CENTRAL, MANITOWOC","2022","ANNUAL","00","00","YEAR","","2024-07-02 12:00:00.000","37,729","15.7"
"CENSUS","CROPS","FIELD CROPS","CORN","ALL CLASSES","ALL PRODUCTION PRACTICES","SILAGE","AREA HARVESTED","ACRES","CORN, SILAGE - ACRES HARVESTED","TOTAL","NOT SPECIFIED","COUNTY","55","55","WI","WISCONSIN","60","EAST CENTRAL","087","087","OUTAGAMIE","","","00000000","","","9000","UNITED STATES","WISCONSIN, EAST CENTRAL, OUTAGAMIE","2022","ANNUAL","00","00","YEAR","","2024-07-02 12:00:00.000","22,082","15.7"
"CENSUS","CROPS","FIELD CROPS","CORN","ALL CLASSES","ALL PRODUCTION PRACTICES","SILAGE","AREA HARVESTED","ACRES","CORN, SILAGE - ACRES HARVESTED","TOTAL","NOT SPECIFIED","COUNTY","55","55","WI","WISCONSIN","60","EAST CENTRAL","117","117","SHEBOYGAN","","","00000000","","","9000","UNITED STATES","WISCONSIN, EAST CENTRAL, SHEBOYGAN","2022","ANNUAL","00","00","YEAR","","2024-07-02 12:00:00.000","25,373","15.7"
"CENSUS","CROPS","FIELD CROPS","CORN","ALL CLASSES","ALL PRODUCTION PRACTICES","SILAGE","AREA HARVESTED","ACRES","CORN, SILAGE - ACRES HARVESTED","TOTAL","NOT SPECIFIED","COUNTY","55","55","WI","WISCONSIN","60","EAST CENTRAL","139","139","WINNEBAGO","","","00000000","","","9000","UNITED STATES","WISCONSIN, EAST CENTRAL, WINNEBAGO","2022","ANNUAL","00","00","YEAR","","2024-07-02 12:00:00.000","10,969","15.7"
"CENSUS","CROPS","FIELD CROPS","CORN","ALL CLASSES","ALL PRODUCTION PRACTICES","SILAGE","AREA HARVESTED","ACRES","CORN, SILAGE - ACRES HARVESTED","TOTAL","NOT SPECIFIED","COUNTY","55","55","WI","WISCONSIN","70","SOUTHWEST","023","023","CRAWFORD","","","00000000","","","9000","UNITED STATES","WISCONSIN, SOUTHWEST, CRAWFORD","2022","ANNUAL","00","00","YEAR","","2024-07-02 12:00:00.000","2,709","15.7"
"CENSUS","CROPS","FIELD CROPS","CORN","ALL CLASSES","ALL PRODUCTION PRACTICES","SILAGE","AREA HARVESTED","ACRES","CORN, SILAGE - ACRES HARVESTED","TOTAL","NOT SPECIFIED","COUNTY","55","55","WI","WISCONSIN","70","SOUTHWEST","043","043","GRANT","","","00000000","","","9000","UNITED STATES","WISCONSIN, SOUTHWEST, GRANT","2022","ANNUAL","00","00","YEAR","","2024-07-02 12:00:00.000","21,352","15.7"
"CENSUS","CROPS","FIELD CROPS","CORN","ALL CLASSES","ALL PRODUCTION PRACTICES","SILAGE","AREA HARVESTED","ACRES","CORN, SILAGE - ACRES HARVESTED","TOTAL","NOT SPECIFIED","COUNTY","55","55","WI","WISCONSIN","70","SOUTHWEST","049","049","IOWA","","","00000000","","","9000","UNITED STATES","WISCONSIN, SOUTHWEST, IOWA","2022","ANNUAL","00","00","YEAR","","2024-07-02 12:00:00.000","10,155","15.7"
"CENSUS","CROPS","FIELD CROPS","CORN","ALL CLASSES","ALL PRODUCTION PRACTICES","SILAGE","AREA HARVESTED","ACRES","CORN, SILAGE - ACRES HARVESTED","TOTAL","NOT SPECIFIED","COUNTY","55","55","WI","WISCONSIN","70","SOUTHWEST","065","065","LAFAYETTE","","","00000000","","","9000","UNITED STATES","WISCONSIN, SOUTHWEST, LAFAYETTE","2022","ANNUAL","00","00","YEAR","","2024-07-02 12:00:00.000","10,007","15.7"
"CENSUS","CROPS","FIELD CROPS","CORN","ALL CLASSES","ALL PRODUCTION PRACTICES","SILAGE","AREA HARVESTED","ACRES","CORN, SILAGE - ACRES HARVESTED","TOTAL","NOT SPECIFIED","COUNTY","55","55","WI","WISCONSIN","70","SOUTHWEST","103","103","RICHLAND","","","00000000","","","9000","UNITED STATES","WISCONSIN, SOUTHWEST, RICHLAND","2022","ANNUAL","00","00","YEAR","","2024-07-02 12:00:00.000","8,384","15.7"
"CENSUS","CROPS","FIELD CROPS","CORN","ALL CLASSES","ALL PRODUCTION PRACTICES","SILAGE","AREA HARVESTED","ACRES","CORN, SILAGE - ACRES HARVESTED","TOTAL","NOT SPECIFIED","COUNTY","55","55","WI","WISCONSIN","70","SOUTHWEST","111","111","SAUK","","","00000000","","","9000","UNITED STATES","WISCONSIN, SOUTHWEST, SAUK","2022","ANNUAL","00","00","YEAR","","2024-07-02 12:00:00.000","9,401","15.7"
"CENSUS","CROPS","FIELD CROPS","CORN","ALL CLASSES","ALL PRODUCTION PRACTICES","SILAGE","AREA HARVESTED","ACRES","CORN, SILAGE - ACRES HARVESTED","TOTAL","NOT SPECIFIED","COUNTY","55","55","WI","WISCONSIN","70","SOUTHWEST","123","123","VERNON","","","00000000","","","9000","UNITED STATES","WISCONSIN, SOUTHWEST, VERNON","2022","ANNUAL","00","00","YEAR","","2024-07-02 12:00:00.000","13,511","15.7"
"CENSUS","CROPS","FIELD CROPS","CORN","ALL CLASSES","ALL PRODUCTION PRACTICES","SILAGE","AREA HARVESTED","ACRES","CORN, SILAGE - ACRES HARVESTED","TOTAL","NOT SPECIFIED","COUNTY","55","55","WI","WISCONSIN","80","SOUTH CENTRAL","021","021","COLUMBIA","","","00000000","","","9000","UNITED STATES","WISCONSIN, SOUTH CENTRAL, COLUMBIA","2022","ANNUAL","00","00","YEAR","","2024-07-02 12:00:00.000","10,300","15.7"
"CENSUS","CROPS","FIELD CROPS","CORN","ALL CLASSES","ALL PRODUCTION PRACTICES","SILAGE","AREA HARVESTED","ACRES","CORN, SILAGE - ACRES HARVESTED","TOTAL","NOT SPECIFIED","COUNTY","55","55","WI","WISCONSIN","80","SOUTH CENTRAL","025","025","DANE","","","00000000","","","9000","UNITED STATES","WISCONSIN, SOUTH CENTRAL, DANE","2022","ANNUAL","00","00","YEAR","","2024-07-02 12:00:00.000","26,189","15.7"
"CENSUS","CROPS","FIELD CROPS","CORN","ALL CLASSES","ALL PRODUCTION PRACTICES","SILAGE","AREA HARVESTED","ACRES","CORN, SILAGE - ACRES HARVESTED","TOTAL","NOT SPECIFIED","COUNTY","55","55","WI","WISCONSIN","80","SOUTH CENTRAL","027","027","DODGE","","","00000000","","","9000","UNITED STATES","WISCONSIN, SOUTH CENTRAL, DODGE","2022","ANNUAL","00","00","YEAR","","2024-07-02 12:00:00.000","21,119","15.7"
"CENSUS","CROPS","FIELD CROPS","CORN","ALL CLASSES","ALL PRODUCTION PRACTICES","SILAGE","AREA HARVESTED","ACRES","CORN, SILAGE - ACRES HARVESTED","TOTAL","NOT SPECIFIED","COUNTY","55","55","WI","WISCONSIN","80","SOUTH CENTRAL","045","045","GREEN","","","00000000","","","9000","UNITED STATES","WISCONSIN, SOUTH CENTRAL, GREEN","2022","ANNUAL","00","00","YEAR","","2024-07-02 12:00:00.000","9,624","15.7"
"CENSUS","CROPS","FIELD CROPS","CORN","ALL CLASSES","ALL PRODUCTION PRACTICES","SILAGE","AREA HARVESTED","ACRES","CORN, SILAGE - ACRES HARVESTED","TOTAL","NOT SPECIFIED","COUNTY","55","55","WI","WISCONSIN","80","SOUTH CENTRAL","055","055","JEFFERSON","","","00000000","","","9000","UNITED STATES","WISCONSIN, SOUTH CENTRAL, JEFFERSON","2022","ANNUAL","00","00","YEAR","","2024-07-02 12:00:00.000","9,825","15.7"
"CENSUS","CROPS","FIELD CROPS","CORN","ALL CLASSES","ALL PRODUCTION PRACTICES","SILAGE","AREA HARVESTED","ACRES","CORN, SILAGE - ACRES HARVESTED","TOTAL","NOT SPECIFIED","COUNTY","55","55","WI","WISCONSIN","80","SOUTH CENTRAL","105","105","ROCK","","","00000000","","","9000","UNITED STATES","WISCONSIN, SOUTH CENTRAL, ROCK","2022","ANNUAL","00","00","YEAR","","2024-07-02 12:00:00.000","6,159","15.7"
"CENSUS","CROPS","FIELD CROPS","CORN","ALL CLASSES","ALL PRODUCTION PRACTICES","SILAGE","AREA HARVESTED","ACRES","CORN, SILAGE - ACRES HARVESTED","TOTAL","NOT SPECIFIED","COUNTY","55","55","WI","WISCONSIN","90","SOUTHEAST","059","059","KENOSHA","","","00000000","","","9000","UNITED STATES","WISCONSIN, SOUTHEAST, KENOSHA","2022","ANNUAL","00","00","YEAR","","2024-07-02 12:00:00.000","2,203","15.7"
"CENSUS","CROPS","FIELD CROPS","CORN","ALL CLASSES","ALL PRODUCTION PRACTICES","SILAGE","AREA HARVESTED","ACRES","CORN, SILAGE - ACRES HARVESTED","TOTAL","NOT SPECIFIED","COUNTY","55","55","WI","WISCONSIN","90","SOUTHEAST","089","089","OZAUKEE","","","00000000","","","9000","UNITED STATES","WISCONSIN, SOUTHEAST, OZAUKEE","2022","ANNUAL","00","00","YEAR","","2024-07-02 12:00:00.000","5,504","15.7"
"CENSUS","CROPS","FIELD CROPS","CORN","ALL CLASSES","ALL PRODUCTION PRACTICES","SILAGE","AREA HARVESTED","ACRES","CORN, SILAGE - ACRES HARVESTED","TOTAL","NOT SPECIFIED","COUNTY","55","55","WI","WISCONSIN","90","SOUTHEAST","101","101","RACINE","","","00000000","","","9000","UNITED STATES","WISCONSIN, SOUTHEAST, RACINE","2022","ANNUAL","00","00","YEAR","","2024-07-02 12:00:00.000","2,154","15.7"
"CENSUS","CROPS","FIELD CROPS","CORN","ALL CLASSES","ALL PRODUCTION PRACTICES","SILAGE","AREA HARVESTED","ACRES","CORN, SILAGE - ACRES HARVESTED","TOTAL","NOT SPECIFIED","COUNTY","55","55","WI","WISCONSIN","90","SOUTHEAST","127","127","WALWORTH","","","00000000","","","9000","UNITED STATES","WISCONSIN, SOUTHEAST, WALWORTH","2022","ANNUAL","00","00","YEAR","","2024-07-02 12:00:00.000","13,526","15.7"
"CENSUS","CROPS","FIELD CROPS","CORN","ALL CLASSES","ALL PRODUCTION PRACTICES","SILAGE","AREA HARVESTED","ACRES","CORN, SILAGE - ACRES HARVESTED","TOTAL","NOT SPECIFIED","COUNTY","55","55","WI","WISCONSIN","90","SOUTHEAST","131","131","WASHINGTON","","","00000000","","","9000","UNITED STATES","WISCONSIN, SOUTHEAST, WASHINGTON","2022","ANNUAL","00","00","YEAR","","2024-07-02 12:00:00.000","6,682","15.7"
"CENSUS","CROPS","FIELD CROPS","CORN","ALL CLASSES","ALL PRODUCTION PRACTICES","SILAGE","AREA HARVESTED","ACRES","CORN, SILAGE - ACRES HARVESTED","TOTAL","NOT SPECIFIED","COUNTY","55","55","WI","WISCONSIN","90","SOUTHEAST","133","133","WAUKESHA","","","00000000","","","9000","UNITED STATES","WISCONSIN, SOUTHEAST, WAUKESHA","2022","ANNUAL","00","00","YEAR","","2024-07-02 12:00:00.000","398","15.7"
"CENSUS","CROPS","FIELD CROPS","CORN","ALL CLASSES","ALL PRODUCTION PRACTICES","SILAGE","AREA HARVESTED","OPERATIONS","CORN, SILAGE - OPERATIONS WITH AREA HARVESTED","TOTAL","NOT SPECIFIED","COUNTY","55","55","WI","WISCONSIN","10","NORTHWEST","005","005","BARRON","","","00000000","","","9000","UNITED STATES","WISCONSIN, NORTHWEST, BARRON","2022","ANNUAL","00","00","YEAR","","2024-07-02 12:00:00.000","124","11.3"
"CENSUS","CROPS","FIELD CROPS","CORN","ALL CLASSES","ALL PRODUCTION PRACTICES","SILAGE","AREA HARVESTED","OPERATIONS","CORN, SILAGE - OPERATIONS WITH AREA HARVESTED","TOTAL","NOT SPECIFIED","COUNTY","55","55","WI","WISCONSIN","10","NORTHWEST","007","007","BAYFIELD","","","00000000","","","9000","UNITED STATES","WISCONSIN, NORTHWEST, BAYFIELD","2022","ANNUAL","00","00","YEAR","","2024-07-02 12:00:00.000","19","11.3"
"CENSUS","CROPS","FIELD CROPS","CORN","ALL CLASSES","ALL PRODUCTION PRACTICES","SILAGE","AREA HARVESTED","OPERATIONS","CORN, SILAGE - OPERATIONS WITH AREA HARVESTED","TOTAL","NOT SPECIFIED","COUNTY","55","55","WI","WISCONSIN","10","NORTHWEST","013","013","BURNETT","","","00000000","","","9000","UNITED STATES","WISCONSIN, NORTHWEST, BURNETT","2022","ANNUAL","00","00","YEAR","","2024-07-02 12:00:00.000","26","11.3"
"CENSUS","CROPS","FIELD CROPS","CORN","ALL CLASSES","ALL PRODUCTION PRACTICES","SILAGE","AREA HARVESTED","OPERATIONS","CORN, SILAGE - OPERATIONS WITH AREA HARVESTED","TOTAL","NOT SPECIFIED","COUNTY","55","55","WI","WISCONSIN","10","NORTHWEST","017","017","CHIPPEWA","","","00000000","","","9000","UNITED STATES","WISCONSIN, NORTHWEST, CHIPPEWA","2022","ANNUAL","00","00","YEAR","","2024-07-02 12:00:00.000","124","11.3"
"CENSUS","CROPS","FIELD CROPS","CORN","ALL CLASSES","ALL PRODUCTION PRACTICES","SILAGE","AREA HARVESTED","OPERATIONS","CORN, SILAGE - OPERATIONS WITH AREA HARVESTED","TOTAL","NOT SPECIFIED","COUNTY","55","55","WI","WISCONSIN","10","NORTHWEST","031","031","DOUGLAS","","","00000000","","","9000","UNITED STATES","WISCONSIN, NORTHWEST, DOUGLAS","2022","ANNUAL","00","00","YEAR","","2024-07-02 12:00:00.000","7","11.3"
"CENSUS","CROPS","FIELD CROPS","CORN","ALL CLASSES","ALL PRODUCTION PRACTICES","SILAGE","AREA HARVESTED","OPERATIONS","CORN, SILAGE - OPERATIONS WITH AREA HARVESTED","TOTAL","NOT SPECIFIED","COUNTY","55","55","WI","WISCONSIN","10","NORTHWEST","095","095","POLK","","","00000000","","","9000","UNITED STATES","WISCONSIN, NORTHWEST, POLK","2022","ANNUAL","00","00","YEAR","","2024-07-02 12:00:00.000","65","11.3"
"CENSUS","CROPS","FIELD CROPS","CORN","ALL CLASSES","ALL PRODUCTION PRACTICES","SILAGE","AREA HARVESTED","OPERATIONS","CORN, SILAGE - OPERATIONS WITH AREA HARVESTED","TOTAL","NOT SPECIFIED","COUNTY","55","55","WI","WISCONSIN","10","NORTHWEST","107","107","RUSK","","","00000000","","","9000","UNITED STATES","WISCONSIN, NORTHWEST, RUSK","2022","ANNUAL","00","00","YEAR","","2024-07-02 12:00:00.000","61","11.3"
"CENSUS","CROPS","FIELD CROPS","CORN","ALL CLASSES","ALL PRODUCTION PRACTICES","SILAGE","AREA HARVESTED","OPERATIONS","CORN, SILAGE - OPERATIONS WITH AREA HARVESTED","TOTAL","NOT SPECIFIED","COUNTY","55","55","WI","WISCONSIN","10","NORTHWEST","113","113","SAWYER","","","00000000","","","9000","UNITED STATES","WISCONSIN, NORTHWEST, SAWYER","2022","ANNUAL","00","00","YEAR","","2024-07-02 12:00:00.000","10","11.3"
"CENSUS","CROPS","FIELD CROPS","CORN","ALL CLASSES","ALL PRODUCTION PRACTICES","SILAGE","AREA HARVESTED","OPERATIONS","CORN, SILAGE - OPERATIONS WITH AREA HARVESTED","TOTAL","NOT SPECIFIED","COUNTY","55","55","WI","WISCONSIN","10","NORTHWEST","129","129","WASHBURN","","","00000000","","","9000","UNITED STATES","WISCONSIN, NORTHWEST, WASHBURN","2022","ANNUAL","00","00","YEAR","","2024-07-02 12:00:00.000","11","11.3"
"CENSUS","CROPS","FIELD CROPS","CORN","ALL CLASSES","ALL PRODUCTION PRACTICES","SILAGE","AREA HARVESTED","OPERATIONS","CORN, SILAGE - OPERATIONS WITH AREA HARVESTED","TOTAL","NOT SPECIFIED","COUNTY","55","55","WI","WISCONSIN","20","NORTH CENTRAL","003","003","ASHLAND","","","00000000","","","9000","UNITED STATES","WISCONSIN, NORTH CENTRAL, ASHLAND","2022","ANNUAL","00","00","YEAR","","2024-07-02 12:00:00.000","9","11.3"
"CENSUS","CROPS","FIELD CROPS","CORN","ALL CLASSES","ALL PRODUCTION PRACTICES","SILAGE","AREA HARVESTED","OPERATIONS","CORN, SILAGE - OPERATIONS WITH AREA HARVESTED","TOTAL","NOT SPECIFIED","COUNTY","55","55","WI","WISCONSIN","20","NORTH CENTRAL","019","019","CLARK","","","00000000","","","9000","UNITED STATES","WISCONSIN, NORTH CENTRAL, CLARK","2022","ANNUAL","00","00","YEAR","","2024-07-02 12:00:00.000","394","11.3"
"CENSUS","CROPS","FIELD CROPS","CORN","ALL CLASSES","ALL PRODUCTION PRACTICES","SILAGE","AREA HARVESTED","OPERATIONS","CORN, SILAGE - OPERATIONS WITH AREA HARVESTED","TOTAL","NOT SPECIFIED","COUNTY","55","55","WI","WISCONSIN","20","NORTH CENTRAL","051","051","IRON","","","00000000","","","9000","UNITED STATES","WISCONSIN, NORTH CENTRAL, IRON","2022","ANNUAL","00","00","YEAR","","2024-07-02 12:00:00.000","2","(L)"
"CENSUS","CROPS","FIELD CROPS","CORN","ALL CLASSES","ALL PRODUCTION PRACTICES","SILAGE","AREA HARVESTED","OPERATIONS","CORN, SILAGE - OPERATIONS WITH AREA HARVESTED","TOTAL","NOT SPECIFIED","COUNTY","55","55","WI","WISCONSIN","20","NORTH CENTRAL","069","069","LINCOLN","","","00000000","","","9000","UNITED STATES","WISCONSIN, NORTH CENTRAL, LINCOLN","2022","ANNUAL","00","00","YEAR","","2024-07-02 12:00:00.000","31","11.3"
"CENSUS","CROPS","FIELD CROPS","CORN","ALL CLASSES","ALL PRODUCTION PRACTICES","SILAGE","AREA HARVESTED","OPERATIONS","CORN, SILAGE - OPERATIONS WITH AREA HARVESTED","TOTAL","NOT SPECIFIED","COUNTY","55","55","WI","WISCONSIN","20","NORTH CENTRAL","073","073","MARATHON","","","00000000","","","9000","UNITED STATES","WISCONSIN, NORTH CENTRAL, MARATHON","2022","ANNUAL","00","00","YEAR","","2024-07-02 12:00:00.000","289","11.3"
"CENSUS","CROPS","FIELD CROPS","CORN","ALL CLASSES","ALL PRODUCTION PRACTICES","SILAGE","AREA HARVESTED","OPERATIONS","CORN, SILAGE - OPERATIONS WITH AREA HARVESTED","TOTAL","NOT SPECIFIED","COUNTY","55","55","WI","WISCONSIN","20","NORTH CENTRAL","085","085","ONEIDA","","","00000000","","","9000","UNITED STATES","WISCONSIN, NORTH CENTRAL, ONEIDA","2022","ANNUAL","00","00","YEAR","","2024-07-02 12:00:00.000","3","11.3"
"CENSUS","CROPS","FIELD CROPS","CORN","ALL CLASSES","ALL PRODUCTION PRACTICES","SILAGE","AREA HARVESTED","OPERATIONS","CORN, SILAGE - OPERATIONS WITH AREA HARVESTED","TOTAL","NOT SPECIFIED","COUNTY","55","55","WI","WISCONSIN","20","NORTH CENTRAL","099","099","PRICE","","","00000000","","","9000","UNITED STATES","WISCONSIN, NORTH CENTRAL, PRICE","2022","ANNUAL","00","00","YEAR","","2024-07-02 12:00:00.000","26","11.3"
"CENSUS","CROPS","FIELD CROPS","CORN","ALL CLASSES","ALL PRODUCTION PRACTICES","SILAGE","AREA HARVESTED","OPERATIONS","CORN, SILAGE - OPERATIONS WITH AREA HARVESTED","TOTAL","NOT SPECIFIED","COUNTY","55","55","WI","WISCONSIN","20","NORTH CENTRAL","119","119","TAYLOR","","","00000000","","","9000","UNITED STATES","WISCONSIN, NORTH CENTRAL, TAYLOR","2022","ANNUAL","00","00","YEAR","","2024-07-02 12:00:00.000","107","11.3"
"CENSUS","CROPS","FIELD CROPS","CORN","ALL CLASSES","ALL PRODUCTION PRACTICES","SILAGE","AREA HARVESTED","OPERATIONS","CORN, SILAGE - OPERATIONS WITH AREA HARVESTED","TOTAL","NOT SPECIFIED","COUNTY","55","55","WI","WISCONSIN","30","NORTHEAST","037","037","FLORENCE","","","00000000","","","9000","UNITED STATES","WISCONSIN, NORTHEAST, FLORENCE","2022","ANNUAL","00","00","YEAR","","2024-07-02 12:00:00.000","3","11.3"
"CENSUS","CROPS","FIELD CROPS","CORN","ALL CLASSES","ALL PRODUCTION PRACTICES","SILAGE","AREA HARVESTED","OPERATIONS","CORN, SILAGE - OPERATIONS WITH AREA HARVESTED","TOTAL","NOT SPECIFIED","COUNTY","55","55","WI","WISCONSIN","30","NORTHEAST","041","041","FOREST","","","00000000","","","9000","UNITED STATES","WISCONSIN, NORTHEAST, FOREST","2022","ANNUAL","00","00","YEAR","","2024-07-02 12:00:00.000","4","11.3"
"CENSUS","CROPS","FIELD CROPS","CORN","ALL CLASSES","ALL PRODUCTION PRACTICES","SILAGE","AREA HARVESTED","OPERATIONS","CORN, SILAGE - OPERATIONS WITH AREA HARVESTED","TOTAL","NOT SPECIFIED","COUNTY","55","55","WI","WISCONSIN","30","NORTHEAST","067","067","LANGLADE","","","00000000","","","9000","UNITED STATES","WISCONSIN, NORTHEAST, LANGLADE","2022","ANNUAL","00","00","YEAR","","2024-07-02 12:00:00.000","45","11.3"
"CENSUS","CROPS","FIELD CROPS","CORN","ALL CLASSES","ALL PRODUCTION PRACTICES","SILAGE","AREA HARVESTED","OPERATIONS","CORN, SILAGE - OPERATIONS WITH AREA HARVESTED","TOTAL","NOT SPECIFIED","COUNTY","55","55","WI","WISCONSIN","30","NORTHEAST","075","075","MARINETTE","","","00000000","","","9000","UNITED STATES","WISCONSIN, NORTHEAST, MARINETTE","2022","ANNUAL","00","00","YEAR","","2024-07-02 12:00:00.000","60","11.3"
"CENSUS","CROPS","FIELD CROPS","CORN","ALL CLASSES","ALL PRODUCTION PRACTICES","SILAGE","AREA HARVESTED","OPERATIONS","CORN, SILAGE - OPERATIONS WITH AREA HARVESTED","TOTAL","NOT SPECIFIED","COUNTY","55","55","WI","WISCONSIN","30","NORTHEAST","083","083","OCONTO","","","00000000","","","9000","UNITED STATES","WISCONSIN, NORTHEAST, OCONTO","2022","ANNUAL","00","00","YEAR","","2024-07-02 12:00:00.000","90","11.3"
"CENSUS","CROPS","FIELD CROPS","CORN","ALL CLASSES","ALL PRODUCTION PRACTICES","SILAGE","AREA HARVESTED","OPERATIONS","CORN, SILAGE - OPERATIONS WITH AREA HARVESTED","TOTAL","NOT SPECIFIED","COUNTY","55","55","WI","WISCONSIN","30","NORTHEAST","115","115","SHAWANO","","","00000000","","","9000","UNITED STATES","WISCONSIN, NORTHEAST, SHAWANO","2022","ANNUAL","00","00","YEAR","","2024-07-02 12:00:00.000","160","11.3"
"CENSUS","CROPS","FIELD CROPS","CORN","ALL CLASSES","ALL PRODUCTION PRACTICES","SILAGE","AREA HARVESTED","OPERATIONS","CORN, SILAGE - OPERATIONS WITH AREA HARVESTED","TOTAL","NOT SPECIFIED","COUNTY","55","55","WI","WISCONSIN","40","WEST CENTRAL","011","011","BUFFALO","","","00000000","","","9000","UNITED STATES","WISCONSIN, WEST CENTRAL, BUFFALO","2022","ANNUAL","00","00","YEAR","","2024-07-02 12:00:00.000","97","11.3"
"CENSUS","CROPS","FIELD CROPS","CORN","ALL CLASSES","ALL PRODUCTION PRACTICES","SILAGE","AREA HARVESTED","OPERATIONS","CORN, SILAGE - OPERATIONS WITH AREA HARVESTED","TOTAL","NOT SPECIFIED","COUNTY","55","55","WI","WISCONSIN","40","WEST CENTRAL","033","033","DUNN","","","00000000","","","9000","UNITED STATES","WISCONSIN, WEST CENTRAL, DUNN","2022","ANNUAL","00","00","YEAR","","2024-07-02 12:00:00.000","87","11.3"
"CENSUS","CROPS","FIELD CROPS","CORN","ALL CLASSES","ALL PRODUCTION PRACTICES","SILAGE","AREA HARVESTED","OPERATIONS","CORN, SILAGE - OPERATIONS WITH AREA HARVESTED","TOTAL","NOT SPECIFIED","COUNTY","55","55","WI","WISCONSIN","40","WEST CENTRAL","035","035","EAU CLAIRE","","","00000000","","","9000","UNITED STATES","WISCONSIN, WEST CENTRAL, EAU CLAIRE","2022","ANNUAL","00","00","YEAR","","2024-07-02 12:00:00.000","62","11.3"
"CENSUS","CROPS","FIELD CROPS","CORN","ALL CLASSES","ALL PRODUCTION PRACTICES","SILAGE","AREA HARVESTED","OPERATIONS","CORN, SILAGE - OPERATIONS WITH AREA HARVESTED","TOTAL","NOT SPECIFIED","COUNTY","55","55","WI","WISCONSIN","40","WEST CENTRAL","053","053","JACKSON","","","00000000","","","9000","UNITED STATES","WISCONSIN, WEST CENTRAL, JACKSON","2022","ANNUAL","00","00","YEAR","","2024-07-02 12:00:00.000","75","11.3"
"CENSUS","CROPS","FIELD CROPS","CORN","ALL CLASSES","ALL PRODUCTION PRACTICES","SILAGE","AREA HARVESTED","OPERATIONS","CORN, SILAGE - OPERATIONS WITH AREA HARVESTED","TOTAL","NOT SPECIFIED","COUNTY","55","55","WI","WISCONSIN","40","WEST CENTRAL","063","063","LA CROSSE","","","00000000","","","9000","UNITED STATES","WISCONSIN, WEST CENTRAL, LA CROSSE","2022","ANNUAL","00","00","YEAR","","2024-07-02 12:00:00.000","52","11.3"
"CENSUS","CROPS","FIELD CROPS","CORN","ALL CLASSES","ALL PRODUCTION PRACTICES","SILAGE","AREA HARVESTED","OPERATIONS","CORN, SILAGE - OPERATIONS WITH AREA HARVESTED","TOTAL","NOT SPECIFIED","COUNTY","55","55","WI","WISCONSIN","40","WEST CENTRAL","081","081","MONROE","","","00000000","","","9000","UNITED STATES","WISCONSIN, WEST CENTRAL, MONROE","2022","ANNUAL","00","00","YEAR","","2024-07-02 12:00:00.000","159","11.3"
"CENSUS","CROPS","FIELD CROPS","CORN","ALL CLASSES","ALL PRODUCTION PRACTICES","SILAGE","AREA HARVESTED","OPERATIONS","CORN, SILAGE - OPERATIONS WITH AREA HARVESTED","TOTAL","NOT SPECIFIED","COUNTY","55","55","WI","WISCONSIN","40","WEST CENTRAL","091","091","PEPIN","","","00000000","","","9000","UNITED STATES","WISCONSIN, WEST CENTRAL, PEPIN","2022","ANNUAL","00","00","YEAR","","2024-07-02 12:00:00.000","39","11.3"
"CENSUS","CROPS","FIELD CROPS","CORN","ALL CLASSES","ALL PRODUCTION PRACTICES","SILAGE","AREA HARVESTED","OPERATIONS","CORN, SILAGE - OPERATIONS WITH AREA HARVESTED","TOTAL","NOT SPECIFIED","COUNTY","55","55","WI","WISCONSIN","40","WEST CENTRAL","093","093","PIERCE","","","00000000","","","9000","UNITED STATES","WISCONSIN, WEST CENTRAL, PIERCE","2022","ANNUAL","00","00","YEAR","","2024-07-02 12:00:00.000","62","11.3"
"CENSUS","CROPS","FIELD CROPS","CORN","ALL CLASSES","ALL PRODUCTION PRACTICES","SILAGE","AREA HARVESTED","OPERATIONS","CORN, SILAGE - OPERATIONS WITH AREA HARVESTED","TOTAL","NOT SPECIFIED","COUNTY","55","55","WI","WISCONSIN","40","WEST CENTRAL","109","109","ST CROIX","","","00000000","","","9000","UNITED STATES","WISCONSIN, WEST CENTRAL, ST CROIX","2022","ANNUAL","00","00","YEAR","","2024-07-02 12:00:00.000","65","11.3"
"CENSUS","CROPS","FIELD CROPS","CORN","ALL CLASSES","ALL PRODUCTION PRACTICES","SILAGE","AREA HARVESTED","OPERATIONS","CORN, SILAGE - OPERATIONS WITH AREA HARVESTED","TOTAL","NOT SPECIFIED","COUNTY","55","55","WI","WISCONSIN","40","WEST CENTRAL","121","121","TREMPEALEAU","","","00000000","","","9000","UNITED STATES","WISCONSIN, WEST CENTRAL, TREMPEALEAU","2022","ANNUAL","00","00","YEAR","","2024-07-02 12:00:00.000","90","11.3"
"CENSUS","CROPS","FIELD CROPS","CORN","ALL CLASSES","ALL PRODUCTION PRACTICES","SILAGE","AREA HARVESTED","OPERATIONS","CORN, SILAGE - OPERATIONS WITH AREA HARVESTED","TOTAL","NOT SPECIFIED","COUNTY","55","55","WI","WISCONSIN","50","CENTRAL","001","001","ADAMS","","","00000000","","","9000","UNITED STATES","WISCONSIN, CENTRAL, ADAMS","2022","ANNUAL","00","00","YEAR","","2024-07-02 12:00:00.000","17","11.3"
"CENSUS","CROPS","FIELD CROPS","CORN","ALL CLASSES","ALL PRODUCTION PRACTICES","SILAGE","AREA HARVESTED","OPERATIONS","CORN, SILAGE - OPERATIONS WITH AREA HARVESTED","TOTAL","NOT SPECIFIED","COUNTY","55","55","WI","WISCONSIN","50","CENTRAL","047","047","GREEN LAKE","","","00000000","","","9000","UNITED STATES","WISCONSIN, CENTRAL, GREEN LAKE","2022","ANNUAL","00","00","YEAR","","2024-07-02 12:00:00.000","62","11.3"
"CENSUS","CROPS","FIELD CROPS","CORN","ALL CLASSES","ALL PRODUCTION PRACTICES","SILAGE","AREA HARVESTED","OPERATIONS","CORN, SILAGE - OPERATIONS WITH AREA HARVESTED","TOTAL","NOT SPECIFIED","COUNTY","55","55","WI","WISCONSIN","50","CENTRAL","057","057","JUNEAU","","","00000000","","","9000","UNITED STATES","WISCONSIN, CENTRAL, JUNEAU","2022","ANNUAL","00","00","YEAR","","2024-07-02 12:00:00.000","54","11.3"
"CENSUS","CROPS","FIELD CROPS","CORN","ALL CLASSES","ALL PRODUCTION PRACTICES","SILAGE","AREA HARVESTED","OPERATIONS","CORN, SILAGE - OPERATIONS WITH AREA HARVESTED","TOTAL","NOT SPECIFIED","COUNTY","55","55","WI","WISCONSIN","50","CENTRAL","077","077","MARQUETTE","","","00000000","","","9000","UNITED STATES","WISCONSIN, CENTRAL, MARQUETTE","2022","ANNUAL","00","00","YEAR","","2024-07-02 12:00:00.000","26","11.3"
"CENSUS","CROPS","FIELD CROPS","CORN","ALL CLASSES","ALL PRODUCTION PRACTICES","SILAGE","AREA HARVESTED","OPERATIONS","CORN, SILAGE - OPERATIONS WITH AREA HARVESTED","TOTAL","NOT SPECIFIED","COUNTY","55","55","WI","WISCONSIN","50","CENTRAL","097","097","PORTAGE","","","00000000","","","9000","UNITED STATES","WISCONSIN, CENTRAL, PORTAGE","2022","ANNUAL","00","00","YEAR","","2024-07-02 12:00:00.000","86","11.3"
"CENSUS","CROPS","FIELD CROPS","CORN","ALL CLASSES","ALL PRODUCTION PRACTICES","SILAGE","AREA HARVESTED","OPERATIONS","CORN, SILAGE - OPERATIONS WITH AREA HARVESTED","TOTAL","NOT SPECIFIED","COUNTY","55","55","WI","WISCONSIN","50","CENTRAL","135","135","WAUPACA","","","00000000","","","9000","UNITED STATES","WISCONSIN, CENTRAL, WAUPACA","2022","ANNUAL","00","00","YEAR","","2024-07-02 12:00:00.000","110","11.3"
"CENSUS","CROPS","FIELD CROPS","CORN","ALL CLASSES","ALL PRODUCTION PRACTICES","SILAGE","AREA HARVESTED","OPERATIONS","CORN, SILAGE - OPERATIONS WITH AREA HARVESTED","TOTAL","NOT SPECIFIED","COUNTY","55","55","WI","WISCONSIN","50","CENTRAL","137","137","WAUSHARA","","","00000000","","","9000","UNITED STATES","WISCONSIN, CENTRAL, WAUSHARA","2022","ANNUAL","00","00","YEAR","","2024-07-02 12:00:00.000","45","11.3"
"CENSUS","CROPS","FIELD CROPS","CORN","ALL CLASSES","ALL PRODUCTION PRACTICES","SILAGE","AREA HARVESTED","OPERATIONS","CORN, SILAGE - OPERATIONS WITH AREA HARVESTED","TOTAL","NOT SPECIFIED","COUNTY","55","55","WI","WISCONSIN","50","CENTRAL","141","141","WOOD","","","00000000","","","9000","UNITED STATES","WISCONSIN, CENTRAL, WOOD","2022","ANNUAL","00","00","YEAR","","2024-07-02 12:00:00.000","91","11.3"
"CENSUS","CROPS","FIELD CROPS","CORN","ALL CLASSES","ALL PRODUCTION PRACTICES","SILAGE","AREA HARVESTED","OPERATIONS","CORN, SILAGE - OPERATIONS WITH AREA HARVESTED","TOTAL","NOT SPECIFIED","COUNTY","55","55","WI","WISCONSIN","60","EAST CENTRAL","009","009","BROWN","","","00000000","","","9000","UNITED STATES","WISCONSIN, EAST CENTRAL, BROWN","2022","ANNUAL","00","00","YEAR","","2024-07-02 12:00:00.000","137","11.3"
"CENSUS","CROPS","FIELD CROPS","CORN","ALL CLASSES","ALL PRODUCTION PRACTICES","SILAGE","AREA HARVESTED","OPERATIONS","CORN, SILAGE - OPERATIONS WITH AREA HARVESTED","TOTAL","NOT SPECIFIED","COUNTY","55","55","WI","WISCONSIN","60","EAST CENTRAL","015","015","CALUMET","","","00000000","","","9000","UNITED STATES","WISCONSIN, EAST CENTRAL, CALUMET","2022","ANNUAL","00","00","YEAR","","2024-07-02 12:00:00.000","82","11.3"
"CENSUS","CROPS","FIELD CROPS","CORN","ALL CLASSES","ALL PRODUCTION PRACTICES","SILAGE","AREA HARVESTED","OPERATIONS","CORN, SILAGE - OPERATIONS WITH AREA HARVESTED","TOTAL","NOT SPECIFIED","COUNTY","55","55","WI","WISCONSIN","60","EAST CENTRAL","029","029","DOOR","","","00000000","","","9000","UNITED STATES","WISCONSIN, EAST CENTRAL, DOOR","2022","ANNUAL","00","00","YEAR","","2024-07-02 12:00:00.000","44","11.3"
"CENSUS","CROPS","FIELD CROPS","CORN","ALL CLASSES","ALL PRODUCTION PRACTICES","SILAGE","AREA HARVESTED","OPERATIONS","CORN, SILAGE - OPERATIONS WITH AREA HARVESTED","TOTAL","NOT SPECIFIED","COUNTY","55","55","WI","WISCONSIN","60","EAST CENTRAL","039","039","FOND DU LAC","","","00000000","","","9000","UNITED STATES","WISCONSIN, EAST CENTRAL, FOND DU LAC","2022","ANNUAL","00","00","YEAR","","2024-07-02 12:00:00.000","151","11.3"
"CENSUS","CROPS","FIELD CROPS","CORN","ALL CLASSES","ALL PRODUCTION PRACTICES","SILAGE","AREA HARVESTED","OPERATIONS","CORN, SILAGE - OPERATIONS WITH AREA HARVESTED","TOTAL","NOT SPECIFIED","COUNTY","55","55","WI","WISCONSIN","60","EAST CENTRAL","061","061","KEWAUNEE","","","00000000","","","9000","UNITED STATES","WISCONSIN, EAST CENTRAL, KEWAUNEE","2022","ANNUAL","00","00","YEAR","","2024-07-02 12:00:00.000","120","11.3"
"CENSUS","CROPS","FIELD CROPS","CORN","ALL CLASSES","ALL PRODUCTION PRACTICES","SILAGE","AREA HARVESTED","OPERATIONS","CORN, SILAGE - OPERATIONS WITH AREA HARVESTED","TOTAL","NOT SPECIFIED","COUNTY","55","55","WI","WISCONSIN","60","EAST CENTRAL","071","071","MANITOWOC","","","00000000","","","9000","UNITED STATES","WISCONSIN, EAST CENTRAL, MANITOWOC","2022","ANNUAL","00","00","YEAR","","2024-07-02 12:00:00.000","131","11.3"
"CENSUS","CROPS","FIELD CROPS","CORN","ALL CLASSES","ALL PRODUCTION PRACTICES","SILAGE","AREA HARVESTED","OPERATIONS","CORN, SILAGE - OPERATIONS WITH AREA HARVESTED","TOTAL","NOT SPECIFIED","COUNTY","55","55","WI","WISCONSIN","60","EAST CENTRAL","087","087","OUTAGAMIE","","","00000000","","","9000","UNITED STATES","WISCONSIN, EAST CENTRAL, OUTAGAMIE","2022","ANNUAL","00","00","YEAR","","2024-07-02 12:00:00.000","118","11.3"
"CENSUS","CROPS","FIELD CROPS","CORN","ALL CLASSES","ALL PRODUCTION PRACTICES","SILAGE","AREA HARVESTED","OPERATIONS","CORN, SILAGE - OPERATIONS WITH AREA HARVESTED","TOTAL","NOT SPECIFIED","COUNTY","55","55","WI","WISCONSIN","60","EAST CENTRAL","117","117","SHEBOYGAN","","","00000000","","","9000","UNITED STATES","WISCONSIN, EAST CENTRAL, SHEBOYGAN","2022","ANNUAL","00","00","YEAR","","2024-07-02 12:00:00.000","114","11.3"
"CENSUS","CROPS","FIELD CROPS","CORN","ALL CLASSES","ALL PRODUCTION PRACTICES","SILAGE","AREA HARVESTED","OPERATIONS","CORN, SILAGE - OPERATIONS WITH AREA HARVESTED","TOTAL","NOT SPECIFIED","COUNTY","55","55","WI","WISCONSIN","60","EAST CENTRAL","139","139","WINNEBAGO","","","00000000","","","9000","UNITED STATES","WISCONSIN, EAST CENTRAL, WINNEBAGO","2022","ANNUAL","00","00","YEAR","","2024-07-02 12:00:00.000","44","11.3"
"CENSUS","CROPS","FIELD CROPS","CORN","ALL CLASSES","ALL PRODUCTION PRACTICES","SILAGE","AREA HARVESTED","OPERATIONS","CORN, SILAGE - OPERATIONS WITH AREA HARVESTED","TOTAL","NOT SPECIFIED","COUNTY","55","55","WI","WISCONSIN","70","SOUTHWEST","023","023","CRAWFORD","","","00000000","","","9000","UNITED STATES","WISCONSIN, SOUTHWEST, CRAWFORD","2022","ANNUAL","00","00","YEAR","","2024-07-02 12:00:00.000","60","11.3"
"CENSUS","CROPS","FIELD CROPS","CORN","ALL CLASSES","ALL PRODUCTION PRACTICES","SILAGE","AREA HARVESTED","OPERATIONS","CORN, SILAGE - OPERATIONS WITH AREA HARVESTED","TOTAL","NOT SPECIFIED","COUNTY","55","55","WI","WISCONSIN","70","SOUTHWEST","043","043","GRANT","","","00000000","","","9000","UNITED STATES","WISCONSIN, SOUTHWEST, GRANT","2022","ANNUAL","00","00","YEAR","","2024-07-02 12:00:00.000","212","11.3"
"CENSUS","CROPS","FIELD CROPS","CORN","ALL CLASSES","ALL PRODUCTION PRACTICES","SILAGE","AREA HARVESTED","OPERATIONS","CORN, SILAGE - OPERATIONS WITH AREA HARVESTED","TOTAL","NOT SPECIFIED","COUNTY","55","55","WI","WISCONSIN","70","SOUTHWEST","049","049","IOWA","","","00000000","","","9000","UNITED STATES","WISCONSIN, SOUTHWEST, IOWA","2022","ANNUAL","00","00","YEAR","","2024-07-02 12:00:00.000","138","11.3"
"CENSUS","CROPS","FIELD CROPS","CORN","ALL CLASSES","ALL PRODUCTION PRACTICES","SILAGE","AREA HARVESTED","OPERATIONS","CORN, SILAGE - OPERATIONS WITH AREA HARVESTED","TOTAL","NOT SPECIFIED","COUNTY","55","55","WI","WISCONSIN","70","SOUTHWEST","065","065","LAFAYETTE","","","00000000","","","9000","UNITED STATES","WISCONSIN, SOUTHWEST, LAFAYETTE","2022","ANNUAL","00","00","YEAR","","2024-07-02 12:00:00.000","124","11.3"
"CENSUS","CROPS","FIELD CROPS","CORN","ALL CLASSES","ALL PRODUCTION PRACTICES","SILAGE","AREA HARVESTED","OPERATIONS","CORN, SILAGE - OPERATIONS WITH AREA HARVESTED","TOTAL","NOT SPECIFIED","COUNTY","55","55","WI","WISCONSIN","70","SOUTHWEST","103","103","RICHLAND","","","00000000","","","9000","UNITED STATES","WISCONSIN, SOUTHWEST, RICHLAND","2022","ANNUAL","00","00","YEAR","","2024-07-02 12:00:00.000","91","11.3"
"CENSUS","CROPS","FIELD CROPS","CORN","ALL CLASSES","ALL PRODUCTION PRACTICES","SILAGE","AREA HARVESTED","OPERATIONS","CORN, SILAGE - OPERATIONS WITH AREA HARVESTED","TOTAL","NOT SPECIFIED","COUNTY","55","55","WI","WISCONSIN","70","SOUTHWEST","111","111","SAUK","","","00000000","","","9000","UNITED STATES","WISCONSIN, SOUTHWEST, SAUK","2022","ANNUAL","00","00","YEAR","","2024-07-02 12:00:00.000","94","11.3"
"CENSUS","CROPS","FIELD CROPS","CORN","ALL CLASSES","ALL PRODUCTION PRACTICES","SILAGE","AREA HARVESTED","OPERATIONS","CORN, SILAGE - OPERATIONS WITH AREA HARVESTED","TOTAL","NOT SPECIFIED","COUNTY","55","55","WI","WISCONSIN","70","SOUTHWEST","123","123","VERNON","","","00000000","","","9000","UNITED STATES","WISCONSIN, SOUTHWEST, VERNON","2022","ANNUAL","00","00","YEAR","","2024-07-02 12:00:00.000","180","11.3"
"CENSUS","CROPS","FIELD CROPS","CORN","ALL CLASSES","ALL PRODUCTION PRACTICES","SILAGE","AREA HARVESTED","OPERATIONS","CORN, SILAGE - OPERATIONS WITH AREA HARVESTED","TOTAL","NOT SPECIFIED","COUNTY","55","55","WI","WISCONSIN","80","SOUTH CENTRAL","021","021","COLUMBIA","","","00000000","","","9000","UNITED STATES","WISCONSIN, SOUTH CENTRAL, COLUMBIA","2022","ANNUAL","00","00","YEAR","","2024-07-02 12:00:00.000","82","11.3"
"CENSUS","CROPS","FIELD CROPS","CORN","ALL CLASSES","ALL PRODUCTION PRACTICES","SILAGE","AREA HARVESTED","OPERATIONS","CORN, SILAGE - OPERATIONS WITH AREA HARVESTED","TOTAL","NOT SPECIFIED","COUNTY","55","55","WI","WISCONSIN","80","SOUTH CENTRAL","025","025","DANE","","","00000000","","","9000","UNITED STATES","WISCONSIN, SOUTH CENTRAL, DANE","2022","ANNUAL","00","00","YEAR","","2024-07-02 12:00:00.000","167","11.3"
"CENSUS","CROPS","FIELD CROPS","CORN","ALL CLASSES","ALL PRODUCTION PRACTICES","SILAGE","AREA HARVESTED","OPERATIONS","CORN, SILAGE - OPERATIONS WITH AREA HARVESTED","TOTAL","NOT SPECIFIED","COUNTY","55","55","WI","WISCONSIN","80","SOUTH CENTRAL","027","027","DODGE","","","00000000","","","9000","UNITED STATES","WISCONSIN, SOUTH CENTRAL, DODGE","2022","ANNUAL","00","00","YEAR","","2024-07-02 12:00:00.000","144","11.3"
"CENSUS","CROPS","FIELD CROPS","CORN","ALL CLASSES","ALL PRODUCTION PRACTICES","SILAGE","AREA HARVESTED","OPERATIONS","CORN, SILAGE - OPERATIONS WITH AREA HARVESTED","TOTAL","NOT SPECIFIED","COUNTY","55","55","WI","WISCONSIN","80","SOUTH CENTRAL","045","045","GREEN","","","00000000","","","9000","UNITED STATES","WISCONSIN, SOUTH CENTRAL, GREEN","2022","ANNUAL","00","00","YEAR","","2024-07-02 12:00:00.000","96","11.3"
"CENSUS","CROPS","FIELD CROPS","CORN","ALL CLASSES","ALL PRODUCTION PRACTICES","SILAGE","AREA HARVESTED","OPERATIONS","CORN, SILAGE - OPERATIONS WITH AREA HARVESTED","TOTAL","NOT SPECIFIED","COUNTY","55","55","WI","WISCONSIN","80","SOUTH CENTRAL","055","055","JEFFERSON","","","00000000","","","9000","UNITED STATES","WISCONSIN, SOUTH CENTRAL, JEFFERSON","2022","ANNUAL","00","00","YEAR","","2024-07-02 12:00:00.000","51","11.3"
"CENSUS","CROPS","FIELD CROPS","CORN","ALL CLASSES","ALL PRODUCTION PRACTICES","SILAGE","AREA HARVESTED","OPERATIONS","CORN, SILAGE - OPERATIONS WITH AREA HARVESTED","TOTAL","NOT SPECIFIED","COUNTY","55","55","WI","WISCONSIN","80","SOUTH CENTRAL","105","105","ROCK","","","00000000","","","9000","UNITED STATES","WISCONSIN, SOUTH CENTRAL, ROCK","2022","ANNUAL","00","00","YEAR","","2024-07-02 12:00:00.000","61","11.3"
"CENSUS","CROPS","FIELD CROPS","CORN","ALL CLASSES","ALL PRODUCTION PRACTICES","SILAGE","AREA HARVESTED","OPERATIONS","CORN, SILAGE - OPERATIONS WITH AREA HARVESTED","TOTAL","NOT SPECIFIED","COUNTY","55","55","WI","WISCONSIN","90","SOUTHEAST","059","059","KENOSHA","","","00000000","","","9000","UNITED STATES","WISCONSIN, SOUTHEAST, KENOSHA","2022","ANNUAL","00","00","YEAR","","2024-07-02 12:00:00.000","19","11.3"
"CENSUS","CROPS","FIELD CROPS","CORN","ALL CLASSES","ALL PRODUCTION PRACTICES","SILAGE","AREA HARVESTED","OPERATIONS","CORN, SILAGE - OPERATIONS WITH AREA HARVESTED","TOTAL","NOT SPECIFIED","COUNTY","55","55","WI","WISCONSIN","90","SOUTHEAST","089","089","OZAUKEE","","","00000000","","","9000","UNITED STATES","WISCONSIN, SOUTHEAST, OZAUKEE","2022","ANNUAL","00","00","YEAR","","2024-07-02 12:00:00.000","39","11.3"
"CENSUS","CROPS","FIELD CROPS","CORN","ALL CLASSES","ALL PRODUCTION PRACTICES","SILAGE","AREA HARVESTED","OPERATIONS","CORN, SILAGE - OPERATIONS WITH AREA HARVESTED","TOTAL","NOT SPECIFIED","COUNTY","55","55","WI","WISCONSIN","90","SOUTHEAST","101","101","RACINE","","","00000000","","","9000","UNITED STATES","WISCONSIN, SOUTHEAST, RACINE","2022","ANNUAL","00","00","YEAR","","2024-07-02 12:00:00.000","21","11.3"
"CENSUS","CROPS","FIELD CROPS","CORN","ALL CLASSES","ALL PRODUCTION PRACTICES","SILAGE","AREA HARVESTED","OPERATIONS","CORN, SILAGE - OPERATIONS WITH AREA HARVESTED","TOTAL","NOT SPECIFIED","COUNTY","55","55","WI","WISCONSIN","90","SOUTHEAST","127","127","WALWORTH","","","00000000","","","9000","UNITED STATES","WISCONSIN, SOUTHEAST, WALWORTH","2022","ANNUAL","00","00","YEAR","","2024-07-02 12:00:00.000","50","11.3"
"CENSUS","CROPS","FIELD CROPS","CORN","ALL CLASSES","ALL PRODUCTION PRACTICES","SILAGE","AREA HARVESTED","OPERATIONS","CORN, SILAGE - OPERATIONS WITH AREA HARVESTED","TOTAL","NOT SPECIFIED","COUNTY","55","55","WI","WISCONSIN","90","SOUTHEAST","131","131","WASHINGTON","","","00000000","","","9000","UNITED STATES","WISCONSIN, SOUTHEAST, WASHINGTON","2022","ANNUAL","00","00","YEAR","","2024-07-02 12:00:00.000","49","11.3"
"CENSUS","CROPS","FIELD CROPS","CORN","ALL CLASSES","ALL PRODUCTION PRACTICES","SILAGE","AREA HARVESTED","OPERATIONS","CORN, SILAGE - OPERATIONS WITH AREA HARVESTED","TOTAL","NOT SPECIFIED","COUNTY","55","55","WI","WISCONSIN","90","SOUTHEAST","133","133","WAUKESHA","","","00000000","","","9000","UNITED STATES","WISCONSIN, SOUTHEAST, WAUKESHA","2022","ANNUAL","00","00","YEAR","","2024-07-02 12:00:00.000","14","11.3"
"CENSUS","CROPS","FIELD CROPS","CORN","ALL CLASSES","IRRIGATED","GRAIN","AREA HARVESTED","ACRES","CORN, GRAIN, IRRIGATED - ACRES HARVESTED","TOTAL","NOT SPECIFIED","COUNTY","55","55","WI","WISCONSIN","10","NORTHWEST","005","005","BARRON","","","00000000","","","9000","UNITED STATES","WISCONSIN, NORTHWEST, BARRON","2022","ANNUAL","00","00","YEAR","","2024-07-02 12:00:00.000","7,316","24.7"
"CENSUS","CROPS","FIELD CROPS","CORN","ALL CLASSES","IRRIGATED","GRAIN","AREA HARVESTED","ACRES","CORN, GRAIN, IRRIGATED - ACRES HARVESTED","TOTAL","NOT SPECIFIED","COUNTY","55","55","WI","WISCONSIN","10","NORTHWEST","013","013","BURNETT","","","00000000","","","9000","UNITED STATES","WISCONSIN, NORTHWEST, BURNETT","2022","ANNUAL","00","00","YEAR","","2024-07-02 12:00:00.000"," (D)","(D)"
"CENSUS","CROPS","FIELD CROPS","CORN","ALL CLASSES","IRRIGATED","GRAIN","AREA HARVESTED","ACRES","CORN, GRAIN, IRRIGATED - ACRES HARVESTED","TOTAL","NOT SPECIFIED","COUNTY","55","55","WI","WISCONSIN","10","NORTHWEST","017","017","CHIPPEWA","","","00000000","","","9000","UNITED STATES","WISCONSIN, NORTHWEST, CHIPPEWA","2022","ANNUAL","00","00","YEAR","","2024-07-02 12:00:00.000","2,823","24.7"
"CENSUS","CROPS","FIELD CROPS","CORN","ALL CLASSES","IRRIGATED","GRAIN","AREA HARVESTED","ACRES","CORN, GRAIN, IRRIGATED - ACRES HARVESTED","TOTAL","NOT SPECIFIED","COUNTY","55","55","WI","WISCONSIN","10","NORTHWEST","095","095","POLK","","","00000000","","","9000","UNITED STATES","WISCONSIN, NORTHWEST, POLK","2022","ANNUAL","00","00","YEAR","","2024-07-02 12:00:00.000","775","24.7"
"CENSUS","CROPS","FIELD CROPS","CORN","ALL CLASSES","IRRIGATED","GRAIN","AREA HARVESTED","ACRES","CORN, GRAIN, IRRIGATED - ACRES HARVESTED","TOTAL","NOT SPECIFIED","COUNTY","55","55","WI","WISCONSIN","10","NORTHWEST","113","113","SAWYER","","","00000000","","","9000","UNITED STATES","WISCONSIN, NORTHWEST, SAWYER","2022","ANNUAL","00","00","YEAR","","2024-07-02 12:00:00.000"," (D)","(D)"
"CENSUS","CROPS","FIELD CROPS","CORN","ALL CLASSES","IRRIGATED","GRAIN","AREA HARVESTED","ACRES","CORN, GRAIN, IRRIGATED - ACRES HARVESTED","TOTAL","NOT SPECIFIED","COUNTY","55","55","WI","WISCONSIN","10","NORTHWEST","129","129","WASHBURN","","","00000000","","","9000","UNITED STATES","WISCONSIN, NORTHWEST, WASHBURN","2022","ANNUAL","00","00","YEAR","","2024-07-02 12:00:00.000","384","24.7"
"CENSUS","CROPS","FIELD CROPS","CORN","ALL CLASSES","IRRIGATED","GRAIN","AREA HARVESTED","ACRES","CORN, GRAIN, IRRIGATED - ACRES HARVESTED","TOTAL","NOT SPECIFIED","COUNTY","55","55","WI","WISCONSIN","20","NORTH CENTRAL","019","019","CLARK","","","00000000","","","9000","UNITED STATES","WISCONSIN, NORTH CENTRAL, CLARK","2022","ANNUAL","00","00","YEAR","","2024-07-02 12:00:00.000"," (D)","(D)"
"CENSUS","CROPS","FIELD CROPS","CORN","ALL CLASSES","IRRIGATED","GRAIN","AREA HARVESTED","ACRES","CORN, GRAIN, IRRIGATED - ACRES HARVESTED","TOTAL","NOT SPECIFIED","COUNTY","55","55","WI","WISCONSIN","20","NORTH CENTRAL","073","073","MARATHON","","","00000000","","","9000","UNITED STATES","WISCONSIN, NORTH CENTRAL, MARATHON","2022","ANNUAL","00","00","YEAR","","2024-07-02 12:00:00.000","1,809","24.7"
"CENSUS","CROPS","FIELD CROPS","CORN","ALL CLASSES","IRRIGATED","GRAIN","AREA HARVESTED","ACRES","CORN, GRAIN, IRRIGATED - ACRES HARVESTED","TOTAL","NOT SPECIFIED","COUNTY","55","55","WI","WISCONSIN","20","NORTH CENTRAL","085","085","ONEIDA","","","00000000","","","9000","UNITED STATES","WISCONSIN, NORTH CENTRAL, ONEIDA","2022","ANNUAL","00","00","YEAR","","2024-07-02 12:00:00.000"," (D)","(D)"
"CENSUS","CROPS","FIELD CROPS","CORN","ALL CLASSES","IRRIGATED","GRAIN","AREA HARVESTED","ACRES","CORN, GRAIN, IRRIGATED - ACRES HARVESTED","TOTAL","NOT SPECIFIED","COUNTY","55","55","WI","WISCONSIN","30","NORTHEAST","067","067","LANGLADE","","","00000000","","","9000","UNITED STATES","WISCONSIN, NORTHEAST, LANGLADE","2022","ANNUAL","00","00","YEAR","","2024-07-02 12:00:00.000","725","(L)"
"CENSUS","CROPS","FIELD CROPS","CORN","ALL CLASSES","IRRIGATED","GRAIN","AREA HARVESTED","ACRES","CORN, GRAIN, IRRIGATED - ACRES HARVESTED","TOTAL","NOT SPECIFIED","COUNTY","55","55","WI","WISCONSIN","30","NORTHEAST","075","075","MARINETTE","","","00000000","","","9000","UNITED STATES","WISCONSIN, NORTHEAST, MARINETTE","2022","ANNUAL","00","00","YEAR","","2024-07-02 12:00:00.000","1,040","24.7"
"CENSUS","CROPS","FIELD CROPS","CORN","ALL CLASSES","IRRIGATED","GRAIN","AREA HARVESTED","ACRES","CORN, GRAIN, IRRIGATED - ACRES HARVESTED","TOTAL","NOT SPECIFIED","COUNTY","55","55","WI","WISCONSIN","30","NORTHEAST","083","083","OCONTO","","","00000000","","","9000","UNITED STATES","WISCONSIN, NORTHEAST, OCONTO","2022","ANNUAL","00","00","YEAR","","2024-07-02 12:00:00.000"," (D)","(D)"
"CENSUS","CROPS","FIELD CROPS","CORN","ALL CLASSES","IRRIGATED","GRAIN","AREA HARVESTED","ACRES","CORN, GRAIN, IRRIGATED - ACRES HARVESTED","TOTAL","NOT SPECIFIED","COUNTY","55","55","WI","WISCONSIN","30","NORTHEAST","115","115","SHAWANO","","","00000000","","","9000","UNITED STATES","WISCONSIN, NORTHEAST, SHAWANO","2022","ANNUAL","00","00","YEAR","","2024-07-02 12:00:00.000"," (D)","(D)"
"CENSUS","CROPS","FIELD CROPS","CORN","ALL CLASSES","IRRIGATED","GRAIN","AREA HARVESTED","ACRES","CORN, GRAIN, IRRIGATED - ACRES HARVESTED","TOTAL","NOT SPECIFIED","COUNTY","55","55","WI","WISCONSIN","40","WEST CENTRAL","011","011","BUFFALO","","","00000000","","","9000","UNITED STATES","WISCONSIN, WEST CENTRAL, BUFFALO","2022","ANNUAL","00","00","YEAR","","2024-07-02 12:00:00.000","2,612","24.7"
"CENSUS","CROPS","FIELD CROPS","CORN","ALL CLASSES","IRRIGATED","GRAIN","AREA HARVESTED","ACRES","CORN, GRAIN, IRRIGATED - ACRES HARVESTED","TOTAL","NOT SPECIFIED","COUNTY","55","55","WI","WISCONSIN","40","WEST CENTRAL","033","033","DUNN","","","00000000","","","9000","UNITED STATES","WISCONSIN, WEST CENTRAL, DUNN","2022","ANNUAL","00","00","YEAR","","2024-07-02 12:00:00.000","24,522","24.7"
"CENSUS","CROPS","FIELD CROPS","CORN","ALL CLASSES","IRRIGATED","GRAIN","AREA HARVESTED","ACRES","CORN, GRAIN, IRRIGATED - ACRES HARVESTED","TOTAL","NOT SPECIFIED","COUNTY","55","55","WI","WISCONSIN","40","WEST CENTRAL","035","035","EAU CLAIRE","","","00000000","","","9000","UNITED STATES","WISCONSIN, WEST CENTRAL, EAU CLAIRE","2022","ANNUAL","00","00","YEAR","","2024-07-02 12:00:00.000","1,648","24.7"
"CENSUS","CROPS","FIELD CROPS","CORN","ALL CLASSES","IRRIGATED","GRAIN","AREA HARVESTED","ACRES","CORN, GRAIN, IRRIGATED - ACRES HARVESTED","TOTAL","NOT SPECIFIED","COUNTY","55","55","WI","WISCONSIN","40","WEST CENTRAL","053","053","JACKSON","","","00000000","","","9000","UNITED STATES","WISCONSIN, WEST CENTRAL, JACKSON","2022","ANNUAL","00","00","YEAR","","2024-07-02 12:00:00.000","658","24.7"
"CENSUS","CROPS","FIELD CROPS","CORN","ALL CLASSES","IRRIGATED","GRAIN","AREA HARVESTED","ACRES","CORN, GRAIN, IRRIGATED - ACRES HARVESTED","TOTAL","NOT SPECIFIED","COUNTY","55","55","WI","WISCONSIN","40","WEST CENTRAL","063","063","LA CROSSE","","","00000000","","","9000","UNITED STATES","WISCONSIN, WEST CENTRAL, LA CROSSE","2022","ANNUAL","00","00","YEAR","","2024-07-02 12:00:00.000","990","24.7"
"CENSUS","CROPS","FIELD CROPS","CORN","ALL CLASSES","IRRIGATED","GRAIN","AREA HARVESTED","ACRES","CORN, GRAIN, IRRIGATED - ACRES HARVESTED","TOTAL","NOT SPECIFIED","COUNTY","55","55","WI","WISCONSIN","40","WEST CENTRAL","081","081","MONROE","","","00000000","","","9000","UNITED STATES","WISCONSIN, WEST CENTRAL, MONROE","2022","ANNUAL","00","00","YEAR","","2024-07-02 12:00:00.000"," (D)","(D)"
"CENSUS","CROPS","FIELD CROPS","CORN","ALL CLASSES","IRRIGATED","GRAIN","AREA HARVESTED","ACRES","CORN, GRAIN, IRRIGATED - ACRES HARVESTED","TOTAL","NOT SPECIFIED","COUNTY","55","55","WI","WISCONSIN","40","WEST CENTRAL","091","091","PEPIN","","","00000000","","","9000","UNITED STATES","WISCONSIN, WEST CENTRAL, PEPIN","2022","ANNUAL","00","00","YEAR","","2024-07-02 12:00:00.000","1,959","24.7"
"CENSUS","CROPS","FIELD CROPS","CORN","ALL CLASSES","IRRIGATED","GRAIN","AREA HARVESTED","ACRES","CORN, GRAIN, IRRIGATED - ACRES HARVESTED","TOTAL","NOT SPECIFIED","COUNTY","55","55","WI","WISCONSIN","40","WEST CENTRAL","093","093","PIERCE","","","00000000","","","9000","UNITED STATES","WISCONSIN, WEST CENTRAL, PIERCE","2022","ANNUAL","00","00","YEAR","","2024-07-02 12:00:00.000","368","24.7"
"CENSUS","CROPS","FIELD CROPS","CORN","ALL CLASSES","IRRIGATED","GRAIN","AREA HARVESTED","ACRES","CORN, GRAIN, IRRIGATED - ACRES HARVESTED","TOTAL","NOT SPECIFIED","COUNTY","55","55","WI","WISCONSIN","40","WEST CENTRAL","109","109","ST CROIX","","","00000000","","","9000","UNITED STATES","WISCONSIN, WEST CENTRAL, ST CROIX","2022","ANNUAL","00","00","YEAR","","2024-07-02 12:00:00.000","6,992","24.7"
"CENSUS","CROPS","FIELD CROPS","CORN","ALL CLASSES","IRRIGATED","GRAIN","AREA HARVESTED","ACRES","CORN, GRAIN, IRRIGATED - ACRES HARVESTED","TOTAL","NOT SPECIFIED","COUNTY","55","55","WI","WISCONSIN","40","WEST CENTRAL","121","121","TREMPEALEAU","","","00000000","","","9000","UNITED STATES","WISCONSIN, WEST CENTRAL, TREMPEALEAU","2022","ANNUAL","00","00","YEAR","","2024-07-02 12:00:00.000","4,425","24.7"
"CENSUS","CROPS","FIELD CROPS","CORN","ALL CLASSES","IRRIGATED","GRAIN","AREA HARVESTED","ACRES","CORN, GRAIN, IRRIGATED - ACRES HARVESTED","TOTAL","NOT SPECIFIED","COUNTY","55","55","WI","WISCONSIN","50","CENTRAL","001","001","ADAMS","","","00000000","","","9000","UNITED STATES","WISCONSIN, CENTRAL, ADAMS","2022","ANNUAL","00","00","YEAR","","2024-07-02 12:00:00.000","9,025","24.7"
"CENSUS","CROPS","FIELD CROPS","CORN","ALL CLASSES","IRRIGATED","GRAIN","AREA HARVESTED","ACRES","CORN, GRAIN, IRRIGATED - ACRES HARVESTED","TOTAL","NOT SPECIFIED","COUNTY","55","55","WI","WISCONSIN","50","CENTRAL","047","047","GREEN LAKE","","","00000000","","","9000","UNITED STATES","WISCONSIN, CENTRAL, GREEN LAKE","2022","ANNUAL","00","00","YEAR","","2024-07-02 12:00:00.000","1,454","24.7"
"CENSUS","CROPS","FIELD CROPS","CORN","ALL CLASSES","IRRIGATED","GRAIN","AREA HARVESTED","ACRES","CORN, GRAIN, IRRIGATED - ACRES HARVESTED","TOTAL","NOT SPECIFIED","COUNTY","55","55","WI","WISCONSIN","50","CENTRAL","057","057","JUNEAU","","","00000000","","","9000","UNITED STATES","WISCONSIN, CENTRAL, JUNEAU","2022","ANNUAL","00","00","YEAR","","2024-07-02 12:00:00.000","1,305","24.7"
"CENSUS","CROPS","FIELD CROPS","CORN","ALL CLASSES","IRRIGATED","GRAIN","AREA HARVESTED","ACRES","CORN, GRAIN, IRRIGATED - ACRES HARVESTED","TOTAL","NOT SPECIFIED","COUNTY","55","55","WI","WISCONSIN","50","CENTRAL","077","077","MARQUETTE","","","00000000","","","9000","UNITED STATES","WISCONSIN, CENTRAL, MARQUETTE","2022","ANNUAL","00","00","YEAR","","2024-07-02 12:00:00.000","4,336","24.7"
"CENSUS","CROPS","FIELD CROPS","CORN","ALL CLASSES","IRRIGATED","GRAIN","AREA HARVESTED","ACRES","CORN, GRAIN, IRRIGATED - ACRES HARVESTED","TOTAL","NOT SPECIFIED","COUNTY","55","55","WI","WISCONSIN","50","CENTRAL","097","097","PORTAGE","","","00000000","","","9000","UNITED STATES","WISCONSIN, CENTRAL, PORTAGE","2022","ANNUAL","00","00","YEAR","","2024-07-02 12:00:00.000","14,470","24.7"
"CENSUS","CROPS","FIELD CROPS","CORN","ALL CLASSES","IRRIGATED","GRAIN","AREA HARVESTED","ACRES","CORN, GRAIN, IRRIGATED - ACRES HARVESTED","TOTAL","NOT SPECIFIED","COUNTY","55","55","WI","WISCONSIN","50","CENTRAL","135","135","WAUPACA","","","00000000","","","9000","UNITED STATES","WISCONSIN, CENTRAL, WAUPACA","2022","ANNUAL","00","00","YEAR","","2024-07-02 12:00:00.000","6,594","24.7"
"CENSUS","CROPS","FIELD CROPS","CORN","ALL CLASSES","IRRIGATED","GRAIN","AREA HARVESTED","ACRES","CORN, GRAIN, IRRIGATED - ACRES HARVESTED","TOTAL","NOT SPECIFIED","COUNTY","55","55","WI","WISCONSIN","50","CENTRAL","137","137","WAUSHARA","","","00000000","","","9000","UNITED STATES","WISCONSIN, CENTRAL, WAUSHARA","2022","ANNUAL","00","00","YEAR","","2024-07-02 12:00:00.000","12,047","24.7"
"CENSUS","CROPS","FIELD CROPS","CORN","ALL CLASSES","IRRIGATED","GRAIN","AREA HARVESTED","ACRES","CORN, GRAIN, IRRIGATED - ACRES HARVESTED","TOTAL","NOT SPECIFIED","COUNTY","55","55","WI","WISCONSIN","50","CENTRAL","141","141","WOOD","","","00000000","","","9000","UNITED STATES","WISCONSIN, CENTRAL, WOOD","2022","ANNUAL","00","00","YEAR","","2024-07-02 12:00:00.000","160","24.7"
"CENSUS","CROPS","FIELD CROPS","CORN","ALL CLASSES","IRRIGATED","GRAIN","AREA HARVESTED","ACRES","CORN, GRAIN, IRRIGATED - ACRES HARVESTED","TOTAL","NOT SPECIFIED","COUNTY","55","55","WI","WISCONSIN","60","EAST CENTRAL","009","009","BROWN","","","00000000","","","9000","UNITED STATES","WISCONSIN, EAST CENTRAL, BROWN","2022","ANNUAL","00","00","YEAR","","2024-07-02 12:00:00.000"," (D)","(D)"
"CENSUS","CROPS","FIELD CROPS","CORN","ALL CLASSES","IRRIGATED","GRAIN","AREA HARVESTED","ACRES","CORN, GRAIN, IRRIGATED - ACRES HARVESTED","TOTAL","NOT SPECIFIED","COUNTY","55","55","WI","WISCONSIN","60","EAST CENTRAL","015","015","CALUMET","","","00000000","","","9000","UNITED STATES","WISCONSIN, EAST CENTRAL, CALUMET","2022","ANNUAL","00","00","YEAR","","2024-07-02 12:00:00.000"," (D)","(D)"
"CENSUS","CROPS","FIELD CROPS","CORN","ALL CLASSES","IRRIGATED","GRAIN","AREA HARVESTED","ACRES","CORN, GRAIN, IRRIGATED - ACRES HARVESTED","TOTAL","NOT SPECIFIED","COUNTY","55","55","WI","WISCONSIN","60","EAST CENTRAL","039","039","FOND DU LAC","","","00000000","","","9000","UNITED STATES","WISCONSIN, EAST CENTRAL, FOND DU LAC","2022","ANNUAL","00","00","YEAR","","2024-07-02 12:00:00.000"," (D)","(D)"
"CENSUS","CROPS","FIELD CROPS","CORN","ALL CLASSES","IRRIGATED","GRAIN","AREA HARVESTED","ACRES","CORN, GRAIN, IRRIGATED - ACRES HARVESTED","TOTAL","NOT SPECIFIED","COUNTY","55","55","WI","WISCONSIN","60","EAST CENTRAL","071","071","MANITOWOC","","","00000000","","","9000","UNITED STATES","WISCONSIN, EAST CENTRAL, MANITOWOC","2022","ANNUAL","00","00","YEAR","","2024-07-02 12:00:00.000"," (D)","(D)"
"CENSUS","CROPS","FIELD CROPS","CORN","ALL CLASSES","IRRIGATED","GRAIN","AREA HARVESTED","ACRES","CORN, GRAIN, IRRIGATED - ACRES HARVESTED","TOTAL","NOT SPECIFIED","COUNTY","55","55","WI","WISCONSIN","60","EAST CENTRAL","087","087","OUTAGAMIE","","","00000000","","","9000","UNITED STATES","WISCONSIN, EAST CENTRAL, OUTAGAMIE","2022","ANNUAL","00","00","YEAR","","2024-07-02 12:00:00.000"," (D)","(D)"
"CENSUS","CROPS","FIELD CROPS","CORN","ALL CLASSES","IRRIGATED","GRAIN","AREA HARVESTED","ACRES","CORN, GRAIN, IRRIGATED - ACRES HARVESTED","TOTAL","NOT SPECIFIED","COUNTY","55","55","WI","WISCONSIN","60","EAST CENTRAL","117","117","SHEBOYGAN","","","00000000","","","9000","UNITED STATES","WISCONSIN, EAST CENTRAL, SHEBOYGAN","2022","ANNUAL","00","00","YEAR","","2024-07-02 12:00:00.000"," (D)","(D)"
"CENSUS","CROPS","FIELD CROPS","CORN","ALL CLASSES","IRRIGATED","GRAIN","AREA HARVESTED","ACRES","CORN, GRAIN, IRRIGATED - ACRES HARVESTED","TOTAL","NOT SPECIFIED","COUNTY","55","55","WI","WISCONSIN","60","EAST CENTRAL","139","139","WINNEBAGO","","","00000000","","","9000","UNITED STATES","WISCONSIN, EAST CENTRAL, WINNEBAGO","2022","ANNUAL","00","00","YEAR","","2024-07-02 12:00:00.000","91","24.7"
"CENSUS","CROPS","FIELD CROPS","CORN","ALL CLASSES","IRRIGATED","GRAIN","AREA HARVESTED","ACRES","CORN, GRAIN, IRRIGATED - ACRES HARVESTED","TOTAL","NOT SPECIFIED","COUNTY","55","55","WI","WISCONSIN","70","SOUTHWEST","043","043","GRANT","","","00000000","","","9000","UNITED STATES","WISCONSIN, SOUTHWEST, GRANT","2022","ANNUAL","00","00","YEAR","","2024-07-02 12:00:00.000","51","24.7"
"CENSUS","CROPS","FIELD CROPS","CORN","ALL CLASSES","IRRIGATED","GRAIN","AREA HARVESTED","ACRES","CORN, GRAIN, IRRIGATED - ACRES HARVESTED","TOTAL","NOT SPECIFIED","COUNTY","55","55","WI","WISCONSIN","70","SOUTHWEST","049","049","IOWA","","","00000000","","","9000","UNITED STATES","WISCONSIN, SOUTHWEST, IOWA","2022","ANNUAL","00","00","YEAR","","2024-07-02 12:00:00.000","5,013","24.7"
"CENSUS","CROPS","FIELD CROPS","CORN","ALL CLASSES","IRRIGATED","GRAIN","AREA HARVESTED","ACRES","CORN, GRAIN, IRRIGATED - ACRES HARVESTED","TOTAL","NOT SPECIFIED","COUNTY","55","55","WI","WISCONSIN","70","SOUTHWEST","065","065","LAFAYETTE","","","00000000","","","9000","UNITED STATES","WISCONSIN, SOUTHWEST, LAFAYETTE","2022","ANNUAL","00","00","YEAR","","2024-07-02 12:00:00.000"," (D)","(D)"
"CENSUS","CROPS","FIELD CROPS","CORN","ALL CLASSES","IRRIGATED","GRAIN","AREA HARVESTED","ACRES","CORN, GRAIN, IRRIGATED - ACRES HARVESTED","TOTAL","NOT SPECIFIED","COUNTY","55","55","WI","WISCONSIN","70","SOUTHWEST","111","111","SAUK","","","00000000","","","9000","UNITED STATES","WISCONSIN, SOUTHWEST, SAUK","2022","ANNUAL","00","00","YEAR","","2024-07-02 12:00:00.000","6,545","24.7"
"CENSUS","CROPS","FIELD CROPS","CORN","ALL CLASSES","IRRIGATED","GRAIN","AREA HARVESTED","ACRES","CORN, GRAIN, IRRIGATED - ACRES HARVESTED","TOTAL","NOT SPECIFIED","COUNTY","55","55","WI","WISCONSIN","70","SOUTHWEST","123","123","VERNON","","","00000000","","","9000","UNITED STATES","WISCONSIN, SOUTHWEST, VERNON","2022","ANNUAL","00","00","YEAR","","2024-07-02 12:00:00.000"," (D)","(D)"
"CENSUS","CROPS","FIELD CROPS","CORN","ALL CLASSES","IRRIGATED","GRAIN","AREA HARVESTED","ACRES","CORN, GRAIN, IRRIGATED - ACRES HARVESTED","TOTAL","NOT SPECIFIED","COUNTY","55","55","WI","WISCONSIN","80","SOUTH CENTRAL","021","021","COLUMBIA","","","00000000","","","9000","UNITED STATES","WISCONSIN, SOUTH CENTRAL, COLUMBIA","2022","ANNUAL","00","00","YEAR","","2024-07-02 12:00:00.000","3,497","24.7"
"CENSUS","CROPS","FIELD CROPS","CORN","ALL CLASSES","IRRIGATED","GRAIN","AREA HARVESTED","ACRES","CORN, GRAIN, IRRIGATED - ACRES HARVESTED","TOTAL","NOT SPECIFIED","COUNTY","55","55","WI","WISCONSIN","80","SOUTH CENTRAL","025","025","DANE","","","00000000","","","9000","UNITED STATES","WISCONSIN, SOUTH CENTRAL, DANE","2022","ANNUAL","00","00","YEAR","","2024-07-02 12:00:00.000","2,709","24.7"
"CENSUS","CROPS","FIELD CROPS","CORN","ALL CLASSES","IRRIGATED","GRAIN","AREA HARVESTED","ACRES","CORN, GRAIN, IRRIGATED - ACRES HARVESTED","TOTAL","NOT SPECIFIED","COUNTY","55","55","WI","WISCONSIN","80","SOUTH CENTRAL","027","027","DODGE","","","00000000","","","9000","UNITED STATES","WISCONSIN, SOUTH CENTRAL, DODGE","2022","ANNUAL","00","00","YEAR","","2024-07-02 12:00:00.000"," (D)","(D)"
"CENSUS","CROPS","FIELD CROPS","CORN","ALL CLASSES","IRRIGATED","GRAIN","AREA HARVESTED","ACRES","CORN, GRAIN, IRRIGATED - ACRES HARVESTED","TOTAL","NOT SPECIFIED","COUNTY","55","55","WI","WISCONSIN","80","SOUTH CENTRAL","045","045","GREEN","","","00000000","","","9000","UNITED STATES","WISCONSIN, SOUTH CENTRAL, GREEN","2022","ANNUAL","00","00","YEAR","","2024-07-02 12:00:00.000","906","24.7"
"CENSUS","CROPS","FIELD CROPS","CORN","ALL CLASSES","IRRIGATED","GRAIN","AREA HARVESTED","ACRES","CORN, GRAIN, IRRIGATED - ACRES HARVESTED","TOTAL","NOT SPECIFIED","COUNTY","55","55","WI","WISCONSIN","80","SOUTH CENTRAL","055","055","JEFFERSON","","","00000000","","","9000","UNITED STATES","WISCONSIN, SOUTH CENTRAL, JEFFERSON","2022","ANNUAL","00","00","YEAR","","2024-07-02 12:00:00.000","3,829","24.7"
"CENSUS","CROPS","FIELD CROPS","CORN","ALL CLASSES","IRRIGATED","GRAIN","AREA HARVESTED","ACRES","CORN, GRAIN, IRRIGATED - ACRES HARVESTED","TOTAL","NOT SPECIFIED","COUNTY","55","55","WI","WISCONSIN","80","SOUTH CENTRAL","105","105","ROCK","","","00000000","","","9000","UNITED STATES","WISCONSIN, SOUTH CENTRAL, ROCK","2022","ANNUAL","00","00","YEAR","","2024-07-02 12:00:00.000","7,840","24.7"
"CENSUS","CROPS","FIELD CROPS","CORN","ALL CLASSES","IRRIGATED","GRAIN","AREA HARVESTED","ACRES","CORN, GRAIN, IRRIGATED - ACRES HARVESTED","TOTAL","NOT SPECIFIED","COUNTY","55","55","WI","WISCONSIN","90","SOUTHEAST","059","059","KENOSHA","","","00000000","","","9000","UNITED STATES","WISCONSIN, SOUTHEAST, KENOSHA","2022","ANNUAL","00","00","YEAR","","2024-07-02 12:00:00.000"," (D)","(D)"
"CENSUS","CROPS","FIELD CROPS","CORN","ALL CLASSES","IRRIGATED","GRAIN","AREA HARVESTED","ACRES","CORN, GRAIN, IRRIGATED - ACRES HARVESTED","TOTAL","NOT SPECIFIED","COUNTY","55","55","WI","WISCONSIN","90","SOUTHEAST","127","127","WALWORTH","","","00000000","","","9000","UNITED STATES","WISCONSIN, SOUTHEAST, WALWORTH","2022","ANNUAL","00","00","YEAR","","2024-07-02 12:00:00.000","1,118","24.7"
"CENSUS","CROPS","FIELD CROPS","CORN","ALL CLASSES","IRRIGATED","GRAIN","AREA HARVESTED","ACRES","CORN, GRAIN, IRRIGATED - ACRES HARVESTED","TOTAL","NOT SPECIFIED","COUNTY","55","55","WI","WISCONSIN","90","SOUTHEAST","133","133","WAUKESHA","","","00000000","","","9000","UNITED STATES","WISCONSIN, SOUTHEAST, WAUKESHA","2022","ANNUAL","00","00","YEAR","","2024-07-02 12:00:00.000"," (D)","(D)"
"CENSUS","CROPS","FIELD CROPS","CORN","ALL CLASSES","IRRIGATED","GRAIN","AREA HARVESTED","OPERATIONS","CORN, GRAIN, IRRIGATED - OPERATIONS WITH AREA HARVESTED","TOTAL","NOT SPECIFIED","COUNTY","55","55","WI","WISCONSIN","10","NORTHWEST","005","005","BARRON","","","00000000","","","9000","UNITED STATES","WISCONSIN, NORTHWEST, BARRON","2022","ANNUAL","00","00","YEAR","","2024-07-02 12:00:00.000","28","30.7"
"CENSUS","CROPS","FIELD CROPS","CORN","ALL CLASSES","IRRIGATED","GRAIN","AREA HARVESTED","OPERATIONS","CORN, GRAIN, IRRIGATED - OPERATIONS WITH AREA HARVESTED","TOTAL","NOT SPECIFIED","COUNTY","55","55","WI","WISCONSIN","10","NORTHWEST","013","013","BURNETT","","","00000000","","","9000","UNITED STATES","WISCONSIN, NORTHWEST, BURNETT","2022","ANNUAL","00","00","YEAR","","2024-07-02 12:00:00.000","1","(L)"
"CENSUS","CROPS","FIELD CROPS","CORN","ALL CLASSES","IRRIGATED","GRAIN","AREA HARVESTED","OPERATIONS","CORN, GRAIN, IRRIGATED - OPERATIONS WITH AREA HARVESTED","TOTAL","NOT SPECIFIED","COUNTY","55","55","WI","WISCONSIN","10","NORTHWEST","017","017","CHIPPEWA","","","00000000","","","9000","UNITED STATES","WISCONSIN, NORTHWEST, CHIPPEWA","2022","ANNUAL","00","00","YEAR","","2024-07-02 12:00:00.000","15","30.7"
"CENSUS","CROPS","FIELD CROPS","CORN","ALL CLASSES","IRRIGATED","GRAIN","AREA HARVESTED","OPERATIONS","CORN, GRAIN, IRRIGATED - OPERATIONS WITH AREA HARVESTED","TOTAL","NOT SPECIFIED","COUNTY","55","55","WI","WISCONSIN","10","NORTHWEST","095","095","POLK","","","00000000","","","9000","UNITED STATES","WISCONSIN, NORTHWEST, POLK","2022","ANNUAL","00","00","YEAR","","2024-07-02 12:00:00.000","5","30.7"
"CENSUS","CROPS","FIELD CROPS","CORN","ALL CLASSES","IRRIGATED","GRAIN","AREA HARVESTED","OPERATIONS","CORN, GRAIN, IRRIGATED - OPERATIONS WITH AREA HARVESTED","TOTAL","NOT SPECIFIED","COUNTY","55","55","WI","WISCONSIN","10","NORTHWEST","113","113","SAWYER","","","00000000","","","9000","UNITED STATES","WISCONSIN, NORTHWEST, SAWYER","2022","ANNUAL","00","00","YEAR","","2024-07-02 12:00:00.000","1","(L)"
"CENSUS","CROPS","FIELD CROPS","CORN","ALL CLASSES","IRRIGATED","GRAIN","AREA HARVESTED","OPERATIONS","CORN, GRAIN, IRRIGATED - OPERATIONS WITH AREA HARVESTED","TOTAL","NOT SPECIFIED","COUNTY","55","55","WI","WISCONSIN","10","NORTHWEST","129","129","WASHBURN","","","00000000","","","9000","UNITED STATES","WISCONSIN, NORTHWEST, WASHBURN","2022","ANNUAL","00","00","YEAR","","2024-07-02 12:00:00.000","4","30.7"
"CENSUS","CROPS","FIELD CROPS","CORN","ALL CLASSES","IRRIGATED","GRAIN","AREA HARVESTED","OPERATIONS","CORN, GRAIN, IRRIGATED - OPERATIONS WITH AREA HARVESTED","TOTAL","NOT SPECIFIED","COUNTY","55","55","WI","WISCONSIN","20","NORTH CENTRAL","019","019","CLARK","","","00000000","","","9000","UNITED STATES","WISCONSIN, NORTH CENTRAL, CLARK","2022","ANNUAL","00","00","YEAR","","2024-07-02 12:00:00.000","1","30.7"
"CENSUS","CROPS","FIELD CROPS","CORN","ALL CLASSES","IRRIGATED","GRAIN","AREA HARVESTED","OPERATIONS","CORN, GRAIN, IRRIGATED - OPERATIONS WITH AREA HARVESTED","TOTAL","NOT SPECIFIED","COUNTY","55","55","WI","WISCONSIN","20","NORTH CENTRAL","073","073","MARATHON","","","00000000","","","9000","UNITED STATES","WISCONSIN, NORTH CENTRAL, MARATHON","2022","ANNUAL","00","00","YEAR","","2024-07-02 12:00:00.000","13","30.7"
"CENSUS","CROPS","FIELD CROPS","CORN","ALL CLASSES","IRRIGATED","GRAIN","AREA HARVESTED","OPERATIONS","CORN, GRAIN, IRRIGATED - OPERATIONS WITH AREA HARVESTED","TOTAL","NOT SPECIFIED","COUNTY","55","55","WI","WISCONSIN","20","NORTH CENTRAL","085","085","ONEIDA","","","00000000","","","9000","UNITED STATES","WISCONSIN, NORTH CENTRAL, ONEIDA","2022","ANNUAL","00","00","YEAR","","2024-07-02 12:00:00.000","1","(L)"
"CENSUS","CROPS","FIELD CROPS","CORN","ALL CLASSES","IRRIGATED","GRAIN","AREA HARVESTED","OPERATIONS","CORN, GRAIN, IRRIGATED - OPERATIONS WITH AREA HARVESTED","TOTAL","NOT SPECIFIED","COUNTY","55","55","WI","WISCONSIN","30","NORTHEAST","067","067","LANGLADE","","","00000000","","","9000","UNITED STATES","WISCONSIN, NORTHEAST, LANGLADE","2022","ANNUAL","00","00","YEAR","","2024-07-02 12:00:00.000","5","(L)"
"CENSUS","CROPS","FIELD CROPS","CORN","ALL CLASSES","IRRIGATED","GRAIN","AREA HARVESTED","OPERATIONS","CORN, GRAIN, IRRIGATED - OPERATIONS WITH AREA HARVESTED","TOTAL","NOT SPECIFIED","COUNTY","55","55","WI","WISCONSIN","30","NORTHEAST","075","075","MARINETTE","","","00000000","","","9000","UNITED STATES","WISCONSIN, NORTHEAST, MARINETTE","2022","ANNUAL","00","00","YEAR","","2024-07-02 12:00:00.000","7","30.7"
"CENSUS","CROPS","FIELD CROPS","CORN","ALL CLASSES","IRRIGATED","GRAIN","AREA HARVESTED","OPERATIONS","CORN, GRAIN, IRRIGATED - OPERATIONS WITH AREA HARVESTED","TOTAL","NOT SPECIFIED","COUNTY","55","55","WI","WISCONSIN","30","NORTHEAST","083","083","OCONTO","","","00000000","","","9000","UNITED STATES","WISCONSIN, NORTHEAST, OCONTO","2022","ANNUAL","00","00","YEAR","","2024-07-02 12:00:00.000","2","30.7"
"CENSUS","CROPS","FIELD CROPS","CORN","ALL CLASSES","IRRIGATED","GRAIN","AREA HARVESTED","OPERATIONS","CORN, GRAIN, IRRIGATED - OPERATIONS WITH AREA HARVESTED","TOTAL","NOT SPECIFIED","COUNTY","55","55","WI","WISCONSIN","30","NORTHEAST","115","115","SHAWANO","","","00000000","","","9000","UNITED STATES","WISCONSIN, NORTHEAST, SHAWANO","2022","ANNUAL","00","00","YEAR","","2024-07-02 12:00:00.000","1","(L)"
"CENSUS","CROPS","FIELD CROPS","CORN","ALL CLASSES","IRRIGATED","GRAIN","AREA HARVESTED","OPERATIONS","CORN, GRAIN, IRRIGATED - OPERATIONS WITH AREA HARVESTED","TOTAL","NOT SPECIFIED","COUNTY","55","55","WI","WISCONSIN","40","WEST CENTRAL","011","011","BUFFALO","","","00000000","","","9000","UNITED STATES","WISCONSIN, WEST CENTRAL, BUFFALO","2022","ANNUAL","00","00","YEAR","","2024-07-02 12:00:00.000","13","30.7"
"CENSUS","CROPS","FIELD CROPS","CORN","ALL CLASSES","IRRIGATED","GRAIN","AREA HARVESTED","OPERATIONS","CORN, GRAIN, IRRIGATED - OPERATIONS WITH AREA HARVESTED","TOTAL","NOT SPECIFIED","COUNTY","55","55","WI","WISCONSIN","40","WEST CENTRAL","033","033","DUNN","","","00000000","","","9000","UNITED STATES","WISCONSIN, WEST CENTRAL, DUNN","2022","ANNUAL","00","00","YEAR","","2024-07-02 12:00:00.000","60","30.7"
"CENSUS","CROPS","FIELD CROPS","CORN","ALL CLASSES","IRRIGATED","GRAIN","AREA HARVESTED","OPERATIONS","CORN, GRAIN, IRRIGATED - OPERATIONS WITH AREA HARVESTED","TOTAL","NOT SPECIFIED","COUNTY","55","55","WI","WISCONSIN","40","WEST CENTRAL","035","035","EAU CLAIRE","","","00000000","","","9000","UNITED STATES","WISCONSIN, WEST CENTRAL, EAU CLAIRE","2022","ANNUAL","00","00","YEAR","","2024-07-02 12:00:00.000","7","30.7"
"CENSUS","CROPS","FIELD CROPS","CORN","ALL CLASSES","IRRIGATED","GRAIN","AREA HARVESTED","OPERATIONS","CORN, GRAIN, IRRIGATED - OPERATIONS WITH AREA HARVESTED","TOTAL","NOT SPECIFIED","COUNTY","55","55","WI","WISCONSIN","40","WEST CENTRAL","053","053","JACKSON","","","00000000","","","9000","UNITED STATES","WISCONSIN, WEST CENTRAL, JACKSON","2022","ANNUAL","00","00","YEAR","","2024-07-02 12:00:00.000","5","30.7"
"CENSUS","CROPS","FIELD CROPS","CORN","ALL CLASSES","IRRIGATED","GRAIN","AREA HARVESTED","OPERATIONS","CORN, GRAIN, IRRIGATED - OPERATIONS WITH AREA HARVESTED","TOTAL","NOT SPECIFIED","COUNTY","55","55","WI","WISCONSIN","40","WEST CENTRAL","063","063","LA CROSSE","","","00000000","","","9000","UNITED STATES","WISCONSIN, WEST CENTRAL, LA CROSSE","2022","ANNUAL","00","00","YEAR","","2024-07-02 12:00:00.000","10","30.7"
"CENSUS","CROPS","FIELD CROPS","CORN","ALL CLASSES","IRRIGATED","GRAIN","AREA HARVESTED","OPERATIONS","CORN, GRAIN, IRRIGATED - OPERATIONS WITH AREA HARVESTED","TOTAL","NOT SPECIFIED","COUNTY","55","55","WI","WISCONSIN","40","WEST CENTRAL","081","081","MONROE","","","00000000","","","9000","UNITED STATES","WISCONSIN, WEST CENTRAL, MONROE","2022","ANNUAL","00","00","YEAR","","2024-07-02 12:00:00.000","5","30.7"
"CENSUS","CROPS","FIELD CROPS","CORN","ALL CLASSES","IRRIGATED","GRAIN","AREA HARVESTED","OPERATIONS","CORN, GRAIN, IRRIGATED - OPERATIONS WITH AREA HARVESTED","TOTAL","NOT SPECIFIED","COUNTY","55","55","WI","WISCONSIN","40","WEST CENTRAL","091","091","PEPIN","","","00000000","","","9000","UNITED STATES","WISCONSIN, WEST CENTRAL, PEPIN","2022","ANNUAL","00","00","YEAR","","2024-07-02 12:00:00.000","10","30.7"
"CENSUS","CROPS","FIELD CROPS","CORN","ALL CLASSES","IRRIGATED","GRAIN","AREA HARVESTED","OPERATIONS","CORN, GRAIN, IRRIGATED - OPERATIONS WITH AREA HARVESTED","TOTAL","NOT SPECIFIED","COUNTY","55","55","WI","WISCONSIN","40","WEST CENTRAL","093","093","PIERCE","","","00000000","","","9000","UNITED STATES","WISCONSIN, WEST CENTRAL, PIERCE","2022","ANNUAL","00","00","YEAR","","2024-07-02 12:00:00.000","6","30.7"
"CENSUS","CROPS","FIELD CROPS","CORN","ALL CLASSES","IRRIGATED","GRAIN","AREA HARVESTED","OPERATIONS","CORN, GRAIN, IRRIGATED - OPERATIONS WITH AREA HARVESTED","TOTAL","NOT SPECIFIED","COUNTY","55","55","WI","WISCONSIN","40","WEST CENTRAL","109","109","ST CROIX","","","00000000","","","9000","UNITED STATES","WISCONSIN, WEST CENTRAL, ST CROIX","2022","ANNUAL","00","00","YEAR","","2024-07-02 12:00:00.000","23","30.7"
"CENSUS","CROPS","FIELD CROPS","CORN","ALL CLASSES","IRRIGATED","GRAIN","AREA HARVESTED","OPERATIONS","CORN, GRAIN, IRRIGATED - OPERATIONS WITH AREA HARVESTED","TOTAL","NOT SPECIFIED","COUNTY","55","55","WI","WISCONSIN","40","WEST CENTRAL","121","121","TREMPEALEAU","","","00000000","","","9000","UNITED STATES","WISCONSIN, WEST CENTRAL, TREMPEALEAU","2022","ANNUAL","00","00","YEAR","","2024-07-02 12:00:00.000","29","30.7"
"CENSUS","CROPS","FIELD CROPS","CORN","ALL CLASSES","IRRIGATED","GRAIN","AREA HARVESTED","OPERATIONS","CORN, GRAIN, IRRIGATED - OPERATIONS WITH AREA HARVESTED","TOTAL","NOT SPECIFIED","COUNTY","55","55","WI","WISCONSIN","50","CENTRAL","001","001","ADAMS","","","00000000","","","9000","UNITED STATES","WISCONSIN, CENTRAL, ADAMS","2022","ANNUAL","00","00","YEAR","","2024-07-02 12:00:00.000","37","30.7"
"CENSUS","CROPS","FIELD CROPS","CORN","ALL CLASSES","IRRIGATED","GRAIN","AREA HARVESTED","OPERATIONS","CORN, GRAIN, IRRIGATED - OPERATIONS WITH AREA HARVESTED","TOTAL","NOT SPECIFIED","COUNTY","55","55","WI","WISCONSIN","50","CENTRAL","047","047","GREEN LAKE","","","00000000","","","9000","UNITED STATES","WISCONSIN, CENTRAL, GREEN LAKE","2022","ANNUAL","00","00","YEAR","","2024-07-02 12:00:00.000","11","30.7"
"CENSUS","CROPS","FIELD CROPS","CORN","ALL CLASSES","IRRIGATED","GRAIN","AREA HARVESTED","OPERATIONS","CORN, GRAIN, IRRIGATED - OPERATIONS WITH AREA HARVESTED","TOTAL","NOT SPECIFIED","COUNTY","55","55","WI","WISCONSIN","50","CENTRAL","057","057","JUNEAU","","","00000000","","","9000","UNITED STATES","WISCONSIN, CENTRAL, JUNEAU","2022","ANNUAL","00","00","YEAR","","2024-07-02 12:00:00.000","7","30.7"
"CENSUS","CROPS","FIELD CROPS","CORN","ALL CLASSES","IRRIGATED","GRAIN","AREA HARVESTED","OPERATIONS","CORN, GRAIN, IRRIGATED - OPERATIONS WITH AREA HARVESTED","TOTAL","NOT SPECIFIED","COUNTY","55","55","WI","WISCONSIN","50","CENTRAL","077","077","MARQUETTE","","","00000000","","","9000","UNITED STATES","WISCONSIN, CENTRAL, MARQUETTE","2022","ANNUAL","00","00","YEAR","","2024-07-02 12:00:00.000","25","30.7"
"CENSUS","CROPS","FIELD CROPS","CORN","ALL CLASSES","IRRIGATED","GRAIN","AREA HARVESTED","OPERATIONS","CORN, GRAIN, IRRIGATED - OPERATIONS WITH AREA HARVESTED","TOTAL","NOT SPECIFIED","COUNTY","55","55","WI","WISCONSIN","50","CENTRAL","097","097","PORTAGE","","","00000000","","","9000","UNITED STATES","WISCONSIN, CENTRAL, PORTAGE","2022","ANNUAL","00","00","YEAR","","2024-07-02 12:00:00.000","69","30.7"
"CENSUS","CROPS","FIELD CROPS","CORN","ALL CLASSES","IRRIGATED","GRAIN","AREA HARVESTED","OPERATIONS","CORN, GRAIN, IRRIGATED - OPERATIONS WITH AREA HARVESTED","TOTAL","NOT SPECIFIED","COUNTY","55","55","WI","WISCONSIN","50","CENTRAL","135","135","WAUPACA","","","00000000","","","9000","UNITED STATES","WISCONSIN, CENTRAL, WAUPACA","2022","ANNUAL","00","00","YEAR","","2024-07-02 12:00:00.000","28","30.7"
"CENSUS","CROPS","FIELD CROPS","CORN","ALL CLASSES","IRRIGATED","GRAIN","AREA HARVESTED","OPERATIONS","CORN, GRAIN, IRRIGATED - OPERATIONS WITH AREA HARVESTED","TOTAL","NOT SPECIFIED","COUNTY","55","55","WI","WISCONSIN","50","CENTRAL","137","137","WAUSHARA","","","00000000","","","9000","UNITED STATES","WISCONSIN, CENTRAL, WAUSHARA","2022","ANNUAL","00","00","YEAR","","2024-07-02 12:00:00.000","30","30.7"
"CENSUS","CROPS","FIELD CROPS","CORN","ALL CLASSES","IRRIGATED","GRAIN","AREA HARVESTED","OPERATIONS","CORN, GRAIN, IRRIGATED - OPERATIONS WITH AREA HARVESTED","TOTAL","NOT SPECIFIED","COUNTY","55","55","WI","WISCONSIN","50","CENTRAL","141","141","WOOD","","","00000000","","","9000","UNITED STATES","WISCONSIN, CENTRAL, WOOD","2022","ANNUAL","00","00","YEAR","","2024-07-02 12:00:00.000","5","30.7"
"CENSUS","CROPS","FIELD CROPS","CORN","ALL CLASSES","IRRIGATED","GRAIN","AREA HARVESTED","OPERATIONS","CORN, GRAIN, IRRIGATED - OPERATIONS WITH AREA HARVESTED","TOTAL","NOT SPECIFIED","COUNTY","55","55","WI","WISCONSIN","60","EAST CENTRAL","009","009","BROWN","","","00000000","","","9000","UNITED STATES","WISCONSIN, EAST CENTRAL, BROWN","2022","ANNUAL","00","00","YEAR","","2024-07-02 12:00:00.000","1","30.7"
"CENSUS","CROPS","FIELD CROPS","CORN","ALL CLASSES","IRRIGATED","GRAIN","AREA HARVESTED","OPERATIONS","CORN, GRAIN, IRRIGATED - OPERATIONS WITH AREA HARVESTED","TOTAL","NOT SPECIFIED","COUNTY","55","55","WI","WISCONSIN","60","EAST CENTRAL","015","015","CALUMET","","","00000000","","","9000","UNITED STATES","WISCONSIN, EAST CENTRAL, CALUMET","2022","ANNUAL","00","00","YEAR","","2024-07-02 12:00:00.000","2","30.7"
"CENSUS","CROPS","FIELD CROPS","CORN","ALL CLASSES","IRRIGATED","GRAIN","AREA HARVESTED","OPERATIONS","CORN, GRAIN, IRRIGATED - OPERATIONS WITH AREA HARVESTED","TOTAL","NOT SPECIFIED","COUNTY","55","55","WI","WISCONSIN","60","EAST CENTRAL","039","039","FOND DU LAC","","","00000000","","","9000","UNITED STATES","WISCONSIN, EAST CENTRAL, FOND DU LAC","2022","ANNUAL","00","00","YEAR","","2024-07-02 12:00:00.000","1","(L)"
"CENSUS","CROPS","FIELD CROPS","CORN","ALL CLASSES","IRRIGATED","GRAIN","AREA HARVESTED","OPERATIONS","CORN, GRAIN, IRRIGATED - OPERATIONS WITH AREA HARVESTED","TOTAL","NOT SPECIFIED","COUNTY","55","55","WI","WISCONSIN","60","EAST CENTRAL","071","071","MANITOWOC","","","00000000","","","9000","UNITED STATES","WISCONSIN, EAST CENTRAL, MANITOWOC","2022","ANNUAL","00","00","YEAR","","2024-07-02 12:00:00.000","1","(L)"
"CENSUS","CROPS","FIELD CROPS","CORN","ALL CLASSES","IRRIGATED","GRAIN","AREA HARVESTED","OPERATIONS","CORN, GRAIN, IRRIGATED - OPERATIONS WITH AREA HARVESTED","TOTAL","NOT SPECIFIED","COUNTY","55","55","WI","WISCONSIN","60","EAST CENTRAL","087","087","OUTAGAMIE","","","00000000","","","9000","UNITED STATES","WISCONSIN, EAST CENTRAL, OUTAGAMIE","2022","ANNUAL","00","00","YEAR","","2024-07-02 12:00:00.000","3","30.7"
"CENSUS","CROPS","FIELD CROPS","CORN","ALL CLASSES","IRRIGATED","GRAIN","AREA HARVESTED","OPERATIONS","CORN, GRAIN, IRRIGATED - OPERATIONS WITH AREA HARVESTED","TOTAL","NOT SPECIFIED","COUNTY","55","55","WI","WISCONSIN","60","EAST CENTRAL","117","117","SHEBOYGAN","","","00000000","","","9000","UNITED STATES","WISCONSIN, EAST CENTRAL, SHEBOYGAN","2022","ANNUAL","00","00","YEAR","","2024-07-02 12:00:00.000","1","(L)"
"CENSUS","CROPS","FIELD CROPS","CORN","ALL CLASSES","IRRIGATED","GRAIN","AREA HARVESTED","OPERATIONS","CORN, GRAIN, IRRIGATED - OPERATIONS WITH AREA HARVESTED","TOTAL","NOT SPECIFIED","COUNTY","55","55","WI","WISCONSIN","60","EAST CENTRAL","139","139","WINNEBAGO","","","00000000","","","9000","UNITED STATES","WISCONSIN, EAST CENTRAL, WINNEBAGO","2022","ANNUAL","00","00","YEAR","","2024-07-02 12:00:00.000","3","30.7"
"CENSUS","CROPS","FIELD CROPS","CORN","ALL CLASSES","IRRIGATED","GRAIN","AREA HARVESTED","OPERATIONS","CORN, GRAIN, IRRIGATED - OPERATIONS WITH AREA HARVESTED","TOTAL","NOT SPECIFIED","COUNTY","55","55","WI","WISCONSIN","70","SOUTHWEST","043","043","GRANT","","","00000000","","","9000","UNITED STATES","WISCONSIN, SOUTHWEST, GRANT","2022","ANNUAL","00","00","YEAR","","2024-07-02 12:00:00.000","3","30.7"
"CENSUS","CROPS","FIELD CROPS","CORN","ALL CLASSES","IRRIGATED","GRAIN","AREA HARVESTED","OPERATIONS","CORN, GRAIN, IRRIGATED - OPERATIONS WITH AREA HARVESTED","TOTAL","NOT SPECIFIED","COUNTY","55","55","WI","WISCONSIN","70","SOUTHWEST","049","049","IOWA","","","00000000","","","9000","UNITED STATES","WISCONSIN, SOUTHWEST, IOWA","2022","ANNUAL","00","00","YEAR","","2024-07-02 12:00:00.000","14","30.7"
"CENSUS","CROPS","FIELD CROPS","CORN","ALL CLASSES","IRRIGATED","GRAIN","AREA HARVESTED","OPERATIONS","CORN, GRAIN, IRRIGATED - OPERATIONS WITH AREA HARVESTED","TOTAL","NOT SPECIFIED","COUNTY","55","55","WI","WISCONSIN","70","SOUTHWEST","065","065","LAFAYETTE","","","00000000","","","9000","UNITED STATES","WISCONSIN, SOUTHWEST, LAFAYETTE","2022","ANNUAL","00","00","YEAR","","2024-07-02 12:00:00.000","2","30.7"
"CENSUS","CROPS","FIELD CROPS","CORN","ALL CLASSES","IRRIGATED","GRAIN","AREA HARVESTED","OPERATIONS","CORN, GRAIN, IRRIGATED - OPERATIONS WITH AREA HARVESTED","TOTAL","NOT SPECIFIED","COUNTY","55","55","WI","WISCONSIN","70","SOUTHWEST","111","111","SAUK","","","00000000","","","9000","UNITED STATES","WISCONSIN, SOUTHWEST, SAUK","2022","ANNUAL","00","00","YEAR","","2024-07-02 12:00:00.000","36","30.7"
"CENSUS","CROPS","FIELD CROPS","CORN","ALL CLASSES","IRRIGATED","GRAIN","AREA HARVESTED","OPERATIONS","CORN, GRAIN, IRRIGATED - OPERATIONS WITH AREA HARVESTED","TOTAL","NOT SPECIFIED","COUNTY","55","55","WI","WISCONSIN","70","SOUTHWEST","123","123","VERNON","","","00000000","","","9000","UNITED STATES","WISCONSIN, SOUTHWEST, VERNON","2022","ANNUAL","00","00","YEAR","","2024-07-02 12:00:00.000","2","30.7"
"CENSUS","CROPS","FIELD CROPS","CORN","ALL CLASSES","IRRIGATED","GRAIN","AREA HARVESTED","OPERATIONS","CORN, GRAIN, IRRIGATED - OPERATIONS WITH AREA HARVESTED","TOTAL","NOT SPECIFIED","COUNTY","55","55","WI","WISCONSIN","80","SOUTH CENTRAL","021","021","COLUMBIA","","","00000000","","","9000","UNITED STATES","WISCONSIN, SOUTH CENTRAL, COLUMBIA","2022","ANNUAL","00","00","YEAR","","2024-07-02 12:00:00.000","37","30.7"
"CENSUS","CROPS","FIELD CROPS","CORN","ALL CLASSES","IRRIGATED","GRAIN","AREA HARVESTED","OPERATIONS","CORN, GRAIN, IRRIGATED - OPERATIONS WITH AREA HARVESTED","TOTAL","NOT SPECIFIED","COUNTY","55","55","WI","WISCONSIN","80","SOUTH CENTRAL","025","025","DANE","","","00000000","","","9000","UNITED STATES","WISCONSIN, SOUTH CENTRAL, DANE","2022","ANNUAL","00","00","YEAR","","2024-07-02 12:00:00.000","25","30.7"
"CENSUS","CROPS","FIELD CROPS","CORN","ALL CLASSES","IRRIGATED","GRAIN","AREA HARVESTED","OPERATIONS","CORN, GRAIN, IRRIGATED - OPERATIONS WITH AREA HARVESTED","TOTAL","NOT SPECIFIED","COUNTY","55","55","WI","WISCONSIN","80","SOUTH CENTRAL","027","027","DODGE","","","00000000","","","9000","UNITED STATES","WISCONSIN, SOUTH CENTRAL, DODGE","2022","ANNUAL","00","00","YEAR","","2024-07-02 12:00:00.000","4","30.7"
"CENSUS","CROPS","FIELD CROPS","CORN","ALL CLASSES","IRRIGATED","GRAIN","AREA HARVESTED","OPERATIONS","CORN, GRAIN, IRRIGATED - OPERATIONS WITH AREA HARVESTED","TOTAL","NOT SPECIFIED","COUNTY","55","55","WI","WISCONSIN","80","SOUTH CENTRAL","045","045","GREEN","","","00000000","","","9000","UNITED STATES","WISCONSIN, SOUTH CENTRAL, GREEN","2022","ANNUAL","00","00","YEAR","","2024-07-02 12:00:00.000","7","30.7"
"CENSUS","CROPS","FIELD CROPS","CORN","ALL CLASSES","IRRIGATED","GRAIN","AREA HARVESTED","OPERATIONS","CORN, GRAIN, IRRIGATED - OPERATIONS WITH AREA HARVESTED","TOTAL","NOT SPECIFIED","COUNTY","55","55","WI","WISCONSIN","80","SOUTH CENTRAL","055","055","JEFFERSON","","","00000000","","","9000","UNITED STATES","WISCONSIN, SOUTH CENTRAL, JEFFERSON","2022","ANNUAL","00","00","YEAR","","2024-07-02 12:00:00.000","16","30.7"
"CENSUS","CROPS","FIELD CROPS","CORN","ALL CLASSES","IRRIGATED","GRAIN","AREA HARVESTED","OPERATIONS","CORN, GRAIN, IRRIGATED - OPERATIONS WITH AREA HARVESTED","TOTAL","NOT SPECIFIED","COUNTY","55","55","WI","WISCONSIN","80","SOUTH CENTRAL","105","105","ROCK","","","00000000","","","9000","UNITED STATES","WISCONSIN, SOUTH CENTRAL, ROCK","2022","ANNUAL","00","00","YEAR","","2024-07-02 12:00:00.000","24","30.7"
"CENSUS","CROPS","FIELD CROPS","CORN","ALL CLASSES","IRRIGATED","GRAIN","AREA HARVESTED","OPERATIONS","CORN, GRAIN, IRRIGATED - OPERATIONS WITH AREA HARVESTED","TOTAL","NOT SPECIFIED","COUNTY","55","55","WI","WISCONSIN","90","SOUTHEAST","059","059","KENOSHA","","","00000000","","","9000","UNITED STATES","WISCONSIN, SOUTHEAST, KENOSHA","2022","ANNUAL","00","00","YEAR","","2024-07-02 12:00:00.000","1","(L)"
"CENSUS","CROPS","FIELD CROPS","CORN","ALL CLASSES","IRRIGATED","GRAIN","AREA HARVESTED","OPERATIONS","CORN, GRAIN, IRRIGATED - OPERATIONS WITH AREA HARVESTED","TOTAL","NOT SPECIFIED","COUNTY","55","55","WI","WISCONSIN","90","SOUTHEAST","127","127","WALWORTH","","","00000000","","","9000","UNITED STATES","WISCONSIN, SOUTHEAST, WALWORTH","2022","ANNUAL","00","00","YEAR","","2024-07-02 12:00:00.000","11","30.7"
"CENSUS","CROPS","FIELD CROPS","CORN","ALL CLASSES","IRRIGATED","GRAIN","AREA HARVESTED","OPERATIONS","CORN, GRAIN, IRRIGATED - OPERATIONS WITH AREA HARVESTED","TOTAL","NOT SPECIFIED","COUNTY","55","55","WI","WISCONSIN","90","SOUTHEAST","133","133","WAUKESHA","","","00000000","","","9000","UNITED STATES","WISCONSIN, SOUTHEAST, WAUKESHA","2022","ANNUAL","00","00","YEAR","","2024-07-02 12:00:00.000","2","(L)"
"CENSUS","CROPS","FIELD CROPS","CORN","ALL CLASSES","IRRIGATED","SILAGE","AREA HARVESTED","ACRES","CORN, SILAGE, IRRIGATED - ACRES HARVESTED","TOTAL","NOT SPECIFIED","COUNTY","55","55","WI","WISCONSIN","10","NORTHWEST","005","005","BARRON","","","00000000","","","9000","UNITED STATES","WISCONSIN, NORTHWEST, BARRON","2022","ANNUAL","00","00","YEAR","","2024-07-02 12:00:00.000","1,129","15.0"
"CENSUS","CROPS","FIELD CROPS","CORN","ALL CLASSES","IRRIGATED","SILAGE","AREA HARVESTED","ACRES","CORN, SILAGE, IRRIGATED - ACRES HARVESTED","TOTAL","NOT SPECIFIED","COUNTY","55","55","WI","WISCONSIN","10","NORTHWEST","013","013","BURNETT","","","00000000","","","9000","UNITED STATES","WISCONSIN, NORTHWEST, BURNETT","2022","ANNUAL","00","00","YEAR","","2024-07-02 12:00:00.000"," (D)","(D)"
"CENSUS","CROPS","FIELD CROPS","CORN","ALL CLASSES","IRRIGATED","SILAGE","AREA HARVESTED","ACRES","CORN, SILAGE, IRRIGATED - ACRES HARVESTED","TOTAL","NOT SPECIFIED","COUNTY","55","55","WI","WISCONSIN","10","NORTHWEST","017","017","CHIPPEWA","","","00000000","","","9000","UNITED STATES","WISCONSIN, NORTHWEST, CHIPPEWA","2022","ANNUAL","00","00","YEAR","","2024-07-02 12:00:00.000"," (D)","(D)"
"CENSUS","CROPS","FIELD CROPS","CORN","ALL CLASSES","IRRIGATED","SILAGE","AREA HARVESTED","ACRES","CORN, SILAGE, IRRIGATED - ACRES HARVESTED","TOTAL","NOT SPECIFIED","COUNTY","55","55","WI","WISCONSIN","10","NORTHWEST","095","095","POLK","","","00000000","","","9000","UNITED STATES","WISCONSIN, NORTHWEST, POLK","2022","ANNUAL","00","00","YEAR","","2024-07-02 12:00:00.000"," (D)","(D)"
"CENSUS","CROPS","FIELD CROPS","CORN","ALL CLASSES","IRRIGATED","SILAGE","AREA HARVESTED","ACRES","CORN, SILAGE, IRRIGATED - ACRES HARVESTED","TOTAL","NOT SPECIFIED","COUNTY","55","55","WI","WISCONSIN","10","NORTHWEST","113","113","SAWYER","","","00000000","","","9000","UNITED STATES","WISCONSIN, NORTHWEST, SAWYER","2022","ANNUAL","00","00","YEAR","","2024-07-02 12:00:00.000"," (D)","(D)"
"CENSUS","CROPS","FIELD CROPS","CORN","ALL CLASSES","IRRIGATED","SILAGE","AREA HARVESTED","ACRES","CORN, SILAGE, IRRIGATED - ACRES HARVESTED","TOTAL","NOT SPECIFIED","COUNTY","55","55","WI","WISCONSIN","10","NORTHWEST","129","129","WASHBURN","","","00000000","","","9000","UNITED STATES","WISCONSIN, NORTHWEST, WASHBURN","2022","ANNUAL","00","00","YEAR","","2024-07-02 12:00:00.000"," (D)","(D)"
"CENSUS","CROPS","FIELD CROPS","CORN","ALL CLASSES","IRRIGATED","SILAGE","AREA HARVESTED","ACRES","CORN, SILAGE, IRRIGATED - ACRES HARVESTED","TOTAL","NOT SPECIFIED","COUNTY","55","55","WI","WISCONSIN","20","NORTH CENTRAL","073","073","MARATHON","","","00000000","","","9000","UNITED STATES","WISCONSIN, NORTH CENTRAL, MARATHON","2022","ANNUAL","00","00","YEAR","","2024-07-02 12:00:00.000","661","15.0"
"CENSUS","CROPS","FIELD CROPS","CORN","ALL CLASSES","IRRIGATED","SILAGE","AREA HARVESTED","ACRES","CORN, SILAGE, IRRIGATED - ACRES HARVESTED","TOTAL","NOT SPECIFIED","COUNTY","55","55","WI","WISCONSIN","30","NORTHEAST","067","067","LANGLADE","","","00000000","","","9000","UNITED STATES","WISCONSIN, NORTHEAST, LANGLADE","2022","ANNUAL","00","00","YEAR","","2024-07-02 12:00:00.000","1,867","(L)"
"CENSUS","CROPS","FIELD CROPS","CORN","ALL CLASSES","IRRIGATED","SILAGE","AREA HARVESTED","ACRES","CORN, SILAGE, IRRIGATED - ACRES HARVESTED","TOTAL","NOT SPECIFIED","COUNTY","55","55","WI","WISCONSIN","30","NORTHEAST","075","075","MARINETTE","","","00000000","","","9000","UNITED STATES","WISCONSIN, NORTHEAST, MARINETTE","2022","ANNUAL","00","00","YEAR","","2024-07-02 12:00:00.000"," (D)","(D)"
"CENSUS","CROPS","FIELD CROPS","CORN","ALL CLASSES","IRRIGATED","SILAGE","AREA HARVESTED","ACRES","CORN, SILAGE, IRRIGATED - ACRES HARVESTED","TOTAL","NOT SPECIFIED","COUNTY","55","55","WI","WISCONSIN","30","NORTHEAST","083","083","OCONTO","","","00000000","","","9000","UNITED STATES","WISCONSIN, NORTHEAST, OCONTO","2022","ANNUAL","00","00","YEAR","","2024-07-02 12:00:00.000"," (D)","(D)"
"CENSUS","CROPS","FIELD CROPS","CORN","ALL CLASSES","IRRIGATED","SILAGE","AREA HARVESTED","ACRES","CORN, SILAGE, IRRIGATED - ACRES HARVESTED","TOTAL","NOT SPECIFIED","COUNTY","55","55","WI","WISCONSIN","40","WEST CENTRAL","011","011","BUFFALO","","","00000000","","","9000","UNITED STATES","WISCONSIN, WEST CENTRAL, BUFFALO","2022","ANNUAL","00","00","YEAR","","2024-07-02 12:00:00.000"," (D)","(D)"
"CENSUS","CROPS","FIELD CROPS","CORN","ALL CLASSES","IRRIGATED","SILAGE","AREA HARVESTED","ACRES","CORN, SILAGE, IRRIGATED - ACRES HARVESTED","TOTAL","NOT SPECIFIED","COUNTY","55","55","WI","WISCONSIN","40","WEST CENTRAL","033","033","DUNN","","","00000000","","","9000","UNITED STATES","WISCONSIN, WEST CENTRAL, DUNN","2022","ANNUAL","00","00","YEAR","","2024-07-02 12:00:00.000","3,535","15.0"
"CENSUS","CROPS","FIELD CROPS","CORN","ALL CLASSES","IRRIGATED","SILAGE","AREA HARVESTED","ACRES","CORN, SILAGE, IRRIGATED - ACRES HARVESTED","TOTAL","NOT SPECIFIED","COUNTY","55","55","WI","WISCONSIN","40","WEST CENTRAL","053","053","JACKSON","","","00000000","","","9000","UNITED STATES","WISCONSIN, WEST CENTRAL, JACKSON","2022","ANNUAL","00","00","YEAR","","2024-07-02 12:00:00.000"," (D)","(D)"
"CENSUS","CROPS","FIELD CROPS","CORN","ALL CLASSES","IRRIGATED","SILAGE","AREA HARVESTED","ACRES","CORN, SILAGE, IRRIGATED - ACRES HARVESTED","TOTAL","NOT SPECIFIED","COUNTY","55","55","WI","WISCONSIN","40","WEST CENTRAL","063","063","LA CROSSE","","","00000000","","","9000","UNITED STATES","WISCONSIN, WEST CENTRAL, LA CROSSE","2022","ANNUAL","00","00","YEAR","","2024-07-02 12:00:00.000"," (D)","(D)"
"CENSUS","CROPS","FIELD CROPS","CORN","ALL CLASSES","IRRIGATED","SILAGE","AREA HARVESTED","ACRES","CORN, SILAGE, IRRIGATED - ACRES HARVESTED","TOTAL","NOT SPECIFIED","COUNTY","55","55","WI","WISCONSIN","40","WEST CENTRAL","081","081","MONROE","","","00000000","","","9000","UNITED STATES","WISCONSIN, WEST CENTRAL, MONROE","2022","ANNUAL","00","00","YEAR","","2024-07-02 12:00:00.000","81","15.0"
"CENSUS","CROPS","FIELD CROPS","CORN","ALL CLASSES","IRRIGATED","SILAGE","AREA HARVESTED","ACRES","CORN, SILAGE, IRRIGATED - ACRES HARVESTED","TOTAL","NOT SPECIFIED","COUNTY","55","55","WI","WISCONSIN","40","WEST CENTRAL","091","091","PEPIN","","","00000000","","","9000","UNITED STATES","WISCONSIN, WEST CENTRAL, PEPIN","2022","ANNUAL","00","00","YEAR","","2024-07-02 12:00:00.000","690","15.0"
"CENSUS","CROPS","FIELD CROPS","CORN","ALL CLASSES","IRRIGATED","SILAGE","AREA HARVESTED","ACRES","CORN, SILAGE, IRRIGATED - ACRES HARVESTED","TOTAL","NOT SPECIFIED","COUNTY","55","55","WI","WISCONSIN","40","WEST CENTRAL","109","109","ST CROIX","","","00000000","","","9000","UNITED STATES","WISCONSIN, WEST CENTRAL, ST CROIX","2022","ANNUAL","00","00","YEAR","","2024-07-02 12:00:00.000","660","15.0"
"CENSUS","CROPS","FIELD CROPS","CORN","ALL CLASSES","IRRIGATED","SILAGE","AREA HARVESTED","ACRES","CORN, SILAGE, IRRIGATED - ACRES HARVESTED","TOTAL","NOT SPECIFIED","COUNTY","55","55","WI","WISCONSIN","40","WEST CENTRAL","121","121","TREMPEALEAU","","","00000000","","","9000","UNITED STATES","WISCONSIN, WEST CENTRAL, TREMPEALEAU","2022","ANNUAL","00","00","YEAR","","2024-07-02 12:00:00.000","1,582","15.0"
"CENSUS","CROPS","FIELD CROPS","CORN","ALL CLASSES","IRRIGATED","SILAGE","AREA HARVESTED","ACRES","CORN, SILAGE, IRRIGATED - ACRES HARVESTED","TOTAL","NOT SPECIFIED","COUNTY","55","55","WI","WISCONSIN","50","CENTRAL","001","001","ADAMS","","","00000000","","","9000","UNITED STATES","WISCONSIN, CENTRAL, ADAMS","2022","ANNUAL","00","00","YEAR","","2024-07-02 12:00:00.000","3,670","15.0"
"CENSUS","CROPS","FIELD CROPS","CORN","ALL CLASSES","IRRIGATED","SILAGE","AREA HARVESTED","ACRES","CORN, SILAGE, IRRIGATED - ACRES HARVESTED","TOTAL","NOT SPECIFIED","COUNTY","55","55","WI","WISCONSIN","50","CENTRAL","047","047","GREEN LAKE","","","00000000","","","9000","UNITED STATES","WISCONSIN, CENTRAL, GREEN LAKE","2022","ANNUAL","00","00","YEAR","","2024-07-02 12:00:00.000"," (D)","(D)"
"CENSUS","CROPS","FIELD CROPS","CORN","ALL CLASSES","IRRIGATED","SILAGE","AREA HARVESTED","ACRES","CORN, SILAGE, IRRIGATED - ACRES HARVESTED","TOTAL","NOT SPECIFIED","COUNTY","55","55","WI","WISCONSIN","50","CENTRAL","057","057","JUNEAU","","","00000000","","","9000","UNITED STATES","WISCONSIN, CENTRAL, JUNEAU","2022","ANNUAL","00","00","YEAR","","2024-07-02 12:00:00.000","282","(L)"
"CENSUS","CROPS","FIELD CROPS","CORN","ALL CLASSES","IRRIGATED","SILAGE","AREA HARVESTED","ACRES","CORN, SILAGE, IRRIGATED - ACRES HARVESTED","TOTAL","NOT SPECIFIED","COUNTY","55","55","WI","WISCONSIN","50","CENTRAL","077","077","MARQUETTE","","","00000000","","","9000","UNITED STATES","WISCONSIN, CENTRAL, MARQUETTE","2022","ANNUAL","00","00","YEAR","","2024-07-02 12:00:00.000","693","15.0"
"CENSUS","CROPS","FIELD CROPS","CORN","ALL CLASSES","IRRIGATED","SILAGE","AREA HARVESTED","ACRES","CORN, SILAGE, IRRIGATED - ACRES HARVESTED","TOTAL","NOT SPECIFIED","COUNTY","55","55","WI","WISCONSIN","50","CENTRAL","097","097","PORTAGE","","","00000000","","","9000","UNITED STATES","WISCONSIN, CENTRAL, PORTAGE","2022","ANNUAL","00","00","YEAR","","2024-07-02 12:00:00.000","3,170","15.0"
"CENSUS","CROPS","FIELD CROPS","CORN","ALL CLASSES","IRRIGATED","SILAGE","AREA HARVESTED","ACRES","CORN, SILAGE, IRRIGATED - ACRES HARVESTED","TOTAL","NOT SPECIFIED","COUNTY","55","55","WI","WISCONSIN","50","CENTRAL","135","135","WAUPACA","","","00000000","","","9000","UNITED STATES","WISCONSIN, CENTRAL, WAUPACA","2022","ANNUAL","00","00","YEAR","","2024-07-02 12:00:00.000","1,088","15.0"
"CENSUS","CROPS","FIELD CROPS","CORN","ALL CLASSES","IRRIGATED","SILAGE","AREA HARVESTED","ACRES","CORN, SILAGE, IRRIGATED - ACRES HARVESTED","TOTAL","NOT SPECIFIED","COUNTY","55","55","WI","WISCONSIN","50","CENTRAL","137","137","WAUSHARA","","","00000000","","","9000","UNITED STATES","WISCONSIN, CENTRAL, WAUSHARA","2022","ANNUAL","00","00","YEAR","","2024-07-02 12:00:00.000","923","15.0"
"CENSUS","CROPS","FIELD CROPS","CORN","ALL CLASSES","IRRIGATED","SILAGE","AREA HARVESTED","ACRES","CORN, SILAGE, IRRIGATED - ACRES HARVESTED","TOTAL","NOT SPECIFIED","COUNTY","55","55","WI","WISCONSIN","60","EAST CENTRAL","015","015","CALUMET","","","00000000","","","9000","UNITED STATES","WISCONSIN, EAST CENTRAL, CALUMET","2022","ANNUAL","00","00","YEAR","","2024-07-02 12:00:00.000"," (D)","(D)"
"CENSUS","CROPS","FIELD CROPS","CORN","ALL CLASSES","IRRIGATED","SILAGE","AREA HARVESTED","ACRES","CORN, SILAGE, IRRIGATED - ACRES HARVESTED","TOTAL","NOT SPECIFIED","COUNTY","55","55","WI","WISCONSIN","60","EAST CENTRAL","039","039","FOND DU LAC","","","00000000","","","9000","UNITED STATES","WISCONSIN, EAST CENTRAL, FOND DU LAC","2022","ANNUAL","00","00","YEAR","","2024-07-02 12:00:00.000"," (D)","(D)"
"CENSUS","CROPS","FIELD CROPS","CORN","ALL CLASSES","IRRIGATED","SILAGE","AREA HARVESTED","ACRES","CORN, SILAGE, IRRIGATED - ACRES HARVESTED","TOTAL","NOT SPECIFIED","COUNTY","55","55","WI","WISCONSIN","60","EAST CENTRAL","139","139","WINNEBAGO","","","00000000","","","9000","UNITED STATES","WISCONSIN, EAST CENTRAL, WINNEBAGO","2022","ANNUAL","00","00","YEAR","","2024-07-02 12:00:00.000","600","15.0"
"CENSUS","CROPS","FIELD CROPS","CORN","ALL CLASSES","IRRIGATED","SILAGE","AREA HARVESTED","ACRES","CORN, SILAGE, IRRIGATED - ACRES HARVESTED","TOTAL","NOT SPECIFIED","COUNTY","55","55","WI","WISCONSIN","70","SOUTHWEST","049","049","IOWA","","","00000000","","","9000","UNITED STATES","WISCONSIN, SOUTHWEST, IOWA","2022","ANNUAL","00","00","YEAR","","2024-07-02 12:00:00.000","307","15.0"
"CENSUS","CROPS","FIELD CROPS","CORN","ALL CLASSES","IRRIGATED","SILAGE","AREA HARVESTED","ACRES","CORN, SILAGE, IRRIGATED - ACRES HARVESTED","TOTAL","NOT SPECIFIED","COUNTY","55","55","WI","WISCONSIN","70","SOUTHWEST","103","103","RICHLAND","","","00000000","","","9000","UNITED STATES","WISCONSIN, SOUTHWEST, RICHLAND","2022","ANNUAL","00","00","YEAR","","2024-07-02 12:00:00.000"," (D)","(D)"
"CENSUS","CROPS","FIELD CROPS","CORN","ALL CLASSES","IRRIGATED","SILAGE","AREA HARVESTED","ACRES","CORN, SILAGE, IRRIGATED - ACRES HARVESTED","TOTAL","NOT SPECIFIED","COUNTY","55","55","WI","WISCONSIN","70","SOUTHWEST","111","111","SAUK","","","00000000","","","9000","UNITED STATES","WISCONSIN, SOUTHWEST, SAUK","2022","ANNUAL","00","00","YEAR","","2024-07-02 12:00:00.000"," (D)","(D)"
"CENSUS","CROPS","FIELD CROPS","CORN","ALL CLASSES","IRRIGATED","SILAGE","AREA HARVESTED","ACRES","CORN, SILAGE, IRRIGATED - ACRES HARVESTED","TOTAL","NOT SPECIFIED","COUNTY","55","55","WI","WISCONSIN","80","SOUTH CENTRAL","021","021","COLUMBIA","","","00000000","","","9000","UNITED STATES","WISCONSIN, SOUTH CENTRAL, COLUMBIA","2022","ANNUAL","00","00","YEAR","","2024-07-02 12:00:00.000","516","15.0"
"CENSUS","CROPS","FIELD CROPS","CORN","ALL CLASSES","IRRIGATED","SILAGE","AREA HARVESTED","ACRES","CORN, SILAGE, IRRIGATED - ACRES HARVESTED","TOTAL","NOT SPECIFIED","COUNTY","55","55","WI","WISCONSIN","80","SOUTH CENTRAL","025","025","DANE","","","00000000","","","9000","UNITED STATES","WISCONSIN, SOUTH CENTRAL, DANE","2022","ANNUAL","00","00","YEAR","","2024-07-02 12:00:00.000"," (D)","(D)"
"CENSUS","CROPS","FIELD CROPS","CORN","ALL CLASSES","IRRIGATED","SILAGE","AREA HARVESTED","ACRES","CORN, SILAGE, IRRIGATED - ACRES HARVESTED","TOTAL","NOT SPECIFIED","COUNTY","55","55","WI","WISCONSIN","80","SOUTH CENTRAL","027","027","DODGE","","","00000000","","","9000","UNITED STATES","WISCONSIN, SOUTH CENTRAL, DODGE","2022","ANNUAL","00","00","YEAR","","2024-07-02 12:00:00.000","22","15.0"
"CENSUS","CROPS","FIELD CROPS","CORN","ALL CLASSES","IRRIGATED","SILAGE","AREA HARVESTED","ACRES","CORN, SILAGE, IRRIGATED - ACRES HARVESTED","TOTAL","NOT SPECIFIED","COUNTY","55","55","WI","WISCONSIN","80","SOUTH CENTRAL","045","045","GREEN","","","00000000","","","9000","UNITED STATES","WISCONSIN, SOUTH CENTRAL, GREEN","2022","ANNUAL","00","00","YEAR","","2024-07-02 12:00:00.000"," (D)","(D)"
"CENSUS","CROPS","FIELD CROPS","CORN","ALL CLASSES","IRRIGATED","SILAGE","AREA HARVESTED","ACRES","CORN, SILAGE, IRRIGATED - ACRES HARVESTED","TOTAL","NOT SPECIFIED","COUNTY","55","55","WI","WISCONSIN","90","SOUTHEAST","127","127","WALWORTH","","","00000000","","","9000","UNITED STATES","WISCONSIN, SOUTHEAST, WALWORTH","2022","ANNUAL","00","00","YEAR","","2024-07-02 12:00:00.000"," (D)","(D)"
"CENSUS","CROPS","FIELD CROPS","CORN","ALL CLASSES","IRRIGATED","SILAGE","AREA HARVESTED","OPERATIONS","CORN, SILAGE, IRRIGATED - OPERATIONS WITH AREA HARVESTED","TOTAL","NOT SPECIFIED","COUNTY","55","55","WI","WISCONSIN","10","NORTHWEST","005","005","BARRON","","","00000000","","","9000","UNITED STATES","WISCONSIN, NORTHWEST, BARRON","2022","ANNUAL","00","00","YEAR","","2024-07-02 12:00:00.000","8","39.7"
"CENSUS","CROPS","FIELD CROPS","CORN","ALL CLASSES","IRRIGATED","SILAGE","AREA HARVESTED","OPERATIONS","CORN, SILAGE, IRRIGATED - OPERATIONS WITH AREA HARVESTED","TOTAL","NOT SPECIFIED","COUNTY","55","55","WI","WISCONSIN","10","NORTHWEST","013","013","BURNETT","","","00000000","","","9000","UNITED STATES","WISCONSIN, NORTHWEST, BURNETT","2022","ANNUAL","00","00","YEAR","","2024-07-02 12:00:00.000","1","39.7"
"CENSUS","CROPS","FIELD CROPS","CORN","ALL CLASSES","IRRIGATED","SILAGE","AREA HARVESTED","OPERATIONS","CORN, SILAGE, IRRIGATED - OPERATIONS WITH AREA HARVESTED","TOTAL","NOT SPECIFIED","COUNTY","55","55","WI","WISCONSIN","10","NORTHWEST","017","017","CHIPPEWA","","","00000000","","","9000","UNITED STATES","WISCONSIN, NORTHWEST, CHIPPEWA","2022","ANNUAL","00","00","YEAR","","2024-07-02 12:00:00.000","2","(L)"
"CENSUS","CROPS","FIELD CROPS","CORN","ALL CLASSES","IRRIGATED","SILAGE","AREA HARVESTED","OPERATIONS","CORN, SILAGE, IRRIGATED - OPERATIONS WITH AREA HARVESTED","TOTAL","NOT SPECIFIED","COUNTY","55","55","WI","WISCONSIN","10","NORTHWEST","095","095","POLK","","","00000000","","","9000","UNITED STATES","WISCONSIN, NORTHWEST, POLK","2022","ANNUAL","00","00","YEAR","","2024-07-02 12:00:00.000","1","(L)"
"CENSUS","CROPS","FIELD CROPS","CORN","ALL CLASSES","IRRIGATED","SILAGE","AREA HARVESTED","OPERATIONS","CORN, SILAGE, IRRIGATED - OPERATIONS WITH AREA HARVESTED","TOTAL","NOT SPECIFIED","COUNTY","55","55","WI","WISCONSIN","10","NORTHWEST","113","113","SAWYER","","","00000000","","","9000","UNITED STATES","WISCONSIN, NORTHWEST, SAWYER","2022","ANNUAL","00","00","YEAR","","2024-07-02 12:00:00.000","1","(L)"
"CENSUS","CROPS","FIELD CROPS","CORN","ALL CLASSES","IRRIGATED","SILAGE","AREA HARVESTED","OPERATIONS","CORN, SILAGE, IRRIGATED - OPERATIONS WITH AREA HARVESTED","TOTAL","NOT SPECIFIED","COUNTY","55","55","WI","WISCONSIN","10","NORTHWEST","129","129","WASHBURN","","","00000000","","","9000","UNITED STATES","WISCONSIN, NORTHWEST, WASHBURN","2022","ANNUAL","00","00","YEAR","","2024-07-02 12:00:00.000","2","39.7"
"CENSUS","CROPS","FIELD CROPS","CORN","ALL CLASSES","IRRIGATED","SILAGE","AREA HARVESTED","OPERATIONS","CORN, SILAGE, IRRIGATED - OPERATIONS WITH AREA HARVESTED","TOTAL","NOT SPECIFIED","COUNTY","55","55","WI","WISCONSIN","20","NORTH CENTRAL","073","073","MARATHON","","","00000000","","","9000","UNITED STATES","WISCONSIN, NORTH CENTRAL, MARATHON","2022","ANNUAL","00","00","YEAR","","2024-07-02 12:00:00.000","7","39.7"
"CENSUS","CROPS","FIELD CROPS","CORN","ALL CLASSES","IRRIGATED","SILAGE","AREA HARVESTED","OPERATIONS","CORN, SILAGE, IRRIGATED - OPERATIONS WITH AREA HARVESTED","TOTAL","NOT SPECIFIED","COUNTY","55","55","WI","WISCONSIN","30","NORTHEAST","067","067","LANGLADE","","","00000000","","","9000","UNITED STATES","WISCONSIN, NORTHEAST, LANGLADE","2022","ANNUAL","00","00","YEAR","","2024-07-02 12:00:00.000","4","(L)"
"CENSUS","CROPS","FIELD CROPS","CORN","ALL CLASSES","IRRIGATED","SILAGE","AREA HARVESTED","OPERATIONS","CORN, SILAGE, IRRIGATED - OPERATIONS WITH AREA HARVESTED","TOTAL","NOT SPECIFIED","COUNTY","55","55","WI","WISCONSIN","30","NORTHEAST","075","075","MARINETTE","","","00000000","","","9000","UNITED STATES","WISCONSIN, NORTHEAST, MARINETTE","2022","ANNUAL","00","00","YEAR","","2024-07-02 12:00:00.000","1","(L)"
"CENSUS","CROPS","FIELD CROPS","CORN","ALL CLASSES","IRRIGATED","SILAGE","AREA HARVESTED","OPERATIONS","CORN, SILAGE, IRRIGATED - OPERATIONS WITH AREA HARVESTED","TOTAL","NOT SPECIFIED","COUNTY","55","55","WI","WISCONSIN","30","NORTHEAST","083","083","OCONTO","","","00000000","","","9000","UNITED STATES","WISCONSIN, NORTHEAST, OCONTO","2022","ANNUAL","00","00","YEAR","","2024-07-02 12:00:00.000","1","39.7"
"CENSUS","CROPS","FIELD CROPS","CORN","ALL CLASSES","IRRIGATED","SILAGE","AREA HARVESTED","OPERATIONS","CORN, SILAGE, IRRIGATED - OPERATIONS WITH AREA HARVESTED","TOTAL","NOT SPECIFIED","COUNTY","55","55","WI","WISCONSIN","40","WEST CENTRAL","011","011","BUFFALO","","","00000000","","","9000","UNITED STATES","WISCONSIN, WEST CENTRAL, BUFFALO","2022","ANNUAL","00","00","YEAR","","2024-07-02 12:00:00.000","1","(L)"
"CENSUS","CROPS","FIELD CROPS","CORN","ALL CLASSES","IRRIGATED","SILAGE","AREA HARVESTED","OPERATIONS","CORN, SILAGE, IRRIGATED - OPERATIONS WITH AREA HARVESTED","TOTAL","NOT SPECIFIED","COUNTY","55","55","WI","WISCONSIN","40","WEST CENTRAL","033","033","DUNN","","","00000000","","","9000","UNITED STATES","WISCONSIN, WEST CENTRAL, DUNN","2022","ANNUAL","00","00","YEAR","","2024-07-02 12:00:00.000","12","39.7"
"CENSUS","CROPS","FIELD CROPS","CORN","ALL CLASSES","IRRIGATED","SILAGE","AREA HARVESTED","OPERATIONS","CORN, SILAGE, IRRIGATED - OPERATIONS WITH AREA HARVESTED","TOTAL","NOT SPECIFIED","COUNTY","55","55","WI","WISCONSIN","40","WEST CENTRAL","053","053","JACKSON","","","00000000","","","9000","UNITED STATES","WISCONSIN, WEST CENTRAL, JACKSON","2022","ANNUAL","00","00","YEAR","","2024-07-02 12:00:00.000","1","39.7"
"CENSUS","CROPS","FIELD CROPS","CORN","ALL CLASSES","IRRIGATED","SILAGE","AREA HARVESTED","OPERATIONS","CORN, SILAGE, IRRIGATED - OPERATIONS WITH AREA HARVESTED","TOTAL","NOT SPECIFIED","COUNTY","55","55","WI","WISCONSIN","40","WEST CENTRAL","063","063","LA CROSSE","","","00000000","","","9000","UNITED STATES","WISCONSIN, WEST CENTRAL, LA CROSSE","2022","ANNUAL","00","00","YEAR","","2024-07-02 12:00:00.000","1","39.7"
"CENSUS","CROPS","FIELD CROPS","CORN","ALL CLASSES","IRRIGATED","SILAGE","AREA HARVESTED","OPERATIONS","CORN, SILAGE, IRRIGATED - OPERATIONS WITH AREA HARVESTED","TOTAL","NOT SPECIFIED","COUNTY","55","55","WI","WISCONSIN","40","WEST CENTRAL","081","081","MONROE","","","00000000","","","9000","UNITED STATES","WISCONSIN, WEST CENTRAL, MONROE","2022","ANNUAL","00","00","YEAR","","2024-07-02 12:00:00.000","3","39.7"
"CENSUS","CROPS","FIELD CROPS","CORN","ALL CLASSES","IRRIGATED","SILAGE","AREA HARVESTED","OPERATIONS","CORN, SILAGE, IRRIGATED - OPERATIONS WITH AREA HARVESTED","TOTAL","NOT SPECIFIED","COUNTY","55","55","WI","WISCONSIN","40","WEST CENTRAL","091","091","PEPIN","","","00000000","","","9000","UNITED STATES","WISCONSIN, WEST CENTRAL, PEPIN","2022","ANNUAL","00","00","YEAR","","2024-07-02 12:00:00.000","5","39.7"
"CENSUS","CROPS","FIELD CROPS","CORN","ALL CLASSES","IRRIGATED","SILAGE","AREA HARVESTED","OPERATIONS","CORN, SILAGE, IRRIGATED - OPERATIONS WITH AREA HARVESTED","TOTAL","NOT SPECIFIED","COUNTY","55","55","WI","WISCONSIN","40","WEST CENTRAL","109","109","ST CROIX","","","00000000","","","9000","UNITED STATES","WISCONSIN, WEST CENTRAL, ST CROIX","2022","ANNUAL","00","00","YEAR","","2024-07-02 12:00:00.000","5","39.7"
"CENSUS","CROPS","FIELD CROPS","CORN","ALL CLASSES","IRRIGATED","SILAGE","AREA HARVESTED","OPERATIONS","CORN, SILAGE, IRRIGATED - OPERATIONS WITH AREA HARVESTED","TOTAL","NOT SPECIFIED","COUNTY","55","55","WI","WISCONSIN","40","WEST CENTRAL","121","121","TREMPEALEAU","","","00000000","","","9000","UNITED STATES","WISCONSIN, WEST CENTRAL, TREMPEALEAU","2022","ANNUAL","00","00","YEAR","","2024-07-02 12:00:00.000","6","39.7"
"CENSUS","CROPS","FIELD CROPS","CORN","ALL CLASSES","IRRIGATED","SILAGE","AREA HARVESTED","OPERATIONS","CORN, SILAGE, IRRIGATED - OPERATIONS WITH AREA HARVESTED","TOTAL","NOT SPECIFIED","COUNTY","55","55","WI","WISCONSIN","50","CENTRAL","001","001","ADAMS","","","00000000","","","9000","UNITED STATES","WISCONSIN, CENTRAL, ADAMS","2022","ANNUAL","00","00","YEAR","","2024-07-02 12:00:00.000","10","39.7"
"CENSUS","CROPS","FIELD CROPS","CORN","ALL CLASSES","IRRIGATED","SILAGE","AREA HARVESTED","OPERATIONS","CORN, SILAGE, IRRIGATED - OPERATIONS WITH AREA HARVESTED","TOTAL","NOT SPECIFIED","COUNTY","55","55","WI","WISCONSIN","50","CENTRAL","047","047","GREEN LAKE","","","00000000","","","9000","UNITED STATES","WISCONSIN, CENTRAL, GREEN LAKE","2022","ANNUAL","00","00","YEAR","","2024-07-02 12:00:00.000","1","(L)"
"CENSUS","CROPS","FIELD CROPS","CORN","ALL CLASSES","IRRIGATED","SILAGE","AREA HARVESTED","OPERATIONS","CORN, SILAGE, IRRIGATED - OPERATIONS WITH AREA HARVESTED","TOTAL","NOT SPECIFIED","COUNTY","55","55","WI","WISCONSIN","50","CENTRAL","057","057","JUNEAU","","","00000000","","","9000","UNITED STATES","WISCONSIN, CENTRAL, JUNEAU","2022","ANNUAL","00","00","YEAR","","2024-07-02 12:00:00.000","6","(L)"
"CENSUS","CROPS","FIELD CROPS","CORN","ALL CLASSES","IRRIGATED","SILAGE","AREA HARVESTED","OPERATIONS","CORN, SILAGE, IRRIGATED - OPERATIONS WITH AREA HARVESTED","TOTAL","NOT SPECIFIED","COUNTY","55","55","WI","WISCONSIN","50","CENTRAL","077","077","MARQUETTE","","","00000000","","","9000","UNITED STATES","WISCONSIN, CENTRAL, MARQUETTE","2022","ANNUAL","00","00","YEAR","","2024-07-02 12:00:00.000","3","39.7"
"CENSUS","CROPS","FIELD CROPS","CORN","ALL CLASSES","IRRIGATED","SILAGE","AREA HARVESTED","OPERATIONS","CORN, SILAGE, IRRIGATED - OPERATIONS WITH AREA HARVESTED","TOTAL","NOT SPECIFIED","COUNTY","55","55","WI","WISCONSIN","50","CENTRAL","097","097","PORTAGE","","","00000000","","","9000","UNITED STATES","WISCONSIN, CENTRAL, PORTAGE","2022","ANNUAL","00","00","YEAR","","2024-07-02 12:00:00.000","12","39.7"
"CENSUS","CROPS","FIELD CROPS","CORN","ALL CLASSES","IRRIGATED","SILAGE","AREA HARVESTED","OPERATIONS","CORN, SILAGE, IRRIGATED - OPERATIONS WITH AREA HARVESTED","TOTAL","NOT SPECIFIED","COUNTY","55","55","WI","WISCONSIN","50","CENTRAL","135","135","WAUPACA","","","00000000","","","9000","UNITED STATES","WISCONSIN, CENTRAL, WAUPACA","2022","ANNUAL","00","00","YEAR","","2024-07-02 12:00:00.000","7","39.7"
"CENSUS","CROPS","FIELD CROPS","CORN","ALL CLASSES","IRRIGATED","SILAGE","AREA HARVESTED","OPERATIONS","CORN, SILAGE, IRRIGATED - OPERATIONS WITH AREA HARVESTED","TOTAL","NOT SPECIFIED","COUNTY","55","55","WI","WISCONSIN","50","CENTRAL","137","137","WAUSHARA","","","00000000","","","9000","UNITED STATES","WISCONSIN, CENTRAL, WAUSHARA","2022","ANNUAL","00","00","YEAR","","2024-07-02 12:00:00.000","7","39.7"
"CENSUS","CROPS","FIELD CROPS","CORN","ALL CLASSES","IRRIGATED","SILAGE","AREA HARVESTED","OPERATIONS","CORN, SILAGE, IRRIGATED - OPERATIONS WITH AREA HARVESTED","TOTAL","NOT SPECIFIED","COUNTY","55","55","WI","WISCONSIN","60","EAST CENTRAL","015","015","CALUMET","","","00000000","","","9000","UNITED STATES","WISCONSIN, EAST CENTRAL, CALUMET","2022","ANNUAL","00","00","YEAR","","2024-07-02 12:00:00.000","1","(L)"
"CENSUS","CROPS","FIELD CROPS","CORN","ALL CLASSES","IRRIGATED","SILAGE","AREA HARVESTED","OPERATIONS","CORN, SILAGE, IRRIGATED - OPERATIONS WITH AREA HARVESTED","TOTAL","NOT SPECIFIED","COUNTY","55","55","WI","WISCONSIN","60","EAST CENTRAL","039","039","FOND DU LAC","","","00000000","","","9000","UNITED STATES","WISCONSIN, EAST CENTRAL, FOND DU LAC","2022","ANNUAL","00","00","YEAR","","2024-07-02 12:00:00.000","1","(L)"
"CENSUS","CROPS","FIELD CROPS","CORN","ALL CLASSES","IRRIGATED","SILAGE","AREA HARVESTED","OPERATIONS","CORN, SILAGE, IRRIGATED - OPERATIONS WITH AREA HARVESTED","TOTAL","NOT SPECIFIED","COUNTY","55","55","WI","WISCONSIN","60","EAST CENTRAL","139","139","WINNEBAGO","","","00000000","","","9000","UNITED STATES","WISCONSIN, EAST CENTRAL, WINNEBAGO","2022","ANNUAL","00","00","YEAR","","2024-07-02 12:00:00.000","6","39.7"
"CENSUS","CROPS","FIELD CROPS","CORN","ALL CLASSES","IRRIGATED","SILAGE","AREA HARVESTED","OPERATIONS","CORN, SILAGE, IRRIGATED - OPERATIONS WITH AREA HARVESTED","TOTAL","NOT SPECIFIED","COUNTY","55","55","WI","WISCONSIN","70","SOUTHWEST","049","049","IOWA","","","00000000","","","9000","UNITED STATES","WISCONSIN, SOUTHWEST, IOWA","2022","ANNUAL","00","00","YEAR","","2024-07-02 12:00:00.000","3","39.7"
"CENSUS","CROPS","FIELD CROPS","CORN","ALL CLASSES","IRRIGATED","SILAGE","AREA HARVESTED","OPERATIONS","CORN, SILAGE, IRRIGATED - OPERATIONS WITH AREA HARVESTED","TOTAL","NOT SPECIFIED","COUNTY","55","55","WI","WISCONSIN","70","SOUTHWEST","103","103","RICHLAND","","","00000000","","","9000","UNITED STATES","WISCONSIN, SOUTHWEST, RICHLAND","2022","ANNUAL","00","00","YEAR","","2024-07-02 12:00:00.000","1","39.7"
"CENSUS","CROPS","FIELD CROPS","CORN","ALL CLASSES","IRRIGATED","SILAGE","AREA HARVESTED","OPERATIONS","CORN, SILAGE, IRRIGATED - OPERATIONS WITH AREA HARVESTED","TOTAL","NOT SPECIFIED","COUNTY","55","55","WI","WISCONSIN","70","SOUTHWEST","111","111","SAUK","","","00000000","","","9000","UNITED STATES","WISCONSIN, SOUTHWEST, SAUK","2022","ANNUAL","00","00","YEAR","","2024-07-02 12:00:00.000","1","(L)"
"CENSUS","CROPS","FIELD CROPS","CORN","ALL CLASSES","IRRIGATED","SILAGE","AREA HARVESTED","OPERATIONS","CORN, SILAGE, IRRIGATED - OPERATIONS WITH AREA HARVESTED","TOTAL","NOT SPECIFIED","COUNTY","55","55","WI","WISCONSIN","80","SOUTH CENTRAL","021","021","COLUMBIA","","","00000000","","","9000","UNITED STATES","WISCONSIN, SOUTH CENTRAL, COLUMBIA","2022","ANNUAL","00","00","YEAR","","2024-07-02 12:00:00.000","7","39.7"
"CENSUS","CROPS","FIELD CROPS","CORN","ALL CLASSES","IRRIGATED","SILAGE","AREA HARVESTED","OPERATIONS","CORN, SILAGE, IRRIGATED - OPERATIONS WITH AREA HARVESTED","TOTAL","NOT SPECIFIED","COUNTY","55","55","WI","WISCONSIN","80","SOUTH CENTRAL","025","025","DANE","","","00000000","","","9000","UNITED STATES","WISCONSIN, SOUTH CENTRAL, DANE","2022","ANNUAL","00","00","YEAR","","2024-07-02 12:00:00.000","2","(L)"
"CENSUS","CROPS","FIELD CROPS","CORN","ALL CLASSES","IRRIGATED","SILAGE","AREA HARVESTED","OPERATIONS","CORN, SILAGE, IRRIGATED - OPERATIONS WITH AREA HARVESTED","TOTAL","NOT SPECIFIED","COUNTY","55","55","WI","WISCONSIN","80","SOUTH CENTRAL","027","027","DODGE","","","00000000","","","9000","UNITED STATES","WISCONSIN, SOUTH CENTRAL, DODGE","2022","ANNUAL","00","00","YEAR","","2024-07-02 12:00:00.000","4","39.7"
"CENSUS","CROPS","FIELD CROPS","CORN","ALL CLASSES","IRRIGATED","SILAGE","AREA HARVESTED","OPERATIONS","CORN, SILAGE, IRRIGATED - OPERATIONS WITH AREA HARVESTED","TOTAL","NOT SPECIFIED","COUNTY","55","55","WI","WISCONSIN","80","SOUTH CENTRAL","045","045","GREEN","","","00000000","","","9000","UNITED STATES","WISCONSIN, SOUTH CENTRAL, GREEN","2022","ANNUAL","00","00","YEAR","","2024-07-02 12:00:00.000","2","39.7"
"CENSUS","CROPS","FIELD CROPS","CORN","ALL CLASSES","IRRIGATED","SILAGE","AREA HARVESTED","OPERATIONS","CORN, SILAGE, IRRIGATED - OPERATIONS WITH AREA HARVESTED","TOTAL","NOT SPECIFIED","COUNTY","55","55","WI","WISCONSIN","90","SOUTHEAST","127","127","WALWORTH","","","00000000","","","9000","UNITED STATES","WISCONSIN, SOUTHEAST, WALWORTH","2022","ANNUAL","00","00","YEAR","","2024-07-02 12:00:00.000","1","(L)"

