"source_desc","sector_desc","group_desc","commodity_desc","class_desc","prodn_practice_desc","util_practice_desc","statisticcat_desc","unit_desc","short_desc","domain_desc","domaincat_desc","agg_level_desc","state_ansi","state_fips_code","state_alpha","state_name","asd_code","asd_desc","county_ansi","county_code","county_name","region_desc","zip_5","watershed_code","watershed_desc","congr_district_code","country_code","country_name","location_desc","year","freq_desc","begin_code","end_code","reference_period_desc","week_ending","load_time","Value","CV (%)"
"CENSUS","CROPS","FIELD CROPS","HAY","ALFALFA","ALL PRODUCTION PRACTICES","ALL UTILIZATION PRACTICES","AREA HARVESTED","ACRES","HAY, ALFALFA - ACRES HARVESTED","TOTAL","NOT SPECIFIED","COUNTY","55","55","WI","WISCONSIN","10","NORTHWEST","005","005","BARRON","","","00000000","","","9000","UNITED STATES","WISCONSIN, NORTHWEST, BARRON","2022","ANNUAL","00","00","YEAR","","2024-07-02 12:00:00.000","21,019","13.2"
"CENSUS","CROPS","FIELD CROPS","HAY","ALFALFA","ALL PRODUCTION PRACTICES","ALL UTILIZATION PRACTICES","AREA HARVESTED","ACRES","HAY, ALFALFA - ACRES HARVESTED","TOTAL","NOT SPECIFIED","COUNTY","55","55","WI","WISCONSIN","10","NORTHWEST","007","007","BAYFIELD","","","00000000","","","9000","UNITED STATES","WISCONSIN, NORTHWEST, BAYFIELD","2022","ANNUAL","00","00","YEAR","","2024-07-02 12:00:00.000","5,620","13.2"
"CENSUS","CROPS","FIELD CROPS","HAY","ALFALFA","ALL PRODUCTION PRACTICES","ALL UTILIZATION PRACTICES","AREA HARVESTED","ACRES","HAY, ALFALFA - ACRES HARVESTED","TOTAL","NOT SPECIFIED","COUNTY","55","55","WI","WISCONSIN","10","NORTHWEST","013","013","BURNETT","","","00000000","","","9000","UNITED STATES","WISCONSIN, NORTHWEST, BURNETT","2022","ANNUAL","00","00","YEAR","","2024-07-02 12:00:00.000","5,949","13.2"
"CENSUS","CROPS","FIELD CROPS","HAY","ALFALFA","ALL PRODUCTION PRACTICES","ALL UTILIZATION PRACTICES","AREA HARVESTED","ACRES","HAY, ALFALFA - ACRES HARVESTED","TOTAL","NOT SPECIFIED","COUNTY","55","55","WI","WISCONSIN","10","NORTHWEST","017","017","CHIPPEWA","","","00000000","","","9000","UNITED STATES","WISCONSIN, NORTHWEST, CHIPPEWA","2022","ANNUAL","00","00","YEAR","","2024-07-02 12:00:00.000","22,733","13.2"
"CENSUS","CROPS","FIELD CROPS","HAY","ALFALFA","ALL PRODUCTION PRACTICES","ALL UTILIZATION PRACTICES","AREA HARVESTED","ACRES","HAY, ALFALFA - ACRES HARVESTED","TOTAL","NOT SPECIFIED","COUNTY","55","55","WI","WISCONSIN","10","NORTHWEST","031","031","DOUGLAS","","","00000000","","","9000","UNITED STATES","WISCONSIN, NORTHWEST, DOUGLAS","2022","ANNUAL","00","00","YEAR","","2024-07-02 12:00:00.000","6,580","13.2"
"CENSUS","CROPS","FIELD CROPS","HAY","ALFALFA","ALL PRODUCTION PRACTICES","ALL UTILIZATION PRACTICES","AREA HARVESTED","ACRES","HAY, ALFALFA - ACRES HARVESTED","TOTAL","NOT SPECIFIED","COUNTY","55","55","WI","WISCONSIN","10","NORTHWEST","095","095","POLK","","","00000000","","","9000","UNITED STATES","WISCONSIN, NORTHWEST, POLK","2022","ANNUAL","00","00","YEAR","","2024-07-02 12:00:00.000","15,197","13.2"
"CENSUS","CROPS","FIELD CROPS","HAY","ALFALFA","ALL PRODUCTION PRACTICES","ALL UTILIZATION PRACTICES","AREA HARVESTED","ACRES","HAY, ALFALFA - ACRES HARVESTED","TOTAL","NOT SPECIFIED","COUNTY","55","55","WI","WISCONSIN","10","NORTHWEST","107","107","RUSK","","","00000000","","","9000","UNITED STATES","WISCONSIN, NORTHWEST, RUSK","2022","ANNUAL","00","00","YEAR","","2024-07-02 12:00:00.000","5,625","13.2"
"CENSUS","CROPS","FIELD CROPS","HAY","ALFALFA","ALL PRODUCTION PRACTICES","ALL UTILIZATION PRACTICES","AREA HARVESTED","ACRES","HAY, ALFALFA - ACRES HARVESTED","TOTAL","NOT SPECIFIED","COUNTY","55","55","WI","WISCONSIN","10","NORTHWEST","113","113","SAWYER","","","00000000","","","9000","UNITED STATES","WISCONSIN, NORTHWEST, SAWYER","2022","ANNUAL","00","00","YEAR","","2024-07-02 12:00:00.000","2,528","13.2"
"CENSUS","CROPS","FIELD CROPS","HAY","ALFALFA","ALL PRODUCTION PRACTICES","ALL UTILIZATION PRACTICES","AREA HARVESTED","ACRES","HAY, ALFALFA - ACRES HARVESTED","TOTAL","NOT SPECIFIED","COUNTY","55","55","WI","WISCONSIN","10","NORTHWEST","129","129","WASHBURN","","","00000000","","","9000","UNITED STATES","WISCONSIN, NORTHWEST, WASHBURN","2022","ANNUAL","00","00","YEAR","","2024-07-02 12:00:00.000","2,626","13.2"
"CENSUS","CROPS","FIELD CROPS","HAY","ALFALFA","ALL PRODUCTION PRACTICES","ALL UTILIZATION PRACTICES","AREA HARVESTED","ACRES","HAY, ALFALFA - ACRES HARVESTED","TOTAL","NOT SPECIFIED","COUNTY","55","55","WI","WISCONSIN","20","NORTH CENTRAL","003","003","ASHLAND","","","00000000","","","9000","UNITED STATES","WISCONSIN, NORTH CENTRAL, ASHLAND","2022","ANNUAL","00","00","YEAR","","2024-07-02 12:00:00.000","3,504","13.2"
"CENSUS","CROPS","FIELD CROPS","HAY","ALFALFA","ALL PRODUCTION PRACTICES","ALL UTILIZATION PRACTICES","AREA HARVESTED","ACRES","HAY, ALFALFA - ACRES HARVESTED","TOTAL","NOT SPECIFIED","COUNTY","55","55","WI","WISCONSIN","20","NORTH CENTRAL","019","019","CLARK","","","00000000","","","9000","UNITED STATES","WISCONSIN, NORTH CENTRAL, CLARK","2022","ANNUAL","00","00","YEAR","","2024-07-02 12:00:00.000","22,559","13.2"
"CENSUS","CROPS","FIELD CROPS","HAY","ALFALFA","ALL PRODUCTION PRACTICES","ALL UTILIZATION PRACTICES","AREA HARVESTED","ACRES","HAY, ALFALFA - ACRES HARVESTED","TOTAL","NOT SPECIFIED","COUNTY","55","55","WI","WISCONSIN","20","NORTH CENTRAL","051","051","IRON","","","00000000","","","9000","UNITED STATES","WISCONSIN, NORTH CENTRAL, IRON","2022","ANNUAL","00","00","YEAR","","2024-07-02 12:00:00.000","270","13.2"
"CENSUS","CROPS","FIELD CROPS","HAY","ALFALFA","ALL PRODUCTION PRACTICES","ALL UTILIZATION PRACTICES","AREA HARVESTED","ACRES","HAY, ALFALFA - ACRES HARVESTED","TOTAL","NOT SPECIFIED","COUNTY","55","55","WI","WISCONSIN","20","NORTH CENTRAL","069","069","LINCOLN","","","00000000","","","9000","UNITED STATES","WISCONSIN, NORTH CENTRAL, LINCOLN","2022","ANNUAL","00","00","YEAR","","2024-07-02 12:00:00.000","3,934","13.2"
"CENSUS","CROPS","FIELD CROPS","HAY","ALFALFA","ALL PRODUCTION PRACTICES","ALL UTILIZATION PRACTICES","AREA HARVESTED","ACRES","HAY, ALFALFA - ACRES HARVESTED","TOTAL","NOT SPECIFIED","COUNTY","55","55","WI","WISCONSIN","20","NORTH CENTRAL","073","073","MARATHON","","","00000000","","","9000","UNITED STATES","WISCONSIN, NORTH CENTRAL, MARATHON","2022","ANNUAL","00","00","YEAR","","2024-07-02 12:00:00.000","26,117","13.2"
"CENSUS","CROPS","FIELD CROPS","HAY","ALFALFA","ALL PRODUCTION PRACTICES","ALL UTILIZATION PRACTICES","AREA HARVESTED","ACRES","HAY, ALFALFA - ACRES HARVESTED","TOTAL","NOT SPECIFIED","COUNTY","55","55","WI","WISCONSIN","20","NORTH CENTRAL","085","085","ONEIDA","","","00000000","","","9000","UNITED STATES","WISCONSIN, NORTH CENTRAL, ONEIDA","2022","ANNUAL","00","00","YEAR","","2024-07-02 12:00:00.000","2,362","13.2"
"CENSUS","CROPS","FIELD CROPS","HAY","ALFALFA","ALL PRODUCTION PRACTICES","ALL UTILIZATION PRACTICES","AREA HARVESTED","ACRES","HAY, ALFALFA - ACRES HARVESTED","TOTAL","NOT SPECIFIED","COUNTY","55","55","WI","WISCONSIN","20","NORTH CENTRAL","099","099","PRICE","","","00000000","","","9000","UNITED STATES","WISCONSIN, NORTH CENTRAL, PRICE","2022","ANNUAL","00","00","YEAR","","2024-07-02 12:00:00.000","2,653","13.2"
"CENSUS","CROPS","FIELD CROPS","HAY","ALFALFA","ALL PRODUCTION PRACTICES","ALL UTILIZATION PRACTICES","AREA HARVESTED","ACRES","HAY, ALFALFA - ACRES HARVESTED","TOTAL","NOT SPECIFIED","COUNTY","55","55","WI","WISCONSIN","20","NORTH CENTRAL","119","119","TAYLOR","","","00000000","","","9000","UNITED STATES","WISCONSIN, NORTH CENTRAL, TAYLOR","2022","ANNUAL","00","00","YEAR","","2024-07-02 12:00:00.000","13,711","13.2"
"CENSUS","CROPS","FIELD CROPS","HAY","ALFALFA","ALL PRODUCTION PRACTICES","ALL UTILIZATION PRACTICES","AREA HARVESTED","ACRES","HAY, ALFALFA - ACRES HARVESTED","TOTAL","NOT SPECIFIED","COUNTY","55","55","WI","WISCONSIN","20","NORTH CENTRAL","125","125","VILAS","","","00000000","","","9000","UNITED STATES","WISCONSIN, NORTH CENTRAL, VILAS","2022","ANNUAL","00","00","YEAR","","2024-07-02 12:00:00.000"," (D)","(D)"
"CENSUS","CROPS","FIELD CROPS","HAY","ALFALFA","ALL PRODUCTION PRACTICES","ALL UTILIZATION PRACTICES","AREA HARVESTED","ACRES","HAY, ALFALFA - ACRES HARVESTED","TOTAL","NOT SPECIFIED","COUNTY","55","55","WI","WISCONSIN","30","NORTHEAST","037","037","FLORENCE","","","00000000","","","9000","UNITED STATES","WISCONSIN, NORTHEAST, FLORENCE","2022","ANNUAL","00","00","YEAR","","2024-07-02 12:00:00.000","2,182","13.2"
"CENSUS","CROPS","FIELD CROPS","HAY","ALFALFA","ALL PRODUCTION PRACTICES","ALL UTILIZATION PRACTICES","AREA HARVESTED","ACRES","HAY, ALFALFA - ACRES HARVESTED","TOTAL","NOT SPECIFIED","COUNTY","55","55","WI","WISCONSIN","30","NORTHEAST","041","041","FOREST","","","00000000","","","9000","UNITED STATES","WISCONSIN, NORTHEAST, FOREST","2022","ANNUAL","00","00","YEAR","","2024-07-02 12:00:00.000","1,206","13.2"
"CENSUS","CROPS","FIELD CROPS","HAY","ALFALFA","ALL PRODUCTION PRACTICES","ALL UTILIZATION PRACTICES","AREA HARVESTED","ACRES","HAY, ALFALFA - ACRES HARVESTED","TOTAL","NOT SPECIFIED","COUNTY","55","55","WI","WISCONSIN","30","NORTHEAST","067","067","LANGLADE","","","00000000","","","9000","UNITED STATES","WISCONSIN, NORTHEAST, LANGLADE","2022","ANNUAL","00","00","YEAR","","2024-07-02 12:00:00.000","5,186","13.2"
"CENSUS","CROPS","FIELD CROPS","HAY","ALFALFA","ALL PRODUCTION PRACTICES","ALL UTILIZATION PRACTICES","AREA HARVESTED","ACRES","HAY, ALFALFA - ACRES HARVESTED","TOTAL","NOT SPECIFIED","COUNTY","55","55","WI","WISCONSIN","30","NORTHEAST","075","075","MARINETTE","","","00000000","","","9000","UNITED STATES","WISCONSIN, NORTHEAST, MARINETTE","2022","ANNUAL","00","00","YEAR","","2024-07-02 12:00:00.000","10,156","13.2"
"CENSUS","CROPS","FIELD CROPS","HAY","ALFALFA","ALL PRODUCTION PRACTICES","ALL UTILIZATION PRACTICES","AREA HARVESTED","ACRES","HAY, ALFALFA - ACRES HARVESTED","TOTAL","NOT SPECIFIED","COUNTY","55","55","WI","WISCONSIN","30","NORTHEAST","083","083","OCONTO","","","00000000","","","9000","UNITED STATES","WISCONSIN, NORTHEAST, OCONTO","2022","ANNUAL","00","00","YEAR","","2024-07-02 12:00:00.000","17,809","13.2"
"CENSUS","CROPS","FIELD CROPS","HAY","ALFALFA","ALL PRODUCTION PRACTICES","ALL UTILIZATION PRACTICES","AREA HARVESTED","ACRES","HAY, ALFALFA - ACRES HARVESTED","TOTAL","NOT SPECIFIED","COUNTY","55","55","WI","WISCONSIN","30","NORTHEAST","115","115","SHAWANO","","","00000000","","","9000","UNITED STATES","WISCONSIN, NORTHEAST, SHAWANO","2022","ANNUAL","00","00","YEAR","","2024-07-02 12:00:00.000","19,589","13.2"
"CENSUS","CROPS","FIELD CROPS","HAY","ALFALFA","ALL PRODUCTION PRACTICES","ALL UTILIZATION PRACTICES","AREA HARVESTED","ACRES","HAY, ALFALFA - ACRES HARVESTED","TOTAL","NOT SPECIFIED","COUNTY","55","55","WI","WISCONSIN","40","WEST CENTRAL","011","011","BUFFALO","","","00000000","","","9000","UNITED STATES","WISCONSIN, WEST CENTRAL, BUFFALO","2022","ANNUAL","00","00","YEAR","","2024-07-02 12:00:00.000","20,709","13.2"
"CENSUS","CROPS","FIELD CROPS","HAY","ALFALFA","ALL PRODUCTION PRACTICES","ALL UTILIZATION PRACTICES","AREA HARVESTED","ACRES","HAY, ALFALFA - ACRES HARVESTED","TOTAL","NOT SPECIFIED","COUNTY","55","55","WI","WISCONSIN","40","WEST CENTRAL","033","033","DUNN","","","00000000","","","9000","UNITED STATES","WISCONSIN, WEST CENTRAL, DUNN","2022","ANNUAL","00","00","YEAR","","2024-07-02 12:00:00.000","19,395","13.2"
"CENSUS","CROPS","FIELD CROPS","HAY","ALFALFA","ALL PRODUCTION PRACTICES","ALL UTILIZATION PRACTICES","AREA HARVESTED","ACRES","HAY, ALFALFA - ACRES HARVESTED","TOTAL","NOT SPECIFIED","COUNTY","55","55","WI","WISCONSIN","40","WEST CENTRAL","035","035","EAU CLAIRE","","","00000000","","","9000","UNITED STATES","WISCONSIN, WEST CENTRAL, EAU CLAIRE","2022","ANNUAL","00","00","YEAR","","2024-07-02 12:00:00.000","15,556","13.2"
"CENSUS","CROPS","FIELD CROPS","HAY","ALFALFA","ALL PRODUCTION PRACTICES","ALL UTILIZATION PRACTICES","AREA HARVESTED","ACRES","HAY, ALFALFA - ACRES HARVESTED","TOTAL","NOT SPECIFIED","COUNTY","55","55","WI","WISCONSIN","40","WEST CENTRAL","053","053","JACKSON","","","00000000","","","9000","UNITED STATES","WISCONSIN, WEST CENTRAL, JACKSON","2022","ANNUAL","00","00","YEAR","","2024-07-02 12:00:00.000","16,002","13.2"
"CENSUS","CROPS","FIELD CROPS","HAY","ALFALFA","ALL PRODUCTION PRACTICES","ALL UTILIZATION PRACTICES","AREA HARVESTED","ACRES","HAY, ALFALFA - ACRES HARVESTED","TOTAL","NOT SPECIFIED","COUNTY","55","55","WI","WISCONSIN","40","WEST CENTRAL","063","063","LA CROSSE","","","00000000","","","9000","UNITED STATES","WISCONSIN, WEST CENTRAL, LA CROSSE","2022","ANNUAL","00","00","YEAR","","2024-07-02 12:00:00.000","9,863","13.2"
"CENSUS","CROPS","FIELD CROPS","HAY","ALFALFA","ALL PRODUCTION PRACTICES","ALL UTILIZATION PRACTICES","AREA HARVESTED","ACRES","HAY, ALFALFA - ACRES HARVESTED","TOTAL","NOT SPECIFIED","COUNTY","55","55","WI","WISCONSIN","40","WEST CENTRAL","081","081","MONROE","","","00000000","","","9000","UNITED STATES","WISCONSIN, WEST CENTRAL, MONROE","2022","ANNUAL","00","00","YEAR","","2024-07-02 12:00:00.000","21,607","13.2"
"CENSUS","CROPS","FIELD CROPS","HAY","ALFALFA","ALL PRODUCTION PRACTICES","ALL UTILIZATION PRACTICES","AREA HARVESTED","ACRES","HAY, ALFALFA - ACRES HARVESTED","TOTAL","NOT SPECIFIED","COUNTY","55","55","WI","WISCONSIN","40","WEST CENTRAL","091","091","PEPIN","","","00000000","","","9000","UNITED STATES","WISCONSIN, WEST CENTRAL, PEPIN","2022","ANNUAL","00","00","YEAR","","2024-07-02 12:00:00.000","4,285","13.2"
"CENSUS","CROPS","FIELD CROPS","HAY","ALFALFA","ALL PRODUCTION PRACTICES","ALL UTILIZATION PRACTICES","AREA HARVESTED","ACRES","HAY, ALFALFA - ACRES HARVESTED","TOTAL","NOT SPECIFIED","COUNTY","55","55","WI","WISCONSIN","40","WEST CENTRAL","093","093","PIERCE","","","00000000","","","9000","UNITED STATES","WISCONSIN, WEST CENTRAL, PIERCE","2022","ANNUAL","00","00","YEAR","","2024-07-02 12:00:00.000","18,086","13.2"
"CENSUS","CROPS","FIELD CROPS","HAY","ALFALFA","ALL PRODUCTION PRACTICES","ALL UTILIZATION PRACTICES","AREA HARVESTED","ACRES","HAY, ALFALFA - ACRES HARVESTED","TOTAL","NOT SPECIFIED","COUNTY","55","55","WI","WISCONSIN","40","WEST CENTRAL","109","109","ST CROIX","","","00000000","","","9000","UNITED STATES","WISCONSIN, WEST CENTRAL, ST CROIX","2022","ANNUAL","00","00","YEAR","","2024-07-02 12:00:00.000","16,554","13.2"
"CENSUS","CROPS","FIELD CROPS","HAY","ALFALFA","ALL PRODUCTION PRACTICES","ALL UTILIZATION PRACTICES","AREA HARVESTED","ACRES","HAY, ALFALFA - ACRES HARVESTED","TOTAL","NOT SPECIFIED","COUNTY","55","55","WI","WISCONSIN","40","WEST CENTRAL","121","121","TREMPEALEAU","","","00000000","","","9000","UNITED STATES","WISCONSIN, WEST CENTRAL, TREMPEALEAU","2022","ANNUAL","00","00","YEAR","","2024-07-02 12:00:00.000","19,495","13.2"
"CENSUS","CROPS","FIELD CROPS","HAY","ALFALFA","ALL PRODUCTION PRACTICES","ALL UTILIZATION PRACTICES","AREA HARVESTED","ACRES","HAY, ALFALFA - ACRES HARVESTED","TOTAL","NOT SPECIFIED","COUNTY","55","55","WI","WISCONSIN","50","CENTRAL","001","001","ADAMS","","","00000000","","","9000","UNITED STATES","WISCONSIN, CENTRAL, ADAMS","2022","ANNUAL","00","00","YEAR","","2024-07-02 12:00:00.000","5,571","13.2"
"CENSUS","CROPS","FIELD CROPS","HAY","ALFALFA","ALL PRODUCTION PRACTICES","ALL UTILIZATION PRACTICES","AREA HARVESTED","ACRES","HAY, ALFALFA - ACRES HARVESTED","TOTAL","NOT SPECIFIED","COUNTY","55","55","WI","WISCONSIN","50","CENTRAL","047","047","GREEN LAKE","","","00000000","","","9000","UNITED STATES","WISCONSIN, CENTRAL, GREEN LAKE","2022","ANNUAL","00","00","YEAR","","2024-07-02 12:00:00.000","4,209","13.2"
"CENSUS","CROPS","FIELD CROPS","HAY","ALFALFA","ALL PRODUCTION PRACTICES","ALL UTILIZATION PRACTICES","AREA HARVESTED","ACRES","HAY, ALFALFA - ACRES HARVESTED","TOTAL","NOT SPECIFIED","COUNTY","55","55","WI","WISCONSIN","50","CENTRAL","057","057","JUNEAU","","","00000000","","","9000","UNITED STATES","WISCONSIN, CENTRAL, JUNEAU","2022","ANNUAL","00","00","YEAR","","2024-07-02 12:00:00.000","12,013","13.2"
"CENSUS","CROPS","FIELD CROPS","HAY","ALFALFA","ALL PRODUCTION PRACTICES","ALL UTILIZATION PRACTICES","AREA HARVESTED","ACRES","HAY, ALFALFA - ACRES HARVESTED","TOTAL","NOT SPECIFIED","COUNTY","55","55","WI","WISCONSIN","50","CENTRAL","077","077","MARQUETTE","","","00000000","","","9000","UNITED STATES","WISCONSIN, CENTRAL, MARQUETTE","2022","ANNUAL","00","00","YEAR","","2024-07-02 12:00:00.000","8,084","13.2"
"CENSUS","CROPS","FIELD CROPS","HAY","ALFALFA","ALL PRODUCTION PRACTICES","ALL UTILIZATION PRACTICES","AREA HARVESTED","ACRES","HAY, ALFALFA - ACRES HARVESTED","TOTAL","NOT SPECIFIED","COUNTY","55","55","WI","WISCONSIN","50","CENTRAL","097","097","PORTAGE","","","00000000","","","9000","UNITED STATES","WISCONSIN, CENTRAL, PORTAGE","2022","ANNUAL","00","00","YEAR","","2024-07-02 12:00:00.000","21,099","13.2"
"CENSUS","CROPS","FIELD CROPS","HAY","ALFALFA","ALL PRODUCTION PRACTICES","ALL UTILIZATION PRACTICES","AREA HARVESTED","ACRES","HAY, ALFALFA - ACRES HARVESTED","TOTAL","NOT SPECIFIED","COUNTY","55","55","WI","WISCONSIN","50","CENTRAL","135","135","WAUPACA","","","00000000","","","9000","UNITED STATES","WISCONSIN, CENTRAL, WAUPACA","2022","ANNUAL","00","00","YEAR","","2024-07-02 12:00:00.000","15,616","13.2"
"CENSUS","CROPS","FIELD CROPS","HAY","ALFALFA","ALL PRODUCTION PRACTICES","ALL UTILIZATION PRACTICES","AREA HARVESTED","ACRES","HAY, ALFALFA - ACRES HARVESTED","TOTAL","NOT SPECIFIED","COUNTY","55","55","WI","WISCONSIN","50","CENTRAL","137","137","WAUSHARA","","","00000000","","","9000","UNITED STATES","WISCONSIN, CENTRAL, WAUSHARA","2022","ANNUAL","00","00","YEAR","","2024-07-02 12:00:00.000","8,039","13.2"
"CENSUS","CROPS","FIELD CROPS","HAY","ALFALFA","ALL PRODUCTION PRACTICES","ALL UTILIZATION PRACTICES","AREA HARVESTED","ACRES","HAY, ALFALFA - ACRES HARVESTED","TOTAL","NOT SPECIFIED","COUNTY","55","55","WI","WISCONSIN","50","CENTRAL","141","141","WOOD","","","00000000","","","9000","UNITED STATES","WISCONSIN, CENTRAL, WOOD","2022","ANNUAL","00","00","YEAR","","2024-07-02 12:00:00.000","17,386","13.2"
"CENSUS","CROPS","FIELD CROPS","HAY","ALFALFA","ALL PRODUCTION PRACTICES","ALL UTILIZATION PRACTICES","AREA HARVESTED","ACRES","HAY, ALFALFA - ACRES HARVESTED","TOTAL","NOT SPECIFIED","COUNTY","55","55","WI","WISCONSIN","60","EAST CENTRAL","009","009","BROWN","","","00000000","","","9000","UNITED STATES","WISCONSIN, EAST CENTRAL, BROWN","2022","ANNUAL","00","00","YEAR","","2024-07-02 12:00:00.000","16,755","13.2"
"CENSUS","CROPS","FIELD CROPS","HAY","ALFALFA","ALL PRODUCTION PRACTICES","ALL UTILIZATION PRACTICES","AREA HARVESTED","ACRES","HAY, ALFALFA - ACRES HARVESTED","TOTAL","NOT SPECIFIED","COUNTY","55","55","WI","WISCONSIN","60","EAST CENTRAL","015","015","CALUMET","","","00000000","","","9000","UNITED STATES","WISCONSIN, EAST CENTRAL, CALUMET","2022","ANNUAL","00","00","YEAR","","2024-07-02 12:00:00.000","9,143","13.2"
"CENSUS","CROPS","FIELD CROPS","HAY","ALFALFA","ALL PRODUCTION PRACTICES","ALL UTILIZATION PRACTICES","AREA HARVESTED","ACRES","HAY, ALFALFA - ACRES HARVESTED","TOTAL","NOT SPECIFIED","COUNTY","55","55","WI","WISCONSIN","60","EAST CENTRAL","029","029","DOOR","","","00000000","","","9000","UNITED STATES","WISCONSIN, EAST CENTRAL, DOOR","2022","ANNUAL","00","00","YEAR","","2024-07-02 12:00:00.000","8,936","13.2"
"CENSUS","CROPS","FIELD CROPS","HAY","ALFALFA","ALL PRODUCTION PRACTICES","ALL UTILIZATION PRACTICES","AREA HARVESTED","ACRES","HAY, ALFALFA - ACRES HARVESTED","TOTAL","NOT SPECIFIED","COUNTY","55","55","WI","WISCONSIN","60","EAST CENTRAL","039","039","FOND DU LAC","","","00000000","","","9000","UNITED STATES","WISCONSIN, EAST CENTRAL, FOND DU LAC","2022","ANNUAL","00","00","YEAR","","2024-07-02 12:00:00.000","12,165","13.2"
"CENSUS","CROPS","FIELD CROPS","HAY","ALFALFA","ALL PRODUCTION PRACTICES","ALL UTILIZATION PRACTICES","AREA HARVESTED","ACRES","HAY, ALFALFA - ACRES HARVESTED","TOTAL","NOT SPECIFIED","COUNTY","55","55","WI","WISCONSIN","60","EAST CENTRAL","061","061","KEWAUNEE","","","00000000","","","9000","UNITED STATES","WISCONSIN, EAST CENTRAL, KEWAUNEE","2022","ANNUAL","00","00","YEAR","","2024-07-02 12:00:00.000","12,619","13.2"
"CENSUS","CROPS","FIELD CROPS","HAY","ALFALFA","ALL PRODUCTION PRACTICES","ALL UTILIZATION PRACTICES","AREA HARVESTED","ACRES","HAY, ALFALFA - ACRES HARVESTED","TOTAL","NOT SPECIFIED","COUNTY","55","55","WI","WISCONSIN","60","EAST CENTRAL","071","071","MANITOWOC","","","00000000","","","9000","UNITED STATES","WISCONSIN, EAST CENTRAL, MANITOWOC","2022","ANNUAL","00","00","YEAR","","2024-07-02 12:00:00.000","20,271","13.2"
"CENSUS","CROPS","FIELD CROPS","HAY","ALFALFA","ALL PRODUCTION PRACTICES","ALL UTILIZATION PRACTICES","AREA HARVESTED","ACRES","HAY, ALFALFA - ACRES HARVESTED","TOTAL","NOT SPECIFIED","COUNTY","55","55","WI","WISCONSIN","60","EAST CENTRAL","087","087","OUTAGAMIE","","","00000000","","","9000","UNITED STATES","WISCONSIN, EAST CENTRAL, OUTAGAMIE","2022","ANNUAL","00","00","YEAR","","2024-07-02 12:00:00.000","15,508","13.2"
"CENSUS","CROPS","FIELD CROPS","HAY","ALFALFA","ALL PRODUCTION PRACTICES","ALL UTILIZATION PRACTICES","AREA HARVESTED","ACRES","HAY, ALFALFA - ACRES HARVESTED","TOTAL","NOT SPECIFIED","COUNTY","55","55","WI","WISCONSIN","60","EAST CENTRAL","117","117","SHEBOYGAN","","","00000000","","","9000","UNITED STATES","WISCONSIN, EAST CENTRAL, SHEBOYGAN","2022","ANNUAL","00","00","YEAR","","2024-07-02 12:00:00.000","14,142","13.2"
"CENSUS","CROPS","FIELD CROPS","HAY","ALFALFA","ALL PRODUCTION PRACTICES","ALL UTILIZATION PRACTICES","AREA HARVESTED","ACRES","HAY, ALFALFA - ACRES HARVESTED","TOTAL","NOT SPECIFIED","COUNTY","55","55","WI","WISCONSIN","60","EAST CENTRAL","139","139","WINNEBAGO","","","00000000","","","9000","UNITED STATES","WISCONSIN, EAST CENTRAL, WINNEBAGO","2022","ANNUAL","00","00","YEAR","","2024-07-02 12:00:00.000","5,079","13.2"
"CENSUS","CROPS","FIELD CROPS","HAY","ALFALFA","ALL PRODUCTION PRACTICES","ALL UTILIZATION PRACTICES","AREA HARVESTED","ACRES","HAY, ALFALFA - ACRES HARVESTED","TOTAL","NOT SPECIFIED","COUNTY","55","55","WI","WISCONSIN","70","SOUTHWEST","023","023","CRAWFORD","","","00000000","","","9000","UNITED STATES","WISCONSIN, SOUTHWEST, CRAWFORD","2022","ANNUAL","00","00","YEAR","","2024-07-02 12:00:00.000","18,235","13.2"
"CENSUS","CROPS","FIELD CROPS","HAY","ALFALFA","ALL PRODUCTION PRACTICES","ALL UTILIZATION PRACTICES","AREA HARVESTED","ACRES","HAY, ALFALFA - ACRES HARVESTED","TOTAL","NOT SPECIFIED","COUNTY","55","55","WI","WISCONSIN","70","SOUTHWEST","043","043","GRANT","","","00000000","","","9000","UNITED STATES","WISCONSIN, SOUTHWEST, GRANT","2022","ANNUAL","00","00","YEAR","","2024-07-02 12:00:00.000","45,352","13.2"
"CENSUS","CROPS","FIELD CROPS","HAY","ALFALFA","ALL PRODUCTION PRACTICES","ALL UTILIZATION PRACTICES","AREA HARVESTED","ACRES","HAY, ALFALFA - ACRES HARVESTED","TOTAL","NOT SPECIFIED","COUNTY","55","55","WI","WISCONSIN","70","SOUTHWEST","049","049","IOWA","","","00000000","","","9000","UNITED STATES","WISCONSIN, SOUTHWEST, IOWA","2022","ANNUAL","00","00","YEAR","","2024-07-02 12:00:00.000","27,866","13.2"
"CENSUS","CROPS","FIELD CROPS","HAY","ALFALFA","ALL PRODUCTION PRACTICES","ALL UTILIZATION PRACTICES","AREA HARVESTED","ACRES","HAY, ALFALFA - ACRES HARVESTED","TOTAL","NOT SPECIFIED","COUNTY","55","55","WI","WISCONSIN","70","SOUTHWEST","065","065","LAFAYETTE","","","00000000","","","9000","UNITED STATES","WISCONSIN, SOUTHWEST, LAFAYETTE","2022","ANNUAL","00","00","YEAR","","2024-07-02 12:00:00.000","23,568","13.2"
"CENSUS","CROPS","FIELD CROPS","HAY","ALFALFA","ALL PRODUCTION PRACTICES","ALL UTILIZATION PRACTICES","AREA HARVESTED","ACRES","HAY, ALFALFA - ACRES HARVESTED","TOTAL","NOT SPECIFIED","COUNTY","55","55","WI","WISCONSIN","70","SOUTHWEST","103","103","RICHLAND","","","00000000","","","9000","UNITED STATES","WISCONSIN, SOUTHWEST, RICHLAND","2022","ANNUAL","00","00","YEAR","","2024-07-02 12:00:00.000","22,362","13.2"
"CENSUS","CROPS","FIELD CROPS","HAY","ALFALFA","ALL PRODUCTION PRACTICES","ALL UTILIZATION PRACTICES","AREA HARVESTED","ACRES","HAY, ALFALFA - ACRES HARVESTED","TOTAL","NOT SPECIFIED","COUNTY","55","55","WI","WISCONSIN","70","SOUTHWEST","111","111","SAUK","","","00000000","","","9000","UNITED STATES","WISCONSIN, SOUTHWEST, SAUK","2022","ANNUAL","00","00","YEAR","","2024-07-02 12:00:00.000","20,305","13.2"
"CENSUS","CROPS","FIELD CROPS","HAY","ALFALFA","ALL PRODUCTION PRACTICES","ALL UTILIZATION PRACTICES","AREA HARVESTED","ACRES","HAY, ALFALFA - ACRES HARVESTED","TOTAL","NOT SPECIFIED","COUNTY","55","55","WI","WISCONSIN","70","SOUTHWEST","123","123","VERNON","","","00000000","","","9000","UNITED STATES","WISCONSIN, SOUTHWEST, VERNON","2022","ANNUAL","00","00","YEAR","","2024-07-02 12:00:00.000","35,921","13.2"
"CENSUS","CROPS","FIELD CROPS","HAY","ALFALFA","ALL PRODUCTION PRACTICES","ALL UTILIZATION PRACTICES","AREA HARVESTED","ACRES","HAY, ALFALFA - ACRES HARVESTED","TOTAL","NOT SPECIFIED","COUNTY","55","55","WI","WISCONSIN","80","SOUTH CENTRAL","021","021","COLUMBIA","","","00000000","","","9000","UNITED STATES","WISCONSIN, SOUTH CENTRAL, COLUMBIA","2022","ANNUAL","00","00","YEAR","","2024-07-02 12:00:00.000","12,225","13.2"
"CENSUS","CROPS","FIELD CROPS","HAY","ALFALFA","ALL PRODUCTION PRACTICES","ALL UTILIZATION PRACTICES","AREA HARVESTED","ACRES","HAY, ALFALFA - ACRES HARVESTED","TOTAL","NOT SPECIFIED","COUNTY","55","55","WI","WISCONSIN","80","SOUTH CENTRAL","025","025","DANE","","","00000000","","","9000","UNITED STATES","WISCONSIN, SOUTH CENTRAL, DANE","2022","ANNUAL","00","00","YEAR","","2024-07-02 12:00:00.000","21,585","13.2"
"CENSUS","CROPS","FIELD CROPS","HAY","ALFALFA","ALL PRODUCTION PRACTICES","ALL UTILIZATION PRACTICES","AREA HARVESTED","ACRES","HAY, ALFALFA - ACRES HARVESTED","TOTAL","NOT SPECIFIED","COUNTY","55","55","WI","WISCONSIN","80","SOUTH CENTRAL","027","027","DODGE","","","00000000","","","9000","UNITED STATES","WISCONSIN, SOUTH CENTRAL, DODGE","2022","ANNUAL","00","00","YEAR","","2024-07-02 12:00:00.000","19,460","13.2"
"CENSUS","CROPS","FIELD CROPS","HAY","ALFALFA","ALL PRODUCTION PRACTICES","ALL UTILIZATION PRACTICES","AREA HARVESTED","ACRES","HAY, ALFALFA - ACRES HARVESTED","TOTAL","NOT SPECIFIED","COUNTY","55","55","WI","WISCONSIN","80","SOUTH CENTRAL","045","045","GREEN","","","00000000","","","9000","UNITED STATES","WISCONSIN, SOUTH CENTRAL, GREEN","2022","ANNUAL","00","00","YEAR","","2024-07-02 12:00:00.000","28,894","13.2"
"CENSUS","CROPS","FIELD CROPS","HAY","ALFALFA","ALL PRODUCTION PRACTICES","ALL UTILIZATION PRACTICES","AREA HARVESTED","ACRES","HAY, ALFALFA - ACRES HARVESTED","TOTAL","NOT SPECIFIED","COUNTY","55","55","WI","WISCONSIN","80","SOUTH CENTRAL","055","055","JEFFERSON","","","00000000","","","9000","UNITED STATES","WISCONSIN, SOUTH CENTRAL, JEFFERSON","2022","ANNUAL","00","00","YEAR","","2024-07-02 12:00:00.000","8,851","13.2"
"CENSUS","CROPS","FIELD CROPS","HAY","ALFALFA","ALL PRODUCTION PRACTICES","ALL UTILIZATION PRACTICES","AREA HARVESTED","ACRES","HAY, ALFALFA - ACRES HARVESTED","TOTAL","NOT SPECIFIED","COUNTY","55","55","WI","WISCONSIN","80","SOUTH CENTRAL","105","105","ROCK","","","00000000","","","9000","UNITED STATES","WISCONSIN, SOUTH CENTRAL, ROCK","2022","ANNUAL","00","00","YEAR","","2024-07-02 12:00:00.000","9,019","13.2"
"CENSUS","CROPS","FIELD CROPS","HAY","ALFALFA","ALL PRODUCTION PRACTICES","ALL UTILIZATION PRACTICES","AREA HARVESTED","ACRES","HAY, ALFALFA - ACRES HARVESTED","TOTAL","NOT SPECIFIED","COUNTY","55","55","WI","WISCONSIN","90","SOUTHEAST","059","059","KENOSHA","","","00000000","","","9000","UNITED STATES","WISCONSIN, SOUTHEAST, KENOSHA","2022","ANNUAL","00","00","YEAR","","2024-07-02 12:00:00.000","3,356","13.2"
"CENSUS","CROPS","FIELD CROPS","HAY","ALFALFA","ALL PRODUCTION PRACTICES","ALL UTILIZATION PRACTICES","AREA HARVESTED","ACRES","HAY, ALFALFA - ACRES HARVESTED","TOTAL","NOT SPECIFIED","COUNTY","55","55","WI","WISCONSIN","90","SOUTHEAST","079","079","MILWAUKEE","","","00000000","","","9000","UNITED STATES","WISCONSIN, SOUTHEAST, MILWAUKEE","2022","ANNUAL","00","00","YEAR","","2024-07-02 12:00:00.000"," (D)","(D)"
"CENSUS","CROPS","FIELD CROPS","HAY","ALFALFA","ALL PRODUCTION PRACTICES","ALL UTILIZATION PRACTICES","AREA HARVESTED","ACRES","HAY, ALFALFA - ACRES HARVESTED","TOTAL","NOT SPECIFIED","COUNTY","55","55","WI","WISCONSIN","90","SOUTHEAST","089","089","OZAUKEE","","","00000000","","","9000","UNITED STATES","WISCONSIN, SOUTHEAST, OZAUKEE","2022","ANNUAL","00","00","YEAR","","2024-07-02 12:00:00.000","4,944","13.2"
"CENSUS","CROPS","FIELD CROPS","HAY","ALFALFA","ALL PRODUCTION PRACTICES","ALL UTILIZATION PRACTICES","AREA HARVESTED","ACRES","HAY, ALFALFA - ACRES HARVESTED","TOTAL","NOT SPECIFIED","COUNTY","55","55","WI","WISCONSIN","90","SOUTHEAST","101","101","RACINE","","","00000000","","","9000","UNITED STATES","WISCONSIN, SOUTHEAST, RACINE","2022","ANNUAL","00","00","YEAR","","2024-07-02 12:00:00.000","4,508","13.2"
"CENSUS","CROPS","FIELD CROPS","HAY","ALFALFA","ALL PRODUCTION PRACTICES","ALL UTILIZATION PRACTICES","AREA HARVESTED","ACRES","HAY, ALFALFA - ACRES HARVESTED","TOTAL","NOT SPECIFIED","COUNTY","55","55","WI","WISCONSIN","90","SOUTHEAST","127","127","WALWORTH","","","00000000","","","9000","UNITED STATES","WISCONSIN, SOUTHEAST, WALWORTH","2022","ANNUAL","00","00","YEAR","","2024-07-02 12:00:00.000","8,690","13.2"
"CENSUS","CROPS","FIELD CROPS","HAY","ALFALFA","ALL PRODUCTION PRACTICES","ALL UTILIZATION PRACTICES","AREA HARVESTED","ACRES","HAY, ALFALFA - ACRES HARVESTED","TOTAL","NOT SPECIFIED","COUNTY","55","55","WI","WISCONSIN","90","SOUTHEAST","131","131","WASHINGTON","","","00000000","","","9000","UNITED STATES","WISCONSIN, SOUTHEAST, WASHINGTON","2022","ANNUAL","00","00","YEAR","","2024-07-02 12:00:00.000","9,421","13.2"
"CENSUS","CROPS","FIELD CROPS","HAY","ALFALFA","ALL PRODUCTION PRACTICES","ALL UTILIZATION PRACTICES","AREA HARVESTED","ACRES","HAY, ALFALFA - ACRES HARVESTED","TOTAL","NOT SPECIFIED","COUNTY","55","55","WI","WISCONSIN","90","SOUTHEAST","133","133","WAUKESHA","","","00000000","","","9000","UNITED STATES","WISCONSIN, SOUTHEAST, WAUKESHA","2022","ANNUAL","00","00","YEAR","","2024-07-02 12:00:00.000","5,838","13.2"
"CENSUS","CROPS","FIELD CROPS","HAY","ALFALFA","ALL PRODUCTION PRACTICES","ALL UTILIZATION PRACTICES","AREA HARVESTED","OPERATIONS","HAY, ALFALFA - OPERATIONS WITH AREA HARVESTED","TOTAL","NOT SPECIFIED","COUNTY","55","55","WI","WISCONSIN","10","NORTHWEST","005","005","BARRON","","","00000000","","","9000","UNITED STATES","WISCONSIN, NORTHWEST, BARRON","2022","ANNUAL","00","00","YEAR","","2024-07-02 12:00:00.000","431","7.9"
"CENSUS","CROPS","FIELD CROPS","HAY","ALFALFA","ALL PRODUCTION PRACTICES","ALL UTILIZATION PRACTICES","AREA HARVESTED","OPERATIONS","HAY, ALFALFA - OPERATIONS WITH AREA HARVESTED","TOTAL","NOT SPECIFIED","COUNTY","55","55","WI","WISCONSIN","10","NORTHWEST","007","007","BAYFIELD","","","00000000","","","9000","UNITED STATES","WISCONSIN, NORTHWEST, BAYFIELD","2022","ANNUAL","00","00","YEAR","","2024-07-02 12:00:00.000","66","7.9"
"CENSUS","CROPS","FIELD CROPS","HAY","ALFALFA","ALL PRODUCTION PRACTICES","ALL UTILIZATION PRACTICES","AREA HARVESTED","OPERATIONS","HAY, ALFALFA - OPERATIONS WITH AREA HARVESTED","TOTAL","NOT SPECIFIED","COUNTY","55","55","WI","WISCONSIN","10","NORTHWEST","013","013","BURNETT","","","00000000","","","9000","UNITED STATES","WISCONSIN, NORTHWEST, BURNETT","2022","ANNUAL","00","00","YEAR","","2024-07-02 12:00:00.000","77","7.9"
"CENSUS","CROPS","FIELD CROPS","HAY","ALFALFA","ALL PRODUCTION PRACTICES","ALL UTILIZATION PRACTICES","AREA HARVESTED","OPERATIONS","HAY, ALFALFA - OPERATIONS WITH AREA HARVESTED","TOTAL","NOT SPECIFIED","COUNTY","55","55","WI","WISCONSIN","10","NORTHWEST","017","017","CHIPPEWA","","","00000000","","","9000","UNITED STATES","WISCONSIN, NORTHWEST, CHIPPEWA","2022","ANNUAL","00","00","YEAR","","2024-07-02 12:00:00.000","447","7.9"
"CENSUS","CROPS","FIELD CROPS","HAY","ALFALFA","ALL PRODUCTION PRACTICES","ALL UTILIZATION PRACTICES","AREA HARVESTED","OPERATIONS","HAY, ALFALFA - OPERATIONS WITH AREA HARVESTED","TOTAL","NOT SPECIFIED","COUNTY","55","55","WI","WISCONSIN","10","NORTHWEST","031","031","DOUGLAS","","","00000000","","","9000","UNITED STATES","WISCONSIN, NORTHWEST, DOUGLAS","2022","ANNUAL","00","00","YEAR","","2024-07-02 12:00:00.000","51","7.9"
"CENSUS","CROPS","FIELD CROPS","HAY","ALFALFA","ALL PRODUCTION PRACTICES","ALL UTILIZATION PRACTICES","AREA HARVESTED","OPERATIONS","HAY, ALFALFA - OPERATIONS WITH AREA HARVESTED","TOTAL","NOT SPECIFIED","COUNTY","55","55","WI","WISCONSIN","10","NORTHWEST","095","095","POLK","","","00000000","","","9000","UNITED STATES","WISCONSIN, NORTHWEST, POLK","2022","ANNUAL","00","00","YEAR","","2024-07-02 12:00:00.000","332","7.9"
"CENSUS","CROPS","FIELD CROPS","HAY","ALFALFA","ALL PRODUCTION PRACTICES","ALL UTILIZATION PRACTICES","AREA HARVESTED","OPERATIONS","HAY, ALFALFA - OPERATIONS WITH AREA HARVESTED","TOTAL","NOT SPECIFIED","COUNTY","55","55","WI","WISCONSIN","10","NORTHWEST","107","107","RUSK","","","00000000","","","9000","UNITED STATES","WISCONSIN, NORTHWEST, RUSK","2022","ANNUAL","00","00","YEAR","","2024-07-02 12:00:00.000","106","7.9"
"CENSUS","CROPS","FIELD CROPS","HAY","ALFALFA","ALL PRODUCTION PRACTICES","ALL UTILIZATION PRACTICES","AREA HARVESTED","OPERATIONS","HAY, ALFALFA - OPERATIONS WITH AREA HARVESTED","TOTAL","NOT SPECIFIED","COUNTY","55","55","WI","WISCONSIN","10","NORTHWEST","113","113","SAWYER","","","00000000","","","9000","UNITED STATES","WISCONSIN, NORTHWEST, SAWYER","2022","ANNUAL","00","00","YEAR","","2024-07-02 12:00:00.000","29","7.9"
"CENSUS","CROPS","FIELD CROPS","HAY","ALFALFA","ALL PRODUCTION PRACTICES","ALL UTILIZATION PRACTICES","AREA HARVESTED","OPERATIONS","HAY, ALFALFA - OPERATIONS WITH AREA HARVESTED","TOTAL","NOT SPECIFIED","COUNTY","55","55","WI","WISCONSIN","10","NORTHWEST","129","129","WASHBURN","","","00000000","","","9000","UNITED STATES","WISCONSIN, NORTHWEST, WASHBURN","2022","ANNUAL","00","00","YEAR","","2024-07-02 12:00:00.000","66","7.9"
"CENSUS","CROPS","FIELD CROPS","HAY","ALFALFA","ALL PRODUCTION PRACTICES","ALL UTILIZATION PRACTICES","AREA HARVESTED","OPERATIONS","HAY, ALFALFA - OPERATIONS WITH AREA HARVESTED","TOTAL","NOT SPECIFIED","COUNTY","55","55","WI","WISCONSIN","20","NORTH CENTRAL","003","003","ASHLAND","","","00000000","","","9000","UNITED STATES","WISCONSIN, NORTH CENTRAL, ASHLAND","2022","ANNUAL","00","00","YEAR","","2024-07-02 12:00:00.000","46","7.9"
"CENSUS","CROPS","FIELD CROPS","HAY","ALFALFA","ALL PRODUCTION PRACTICES","ALL UTILIZATION PRACTICES","AREA HARVESTED","OPERATIONS","HAY, ALFALFA - OPERATIONS WITH AREA HARVESTED","TOTAL","NOT SPECIFIED","COUNTY","55","55","WI","WISCONSIN","20","NORTH CENTRAL","019","019","CLARK","","","00000000","","","9000","UNITED STATES","WISCONSIN, NORTH CENTRAL, CLARK","2022","ANNUAL","00","00","YEAR","","2024-07-02 12:00:00.000","628","7.9"
"CENSUS","CROPS","FIELD CROPS","HAY","ALFALFA","ALL PRODUCTION PRACTICES","ALL UTILIZATION PRACTICES","AREA HARVESTED","OPERATIONS","HAY, ALFALFA - OPERATIONS WITH AREA HARVESTED","TOTAL","NOT SPECIFIED","COUNTY","55","55","WI","WISCONSIN","20","NORTH CENTRAL","051","051","IRON","","","00000000","","","9000","UNITED STATES","WISCONSIN, NORTH CENTRAL, IRON","2022","ANNUAL","00","00","YEAR","","2024-07-02 12:00:00.000","4","7.9"
"CENSUS","CROPS","FIELD CROPS","HAY","ALFALFA","ALL PRODUCTION PRACTICES","ALL UTILIZATION PRACTICES","AREA HARVESTED","OPERATIONS","HAY, ALFALFA - OPERATIONS WITH AREA HARVESTED","TOTAL","NOT SPECIFIED","COUNTY","55","55","WI","WISCONSIN","20","NORTH CENTRAL","069","069","LINCOLN","","","00000000","","","9000","UNITED STATES","WISCONSIN, NORTH CENTRAL, LINCOLN","2022","ANNUAL","00","00","YEAR","","2024-07-02 12:00:00.000","88","7.9"
"CENSUS","CROPS","FIELD CROPS","HAY","ALFALFA","ALL PRODUCTION PRACTICES","ALL UTILIZATION PRACTICES","AREA HARVESTED","OPERATIONS","HAY, ALFALFA - OPERATIONS WITH AREA HARVESTED","TOTAL","NOT SPECIFIED","COUNTY","55","55","WI","WISCONSIN","20","NORTH CENTRAL","073","073","MARATHON","","","00000000","","","9000","UNITED STATES","WISCONSIN, NORTH CENTRAL, MARATHON","2022","ANNUAL","00","00","YEAR","","2024-07-02 12:00:00.000","632","7.9"
"CENSUS","CROPS","FIELD CROPS","HAY","ALFALFA","ALL PRODUCTION PRACTICES","ALL UTILIZATION PRACTICES","AREA HARVESTED","OPERATIONS","HAY, ALFALFA - OPERATIONS WITH AREA HARVESTED","TOTAL","NOT SPECIFIED","COUNTY","55","55","WI","WISCONSIN","20","NORTH CENTRAL","085","085","ONEIDA","","","00000000","","","9000","UNITED STATES","WISCONSIN, NORTH CENTRAL, ONEIDA","2022","ANNUAL","00","00","YEAR","","2024-07-02 12:00:00.000","17","7.9"
"CENSUS","CROPS","FIELD CROPS","HAY","ALFALFA","ALL PRODUCTION PRACTICES","ALL UTILIZATION PRACTICES","AREA HARVESTED","OPERATIONS","HAY, ALFALFA - OPERATIONS WITH AREA HARVESTED","TOTAL","NOT SPECIFIED","COUNTY","55","55","WI","WISCONSIN","20","NORTH CENTRAL","099","099","PRICE","","","00000000","","","9000","UNITED STATES","WISCONSIN, NORTH CENTRAL, PRICE","2022","ANNUAL","00","00","YEAR","","2024-07-02 12:00:00.000","70","7.9"
"CENSUS","CROPS","FIELD CROPS","HAY","ALFALFA","ALL PRODUCTION PRACTICES","ALL UTILIZATION PRACTICES","AREA HARVESTED","OPERATIONS","HAY, ALFALFA - OPERATIONS WITH AREA HARVESTED","TOTAL","NOT SPECIFIED","COUNTY","55","55","WI","WISCONSIN","20","NORTH CENTRAL","119","119","TAYLOR","","","00000000","","","9000","UNITED STATES","WISCONSIN, NORTH CENTRAL, TAYLOR","2022","ANNUAL","00","00","YEAR","","2024-07-02 12:00:00.000","183","7.9"
"CENSUS","CROPS","FIELD CROPS","HAY","ALFALFA","ALL PRODUCTION PRACTICES","ALL UTILIZATION PRACTICES","AREA HARVESTED","OPERATIONS","HAY, ALFALFA - OPERATIONS WITH AREA HARVESTED","TOTAL","NOT SPECIFIED","COUNTY","55","55","WI","WISCONSIN","20","NORTH CENTRAL","125","125","VILAS","","","00000000","","","9000","UNITED STATES","WISCONSIN, NORTH CENTRAL, VILAS","2022","ANNUAL","00","00","YEAR","","2024-07-02 12:00:00.000","1","(L)"
"CENSUS","CROPS","FIELD CROPS","HAY","ALFALFA","ALL PRODUCTION PRACTICES","ALL UTILIZATION PRACTICES","AREA HARVESTED","OPERATIONS","HAY, ALFALFA - OPERATIONS WITH AREA HARVESTED","TOTAL","NOT SPECIFIED","COUNTY","55","55","WI","WISCONSIN","30","NORTHEAST","037","037","FLORENCE","","","00000000","","","9000","UNITED STATES","WISCONSIN, NORTHEAST, FLORENCE","2022","ANNUAL","00","00","YEAR","","2024-07-02 12:00:00.000","40","7.9"
"CENSUS","CROPS","FIELD CROPS","HAY","ALFALFA","ALL PRODUCTION PRACTICES","ALL UTILIZATION PRACTICES","AREA HARVESTED","OPERATIONS","HAY, ALFALFA - OPERATIONS WITH AREA HARVESTED","TOTAL","NOT SPECIFIED","COUNTY","55","55","WI","WISCONSIN","30","NORTHEAST","041","041","FOREST","","","00000000","","","9000","UNITED STATES","WISCONSIN, NORTHEAST, FOREST","2022","ANNUAL","00","00","YEAR","","2024-07-02 12:00:00.000","25","7.9"
"CENSUS","CROPS","FIELD CROPS","HAY","ALFALFA","ALL PRODUCTION PRACTICES","ALL UTILIZATION PRACTICES","AREA HARVESTED","OPERATIONS","HAY, ALFALFA - OPERATIONS WITH AREA HARVESTED","TOTAL","NOT SPECIFIED","COUNTY","55","55","WI","WISCONSIN","30","NORTHEAST","067","067","LANGLADE","","","00000000","","","9000","UNITED STATES","WISCONSIN, NORTHEAST, LANGLADE","2022","ANNUAL","00","00","YEAR","","2024-07-02 12:00:00.000","81","7.9"
"CENSUS","CROPS","FIELD CROPS","HAY","ALFALFA","ALL PRODUCTION PRACTICES","ALL UTILIZATION PRACTICES","AREA HARVESTED","OPERATIONS","HAY, ALFALFA - OPERATIONS WITH AREA HARVESTED","TOTAL","NOT SPECIFIED","COUNTY","55","55","WI","WISCONSIN","30","NORTHEAST","075","075","MARINETTE","","","00000000","","","9000","UNITED STATES","WISCONSIN, NORTHEAST, MARINETTE","2022","ANNUAL","00","00","YEAR","","2024-07-02 12:00:00.000","160","7.9"
"CENSUS","CROPS","FIELD CROPS","HAY","ALFALFA","ALL PRODUCTION PRACTICES","ALL UTILIZATION PRACTICES","AREA HARVESTED","OPERATIONS","HAY, ALFALFA - OPERATIONS WITH AREA HARVESTED","TOTAL","NOT SPECIFIED","COUNTY","55","55","WI","WISCONSIN","30","NORTHEAST","083","083","OCONTO","","","00000000","","","9000","UNITED STATES","WISCONSIN, NORTHEAST, OCONTO","2022","ANNUAL","00","00","YEAR","","2024-07-02 12:00:00.000","291","7.9"
"CENSUS","CROPS","FIELD CROPS","HAY","ALFALFA","ALL PRODUCTION PRACTICES","ALL UTILIZATION PRACTICES","AREA HARVESTED","OPERATIONS","HAY, ALFALFA - OPERATIONS WITH AREA HARVESTED","TOTAL","NOT SPECIFIED","COUNTY","55","55","WI","WISCONSIN","30","NORTHEAST","115","115","SHAWANO","","","00000000","","","9000","UNITED STATES","WISCONSIN, NORTHEAST, SHAWANO","2022","ANNUAL","00","00","YEAR","","2024-07-02 12:00:00.000","461","7.9"
"CENSUS","CROPS","FIELD CROPS","HAY","ALFALFA","ALL PRODUCTION PRACTICES","ALL UTILIZATION PRACTICES","AREA HARVESTED","OPERATIONS","HAY, ALFALFA - OPERATIONS WITH AREA HARVESTED","TOTAL","NOT SPECIFIED","COUNTY","55","55","WI","WISCONSIN","40","WEST CENTRAL","011","011","BUFFALO","","","00000000","","","9000","UNITED STATES","WISCONSIN, WEST CENTRAL, BUFFALO","2022","ANNUAL","00","00","YEAR","","2024-07-02 12:00:00.000","376","7.9"
"CENSUS","CROPS","FIELD CROPS","HAY","ALFALFA","ALL PRODUCTION PRACTICES","ALL UTILIZATION PRACTICES","AREA HARVESTED","OPERATIONS","HAY, ALFALFA - OPERATIONS WITH AREA HARVESTED","TOTAL","NOT SPECIFIED","COUNTY","55","55","WI","WISCONSIN","40","WEST CENTRAL","033","033","DUNN","","","00000000","","","9000","UNITED STATES","WISCONSIN, WEST CENTRAL, DUNN","2022","ANNUAL","00","00","YEAR","","2024-07-02 12:00:00.000","404","7.9"
"CENSUS","CROPS","FIELD CROPS","HAY","ALFALFA","ALL PRODUCTION PRACTICES","ALL UTILIZATION PRACTICES","AREA HARVESTED","OPERATIONS","HAY, ALFALFA - OPERATIONS WITH AREA HARVESTED","TOTAL","NOT SPECIFIED","COUNTY","55","55","WI","WISCONSIN","40","WEST CENTRAL","035","035","EAU CLAIRE","","","00000000","","","9000","UNITED STATES","WISCONSIN, WEST CENTRAL, EAU CLAIRE","2022","ANNUAL","00","00","YEAR","","2024-07-02 12:00:00.000","375","7.9"
"CENSUS","CROPS","FIELD CROPS","HAY","ALFALFA","ALL PRODUCTION PRACTICES","ALL UTILIZATION PRACTICES","AREA HARVESTED","OPERATIONS","HAY, ALFALFA - OPERATIONS WITH AREA HARVESTED","TOTAL","NOT SPECIFIED","COUNTY","55","55","WI","WISCONSIN","40","WEST CENTRAL","053","053","JACKSON","","","00000000","","","9000","UNITED STATES","WISCONSIN, WEST CENTRAL, JACKSON","2022","ANNUAL","00","00","YEAR","","2024-07-02 12:00:00.000","293","7.9"
"CENSUS","CROPS","FIELD CROPS","HAY","ALFALFA","ALL PRODUCTION PRACTICES","ALL UTILIZATION PRACTICES","AREA HARVESTED","OPERATIONS","HAY, ALFALFA - OPERATIONS WITH AREA HARVESTED","TOTAL","NOT SPECIFIED","COUNTY","55","55","WI","WISCONSIN","40","WEST CENTRAL","063","063","LA CROSSE","","","00000000","","","9000","UNITED STATES","WISCONSIN, WEST CENTRAL, LA CROSSE","2022","ANNUAL","00","00","YEAR","","2024-07-02 12:00:00.000","257","7.9"
"CENSUS","CROPS","FIELD CROPS","HAY","ALFALFA","ALL PRODUCTION PRACTICES","ALL UTILIZATION PRACTICES","AREA HARVESTED","OPERATIONS","HAY, ALFALFA - OPERATIONS WITH AREA HARVESTED","TOTAL","NOT SPECIFIED","COUNTY","55","55","WI","WISCONSIN","40","WEST CENTRAL","081","081","MONROE","","","00000000","","","9000","UNITED STATES","WISCONSIN, WEST CENTRAL, MONROE","2022","ANNUAL","00","00","YEAR","","2024-07-02 12:00:00.000","623","7.9"
"CENSUS","CROPS","FIELD CROPS","HAY","ALFALFA","ALL PRODUCTION PRACTICES","ALL UTILIZATION PRACTICES","AREA HARVESTED","OPERATIONS","HAY, ALFALFA - OPERATIONS WITH AREA HARVESTED","TOTAL","NOT SPECIFIED","COUNTY","55","55","WI","WISCONSIN","40","WEST CENTRAL","091","091","PEPIN","","","00000000","","","9000","UNITED STATES","WISCONSIN, WEST CENTRAL, PEPIN","2022","ANNUAL","00","00","YEAR","","2024-07-02 12:00:00.000","119","7.9"
"CENSUS","CROPS","FIELD CROPS","HAY","ALFALFA","ALL PRODUCTION PRACTICES","ALL UTILIZATION PRACTICES","AREA HARVESTED","OPERATIONS","HAY, ALFALFA - OPERATIONS WITH AREA HARVESTED","TOTAL","NOT SPECIFIED","COUNTY","55","55","WI","WISCONSIN","40","WEST CENTRAL","093","093","PIERCE","","","00000000","","","9000","UNITED STATES","WISCONSIN, WEST CENTRAL, PIERCE","2022","ANNUAL","00","00","YEAR","","2024-07-02 12:00:00.000","501","7.9"
"CENSUS","CROPS","FIELD CROPS","HAY","ALFALFA","ALL PRODUCTION PRACTICES","ALL UTILIZATION PRACTICES","AREA HARVESTED","OPERATIONS","HAY, ALFALFA - OPERATIONS WITH AREA HARVESTED","TOTAL","NOT SPECIFIED","COUNTY","55","55","WI","WISCONSIN","40","WEST CENTRAL","109","109","ST CROIX","","","00000000","","","9000","UNITED STATES","WISCONSIN, WEST CENTRAL, ST CROIX","2022","ANNUAL","00","00","YEAR","","2024-07-02 12:00:00.000","398","7.9"
"CENSUS","CROPS","FIELD CROPS","HAY","ALFALFA","ALL PRODUCTION PRACTICES","ALL UTILIZATION PRACTICES","AREA HARVESTED","OPERATIONS","HAY, ALFALFA - OPERATIONS WITH AREA HARVESTED","TOTAL","NOT SPECIFIED","COUNTY","55","55","WI","WISCONSIN","40","WEST CENTRAL","121","121","TREMPEALEAU","","","00000000","","","9000","UNITED STATES","WISCONSIN, WEST CENTRAL, TREMPEALEAU","2022","ANNUAL","00","00","YEAR","","2024-07-02 12:00:00.000","455","7.9"
"CENSUS","CROPS","FIELD CROPS","HAY","ALFALFA","ALL PRODUCTION PRACTICES","ALL UTILIZATION PRACTICES","AREA HARVESTED","OPERATIONS","HAY, ALFALFA - OPERATIONS WITH AREA HARVESTED","TOTAL","NOT SPECIFIED","COUNTY","55","55","WI","WISCONSIN","50","CENTRAL","001","001","ADAMS","","","00000000","","","9000","UNITED STATES","WISCONSIN, CENTRAL, ADAMS","2022","ANNUAL","00","00","YEAR","","2024-07-02 12:00:00.000","110","7.9"
"CENSUS","CROPS","FIELD CROPS","HAY","ALFALFA","ALL PRODUCTION PRACTICES","ALL UTILIZATION PRACTICES","AREA HARVESTED","OPERATIONS","HAY, ALFALFA - OPERATIONS WITH AREA HARVESTED","TOTAL","NOT SPECIFIED","COUNTY","55","55","WI","WISCONSIN","50","CENTRAL","047","047","GREEN LAKE","","","00000000","","","9000","UNITED STATES","WISCONSIN, CENTRAL, GREEN LAKE","2022","ANNUAL","00","00","YEAR","","2024-07-02 12:00:00.000","168","7.9"
"CENSUS","CROPS","FIELD CROPS","HAY","ALFALFA","ALL PRODUCTION PRACTICES","ALL UTILIZATION PRACTICES","AREA HARVESTED","OPERATIONS","HAY, ALFALFA - OPERATIONS WITH AREA HARVESTED","TOTAL","NOT SPECIFIED","COUNTY","55","55","WI","WISCONSIN","50","CENTRAL","057","057","JUNEAU","","","00000000","","","9000","UNITED STATES","WISCONSIN, CENTRAL, JUNEAU","2022","ANNUAL","00","00","YEAR","","2024-07-02 12:00:00.000","192","7.9"
"CENSUS","CROPS","FIELD CROPS","HAY","ALFALFA","ALL PRODUCTION PRACTICES","ALL UTILIZATION PRACTICES","AREA HARVESTED","OPERATIONS","HAY, ALFALFA - OPERATIONS WITH AREA HARVESTED","TOTAL","NOT SPECIFIED","COUNTY","55","55","WI","WISCONSIN","50","CENTRAL","077","077","MARQUETTE","","","00000000","","","9000","UNITED STATES","WISCONSIN, CENTRAL, MARQUETTE","2022","ANNUAL","00","00","YEAR","","2024-07-02 12:00:00.000","133","7.9"
"CENSUS","CROPS","FIELD CROPS","HAY","ALFALFA","ALL PRODUCTION PRACTICES","ALL UTILIZATION PRACTICES","AREA HARVESTED","OPERATIONS","HAY, ALFALFA - OPERATIONS WITH AREA HARVESTED","TOTAL","NOT SPECIFIED","COUNTY","55","55","WI","WISCONSIN","50","CENTRAL","097","097","PORTAGE","","","00000000","","","9000","UNITED STATES","WISCONSIN, CENTRAL, PORTAGE","2022","ANNUAL","00","00","YEAR","","2024-07-02 12:00:00.000","355","7.9"
"CENSUS","CROPS","FIELD CROPS","HAY","ALFALFA","ALL PRODUCTION PRACTICES","ALL UTILIZATION PRACTICES","AREA HARVESTED","OPERATIONS","HAY, ALFALFA - OPERATIONS WITH AREA HARVESTED","TOTAL","NOT SPECIFIED","COUNTY","55","55","WI","WISCONSIN","50","CENTRAL","135","135","WAUPACA","","","00000000","","","9000","UNITED STATES","WISCONSIN, CENTRAL, WAUPACA","2022","ANNUAL","00","00","YEAR","","2024-07-02 12:00:00.000","323","7.9"
"CENSUS","CROPS","FIELD CROPS","HAY","ALFALFA","ALL PRODUCTION PRACTICES","ALL UTILIZATION PRACTICES","AREA HARVESTED","OPERATIONS","HAY, ALFALFA - OPERATIONS WITH AREA HARVESTED","TOTAL","NOT SPECIFIED","COUNTY","55","55","WI","WISCONSIN","50","CENTRAL","137","137","WAUSHARA","","","00000000","","","9000","UNITED STATES","WISCONSIN, CENTRAL, WAUSHARA","2022","ANNUAL","00","00","YEAR","","2024-07-02 12:00:00.000","176","7.9"
"CENSUS","CROPS","FIELD CROPS","HAY","ALFALFA","ALL PRODUCTION PRACTICES","ALL UTILIZATION PRACTICES","AREA HARVESTED","OPERATIONS","HAY, ALFALFA - OPERATIONS WITH AREA HARVESTED","TOTAL","NOT SPECIFIED","COUNTY","55","55","WI","WISCONSIN","50","CENTRAL","141","141","WOOD","","","00000000","","","9000","UNITED STATES","WISCONSIN, CENTRAL, WOOD","2022","ANNUAL","00","00","YEAR","","2024-07-02 12:00:00.000","258","7.9"
"CENSUS","CROPS","FIELD CROPS","HAY","ALFALFA","ALL PRODUCTION PRACTICES","ALL UTILIZATION PRACTICES","AREA HARVESTED","OPERATIONS","HAY, ALFALFA - OPERATIONS WITH AREA HARVESTED","TOTAL","NOT SPECIFIED","COUNTY","55","55","WI","WISCONSIN","60","EAST CENTRAL","009","009","BROWN","","","00000000","","","9000","UNITED STATES","WISCONSIN, EAST CENTRAL, BROWN","2022","ANNUAL","00","00","YEAR","","2024-07-02 12:00:00.000","341","7.9"
"CENSUS","CROPS","FIELD CROPS","HAY","ALFALFA","ALL PRODUCTION PRACTICES","ALL UTILIZATION PRACTICES","AREA HARVESTED","OPERATIONS","HAY, ALFALFA - OPERATIONS WITH AREA HARVESTED","TOTAL","NOT SPECIFIED","COUNTY","55","55","WI","WISCONSIN","60","EAST CENTRAL","015","015","CALUMET","","","00000000","","","9000","UNITED STATES","WISCONSIN, EAST CENTRAL, CALUMET","2022","ANNUAL","00","00","YEAR","","2024-07-02 12:00:00.000","222","7.9"
"CENSUS","CROPS","FIELD CROPS","HAY","ALFALFA","ALL PRODUCTION PRACTICES","ALL UTILIZATION PRACTICES","AREA HARVESTED","OPERATIONS","HAY, ALFALFA - OPERATIONS WITH AREA HARVESTED","TOTAL","NOT SPECIFIED","COUNTY","55","55","WI","WISCONSIN","60","EAST CENTRAL","029","029","DOOR","","","00000000","","","9000","UNITED STATES","WISCONSIN, EAST CENTRAL, DOOR","2022","ANNUAL","00","00","YEAR","","2024-07-02 12:00:00.000","185","7.9"
"CENSUS","CROPS","FIELD CROPS","HAY","ALFALFA","ALL PRODUCTION PRACTICES","ALL UTILIZATION PRACTICES","AREA HARVESTED","OPERATIONS","HAY, ALFALFA - OPERATIONS WITH AREA HARVESTED","TOTAL","NOT SPECIFIED","COUNTY","55","55","WI","WISCONSIN","60","EAST CENTRAL","039","039","FOND DU LAC","","","00000000","","","9000","UNITED STATES","WISCONSIN, EAST CENTRAL, FOND DU LAC","2022","ANNUAL","00","00","YEAR","","2024-07-02 12:00:00.000","293","7.9"
"CENSUS","CROPS","FIELD CROPS","HAY","ALFALFA","ALL PRODUCTION PRACTICES","ALL UTILIZATION PRACTICES","AREA HARVESTED","OPERATIONS","HAY, ALFALFA - OPERATIONS WITH AREA HARVESTED","TOTAL","NOT SPECIFIED","COUNTY","55","55","WI","WISCONSIN","60","EAST CENTRAL","061","061","KEWAUNEE","","","00000000","","","9000","UNITED STATES","WISCONSIN, EAST CENTRAL, KEWAUNEE","2022","ANNUAL","00","00","YEAR","","2024-07-02 12:00:00.000","219","7.9"
"CENSUS","CROPS","FIELD CROPS","HAY","ALFALFA","ALL PRODUCTION PRACTICES","ALL UTILIZATION PRACTICES","AREA HARVESTED","OPERATIONS","HAY, ALFALFA - OPERATIONS WITH AREA HARVESTED","TOTAL","NOT SPECIFIED","COUNTY","55","55","WI","WISCONSIN","60","EAST CENTRAL","071","071","MANITOWOC","","","00000000","","","9000","UNITED STATES","WISCONSIN, EAST CENTRAL, MANITOWOC","2022","ANNUAL","00","00","YEAR","","2024-07-02 12:00:00.000","401","7.9"
"CENSUS","CROPS","FIELD CROPS","HAY","ALFALFA","ALL PRODUCTION PRACTICES","ALL UTILIZATION PRACTICES","AREA HARVESTED","OPERATIONS","HAY, ALFALFA - OPERATIONS WITH AREA HARVESTED","TOTAL","NOT SPECIFIED","COUNTY","55","55","WI","WISCONSIN","60","EAST CENTRAL","087","087","OUTAGAMIE","","","00000000","","","9000","UNITED STATES","WISCONSIN, EAST CENTRAL, OUTAGAMIE","2022","ANNUAL","00","00","YEAR","","2024-07-02 12:00:00.000","305","7.9"
"CENSUS","CROPS","FIELD CROPS","HAY","ALFALFA","ALL PRODUCTION PRACTICES","ALL UTILIZATION PRACTICES","AREA HARVESTED","OPERATIONS","HAY, ALFALFA - OPERATIONS WITH AREA HARVESTED","TOTAL","NOT SPECIFIED","COUNTY","55","55","WI","WISCONSIN","60","EAST CENTRAL","117","117","SHEBOYGAN","","","00000000","","","9000","UNITED STATES","WISCONSIN, EAST CENTRAL, SHEBOYGAN","2022","ANNUAL","00","00","YEAR","","2024-07-02 12:00:00.000","293","7.9"
"CENSUS","CROPS","FIELD CROPS","HAY","ALFALFA","ALL PRODUCTION PRACTICES","ALL UTILIZATION PRACTICES","AREA HARVESTED","OPERATIONS","HAY, ALFALFA - OPERATIONS WITH AREA HARVESTED","TOTAL","NOT SPECIFIED","COUNTY","55","55","WI","WISCONSIN","60","EAST CENTRAL","139","139","WINNEBAGO","","","00000000","","","9000","UNITED STATES","WISCONSIN, EAST CENTRAL, WINNEBAGO","2022","ANNUAL","00","00","YEAR","","2024-07-02 12:00:00.000","167","7.9"
"CENSUS","CROPS","FIELD CROPS","HAY","ALFALFA","ALL PRODUCTION PRACTICES","ALL UTILIZATION PRACTICES","AREA HARVESTED","OPERATIONS","HAY, ALFALFA - OPERATIONS WITH AREA HARVESTED","TOTAL","NOT SPECIFIED","COUNTY","55","55","WI","WISCONSIN","70","SOUTHWEST","023","023","CRAWFORD","","","00000000","","","9000","UNITED STATES","WISCONSIN, SOUTHWEST, CRAWFORD","2022","ANNUAL","00","00","YEAR","","2024-07-02 12:00:00.000","381","7.9"
"CENSUS","CROPS","FIELD CROPS","HAY","ALFALFA","ALL PRODUCTION PRACTICES","ALL UTILIZATION PRACTICES","AREA HARVESTED","OPERATIONS","HAY, ALFALFA - OPERATIONS WITH AREA HARVESTED","TOTAL","NOT SPECIFIED","COUNTY","55","55","WI","WISCONSIN","70","SOUTHWEST","043","043","GRANT","","","00000000","","","9000","UNITED STATES","WISCONSIN, SOUTHWEST, GRANT","2022","ANNUAL","00","00","YEAR","","2024-07-02 12:00:00.000","947","7.9"
"CENSUS","CROPS","FIELD CROPS","HAY","ALFALFA","ALL PRODUCTION PRACTICES","ALL UTILIZATION PRACTICES","AREA HARVESTED","OPERATIONS","HAY, ALFALFA - OPERATIONS WITH AREA HARVESTED","TOTAL","NOT SPECIFIED","COUNTY","55","55","WI","WISCONSIN","70","SOUTHWEST","049","049","IOWA","","","00000000","","","9000","UNITED STATES","WISCONSIN, SOUTHWEST, IOWA","2022","ANNUAL","00","00","YEAR","","2024-07-02 12:00:00.000","565","7.9"
"CENSUS","CROPS","FIELD CROPS","HAY","ALFALFA","ALL PRODUCTION PRACTICES","ALL UTILIZATION PRACTICES","AREA HARVESTED","OPERATIONS","HAY, ALFALFA - OPERATIONS WITH AREA HARVESTED","TOTAL","NOT SPECIFIED","COUNTY","55","55","WI","WISCONSIN","70","SOUTHWEST","065","065","LAFAYETTE","","","00000000","","","9000","UNITED STATES","WISCONSIN, SOUTHWEST, LAFAYETTE","2022","ANNUAL","00","00","YEAR","","2024-07-02 12:00:00.000","472","7.9"
"CENSUS","CROPS","FIELD CROPS","HAY","ALFALFA","ALL PRODUCTION PRACTICES","ALL UTILIZATION PRACTICES","AREA HARVESTED","OPERATIONS","HAY, ALFALFA - OPERATIONS WITH AREA HARVESTED","TOTAL","NOT SPECIFIED","COUNTY","55","55","WI","WISCONSIN","70","SOUTHWEST","103","103","RICHLAND","","","00000000","","","9000","UNITED STATES","WISCONSIN, SOUTHWEST, RICHLAND","2022","ANNUAL","00","00","YEAR","","2024-07-02 12:00:00.000","430","7.9"
"CENSUS","CROPS","FIELD CROPS","HAY","ALFALFA","ALL PRODUCTION PRACTICES","ALL UTILIZATION PRACTICES","AREA HARVESTED","OPERATIONS","HAY, ALFALFA - OPERATIONS WITH AREA HARVESTED","TOTAL","NOT SPECIFIED","COUNTY","55","55","WI","WISCONSIN","70","SOUTHWEST","111","111","SAUK","","","00000000","","","9000","UNITED STATES","WISCONSIN, SOUTHWEST, SAUK","2022","ANNUAL","00","00","YEAR","","2024-07-02 12:00:00.000","520","7.9"
"CENSUS","CROPS","FIELD CROPS","HAY","ALFALFA","ALL PRODUCTION PRACTICES","ALL UTILIZATION PRACTICES","AREA HARVESTED","OPERATIONS","HAY, ALFALFA - OPERATIONS WITH AREA HARVESTED","TOTAL","NOT SPECIFIED","COUNTY","55","55","WI","WISCONSIN","70","SOUTHWEST","123","123","VERNON","","","00000000","","","9000","UNITED STATES","WISCONSIN, SOUTHWEST, VERNON","2022","ANNUAL","00","00","YEAR","","2024-07-02 12:00:00.000","951","7.9"
"CENSUS","CROPS","FIELD CROPS","HAY","ALFALFA","ALL PRODUCTION PRACTICES","ALL UTILIZATION PRACTICES","AREA HARVESTED","OPERATIONS","HAY, ALFALFA - OPERATIONS WITH AREA HARVESTED","TOTAL","NOT SPECIFIED","COUNTY","55","55","WI","WISCONSIN","80","SOUTH CENTRAL","021","021","COLUMBIA","","","00000000","","","9000","UNITED STATES","WISCONSIN, SOUTH CENTRAL, COLUMBIA","2022","ANNUAL","00","00","YEAR","","2024-07-02 12:00:00.000","357","7.9"
"CENSUS","CROPS","FIELD CROPS","HAY","ALFALFA","ALL PRODUCTION PRACTICES","ALL UTILIZATION PRACTICES","AREA HARVESTED","OPERATIONS","HAY, ALFALFA - OPERATIONS WITH AREA HARVESTED","TOTAL","NOT SPECIFIED","COUNTY","55","55","WI","WISCONSIN","80","SOUTH CENTRAL","025","025","DANE","","","00000000","","","9000","UNITED STATES","WISCONSIN, SOUTH CENTRAL, DANE","2022","ANNUAL","00","00","YEAR","","2024-07-02 12:00:00.000","604","7.9"
"CENSUS","CROPS","FIELD CROPS","HAY","ALFALFA","ALL PRODUCTION PRACTICES","ALL UTILIZATION PRACTICES","AREA HARVESTED","OPERATIONS","HAY, ALFALFA - OPERATIONS WITH AREA HARVESTED","TOTAL","NOT SPECIFIED","COUNTY","55","55","WI","WISCONSIN","80","SOUTH CENTRAL","027","027","DODGE","","","00000000","","","9000","UNITED STATES","WISCONSIN, SOUTH CENTRAL, DODGE","2022","ANNUAL","00","00","YEAR","","2024-07-02 12:00:00.000","497","7.9"
"CENSUS","CROPS","FIELD CROPS","HAY","ALFALFA","ALL PRODUCTION PRACTICES","ALL UTILIZATION PRACTICES","AREA HARVESTED","OPERATIONS","HAY, ALFALFA - OPERATIONS WITH AREA HARVESTED","TOTAL","NOT SPECIFIED","COUNTY","55","55","WI","WISCONSIN","80","SOUTH CENTRAL","045","045","GREEN","","","00000000","","","9000","UNITED STATES","WISCONSIN, SOUTH CENTRAL, GREEN","2022","ANNUAL","00","00","YEAR","","2024-07-02 12:00:00.000","507","7.9"
"CENSUS","CROPS","FIELD CROPS","HAY","ALFALFA","ALL PRODUCTION PRACTICES","ALL UTILIZATION PRACTICES","AREA HARVESTED","OPERATIONS","HAY, ALFALFA - OPERATIONS WITH AREA HARVESTED","TOTAL","NOT SPECIFIED","COUNTY","55","55","WI","WISCONSIN","80","SOUTH CENTRAL","055","055","JEFFERSON","","","00000000","","","9000","UNITED STATES","WISCONSIN, SOUTH CENTRAL, JEFFERSON","2022","ANNUAL","00","00","YEAR","","2024-07-02 12:00:00.000","323","7.9"
"CENSUS","CROPS","FIELD CROPS","HAY","ALFALFA","ALL PRODUCTION PRACTICES","ALL UTILIZATION PRACTICES","AREA HARVESTED","OPERATIONS","HAY, ALFALFA - OPERATIONS WITH AREA HARVESTED","TOTAL","NOT SPECIFIED","COUNTY","55","55","WI","WISCONSIN","80","SOUTH CENTRAL","105","105","ROCK","","","00000000","","","9000","UNITED STATES","WISCONSIN, SOUTH CENTRAL, ROCK","2022","ANNUAL","00","00","YEAR","","2024-07-02 12:00:00.000","380","7.9"
"CENSUS","CROPS","FIELD CROPS","HAY","ALFALFA","ALL PRODUCTION PRACTICES","ALL UTILIZATION PRACTICES","AREA HARVESTED","OPERATIONS","HAY, ALFALFA - OPERATIONS WITH AREA HARVESTED","TOTAL","NOT SPECIFIED","COUNTY","55","55","WI","WISCONSIN","90","SOUTHEAST","059","059","KENOSHA","","","00000000","","","9000","UNITED STATES","WISCONSIN, SOUTHEAST, KENOSHA","2022","ANNUAL","00","00","YEAR","","2024-07-02 12:00:00.000","117","7.9"
"CENSUS","CROPS","FIELD CROPS","HAY","ALFALFA","ALL PRODUCTION PRACTICES","ALL UTILIZATION PRACTICES","AREA HARVESTED","OPERATIONS","HAY, ALFALFA - OPERATIONS WITH AREA HARVESTED","TOTAL","NOT SPECIFIED","COUNTY","55","55","WI","WISCONSIN","90","SOUTHEAST","079","079","MILWAUKEE","","","00000000","","","9000","UNITED STATES","WISCONSIN, SOUTHEAST, MILWAUKEE","2022","ANNUAL","00","00","YEAR","","2024-07-02 12:00:00.000","4","7.9"
"CENSUS","CROPS","FIELD CROPS","HAY","ALFALFA","ALL PRODUCTION PRACTICES","ALL UTILIZATION PRACTICES","AREA HARVESTED","OPERATIONS","HAY, ALFALFA - OPERATIONS WITH AREA HARVESTED","TOTAL","NOT SPECIFIED","COUNTY","55","55","WI","WISCONSIN","90","SOUTHEAST","089","089","OZAUKEE","","","00000000","","","9000","UNITED STATES","WISCONSIN, SOUTHEAST, OZAUKEE","2022","ANNUAL","00","00","YEAR","","2024-07-02 12:00:00.000","102","7.9"
"CENSUS","CROPS","FIELD CROPS","HAY","ALFALFA","ALL PRODUCTION PRACTICES","ALL UTILIZATION PRACTICES","AREA HARVESTED","OPERATIONS","HAY, ALFALFA - OPERATIONS WITH AREA HARVESTED","TOTAL","NOT SPECIFIED","COUNTY","55","55","WI","WISCONSIN","90","SOUTHEAST","101","101","RACINE","","","00000000","","","9000","UNITED STATES","WISCONSIN, SOUTHEAST, RACINE","2022","ANNUAL","00","00","YEAR","","2024-07-02 12:00:00.000","181","7.9"
"CENSUS","CROPS","FIELD CROPS","HAY","ALFALFA","ALL PRODUCTION PRACTICES","ALL UTILIZATION PRACTICES","AREA HARVESTED","OPERATIONS","HAY, ALFALFA - OPERATIONS WITH AREA HARVESTED","TOTAL","NOT SPECIFIED","COUNTY","55","55","WI","WISCONSIN","90","SOUTHEAST","127","127","WALWORTH","","","00000000","","","9000","UNITED STATES","WISCONSIN, SOUTHEAST, WALWORTH","2022","ANNUAL","00","00","YEAR","","2024-07-02 12:00:00.000","265","7.9"
"CENSUS","CROPS","FIELD CROPS","HAY","ALFALFA","ALL PRODUCTION PRACTICES","ALL UTILIZATION PRACTICES","AREA HARVESTED","OPERATIONS","HAY, ALFALFA - OPERATIONS WITH AREA HARVESTED","TOTAL","NOT SPECIFIED","COUNTY","55","55","WI","WISCONSIN","90","SOUTHEAST","131","131","WASHINGTON","","","00000000","","","9000","UNITED STATES","WISCONSIN, SOUTHEAST, WASHINGTON","2022","ANNUAL","00","00","YEAR","","2024-07-02 12:00:00.000","224","7.9"
"CENSUS","CROPS","FIELD CROPS","HAY","ALFALFA","ALL PRODUCTION PRACTICES","ALL UTILIZATION PRACTICES","AREA HARVESTED","OPERATIONS","HAY, ALFALFA - OPERATIONS WITH AREA HARVESTED","TOTAL","NOT SPECIFIED","COUNTY","55","55","WI","WISCONSIN","90","SOUTHEAST","133","133","WAUKESHA","","","00000000","","","9000","UNITED STATES","WISCONSIN, SOUTHEAST, WAUKESHA","2022","ANNUAL","00","00","YEAR","","2024-07-02 12:00:00.000","129","7.9"
"CENSUS","CROPS","FIELD CROPS","HAY","ALFALFA","IRRIGATED","ALL UTILIZATION PRACTICES","AREA HARVESTED","ACRES","HAY, ALFALFA, IRRIGATED - ACRES HARVESTED","TOTAL","NOT SPECIFIED","COUNTY","55","55","WI","WISCONSIN","10","NORTHWEST","005","005","BARRON","","","00000000","","","9000","UNITED STATES","WISCONSIN, NORTHWEST, BARRON","2022","ANNUAL","00","00","YEAR","","2024-07-02 12:00:00.000"," (D)","(D)"
"CENSUS","CROPS","FIELD CROPS","HAY","ALFALFA","IRRIGATED","ALL UTILIZATION PRACTICES","AREA HARVESTED","ACRES","HAY, ALFALFA, IRRIGATED - ACRES HARVESTED","TOTAL","NOT SPECIFIED","COUNTY","55","55","WI","WISCONSIN","10","NORTHWEST","017","017","CHIPPEWA","","","00000000","","","9000","UNITED STATES","WISCONSIN, NORTHWEST, CHIPPEWA","2022","ANNUAL","00","00","YEAR","","2024-07-02 12:00:00.000","165","27.1"
"CENSUS","CROPS","FIELD CROPS","HAY","ALFALFA","IRRIGATED","ALL UTILIZATION PRACTICES","AREA HARVESTED","ACRES","HAY, ALFALFA, IRRIGATED - ACRES HARVESTED","TOTAL","NOT SPECIFIED","COUNTY","55","55","WI","WISCONSIN","10","NORTHWEST","095","095","POLK","","","00000000","","","9000","UNITED STATES","WISCONSIN, NORTHWEST, POLK","2022","ANNUAL","00","00","YEAR","","2024-07-02 12:00:00.000"," (D)","(D)"
"CENSUS","CROPS","FIELD CROPS","HAY","ALFALFA","IRRIGATED","ALL UTILIZATION PRACTICES","AREA HARVESTED","ACRES","HAY, ALFALFA, IRRIGATED - ACRES HARVESTED","TOTAL","NOT SPECIFIED","COUNTY","55","55","WI","WISCONSIN","10","NORTHWEST","129","129","WASHBURN","","","00000000","","","9000","UNITED STATES","WISCONSIN, NORTHWEST, WASHBURN","2022","ANNUAL","00","00","YEAR","","2024-07-02 12:00:00.000"," (D)","(D)"
"CENSUS","CROPS","FIELD CROPS","HAY","ALFALFA","IRRIGATED","ALL UTILIZATION PRACTICES","AREA HARVESTED","ACRES","HAY, ALFALFA, IRRIGATED - ACRES HARVESTED","TOTAL","NOT SPECIFIED","COUNTY","55","55","WI","WISCONSIN","20","NORTH CENTRAL","019","019","CLARK","","","00000000","","","9000","UNITED STATES","WISCONSIN, NORTH CENTRAL, CLARK","2022","ANNUAL","00","00","YEAR","","2024-07-02 12:00:00.000"," (D)","(D)"
"CENSUS","CROPS","FIELD CROPS","HAY","ALFALFA","IRRIGATED","ALL UTILIZATION PRACTICES","AREA HARVESTED","ACRES","HAY, ALFALFA, IRRIGATED - ACRES HARVESTED","TOTAL","NOT SPECIFIED","COUNTY","55","55","WI","WISCONSIN","20","NORTH CENTRAL","051","051","IRON","","","00000000","","","9000","UNITED STATES","WISCONSIN, NORTH CENTRAL, IRON","2022","ANNUAL","00","00","YEAR","","2024-07-02 12:00:00.000"," (D)","(D)"
"CENSUS","CROPS","FIELD CROPS","HAY","ALFALFA","IRRIGATED","ALL UTILIZATION PRACTICES","AREA HARVESTED","ACRES","HAY, ALFALFA, IRRIGATED - ACRES HARVESTED","TOTAL","NOT SPECIFIED","COUNTY","55","55","WI","WISCONSIN","20","NORTH CENTRAL","069","069","LINCOLN","","","00000000","","","9000","UNITED STATES","WISCONSIN, NORTH CENTRAL, LINCOLN","2022","ANNUAL","00","00","YEAR","","2024-07-02 12:00:00.000"," (D)","(D)"
"CENSUS","CROPS","FIELD CROPS","HAY","ALFALFA","IRRIGATED","ALL UTILIZATION PRACTICES","AREA HARVESTED","ACRES","HAY, ALFALFA, IRRIGATED - ACRES HARVESTED","TOTAL","NOT SPECIFIED","COUNTY","55","55","WI","WISCONSIN","20","NORTH CENTRAL","073","073","MARATHON","","","00000000","","","9000","UNITED STATES","WISCONSIN, NORTH CENTRAL, MARATHON","2022","ANNUAL","00","00","YEAR","","2024-07-02 12:00:00.000"," (D)","(D)"
"CENSUS","CROPS","FIELD CROPS","HAY","ALFALFA","IRRIGATED","ALL UTILIZATION PRACTICES","AREA HARVESTED","ACRES","HAY, ALFALFA, IRRIGATED - ACRES HARVESTED","TOTAL","NOT SPECIFIED","COUNTY","55","55","WI","WISCONSIN","20","NORTH CENTRAL","119","119","TAYLOR","","","00000000","","","9000","UNITED STATES","WISCONSIN, NORTH CENTRAL, TAYLOR","2022","ANNUAL","00","00","YEAR","","2024-07-02 12:00:00.000"," (D)","(D)"
"CENSUS","CROPS","FIELD CROPS","HAY","ALFALFA","IRRIGATED","ALL UTILIZATION PRACTICES","AREA HARVESTED","ACRES","HAY, ALFALFA, IRRIGATED - ACRES HARVESTED","TOTAL","NOT SPECIFIED","COUNTY","55","55","WI","WISCONSIN","30","NORTHEAST","067","067","LANGLADE","","","00000000","","","9000","UNITED STATES","WISCONSIN, NORTHEAST, LANGLADE","2022","ANNUAL","00","00","YEAR","","2024-07-02 12:00:00.000"," (D)","(D)"
"CENSUS","CROPS","FIELD CROPS","HAY","ALFALFA","IRRIGATED","ALL UTILIZATION PRACTICES","AREA HARVESTED","ACRES","HAY, ALFALFA, IRRIGATED - ACRES HARVESTED","TOTAL","NOT SPECIFIED","COUNTY","55","55","WI","WISCONSIN","40","WEST CENTRAL","011","011","BUFFALO","","","00000000","","","9000","UNITED STATES","WISCONSIN, WEST CENTRAL, BUFFALO","2022","ANNUAL","00","00","YEAR","","2024-07-02 12:00:00.000","177","27.1"
"CENSUS","CROPS","FIELD CROPS","HAY","ALFALFA","IRRIGATED","ALL UTILIZATION PRACTICES","AREA HARVESTED","ACRES","HAY, ALFALFA, IRRIGATED - ACRES HARVESTED","TOTAL","NOT SPECIFIED","COUNTY","55","55","WI","WISCONSIN","40","WEST CENTRAL","033","033","DUNN","","","00000000","","","9000","UNITED STATES","WISCONSIN, WEST CENTRAL, DUNN","2022","ANNUAL","00","00","YEAR","","2024-07-02 12:00:00.000","1,499","27.1"
"CENSUS","CROPS","FIELD CROPS","HAY","ALFALFA","IRRIGATED","ALL UTILIZATION PRACTICES","AREA HARVESTED","ACRES","HAY, ALFALFA, IRRIGATED - ACRES HARVESTED","TOTAL","NOT SPECIFIED","COUNTY","55","55","WI","WISCONSIN","40","WEST CENTRAL","035","035","EAU CLAIRE","","","00000000","","","9000","UNITED STATES","WISCONSIN, WEST CENTRAL, EAU CLAIRE","2022","ANNUAL","00","00","YEAR","","2024-07-02 12:00:00.000"," (D)","(D)"
"CENSUS","CROPS","FIELD CROPS","HAY","ALFALFA","IRRIGATED","ALL UTILIZATION PRACTICES","AREA HARVESTED","ACRES","HAY, ALFALFA, IRRIGATED - ACRES HARVESTED","TOTAL","NOT SPECIFIED","COUNTY","55","55","WI","WISCONSIN","40","WEST CENTRAL","053","053","JACKSON","","","00000000","","","9000","UNITED STATES","WISCONSIN, WEST CENTRAL, JACKSON","2022","ANNUAL","00","00","YEAR","","2024-07-02 12:00:00.000"," (D)","(D)"
"CENSUS","CROPS","FIELD CROPS","HAY","ALFALFA","IRRIGATED","ALL UTILIZATION PRACTICES","AREA HARVESTED","ACRES","HAY, ALFALFA, IRRIGATED - ACRES HARVESTED","TOTAL","NOT SPECIFIED","COUNTY","55","55","WI","WISCONSIN","40","WEST CENTRAL","063","063","LA CROSSE","","","00000000","","","9000","UNITED STATES","WISCONSIN, WEST CENTRAL, LA CROSSE","2022","ANNUAL","00","00","YEAR","","2024-07-02 12:00:00.000"," (D)","(D)"
"CENSUS","CROPS","FIELD CROPS","HAY","ALFALFA","IRRIGATED","ALL UTILIZATION PRACTICES","AREA HARVESTED","ACRES","HAY, ALFALFA, IRRIGATED - ACRES HARVESTED","TOTAL","NOT SPECIFIED","COUNTY","55","55","WI","WISCONSIN","40","WEST CENTRAL","081","081","MONROE","","","00000000","","","9000","UNITED STATES","WISCONSIN, WEST CENTRAL, MONROE","2022","ANNUAL","00","00","YEAR","","2024-07-02 12:00:00.000"," (D)","(D)"
"CENSUS","CROPS","FIELD CROPS","HAY","ALFALFA","IRRIGATED","ALL UTILIZATION PRACTICES","AREA HARVESTED","ACRES","HAY, ALFALFA, IRRIGATED - ACRES HARVESTED","TOTAL","NOT SPECIFIED","COUNTY","55","55","WI","WISCONSIN","40","WEST CENTRAL","091","091","PEPIN","","","00000000","","","9000","UNITED STATES","WISCONSIN, WEST CENTRAL, PEPIN","2022","ANNUAL","00","00","YEAR","","2024-07-02 12:00:00.000"," (D)","(D)"
"CENSUS","CROPS","FIELD CROPS","HAY","ALFALFA","IRRIGATED","ALL UTILIZATION PRACTICES","AREA HARVESTED","ACRES","HAY, ALFALFA, IRRIGATED - ACRES HARVESTED","TOTAL","NOT SPECIFIED","COUNTY","55","55","WI","WISCONSIN","40","WEST CENTRAL","093","093","PIERCE","","","00000000","","","9000","UNITED STATES","WISCONSIN, WEST CENTRAL, PIERCE","2022","ANNUAL","00","00","YEAR","","2024-07-02 12:00:00.000"," (D)","(D)"
"CENSUS","CROPS","FIELD CROPS","HAY","ALFALFA","IRRIGATED","ALL UTILIZATION PRACTICES","AREA HARVESTED","ACRES","HAY, ALFALFA, IRRIGATED - ACRES HARVESTED","TOTAL","NOT SPECIFIED","COUNTY","55","55","WI","WISCONSIN","40","WEST CENTRAL","109","109","ST CROIX","","","00000000","","","9000","UNITED STATES","WISCONSIN, WEST CENTRAL, ST CROIX","2022","ANNUAL","00","00","YEAR","","2024-07-02 12:00:00.000"," (D)","(D)"
"CENSUS","CROPS","FIELD CROPS","HAY","ALFALFA","IRRIGATED","ALL UTILIZATION PRACTICES","AREA HARVESTED","ACRES","HAY, ALFALFA, IRRIGATED - ACRES HARVESTED","TOTAL","NOT SPECIFIED","COUNTY","55","55","WI","WISCONSIN","40","WEST CENTRAL","121","121","TREMPEALEAU","","","00000000","","","9000","UNITED STATES","WISCONSIN, WEST CENTRAL, TREMPEALEAU","2022","ANNUAL","00","00","YEAR","","2024-07-02 12:00:00.000"," (D)","(D)"
"CENSUS","CROPS","FIELD CROPS","HAY","ALFALFA","IRRIGATED","ALL UTILIZATION PRACTICES","AREA HARVESTED","ACRES","HAY, ALFALFA, IRRIGATED - ACRES HARVESTED","TOTAL","NOT SPECIFIED","COUNTY","55","55","WI","WISCONSIN","50","CENTRAL","001","001","ADAMS","","","00000000","","","9000","UNITED STATES","WISCONSIN, CENTRAL, ADAMS","2022","ANNUAL","00","00","YEAR","","2024-07-02 12:00:00.000","1,218","27.1"
"CENSUS","CROPS","FIELD CROPS","HAY","ALFALFA","IRRIGATED","ALL UTILIZATION PRACTICES","AREA HARVESTED","ACRES","HAY, ALFALFA, IRRIGATED - ACRES HARVESTED","TOTAL","NOT SPECIFIED","COUNTY","55","55","WI","WISCONSIN","50","CENTRAL","047","047","GREEN LAKE","","","00000000","","","9000","UNITED STATES","WISCONSIN, CENTRAL, GREEN LAKE","2022","ANNUAL","00","00","YEAR","","2024-07-02 12:00:00.000"," (D)","(D)"
"CENSUS","CROPS","FIELD CROPS","HAY","ALFALFA","IRRIGATED","ALL UTILIZATION PRACTICES","AREA HARVESTED","ACRES","HAY, ALFALFA, IRRIGATED - ACRES HARVESTED","TOTAL","NOT SPECIFIED","COUNTY","55","55","WI","WISCONSIN","50","CENTRAL","057","057","JUNEAU","","","00000000","","","9000","UNITED STATES","WISCONSIN, CENTRAL, JUNEAU","2022","ANNUAL","00","00","YEAR","","2024-07-02 12:00:00.000"," (D)","(D)"
"CENSUS","CROPS","FIELD CROPS","HAY","ALFALFA","IRRIGATED","ALL UTILIZATION PRACTICES","AREA HARVESTED","ACRES","HAY, ALFALFA, IRRIGATED - ACRES HARVESTED","TOTAL","NOT SPECIFIED","COUNTY","55","55","WI","WISCONSIN","50","CENTRAL","077","077","MARQUETTE","","","00000000","","","9000","UNITED STATES","WISCONSIN, CENTRAL, MARQUETTE","2022","ANNUAL","00","00","YEAR","","2024-07-02 12:00:00.000","415","27.1"
"CENSUS","CROPS","FIELD CROPS","HAY","ALFALFA","IRRIGATED","ALL UTILIZATION PRACTICES","AREA HARVESTED","ACRES","HAY, ALFALFA, IRRIGATED - ACRES HARVESTED","TOTAL","NOT SPECIFIED","COUNTY","55","55","WI","WISCONSIN","50","CENTRAL","097","097","PORTAGE","","","00000000","","","9000","UNITED STATES","WISCONSIN, CENTRAL, PORTAGE","2022","ANNUAL","00","00","YEAR","","2024-07-02 12:00:00.000","2,158","27.1"
"CENSUS","CROPS","FIELD CROPS","HAY","ALFALFA","IRRIGATED","ALL UTILIZATION PRACTICES","AREA HARVESTED","ACRES","HAY, ALFALFA, IRRIGATED - ACRES HARVESTED","TOTAL","NOT SPECIFIED","COUNTY","55","55","WI","WISCONSIN","50","CENTRAL","135","135","WAUPACA","","","00000000","","","9000","UNITED STATES","WISCONSIN, CENTRAL, WAUPACA","2022","ANNUAL","00","00","YEAR","","2024-07-02 12:00:00.000","248","27.1"
"CENSUS","CROPS","FIELD CROPS","HAY","ALFALFA","IRRIGATED","ALL UTILIZATION PRACTICES","AREA HARVESTED","ACRES","HAY, ALFALFA, IRRIGATED - ACRES HARVESTED","TOTAL","NOT SPECIFIED","COUNTY","55","55","WI","WISCONSIN","50","CENTRAL","137","137","WAUSHARA","","","00000000","","","9000","UNITED STATES","WISCONSIN, CENTRAL, WAUSHARA","2022","ANNUAL","00","00","YEAR","","2024-07-02 12:00:00.000"," (D)","(D)"
"CENSUS","CROPS","FIELD CROPS","HAY","ALFALFA","IRRIGATED","ALL UTILIZATION PRACTICES","AREA HARVESTED","ACRES","HAY, ALFALFA, IRRIGATED - ACRES HARVESTED","TOTAL","NOT SPECIFIED","COUNTY","55","55","WI","WISCONSIN","50","CENTRAL","141","141","WOOD","","","00000000","","","9000","UNITED STATES","WISCONSIN, CENTRAL, WOOD","2022","ANNUAL","00","00","YEAR","","2024-07-02 12:00:00.000","103","27.1"
"CENSUS","CROPS","FIELD CROPS","HAY","ALFALFA","IRRIGATED","ALL UTILIZATION PRACTICES","AREA HARVESTED","ACRES","HAY, ALFALFA, IRRIGATED - ACRES HARVESTED","TOTAL","NOT SPECIFIED","COUNTY","55","55","WI","WISCONSIN","60","EAST CENTRAL","009","009","BROWN","","","00000000","","","9000","UNITED STATES","WISCONSIN, EAST CENTRAL, BROWN","2022","ANNUAL","00","00","YEAR","","2024-07-02 12:00:00.000"," (D)","(D)"
"CENSUS","CROPS","FIELD CROPS","HAY","ALFALFA","IRRIGATED","ALL UTILIZATION PRACTICES","AREA HARVESTED","ACRES","HAY, ALFALFA, IRRIGATED - ACRES HARVESTED","TOTAL","NOT SPECIFIED","COUNTY","55","55","WI","WISCONSIN","60","EAST CENTRAL","015","015","CALUMET","","","00000000","","","9000","UNITED STATES","WISCONSIN, EAST CENTRAL, CALUMET","2022","ANNUAL","00","00","YEAR","","2024-07-02 12:00:00.000","183","27.1"
"CENSUS","CROPS","FIELD CROPS","HAY","ALFALFA","IRRIGATED","ALL UTILIZATION PRACTICES","AREA HARVESTED","ACRES","HAY, ALFALFA, IRRIGATED - ACRES HARVESTED","TOTAL","NOT SPECIFIED","COUNTY","55","55","WI","WISCONSIN","60","EAST CENTRAL","039","039","FOND DU LAC","","","00000000","","","9000","UNITED STATES","WISCONSIN, EAST CENTRAL, FOND DU LAC","2022","ANNUAL","00","00","YEAR","","2024-07-02 12:00:00.000"," (D)","(D)"
"CENSUS","CROPS","FIELD CROPS","HAY","ALFALFA","IRRIGATED","ALL UTILIZATION PRACTICES","AREA HARVESTED","ACRES","HAY, ALFALFA, IRRIGATED - ACRES HARVESTED","TOTAL","NOT SPECIFIED","COUNTY","55","55","WI","WISCONSIN","60","EAST CENTRAL","061","061","KEWAUNEE","","","00000000","","","9000","UNITED STATES","WISCONSIN, EAST CENTRAL, KEWAUNEE","2022","ANNUAL","00","00","YEAR","","2024-07-02 12:00:00.000"," (D)","(D)"
"CENSUS","CROPS","FIELD CROPS","HAY","ALFALFA","IRRIGATED","ALL UTILIZATION PRACTICES","AREA HARVESTED","ACRES","HAY, ALFALFA, IRRIGATED - ACRES HARVESTED","TOTAL","NOT SPECIFIED","COUNTY","55","55","WI","WISCONSIN","60","EAST CENTRAL","071","071","MANITOWOC","","","00000000","","","9000","UNITED STATES","WISCONSIN, EAST CENTRAL, MANITOWOC","2022","ANNUAL","00","00","YEAR","","2024-07-02 12:00:00.000"," (D)","(D)"
"CENSUS","CROPS","FIELD CROPS","HAY","ALFALFA","IRRIGATED","ALL UTILIZATION PRACTICES","AREA HARVESTED","ACRES","HAY, ALFALFA, IRRIGATED - ACRES HARVESTED","TOTAL","NOT SPECIFIED","COUNTY","55","55","WI","WISCONSIN","60","EAST CENTRAL","087","087","OUTAGAMIE","","","00000000","","","9000","UNITED STATES","WISCONSIN, EAST CENTRAL, OUTAGAMIE","2022","ANNUAL","00","00","YEAR","","2024-07-02 12:00:00.000","217","27.1"
"CENSUS","CROPS","FIELD CROPS","HAY","ALFALFA","IRRIGATED","ALL UTILIZATION PRACTICES","AREA HARVESTED","ACRES","HAY, ALFALFA, IRRIGATED - ACRES HARVESTED","TOTAL","NOT SPECIFIED","COUNTY","55","55","WI","WISCONSIN","70","SOUTHWEST","043","043","GRANT","","","00000000","","","9000","UNITED STATES","WISCONSIN, SOUTHWEST, GRANT","2022","ANNUAL","00","00","YEAR","","2024-07-02 12:00:00.000"," (D)","(D)"
"CENSUS","CROPS","FIELD CROPS","HAY","ALFALFA","IRRIGATED","ALL UTILIZATION PRACTICES","AREA HARVESTED","ACRES","HAY, ALFALFA, IRRIGATED - ACRES HARVESTED","TOTAL","NOT SPECIFIED","COUNTY","55","55","WI","WISCONSIN","70","SOUTHWEST","049","049","IOWA","","","00000000","","","9000","UNITED STATES","WISCONSIN, SOUTHWEST, IOWA","2022","ANNUAL","00","00","YEAR","","2024-07-02 12:00:00.000","165","27.1"
"CENSUS","CROPS","FIELD CROPS","HAY","ALFALFA","IRRIGATED","ALL UTILIZATION PRACTICES","AREA HARVESTED","ACRES","HAY, ALFALFA, IRRIGATED - ACRES HARVESTED","TOTAL","NOT SPECIFIED","COUNTY","55","55","WI","WISCONSIN","70","SOUTHWEST","065","065","LAFAYETTE","","","00000000","","","9000","UNITED STATES","WISCONSIN, SOUTHWEST, LAFAYETTE","2022","ANNUAL","00","00","YEAR","","2024-07-02 12:00:00.000"," (D)","(D)"
"CENSUS","CROPS","FIELD CROPS","HAY","ALFALFA","IRRIGATED","ALL UTILIZATION PRACTICES","AREA HARVESTED","ACRES","HAY, ALFALFA, IRRIGATED - ACRES HARVESTED","TOTAL","NOT SPECIFIED","COUNTY","55","55","WI","WISCONSIN","70","SOUTHWEST","111","111","SAUK","","","00000000","","","9000","UNITED STATES","WISCONSIN, SOUTHWEST, SAUK","2022","ANNUAL","00","00","YEAR","","2024-07-02 12:00:00.000"," (D)","(D)"
"CENSUS","CROPS","FIELD CROPS","HAY","ALFALFA","IRRIGATED","ALL UTILIZATION PRACTICES","AREA HARVESTED","ACRES","HAY, ALFALFA, IRRIGATED - ACRES HARVESTED","TOTAL","NOT SPECIFIED","COUNTY","55","55","WI","WISCONSIN","70","SOUTHWEST","123","123","VERNON","","","00000000","","","9000","UNITED STATES","WISCONSIN, SOUTHWEST, VERNON","2022","ANNUAL","00","00","YEAR","","2024-07-02 12:00:00.000","83","27.1"
"CENSUS","CROPS","FIELD CROPS","HAY","ALFALFA","IRRIGATED","ALL UTILIZATION PRACTICES","AREA HARVESTED","ACRES","HAY, ALFALFA, IRRIGATED - ACRES HARVESTED","TOTAL","NOT SPECIFIED","COUNTY","55","55","WI","WISCONSIN","80","SOUTH CENTRAL","021","021","COLUMBIA","","","00000000","","","9000","UNITED STATES","WISCONSIN, SOUTH CENTRAL, COLUMBIA","2022","ANNUAL","00","00","YEAR","","2024-07-02 12:00:00.000"," (D)","(D)"
"CENSUS","CROPS","FIELD CROPS","HAY","ALFALFA","IRRIGATED","ALL UTILIZATION PRACTICES","AREA HARVESTED","ACRES","HAY, ALFALFA, IRRIGATED - ACRES HARVESTED","TOTAL","NOT SPECIFIED","COUNTY","55","55","WI","WISCONSIN","80","SOUTH CENTRAL","025","025","DANE","","","00000000","","","9000","UNITED STATES","WISCONSIN, SOUTH CENTRAL, DANE","2022","ANNUAL","00","00","YEAR","","2024-07-02 12:00:00.000","304","27.1"
"CENSUS","CROPS","FIELD CROPS","HAY","ALFALFA","IRRIGATED","ALL UTILIZATION PRACTICES","AREA HARVESTED","ACRES","HAY, ALFALFA, IRRIGATED - ACRES HARVESTED","TOTAL","NOT SPECIFIED","COUNTY","55","55","WI","WISCONSIN","80","SOUTH CENTRAL","027","027","DODGE","","","00000000","","","9000","UNITED STATES","WISCONSIN, SOUTH CENTRAL, DODGE","2022","ANNUAL","00","00","YEAR","","2024-07-02 12:00:00.000","24","(L)"
"CENSUS","CROPS","FIELD CROPS","HAY","ALFALFA","IRRIGATED","ALL UTILIZATION PRACTICES","AREA HARVESTED","ACRES","HAY, ALFALFA, IRRIGATED - ACRES HARVESTED","TOTAL","NOT SPECIFIED","COUNTY","55","55","WI","WISCONSIN","80","SOUTH CENTRAL","045","045","GREEN","","","00000000","","","9000","UNITED STATES","WISCONSIN, SOUTH CENTRAL, GREEN","2022","ANNUAL","00","00","YEAR","","2024-07-02 12:00:00.000"," (D)","(D)"
"CENSUS","CROPS","FIELD CROPS","HAY","ALFALFA","IRRIGATED","ALL UTILIZATION PRACTICES","AREA HARVESTED","ACRES","HAY, ALFALFA, IRRIGATED - ACRES HARVESTED","TOTAL","NOT SPECIFIED","COUNTY","55","55","WI","WISCONSIN","80","SOUTH CENTRAL","055","055","JEFFERSON","","","00000000","","","9000","UNITED STATES","WISCONSIN, SOUTH CENTRAL, JEFFERSON","2022","ANNUAL","00","00","YEAR","","2024-07-02 12:00:00.000","26","27.1"
"CENSUS","CROPS","FIELD CROPS","HAY","ALFALFA","IRRIGATED","ALL UTILIZATION PRACTICES","AREA HARVESTED","ACRES","HAY, ALFALFA, IRRIGATED - ACRES HARVESTED","TOTAL","NOT SPECIFIED","COUNTY","55","55","WI","WISCONSIN","80","SOUTH CENTRAL","105","105","ROCK","","","00000000","","","9000","UNITED STATES","WISCONSIN, SOUTH CENTRAL, ROCK","2022","ANNUAL","00","00","YEAR","","2024-07-02 12:00:00.000","68","27.1"
"CENSUS","CROPS","FIELD CROPS","HAY","ALFALFA","IRRIGATED","ALL UTILIZATION PRACTICES","AREA HARVESTED","ACRES","HAY, ALFALFA, IRRIGATED - ACRES HARVESTED","TOTAL","NOT SPECIFIED","COUNTY","55","55","WI","WISCONSIN","90","SOUTHEAST","127","127","WALWORTH","","","00000000","","","9000","UNITED STATES","WISCONSIN, SOUTHEAST, WALWORTH","2022","ANNUAL","00","00","YEAR","","2024-07-02 12:00:00.000"," (D)","(D)"
"CENSUS","CROPS","FIELD CROPS","HAY","ALFALFA","IRRIGATED","ALL UTILIZATION PRACTICES","AREA HARVESTED","ACRES","HAY, ALFALFA, IRRIGATED - ACRES HARVESTED","TOTAL","NOT SPECIFIED","COUNTY","55","55","WI","WISCONSIN","90","SOUTHEAST","133","133","WAUKESHA","","","00000000","","","9000","UNITED STATES","WISCONSIN, SOUTHEAST, WAUKESHA","2022","ANNUAL","00","00","YEAR","","2024-07-02 12:00:00.000"," (D)","(D)"
"CENSUS","CROPS","FIELD CROPS","HAY","ALFALFA","IRRIGATED","ALL UTILIZATION PRACTICES","AREA HARVESTED","OPERATIONS","HAY, ALFALFA, IRRIGATED - OPERATIONS WITH AREA HARVESTED","TOTAL","NOT SPECIFIED","COUNTY","55","55","WI","WISCONSIN","10","NORTHWEST","005","005","BARRON","","","00000000","","","9000","UNITED STATES","WISCONSIN, NORTHWEST, BARRON","2022","ANNUAL","00","00","YEAR","","2024-07-02 12:00:00.000","1","(L)"
"CENSUS","CROPS","FIELD CROPS","HAY","ALFALFA","IRRIGATED","ALL UTILIZATION PRACTICES","AREA HARVESTED","OPERATIONS","HAY, ALFALFA, IRRIGATED - OPERATIONS WITH AREA HARVESTED","TOTAL","NOT SPECIFIED","COUNTY","55","55","WI","WISCONSIN","10","NORTHWEST","017","017","CHIPPEWA","","","00000000","","","9000","UNITED STATES","WISCONSIN, NORTHWEST, CHIPPEWA","2022","ANNUAL","00","00","YEAR","","2024-07-02 12:00:00.000","8","27.6"
"CENSUS","CROPS","FIELD CROPS","HAY","ALFALFA","IRRIGATED","ALL UTILIZATION PRACTICES","AREA HARVESTED","OPERATIONS","HAY, ALFALFA, IRRIGATED - OPERATIONS WITH AREA HARVESTED","TOTAL","NOT SPECIFIED","COUNTY","55","55","WI","WISCONSIN","10","NORTHWEST","095","095","POLK","","","00000000","","","9000","UNITED STATES","WISCONSIN, NORTHWEST, POLK","2022","ANNUAL","00","00","YEAR","","2024-07-02 12:00:00.000","5","27.6"
"CENSUS","CROPS","FIELD CROPS","HAY","ALFALFA","IRRIGATED","ALL UTILIZATION PRACTICES","AREA HARVESTED","OPERATIONS","HAY, ALFALFA, IRRIGATED - OPERATIONS WITH AREA HARVESTED","TOTAL","NOT SPECIFIED","COUNTY","55","55","WI","WISCONSIN","10","NORTHWEST","129","129","WASHBURN","","","00000000","","","9000","UNITED STATES","WISCONSIN, NORTHWEST, WASHBURN","2022","ANNUAL","00","00","YEAR","","2024-07-02 12:00:00.000","3","27.6"
"CENSUS","CROPS","FIELD CROPS","HAY","ALFALFA","IRRIGATED","ALL UTILIZATION PRACTICES","AREA HARVESTED","OPERATIONS","HAY, ALFALFA, IRRIGATED - OPERATIONS WITH AREA HARVESTED","TOTAL","NOT SPECIFIED","COUNTY","55","55","WI","WISCONSIN","20","NORTH CENTRAL","019","019","CLARK","","","00000000","","","9000","UNITED STATES","WISCONSIN, NORTH CENTRAL, CLARK","2022","ANNUAL","00","00","YEAR","","2024-07-02 12:00:00.000","2","(L)"
"CENSUS","CROPS","FIELD CROPS","HAY","ALFALFA","IRRIGATED","ALL UTILIZATION PRACTICES","AREA HARVESTED","OPERATIONS","HAY, ALFALFA, IRRIGATED - OPERATIONS WITH AREA HARVESTED","TOTAL","NOT SPECIFIED","COUNTY","55","55","WI","WISCONSIN","20","NORTH CENTRAL","051","051","IRON","","","00000000","","","9000","UNITED STATES","WISCONSIN, NORTH CENTRAL, IRON","2022","ANNUAL","00","00","YEAR","","2024-07-02 12:00:00.000","1","(L)"
"CENSUS","CROPS","FIELD CROPS","HAY","ALFALFA","IRRIGATED","ALL UTILIZATION PRACTICES","AREA HARVESTED","OPERATIONS","HAY, ALFALFA, IRRIGATED - OPERATIONS WITH AREA HARVESTED","TOTAL","NOT SPECIFIED","COUNTY","55","55","WI","WISCONSIN","20","NORTH CENTRAL","069","069","LINCOLN","","","00000000","","","9000","UNITED STATES","WISCONSIN, NORTH CENTRAL, LINCOLN","2022","ANNUAL","00","00","YEAR","","2024-07-02 12:00:00.000","2","27.6"
"CENSUS","CROPS","FIELD CROPS","HAY","ALFALFA","IRRIGATED","ALL UTILIZATION PRACTICES","AREA HARVESTED","OPERATIONS","HAY, ALFALFA, IRRIGATED - OPERATIONS WITH AREA HARVESTED","TOTAL","NOT SPECIFIED","COUNTY","55","55","WI","WISCONSIN","20","NORTH CENTRAL","073","073","MARATHON","","","00000000","","","9000","UNITED STATES","WISCONSIN, NORTH CENTRAL, MARATHON","2022","ANNUAL","00","00","YEAR","","2024-07-02 12:00:00.000","33","27.6"
"CENSUS","CROPS","FIELD CROPS","HAY","ALFALFA","IRRIGATED","ALL UTILIZATION PRACTICES","AREA HARVESTED","OPERATIONS","HAY, ALFALFA, IRRIGATED - OPERATIONS WITH AREA HARVESTED","TOTAL","NOT SPECIFIED","COUNTY","55","55","WI","WISCONSIN","20","NORTH CENTRAL","119","119","TAYLOR","","","00000000","","","9000","UNITED STATES","WISCONSIN, NORTH CENTRAL, TAYLOR","2022","ANNUAL","00","00","YEAR","","2024-07-02 12:00:00.000","2","27.6"
"CENSUS","CROPS","FIELD CROPS","HAY","ALFALFA","IRRIGATED","ALL UTILIZATION PRACTICES","AREA HARVESTED","OPERATIONS","HAY, ALFALFA, IRRIGATED - OPERATIONS WITH AREA HARVESTED","TOTAL","NOT SPECIFIED","COUNTY","55","55","WI","WISCONSIN","30","NORTHEAST","067","067","LANGLADE","","","00000000","","","9000","UNITED STATES","WISCONSIN, NORTHEAST, LANGLADE","2022","ANNUAL","00","00","YEAR","","2024-07-02 12:00:00.000","1","27.6"
"CENSUS","CROPS","FIELD CROPS","HAY","ALFALFA","IRRIGATED","ALL UTILIZATION PRACTICES","AREA HARVESTED","OPERATIONS","HAY, ALFALFA, IRRIGATED - OPERATIONS WITH AREA HARVESTED","TOTAL","NOT SPECIFIED","COUNTY","55","55","WI","WISCONSIN","40","WEST CENTRAL","011","011","BUFFALO","","","00000000","","","9000","UNITED STATES","WISCONSIN, WEST CENTRAL, BUFFALO","2022","ANNUAL","00","00","YEAR","","2024-07-02 12:00:00.000","4","27.6"
"CENSUS","CROPS","FIELD CROPS","HAY","ALFALFA","IRRIGATED","ALL UTILIZATION PRACTICES","AREA HARVESTED","OPERATIONS","HAY, ALFALFA, IRRIGATED - OPERATIONS WITH AREA HARVESTED","TOTAL","NOT SPECIFIED","COUNTY","55","55","WI","WISCONSIN","40","WEST CENTRAL","033","033","DUNN","","","00000000","","","9000","UNITED STATES","WISCONSIN, WEST CENTRAL, DUNN","2022","ANNUAL","00","00","YEAR","","2024-07-02 12:00:00.000","18","27.6"
"CENSUS","CROPS","FIELD CROPS","HAY","ALFALFA","IRRIGATED","ALL UTILIZATION PRACTICES","AREA HARVESTED","OPERATIONS","HAY, ALFALFA, IRRIGATED - OPERATIONS WITH AREA HARVESTED","TOTAL","NOT SPECIFIED","COUNTY","55","55","WI","WISCONSIN","40","WEST CENTRAL","035","035","EAU CLAIRE","","","00000000","","","9000","UNITED STATES","WISCONSIN, WEST CENTRAL, EAU CLAIRE","2022","ANNUAL","00","00","YEAR","","2024-07-02 12:00:00.000","1","(L)"
"CENSUS","CROPS","FIELD CROPS","HAY","ALFALFA","IRRIGATED","ALL UTILIZATION PRACTICES","AREA HARVESTED","OPERATIONS","HAY, ALFALFA, IRRIGATED - OPERATIONS WITH AREA HARVESTED","TOTAL","NOT SPECIFIED","COUNTY","55","55","WI","WISCONSIN","40","WEST CENTRAL","053","053","JACKSON","","","00000000","","","9000","UNITED STATES","WISCONSIN, WEST CENTRAL, JACKSON","2022","ANNUAL","00","00","YEAR","","2024-07-02 12:00:00.000","2","(L)"
"CENSUS","CROPS","FIELD CROPS","HAY","ALFALFA","IRRIGATED","ALL UTILIZATION PRACTICES","AREA HARVESTED","OPERATIONS","HAY, ALFALFA, IRRIGATED - OPERATIONS WITH AREA HARVESTED","TOTAL","NOT SPECIFIED","COUNTY","55","55","WI","WISCONSIN","40","WEST CENTRAL","063","063","LA CROSSE","","","00000000","","","9000","UNITED STATES","WISCONSIN, WEST CENTRAL, LA CROSSE","2022","ANNUAL","00","00","YEAR","","2024-07-02 12:00:00.000","2","27.6"
"CENSUS","CROPS","FIELD CROPS","HAY","ALFALFA","IRRIGATED","ALL UTILIZATION PRACTICES","AREA HARVESTED","OPERATIONS","HAY, ALFALFA, IRRIGATED - OPERATIONS WITH AREA HARVESTED","TOTAL","NOT SPECIFIED","COUNTY","55","55","WI","WISCONSIN","40","WEST CENTRAL","081","081","MONROE","","","00000000","","","9000","UNITED STATES","WISCONSIN, WEST CENTRAL, MONROE","2022","ANNUAL","00","00","YEAR","","2024-07-02 12:00:00.000","1","27.6"
"CENSUS","CROPS","FIELD CROPS","HAY","ALFALFA","IRRIGATED","ALL UTILIZATION PRACTICES","AREA HARVESTED","OPERATIONS","HAY, ALFALFA, IRRIGATED - OPERATIONS WITH AREA HARVESTED","TOTAL","NOT SPECIFIED","COUNTY","55","55","WI","WISCONSIN","40","WEST CENTRAL","091","091","PEPIN","","","00000000","","","9000","UNITED STATES","WISCONSIN, WEST CENTRAL, PEPIN","2022","ANNUAL","00","00","YEAR","","2024-07-02 12:00:00.000","5","27.6"
"CENSUS","CROPS","FIELD CROPS","HAY","ALFALFA","IRRIGATED","ALL UTILIZATION PRACTICES","AREA HARVESTED","OPERATIONS","HAY, ALFALFA, IRRIGATED - OPERATIONS WITH AREA HARVESTED","TOTAL","NOT SPECIFIED","COUNTY","55","55","WI","WISCONSIN","40","WEST CENTRAL","093","093","PIERCE","","","00000000","","","9000","UNITED STATES","WISCONSIN, WEST CENTRAL, PIERCE","2022","ANNUAL","00","00","YEAR","","2024-07-02 12:00:00.000","2","(L)"
"CENSUS","CROPS","FIELD CROPS","HAY","ALFALFA","IRRIGATED","ALL UTILIZATION PRACTICES","AREA HARVESTED","OPERATIONS","HAY, ALFALFA, IRRIGATED - OPERATIONS WITH AREA HARVESTED","TOTAL","NOT SPECIFIED","COUNTY","55","55","WI","WISCONSIN","40","WEST CENTRAL","109","109","ST CROIX","","","00000000","","","9000","UNITED STATES","WISCONSIN, WEST CENTRAL, ST CROIX","2022","ANNUAL","00","00","YEAR","","2024-07-02 12:00:00.000","7","27.6"
"CENSUS","CROPS","FIELD CROPS","HAY","ALFALFA","IRRIGATED","ALL UTILIZATION PRACTICES","AREA HARVESTED","OPERATIONS","HAY, ALFALFA, IRRIGATED - OPERATIONS WITH AREA HARVESTED","TOTAL","NOT SPECIFIED","COUNTY","55","55","WI","WISCONSIN","40","WEST CENTRAL","121","121","TREMPEALEAU","","","00000000","","","9000","UNITED STATES","WISCONSIN, WEST CENTRAL, TREMPEALEAU","2022","ANNUAL","00","00","YEAR","","2024-07-02 12:00:00.000","2","27.6"
"CENSUS","CROPS","FIELD CROPS","HAY","ALFALFA","IRRIGATED","ALL UTILIZATION PRACTICES","AREA HARVESTED","OPERATIONS","HAY, ALFALFA, IRRIGATED - OPERATIONS WITH AREA HARVESTED","TOTAL","NOT SPECIFIED","COUNTY","55","55","WI","WISCONSIN","50","CENTRAL","001","001","ADAMS","","","00000000","","","9000","UNITED STATES","WISCONSIN, CENTRAL, ADAMS","2022","ANNUAL","00","00","YEAR","","2024-07-02 12:00:00.000","23","27.6"
"CENSUS","CROPS","FIELD CROPS","HAY","ALFALFA","IRRIGATED","ALL UTILIZATION PRACTICES","AREA HARVESTED","OPERATIONS","HAY, ALFALFA, IRRIGATED - OPERATIONS WITH AREA HARVESTED","TOTAL","NOT SPECIFIED","COUNTY","55","55","WI","WISCONSIN","50","CENTRAL","047","047","GREEN LAKE","","","00000000","","","9000","UNITED STATES","WISCONSIN, CENTRAL, GREEN LAKE","2022","ANNUAL","00","00","YEAR","","2024-07-02 12:00:00.000","11","27.6"
"CENSUS","CROPS","FIELD CROPS","HAY","ALFALFA","IRRIGATED","ALL UTILIZATION PRACTICES","AREA HARVESTED","OPERATIONS","HAY, ALFALFA, IRRIGATED - OPERATIONS WITH AREA HARVESTED","TOTAL","NOT SPECIFIED","COUNTY","55","55","WI","WISCONSIN","50","CENTRAL","057","057","JUNEAU","","","00000000","","","9000","UNITED STATES","WISCONSIN, CENTRAL, JUNEAU","2022","ANNUAL","00","00","YEAR","","2024-07-02 12:00:00.000","2","(L)"
"CENSUS","CROPS","FIELD CROPS","HAY","ALFALFA","IRRIGATED","ALL UTILIZATION PRACTICES","AREA HARVESTED","OPERATIONS","HAY, ALFALFA, IRRIGATED - OPERATIONS WITH AREA HARVESTED","TOTAL","NOT SPECIFIED","COUNTY","55","55","WI","WISCONSIN","50","CENTRAL","077","077","MARQUETTE","","","00000000","","","9000","UNITED STATES","WISCONSIN, CENTRAL, MARQUETTE","2022","ANNUAL","00","00","YEAR","","2024-07-02 12:00:00.000","11","27.6"
"CENSUS","CROPS","FIELD CROPS","HAY","ALFALFA","IRRIGATED","ALL UTILIZATION PRACTICES","AREA HARVESTED","OPERATIONS","HAY, ALFALFA, IRRIGATED - OPERATIONS WITH AREA HARVESTED","TOTAL","NOT SPECIFIED","COUNTY","55","55","WI","WISCONSIN","50","CENTRAL","097","097","PORTAGE","","","00000000","","","9000","UNITED STATES","WISCONSIN, CENTRAL, PORTAGE","2022","ANNUAL","00","00","YEAR","","2024-07-02 12:00:00.000","43","27.6"
"CENSUS","CROPS","FIELD CROPS","HAY","ALFALFA","IRRIGATED","ALL UTILIZATION PRACTICES","AREA HARVESTED","OPERATIONS","HAY, ALFALFA, IRRIGATED - OPERATIONS WITH AREA HARVESTED","TOTAL","NOT SPECIFIED","COUNTY","55","55","WI","WISCONSIN","50","CENTRAL","135","135","WAUPACA","","","00000000","","","9000","UNITED STATES","WISCONSIN, CENTRAL, WAUPACA","2022","ANNUAL","00","00","YEAR","","2024-07-02 12:00:00.000","5","27.6"
"CENSUS","CROPS","FIELD CROPS","HAY","ALFALFA","IRRIGATED","ALL UTILIZATION PRACTICES","AREA HARVESTED","OPERATIONS","HAY, ALFALFA, IRRIGATED - OPERATIONS WITH AREA HARVESTED","TOTAL","NOT SPECIFIED","COUNTY","55","55","WI","WISCONSIN","50","CENTRAL","137","137","WAUSHARA","","","00000000","","","9000","UNITED STATES","WISCONSIN, CENTRAL, WAUSHARA","2022","ANNUAL","00","00","YEAR","","2024-07-02 12:00:00.000","14","27.6"
"CENSUS","CROPS","FIELD CROPS","HAY","ALFALFA","IRRIGATED","ALL UTILIZATION PRACTICES","AREA HARVESTED","OPERATIONS","HAY, ALFALFA, IRRIGATED - OPERATIONS WITH AREA HARVESTED","TOTAL","NOT SPECIFIED","COUNTY","55","55","WI","WISCONSIN","50","CENTRAL","141","141","WOOD","","","00000000","","","9000","UNITED STATES","WISCONSIN, CENTRAL, WOOD","2022","ANNUAL","00","00","YEAR","","2024-07-02 12:00:00.000","3","27.6"
"CENSUS","CROPS","FIELD CROPS","HAY","ALFALFA","IRRIGATED","ALL UTILIZATION PRACTICES","AREA HARVESTED","OPERATIONS","HAY, ALFALFA, IRRIGATED - OPERATIONS WITH AREA HARVESTED","TOTAL","NOT SPECIFIED","COUNTY","55","55","WI","WISCONSIN","60","EAST CENTRAL","009","009","BROWN","","","00000000","","","9000","UNITED STATES","WISCONSIN, EAST CENTRAL, BROWN","2022","ANNUAL","00","00","YEAR","","2024-07-02 12:00:00.000","3","(L)"
"CENSUS","CROPS","FIELD CROPS","HAY","ALFALFA","IRRIGATED","ALL UTILIZATION PRACTICES","AREA HARVESTED","OPERATIONS","HAY, ALFALFA, IRRIGATED - OPERATIONS WITH AREA HARVESTED","TOTAL","NOT SPECIFIED","COUNTY","55","55","WI","WISCONSIN","60","EAST CENTRAL","015","015","CALUMET","","","00000000","","","9000","UNITED STATES","WISCONSIN, EAST CENTRAL, CALUMET","2022","ANNUAL","00","00","YEAR","","2024-07-02 12:00:00.000","3","27.6"
"CENSUS","CROPS","FIELD CROPS","HAY","ALFALFA","IRRIGATED","ALL UTILIZATION PRACTICES","AREA HARVESTED","OPERATIONS","HAY, ALFALFA, IRRIGATED - OPERATIONS WITH AREA HARVESTED","TOTAL","NOT SPECIFIED","COUNTY","55","55","WI","WISCONSIN","60","EAST CENTRAL","039","039","FOND DU LAC","","","00000000","","","9000","UNITED STATES","WISCONSIN, EAST CENTRAL, FOND DU LAC","2022","ANNUAL","00","00","YEAR","","2024-07-02 12:00:00.000","3","(L)"
"CENSUS","CROPS","FIELD CROPS","HAY","ALFALFA","IRRIGATED","ALL UTILIZATION PRACTICES","AREA HARVESTED","OPERATIONS","HAY, ALFALFA, IRRIGATED - OPERATIONS WITH AREA HARVESTED","TOTAL","NOT SPECIFIED","COUNTY","55","55","WI","WISCONSIN","60","EAST CENTRAL","061","061","KEWAUNEE","","","00000000","","","9000","UNITED STATES","WISCONSIN, EAST CENTRAL, KEWAUNEE","2022","ANNUAL","00","00","YEAR","","2024-07-02 12:00:00.000","1","(L)"
"CENSUS","CROPS","FIELD CROPS","HAY","ALFALFA","IRRIGATED","ALL UTILIZATION PRACTICES","AREA HARVESTED","OPERATIONS","HAY, ALFALFA, IRRIGATED - OPERATIONS WITH AREA HARVESTED","TOTAL","NOT SPECIFIED","COUNTY","55","55","WI","WISCONSIN","60","EAST CENTRAL","071","071","MANITOWOC","","","00000000","","","9000","UNITED STATES","WISCONSIN, EAST CENTRAL, MANITOWOC","2022","ANNUAL","00","00","YEAR","","2024-07-02 12:00:00.000","1","(L)"
"CENSUS","CROPS","FIELD CROPS","HAY","ALFALFA","IRRIGATED","ALL UTILIZATION PRACTICES","AREA HARVESTED","OPERATIONS","HAY, ALFALFA, IRRIGATED - OPERATIONS WITH AREA HARVESTED","TOTAL","NOT SPECIFIED","COUNTY","55","55","WI","WISCONSIN","60","EAST CENTRAL","087","087","OUTAGAMIE","","","00000000","","","9000","UNITED STATES","WISCONSIN, EAST CENTRAL, OUTAGAMIE","2022","ANNUAL","00","00","YEAR","","2024-07-02 12:00:00.000","5","27.6"
"CENSUS","CROPS","FIELD CROPS","HAY","ALFALFA","IRRIGATED","ALL UTILIZATION PRACTICES","AREA HARVESTED","OPERATIONS","HAY, ALFALFA, IRRIGATED - OPERATIONS WITH AREA HARVESTED","TOTAL","NOT SPECIFIED","COUNTY","55","55","WI","WISCONSIN","70","SOUTHWEST","043","043","GRANT","","","00000000","","","9000","UNITED STATES","WISCONSIN, SOUTHWEST, GRANT","2022","ANNUAL","00","00","YEAR","","2024-07-02 12:00:00.000","1","27.6"
"CENSUS","CROPS","FIELD CROPS","HAY","ALFALFA","IRRIGATED","ALL UTILIZATION PRACTICES","AREA HARVESTED","OPERATIONS","HAY, ALFALFA, IRRIGATED - OPERATIONS WITH AREA HARVESTED","TOTAL","NOT SPECIFIED","COUNTY","55","55","WI","WISCONSIN","70","SOUTHWEST","049","049","IOWA","","","00000000","","","9000","UNITED STATES","WISCONSIN, SOUTHWEST, IOWA","2022","ANNUAL","00","00","YEAR","","2024-07-02 12:00:00.000","7","27.6"
"CENSUS","CROPS","FIELD CROPS","HAY","ALFALFA","IRRIGATED","ALL UTILIZATION PRACTICES","AREA HARVESTED","OPERATIONS","HAY, ALFALFA, IRRIGATED - OPERATIONS WITH AREA HARVESTED","TOTAL","NOT SPECIFIED","COUNTY","55","55","WI","WISCONSIN","70","SOUTHWEST","065","065","LAFAYETTE","","","00000000","","","9000","UNITED STATES","WISCONSIN, SOUTHWEST, LAFAYETTE","2022","ANNUAL","00","00","YEAR","","2024-07-02 12:00:00.000","2","(L)"
"CENSUS","CROPS","FIELD CROPS","HAY","ALFALFA","IRRIGATED","ALL UTILIZATION PRACTICES","AREA HARVESTED","OPERATIONS","HAY, ALFALFA, IRRIGATED - OPERATIONS WITH AREA HARVESTED","TOTAL","NOT SPECIFIED","COUNTY","55","55","WI","WISCONSIN","70","SOUTHWEST","111","111","SAUK","","","00000000","","","9000","UNITED STATES","WISCONSIN, SOUTHWEST, SAUK","2022","ANNUAL","00","00","YEAR","","2024-07-02 12:00:00.000","9","27.6"
"CENSUS","CROPS","FIELD CROPS","HAY","ALFALFA","IRRIGATED","ALL UTILIZATION PRACTICES","AREA HARVESTED","OPERATIONS","HAY, ALFALFA, IRRIGATED - OPERATIONS WITH AREA HARVESTED","TOTAL","NOT SPECIFIED","COUNTY","55","55","WI","WISCONSIN","70","SOUTHWEST","123","123","VERNON","","","00000000","","","9000","UNITED STATES","WISCONSIN, SOUTHWEST, VERNON","2022","ANNUAL","00","00","YEAR","","2024-07-02 12:00:00.000","6","27.6"
"CENSUS","CROPS","FIELD CROPS","HAY","ALFALFA","IRRIGATED","ALL UTILIZATION PRACTICES","AREA HARVESTED","OPERATIONS","HAY, ALFALFA, IRRIGATED - OPERATIONS WITH AREA HARVESTED","TOTAL","NOT SPECIFIED","COUNTY","55","55","WI","WISCONSIN","80","SOUTH CENTRAL","021","021","COLUMBIA","","","00000000","","","9000","UNITED STATES","WISCONSIN, SOUTH CENTRAL, COLUMBIA","2022","ANNUAL","00","00","YEAR","","2024-07-02 12:00:00.000","10","27.6"
"CENSUS","CROPS","FIELD CROPS","HAY","ALFALFA","IRRIGATED","ALL UTILIZATION PRACTICES","AREA HARVESTED","OPERATIONS","HAY, ALFALFA, IRRIGATED - OPERATIONS WITH AREA HARVESTED","TOTAL","NOT SPECIFIED","COUNTY","55","55","WI","WISCONSIN","80","SOUTH CENTRAL","025","025","DANE","","","00000000","","","9000","UNITED STATES","WISCONSIN, SOUTH CENTRAL, DANE","2022","ANNUAL","00","00","YEAR","","2024-07-02 12:00:00.000","11","27.6"
"CENSUS","CROPS","FIELD CROPS","HAY","ALFALFA","IRRIGATED","ALL UTILIZATION PRACTICES","AREA HARVESTED","OPERATIONS","HAY, ALFALFA, IRRIGATED - OPERATIONS WITH AREA HARVESTED","TOTAL","NOT SPECIFIED","COUNTY","55","55","WI","WISCONSIN","80","SOUTH CENTRAL","027","027","DODGE","","","00000000","","","9000","UNITED STATES","WISCONSIN, SOUTH CENTRAL, DODGE","2022","ANNUAL","00","00","YEAR","","2024-07-02 12:00:00.000","3","(L)"
"CENSUS","CROPS","FIELD CROPS","HAY","ALFALFA","IRRIGATED","ALL UTILIZATION PRACTICES","AREA HARVESTED","OPERATIONS","HAY, ALFALFA, IRRIGATED - OPERATIONS WITH AREA HARVESTED","TOTAL","NOT SPECIFIED","COUNTY","55","55","WI","WISCONSIN","80","SOUTH CENTRAL","045","045","GREEN","","","00000000","","","9000","UNITED STATES","WISCONSIN, SOUTH CENTRAL, GREEN","2022","ANNUAL","00","00","YEAR","","2024-07-02 12:00:00.000","3","27.6"
"CENSUS","CROPS","FIELD CROPS","HAY","ALFALFA","IRRIGATED","ALL UTILIZATION PRACTICES","AREA HARVESTED","OPERATIONS","HAY, ALFALFA, IRRIGATED - OPERATIONS WITH AREA HARVESTED","TOTAL","NOT SPECIFIED","COUNTY","55","55","WI","WISCONSIN","80","SOUTH CENTRAL","055","055","JEFFERSON","","","00000000","","","9000","UNITED STATES","WISCONSIN, SOUTH CENTRAL, JEFFERSON","2022","ANNUAL","00","00","YEAR","","2024-07-02 12:00:00.000","5","27.6"
"CENSUS","CROPS","FIELD CROPS","HAY","ALFALFA","IRRIGATED","ALL UTILIZATION PRACTICES","AREA HARVESTED","OPERATIONS","HAY, ALFALFA, IRRIGATED - OPERATIONS WITH AREA HARVESTED","TOTAL","NOT SPECIFIED","COUNTY","55","55","WI","WISCONSIN","80","SOUTH CENTRAL","105","105","ROCK","","","00000000","","","9000","UNITED STATES","WISCONSIN, SOUTH CENTRAL, ROCK","2022","ANNUAL","00","00","YEAR","","2024-07-02 12:00:00.000","7","27.6"
"CENSUS","CROPS","FIELD CROPS","HAY","ALFALFA","IRRIGATED","ALL UTILIZATION PRACTICES","AREA HARVESTED","OPERATIONS","HAY, ALFALFA, IRRIGATED - OPERATIONS WITH AREA HARVESTED","TOTAL","NOT SPECIFIED","COUNTY","55","55","WI","WISCONSIN","90","SOUTHEAST","127","127","WALWORTH","","","00000000","","","9000","UNITED STATES","WISCONSIN, SOUTHEAST, WALWORTH","2022","ANNUAL","00","00","YEAR","","2024-07-02 12:00:00.000","4","27.6"
"CENSUS","CROPS","FIELD CROPS","HAY","ALFALFA","IRRIGATED","ALL UTILIZATION PRACTICES","AREA HARVESTED","OPERATIONS","HAY, ALFALFA, IRRIGATED - OPERATIONS WITH AREA HARVESTED","TOTAL","NOT SPECIFIED","COUNTY","55","55","WI","WISCONSIN","90","SOUTHEAST","133","133","WAUKESHA","","","00000000","","","9000","UNITED STATES","WISCONSIN, SOUTHEAST, WAUKESHA","2022","ANNUAL","00","00","YEAR","","2024-07-02 12:00:00.000","1","27.6"

