"source_desc","sector_desc","group_desc","commodity_desc","class_desc","prodn_practice_desc","util_practice_desc","statisticcat_desc","unit_desc","short_desc","domain_desc","domaincat_desc","agg_level_desc","state_ansi","state_fips_code","state_alpha","state_name","asd_code","asd_desc","county_ansi","county_code","county_name","region_desc","zip_5","watershed_code","watershed_desc","congr_district_code","country_code","country_name","location_desc","year","freq_desc","begin_code","end_code","reference_period_desc","week_ending","load_time","Value","CV (%)"
"CENSUS","CROPS","VEGETABLES","POTATOES","ALL CLASSES","ALL PRODUCTION PRACTICES","ALL UTILIZATION PRACTICES","AREA HARVESTED","ACRES","POTATOES - ACRES HARVESTED","TOTAL","NOT SPECIFIED","COUNTY","55","55","WI","WISCONSIN","10","NORTHWEST","005","005","BARRON","","","00000000","","","9000","UNITED STATES","WISCONSIN, NORTHWEST, BARRON","2022","ANNUAL","00","00","YEAR","","2024-07-02 12:00:00.000"," (D)","(D)"
"CENSUS","CROPS","VEGETABLES","POTATOES","ALL CLASSES","ALL PRODUCTION PRACTICES","ALL UTILIZATION PRACTICES","AREA HARVESTED","ACRES","POTATOES - ACRES HARVESTED","TOTAL","NOT SPECIFIED","COUNTY","55","55","WI","WISCONSIN","10","NORTHWEST","007","007","BAYFIELD","","","00000000","","","9000","UNITED STATES","WISCONSIN, NORTHWEST, BAYFIELD","2022","ANNUAL","00","00","YEAR","","2024-07-02 12:00:00.000","4","5.6"
"CENSUS","CROPS","VEGETABLES","POTATOES","ALL CLASSES","ALL PRODUCTION PRACTICES","ALL UTILIZATION PRACTICES","AREA HARVESTED","ACRES","POTATOES - ACRES HARVESTED","TOTAL","NOT SPECIFIED","COUNTY","55","55","WI","WISCONSIN","10","NORTHWEST","017","017","CHIPPEWA","","","00000000","","","9000","UNITED STATES","WISCONSIN, NORTHWEST, CHIPPEWA","2022","ANNUAL","00","00","YEAR","","2024-07-02 12:00:00.000","3","5.6"
"CENSUS","CROPS","VEGETABLES","POTATOES","ALL CLASSES","ALL PRODUCTION PRACTICES","ALL UTILIZATION PRACTICES","AREA HARVESTED","ACRES","POTATOES - ACRES HARVESTED","TOTAL","NOT SPECIFIED","COUNTY","55","55","WI","WISCONSIN","10","NORTHWEST","031","031","DOUGLAS","","","00000000","","","9000","UNITED STATES","WISCONSIN, NORTHWEST, DOUGLAS","2022","ANNUAL","00","00","YEAR","","2024-07-02 12:00:00.000"," (D)","(D)"
"CENSUS","CROPS","VEGETABLES","POTATOES","ALL CLASSES","ALL PRODUCTION PRACTICES","ALL UTILIZATION PRACTICES","AREA HARVESTED","ACRES","POTATOES - ACRES HARVESTED","TOTAL","NOT SPECIFIED","COUNTY","55","55","WI","WISCONSIN","10","NORTHWEST","095","095","POLK","","","00000000","","","9000","UNITED STATES","WISCONSIN, NORTHWEST, POLK","2022","ANNUAL","00","00","YEAR","","2024-07-02 12:00:00.000","3","5.6"
"CENSUS","CROPS","VEGETABLES","POTATOES","ALL CLASSES","ALL PRODUCTION PRACTICES","ALL UTILIZATION PRACTICES","AREA HARVESTED","ACRES","POTATOES - ACRES HARVESTED","TOTAL","NOT SPECIFIED","COUNTY","55","55","WI","WISCONSIN","10","NORTHWEST","107","107","RUSK","","","00000000","","","9000","UNITED STATES","WISCONSIN, NORTHWEST, RUSK","2022","ANNUAL","00","00","YEAR","","2024-07-02 12:00:00.000"," (D)","(D)"
"CENSUS","CROPS","VEGETABLES","POTATOES","ALL CLASSES","ALL PRODUCTION PRACTICES","ALL UTILIZATION PRACTICES","AREA HARVESTED","ACRES","POTATOES - ACRES HARVESTED","TOTAL","NOT SPECIFIED","COUNTY","55","55","WI","WISCONSIN","10","NORTHWEST","129","129","WASHBURN","","","00000000","","","9000","UNITED STATES","WISCONSIN, NORTHWEST, WASHBURN","2022","ANNUAL","00","00","YEAR","","2024-07-02 12:00:00.000","6","5.6"
"CENSUS","CROPS","VEGETABLES","POTATOES","ALL CLASSES","ALL PRODUCTION PRACTICES","ALL UTILIZATION PRACTICES","AREA HARVESTED","ACRES","POTATOES - ACRES HARVESTED","TOTAL","NOT SPECIFIED","COUNTY","55","55","WI","WISCONSIN","20","NORTH CENTRAL","003","003","ASHLAND","","","00000000","","","9000","UNITED STATES","WISCONSIN, NORTH CENTRAL, ASHLAND","2022","ANNUAL","00","00","YEAR","","2024-07-02 12:00:00.000","5","5.6"
"CENSUS","CROPS","VEGETABLES","POTATOES","ALL CLASSES","ALL PRODUCTION PRACTICES","ALL UTILIZATION PRACTICES","AREA HARVESTED","ACRES","POTATOES - ACRES HARVESTED","TOTAL","NOT SPECIFIED","COUNTY","55","55","WI","WISCONSIN","20","NORTH CENTRAL","019","019","CLARK","","","00000000","","","9000","UNITED STATES","WISCONSIN, NORTH CENTRAL, CLARK","2022","ANNUAL","00","00","YEAR","","2024-07-02 12:00:00.000","11","5.6"
"CENSUS","CROPS","VEGETABLES","POTATOES","ALL CLASSES","ALL PRODUCTION PRACTICES","ALL UTILIZATION PRACTICES","AREA HARVESTED","ACRES","POTATOES - ACRES HARVESTED","TOTAL","NOT SPECIFIED","COUNTY","55","55","WI","WISCONSIN","20","NORTH CENTRAL","051","051","IRON","","","00000000","","","9000","UNITED STATES","WISCONSIN, NORTH CENTRAL, IRON","2022","ANNUAL","00","00","YEAR","","2024-07-02 12:00:00.000"," (D)","(D)"
"CENSUS","CROPS","VEGETABLES","POTATOES","ALL CLASSES","ALL PRODUCTION PRACTICES","ALL UTILIZATION PRACTICES","AREA HARVESTED","ACRES","POTATOES - ACRES HARVESTED","TOTAL","NOT SPECIFIED","COUNTY","55","55","WI","WISCONSIN","20","NORTH CENTRAL","069","069","LINCOLN","","","00000000","","","9000","UNITED STATES","WISCONSIN, NORTH CENTRAL, LINCOLN","2022","ANNUAL","00","00","YEAR","","2024-07-02 12:00:00.000","10","5.6"
"CENSUS","CROPS","VEGETABLES","POTATOES","ALL CLASSES","ALL PRODUCTION PRACTICES","ALL UTILIZATION PRACTICES","AREA HARVESTED","ACRES","POTATOES - ACRES HARVESTED","TOTAL","NOT SPECIFIED","COUNTY","55","55","WI","WISCONSIN","20","NORTH CENTRAL","073","073","MARATHON","","","00000000","","","9000","UNITED STATES","WISCONSIN, NORTH CENTRAL, MARATHON","2022","ANNUAL","00","00","YEAR","","2024-07-02 12:00:00.000"," (D)","(D)"
"CENSUS","CROPS","VEGETABLES","POTATOES","ALL CLASSES","ALL PRODUCTION PRACTICES","ALL UTILIZATION PRACTICES","AREA HARVESTED","ACRES","POTATOES - ACRES HARVESTED","TOTAL","NOT SPECIFIED","COUNTY","55","55","WI","WISCONSIN","20","NORTH CENTRAL","085","085","ONEIDA","","","00000000","","","9000","UNITED STATES","WISCONSIN, NORTH CENTRAL, ONEIDA","2022","ANNUAL","00","00","YEAR","","2024-07-02 12:00:00.000"," (D)","(D)"
"CENSUS","CROPS","VEGETABLES","POTATOES","ALL CLASSES","ALL PRODUCTION PRACTICES","ALL UTILIZATION PRACTICES","AREA HARVESTED","ACRES","POTATOES - ACRES HARVESTED","TOTAL","NOT SPECIFIED","COUNTY","55","55","WI","WISCONSIN","20","NORTH CENTRAL","099","099","PRICE","","","00000000","","","9000","UNITED STATES","WISCONSIN, NORTH CENTRAL, PRICE","2022","ANNUAL","00","00","YEAR","","2024-07-02 12:00:00.000"," (D)","(D)"
"CENSUS","CROPS","VEGETABLES","POTATOES","ALL CLASSES","ALL PRODUCTION PRACTICES","ALL UTILIZATION PRACTICES","AREA HARVESTED","ACRES","POTATOES - ACRES HARVESTED","TOTAL","NOT SPECIFIED","COUNTY","55","55","WI","WISCONSIN","20","NORTH CENTRAL","119","119","TAYLOR","","","00000000","","","9000","UNITED STATES","WISCONSIN, NORTH CENTRAL, TAYLOR","2022","ANNUAL","00","00","YEAR","","2024-07-02 12:00:00.000","2","5.6"
"CENSUS","CROPS","VEGETABLES","POTATOES","ALL CLASSES","ALL PRODUCTION PRACTICES","ALL UTILIZATION PRACTICES","AREA HARVESTED","ACRES","POTATOES - ACRES HARVESTED","TOTAL","NOT SPECIFIED","COUNTY","55","55","WI","WISCONSIN","20","NORTH CENTRAL","125","125","VILAS","","","00000000","","","9000","UNITED STATES","WISCONSIN, NORTH CENTRAL, VILAS","2022","ANNUAL","00","00","YEAR","","2024-07-02 12:00:00.000"," (D)","(D)"
"CENSUS","CROPS","VEGETABLES","POTATOES","ALL CLASSES","ALL PRODUCTION PRACTICES","ALL UTILIZATION PRACTICES","AREA HARVESTED","ACRES","POTATOES - ACRES HARVESTED","TOTAL","NOT SPECIFIED","COUNTY","55","55","WI","WISCONSIN","30","NORTHEAST","037","037","FLORENCE","","","00000000","","","9000","UNITED STATES","WISCONSIN, NORTHEAST, FLORENCE","2022","ANNUAL","00","00","YEAR","","2024-07-02 12:00:00.000"," (D)","(D)"
"CENSUS","CROPS","VEGETABLES","POTATOES","ALL CLASSES","ALL PRODUCTION PRACTICES","ALL UTILIZATION PRACTICES","AREA HARVESTED","ACRES","POTATOES - ACRES HARVESTED","TOTAL","NOT SPECIFIED","COUNTY","55","55","WI","WISCONSIN","30","NORTHEAST","067","067","LANGLADE","","","00000000","","","9000","UNITED STATES","WISCONSIN, NORTHEAST, LANGLADE","2022","ANNUAL","00","00","YEAR","","2024-07-02 12:00:00.000","10,562","5.6"
"CENSUS","CROPS","VEGETABLES","POTATOES","ALL CLASSES","ALL PRODUCTION PRACTICES","ALL UTILIZATION PRACTICES","AREA HARVESTED","ACRES","POTATOES - ACRES HARVESTED","TOTAL","NOT SPECIFIED","COUNTY","55","55","WI","WISCONSIN","30","NORTHEAST","075","075","MARINETTE","","","00000000","","","9000","UNITED STATES","WISCONSIN, NORTHEAST, MARINETTE","2022","ANNUAL","00","00","YEAR","","2024-07-02 12:00:00.000"," (D)","(D)"
"CENSUS","CROPS","VEGETABLES","POTATOES","ALL CLASSES","ALL PRODUCTION PRACTICES","ALL UTILIZATION PRACTICES","AREA HARVESTED","ACRES","POTATOES - ACRES HARVESTED","TOTAL","NOT SPECIFIED","COUNTY","55","55","WI","WISCONSIN","30","NORTHEAST","083","083","OCONTO","","","00000000","","","9000","UNITED STATES","WISCONSIN, NORTHEAST, OCONTO","2022","ANNUAL","00","00","YEAR","","2024-07-02 12:00:00.000","1","5.6"
"CENSUS","CROPS","VEGETABLES","POTATOES","ALL CLASSES","ALL PRODUCTION PRACTICES","ALL UTILIZATION PRACTICES","AREA HARVESTED","ACRES","POTATOES - ACRES HARVESTED","TOTAL","NOT SPECIFIED","COUNTY","55","55","WI","WISCONSIN","30","NORTHEAST","115","115","SHAWANO","","","00000000","","","9000","UNITED STATES","WISCONSIN, NORTHEAST, SHAWANO","2022","ANNUAL","00","00","YEAR","","2024-07-02 12:00:00.000"," (D)","(D)"
"CENSUS","CROPS","VEGETABLES","POTATOES","ALL CLASSES","ALL PRODUCTION PRACTICES","ALL UTILIZATION PRACTICES","AREA HARVESTED","ACRES","POTATOES - ACRES HARVESTED","TOTAL","NOT SPECIFIED","COUNTY","55","55","WI","WISCONSIN","40","WEST CENTRAL","011","011","BUFFALO","","","00000000","","","9000","UNITED STATES","WISCONSIN, WEST CENTRAL, BUFFALO","2022","ANNUAL","00","00","YEAR","","2024-07-02 12:00:00.000","2","5.6"
"CENSUS","CROPS","VEGETABLES","POTATOES","ALL CLASSES","ALL PRODUCTION PRACTICES","ALL UTILIZATION PRACTICES","AREA HARVESTED","ACRES","POTATOES - ACRES HARVESTED","TOTAL","NOT SPECIFIED","COUNTY","55","55","WI","WISCONSIN","40","WEST CENTRAL","033","033","DUNN","","","00000000","","","9000","UNITED STATES","WISCONSIN, WEST CENTRAL, DUNN","2022","ANNUAL","00","00","YEAR","","2024-07-02 12:00:00.000"," (D)","(D)"
"CENSUS","CROPS","VEGETABLES","POTATOES","ALL CLASSES","ALL PRODUCTION PRACTICES","ALL UTILIZATION PRACTICES","AREA HARVESTED","ACRES","POTATOES - ACRES HARVESTED","TOTAL","NOT SPECIFIED","COUNTY","55","55","WI","WISCONSIN","40","WEST CENTRAL","035","035","EAU CLAIRE","","","00000000","","","9000","UNITED STATES","WISCONSIN, WEST CENTRAL, EAU CLAIRE","2022","ANNUAL","00","00","YEAR","","2024-07-02 12:00:00.000","2","5.6"
"CENSUS","CROPS","VEGETABLES","POTATOES","ALL CLASSES","ALL PRODUCTION PRACTICES","ALL UTILIZATION PRACTICES","AREA HARVESTED","ACRES","POTATOES - ACRES HARVESTED","TOTAL","NOT SPECIFIED","COUNTY","55","55","WI","WISCONSIN","40","WEST CENTRAL","053","053","JACKSON","","","00000000","","","9000","UNITED STATES","WISCONSIN, WEST CENTRAL, JACKSON","2022","ANNUAL","00","00","YEAR","","2024-07-02 12:00:00.000"," (D)","(D)"
"CENSUS","CROPS","VEGETABLES","POTATOES","ALL CLASSES","ALL PRODUCTION PRACTICES","ALL UTILIZATION PRACTICES","AREA HARVESTED","ACRES","POTATOES - ACRES HARVESTED","TOTAL","NOT SPECIFIED","COUNTY","55","55","WI","WISCONSIN","40","WEST CENTRAL","063","063","LA CROSSE","","","00000000","","","9000","UNITED STATES","WISCONSIN, WEST CENTRAL, LA CROSSE","2022","ANNUAL","00","00","YEAR","","2024-07-02 12:00:00.000"," (Z)","(L)"
"CENSUS","CROPS","VEGETABLES","POTATOES","ALL CLASSES","ALL PRODUCTION PRACTICES","ALL UTILIZATION PRACTICES","AREA HARVESTED","ACRES","POTATOES - ACRES HARVESTED","TOTAL","NOT SPECIFIED","COUNTY","55","55","WI","WISCONSIN","40","WEST CENTRAL","081","081","MONROE","","","00000000","","","9000","UNITED STATES","WISCONSIN, WEST CENTRAL, MONROE","2022","ANNUAL","00","00","YEAR","","2024-07-02 12:00:00.000","2","5.6"
"CENSUS","CROPS","VEGETABLES","POTATOES","ALL CLASSES","ALL PRODUCTION PRACTICES","ALL UTILIZATION PRACTICES","AREA HARVESTED","ACRES","POTATOES - ACRES HARVESTED","TOTAL","NOT SPECIFIED","COUNTY","55","55","WI","WISCONSIN","40","WEST CENTRAL","091","091","PEPIN","","","00000000","","","9000","UNITED STATES","WISCONSIN, WEST CENTRAL, PEPIN","2022","ANNUAL","00","00","YEAR","","2024-07-02 12:00:00.000","2","5.6"
"CENSUS","CROPS","VEGETABLES","POTATOES","ALL CLASSES","ALL PRODUCTION PRACTICES","ALL UTILIZATION PRACTICES","AREA HARVESTED","ACRES","POTATOES - ACRES HARVESTED","TOTAL","NOT SPECIFIED","COUNTY","55","55","WI","WISCONSIN","40","WEST CENTRAL","093","093","PIERCE","","","00000000","","","9000","UNITED STATES","WISCONSIN, WEST CENTRAL, PIERCE","2022","ANNUAL","00","00","YEAR","","2024-07-02 12:00:00.000","2","5.6"
"CENSUS","CROPS","VEGETABLES","POTATOES","ALL CLASSES","ALL PRODUCTION PRACTICES","ALL UTILIZATION PRACTICES","AREA HARVESTED","ACRES","POTATOES - ACRES HARVESTED","TOTAL","NOT SPECIFIED","COUNTY","55","55","WI","WISCONSIN","40","WEST CENTRAL","109","109","ST CROIX","","","00000000","","","9000","UNITED STATES","WISCONSIN, WEST CENTRAL, ST CROIX","2022","ANNUAL","00","00","YEAR","","2024-07-02 12:00:00.000","3","5.6"
"CENSUS","CROPS","VEGETABLES","POTATOES","ALL CLASSES","ALL PRODUCTION PRACTICES","ALL UTILIZATION PRACTICES","AREA HARVESTED","ACRES","POTATOES - ACRES HARVESTED","TOTAL","NOT SPECIFIED","COUNTY","55","55","WI","WISCONSIN","40","WEST CENTRAL","121","121","TREMPEALEAU","","","00000000","","","9000","UNITED STATES","WISCONSIN, WEST CENTRAL, TREMPEALEAU","2022","ANNUAL","00","00","YEAR","","2024-07-02 12:00:00.000"," (D)","(D)"
"CENSUS","CROPS","VEGETABLES","POTATOES","ALL CLASSES","ALL PRODUCTION PRACTICES","ALL UTILIZATION PRACTICES","AREA HARVESTED","ACRES","POTATOES - ACRES HARVESTED","TOTAL","NOT SPECIFIED","COUNTY","55","55","WI","WISCONSIN","50","CENTRAL","001","001","ADAMS","","","00000000","","","9000","UNITED STATES","WISCONSIN, CENTRAL, ADAMS","2022","ANNUAL","00","00","YEAR","","2024-07-02 12:00:00.000","12,953","5.6"
"CENSUS","CROPS","VEGETABLES","POTATOES","ALL CLASSES","ALL PRODUCTION PRACTICES","ALL UTILIZATION PRACTICES","AREA HARVESTED","ACRES","POTATOES - ACRES HARVESTED","TOTAL","NOT SPECIFIED","COUNTY","55","55","WI","WISCONSIN","50","CENTRAL","047","047","GREEN LAKE","","","00000000","","","9000","UNITED STATES","WISCONSIN, CENTRAL, GREEN LAKE","2022","ANNUAL","00","00","YEAR","","2024-07-02 12:00:00.000"," (D)","(D)"
"CENSUS","CROPS","VEGETABLES","POTATOES","ALL CLASSES","ALL PRODUCTION PRACTICES","ALL UTILIZATION PRACTICES","AREA HARVESTED","ACRES","POTATOES - ACRES HARVESTED","TOTAL","NOT SPECIFIED","COUNTY","55","55","WI","WISCONSIN","50","CENTRAL","057","057","JUNEAU","","","00000000","","","9000","UNITED STATES","WISCONSIN, CENTRAL, JUNEAU","2022","ANNUAL","00","00","YEAR","","2024-07-02 12:00:00.000"," (D)","(D)"
"CENSUS","CROPS","VEGETABLES","POTATOES","ALL CLASSES","ALL PRODUCTION PRACTICES","ALL UTILIZATION PRACTICES","AREA HARVESTED","ACRES","POTATOES - ACRES HARVESTED","TOTAL","NOT SPECIFIED","COUNTY","55","55","WI","WISCONSIN","50","CENTRAL","077","077","MARQUETTE","","","00000000","","","9000","UNITED STATES","WISCONSIN, CENTRAL, MARQUETTE","2022","ANNUAL","00","00","YEAR","","2024-07-02 12:00:00.000"," (D)","(D)"
"CENSUS","CROPS","VEGETABLES","POTATOES","ALL CLASSES","ALL PRODUCTION PRACTICES","ALL UTILIZATION PRACTICES","AREA HARVESTED","ACRES","POTATOES - ACRES HARVESTED","TOTAL","NOT SPECIFIED","COUNTY","55","55","WI","WISCONSIN","50","CENTRAL","097","097","PORTAGE","","","00000000","","","9000","UNITED STATES","WISCONSIN, CENTRAL, PORTAGE","2022","ANNUAL","00","00","YEAR","","2024-07-02 12:00:00.000","22,641","5.6"
"CENSUS","CROPS","VEGETABLES","POTATOES","ALL CLASSES","ALL PRODUCTION PRACTICES","ALL UTILIZATION PRACTICES","AREA HARVESTED","ACRES","POTATOES - ACRES HARVESTED","TOTAL","NOT SPECIFIED","COUNTY","55","55","WI","WISCONSIN","50","CENTRAL","135","135","WAUPACA","","","00000000","","","9000","UNITED STATES","WISCONSIN, CENTRAL, WAUPACA","2022","ANNUAL","00","00","YEAR","","2024-07-02 12:00:00.000"," (D)","(D)"
"CENSUS","CROPS","VEGETABLES","POTATOES","ALL CLASSES","ALL PRODUCTION PRACTICES","ALL UTILIZATION PRACTICES","AREA HARVESTED","ACRES","POTATOES - ACRES HARVESTED","TOTAL","NOT SPECIFIED","COUNTY","55","55","WI","WISCONSIN","50","CENTRAL","137","137","WAUSHARA","","","00000000","","","9000","UNITED STATES","WISCONSIN, CENTRAL, WAUSHARA","2022","ANNUAL","00","00","YEAR","","2024-07-02 12:00:00.000","6,429","5.6"
"CENSUS","CROPS","VEGETABLES","POTATOES","ALL CLASSES","ALL PRODUCTION PRACTICES","ALL UTILIZATION PRACTICES","AREA HARVESTED","ACRES","POTATOES - ACRES HARVESTED","TOTAL","NOT SPECIFIED","COUNTY","55","55","WI","WISCONSIN","50","CENTRAL","141","141","WOOD","","","00000000","","","9000","UNITED STATES","WISCONSIN, CENTRAL, WOOD","2022","ANNUAL","00","00","YEAR","","2024-07-02 12:00:00.000"," (Z)","5.6"
"CENSUS","CROPS","VEGETABLES","POTATOES","ALL CLASSES","ALL PRODUCTION PRACTICES","ALL UTILIZATION PRACTICES","AREA HARVESTED","ACRES","POTATOES - ACRES HARVESTED","TOTAL","NOT SPECIFIED","COUNTY","55","55","WI","WISCONSIN","60","EAST CENTRAL","009","009","BROWN","","","00000000","","","9000","UNITED STATES","WISCONSIN, EAST CENTRAL, BROWN","2022","ANNUAL","00","00","YEAR","","2024-07-02 12:00:00.000","6","5.6"
"CENSUS","CROPS","VEGETABLES","POTATOES","ALL CLASSES","ALL PRODUCTION PRACTICES","ALL UTILIZATION PRACTICES","AREA HARVESTED","ACRES","POTATOES - ACRES HARVESTED","TOTAL","NOT SPECIFIED","COUNTY","55","55","WI","WISCONSIN","60","EAST CENTRAL","029","029","DOOR","","","00000000","","","9000","UNITED STATES","WISCONSIN, EAST CENTRAL, DOOR","2022","ANNUAL","00","00","YEAR","","2024-07-02 12:00:00.000","3","5.6"
"CENSUS","CROPS","VEGETABLES","POTATOES","ALL CLASSES","ALL PRODUCTION PRACTICES","ALL UTILIZATION PRACTICES","AREA HARVESTED","ACRES","POTATOES - ACRES HARVESTED","TOTAL","NOT SPECIFIED","COUNTY","55","55","WI","WISCONSIN","60","EAST CENTRAL","039","039","FOND DU LAC","","","00000000","","","9000","UNITED STATES","WISCONSIN, EAST CENTRAL, FOND DU LAC","2022","ANNUAL","00","00","YEAR","","2024-07-02 12:00:00.000","1","(L)"
"CENSUS","CROPS","VEGETABLES","POTATOES","ALL CLASSES","ALL PRODUCTION PRACTICES","ALL UTILIZATION PRACTICES","AREA HARVESTED","ACRES","POTATOES - ACRES HARVESTED","TOTAL","NOT SPECIFIED","COUNTY","55","55","WI","WISCONSIN","60","EAST CENTRAL","061","061","KEWAUNEE","","","00000000","","","9000","UNITED STATES","WISCONSIN, EAST CENTRAL, KEWAUNEE","2022","ANNUAL","00","00","YEAR","","2024-07-02 12:00:00.000","1","5.6"
"CENSUS","CROPS","VEGETABLES","POTATOES","ALL CLASSES","ALL PRODUCTION PRACTICES","ALL UTILIZATION PRACTICES","AREA HARVESTED","ACRES","POTATOES - ACRES HARVESTED","TOTAL","NOT SPECIFIED","COUNTY","55","55","WI","WISCONSIN","60","EAST CENTRAL","071","071","MANITOWOC","","","00000000","","","9000","UNITED STATES","WISCONSIN, EAST CENTRAL, MANITOWOC","2022","ANNUAL","00","00","YEAR","","2024-07-02 12:00:00.000","2","5.6"
"CENSUS","CROPS","VEGETABLES","POTATOES","ALL CLASSES","ALL PRODUCTION PRACTICES","ALL UTILIZATION PRACTICES","AREA HARVESTED","ACRES","POTATOES - ACRES HARVESTED","TOTAL","NOT SPECIFIED","COUNTY","55","55","WI","WISCONSIN","60","EAST CENTRAL","087","087","OUTAGAMIE","","","00000000","","","9000","UNITED STATES","WISCONSIN, EAST CENTRAL, OUTAGAMIE","2022","ANNUAL","00","00","YEAR","","2024-07-02 12:00:00.000","1","5.6"
"CENSUS","CROPS","VEGETABLES","POTATOES","ALL CLASSES","ALL PRODUCTION PRACTICES","ALL UTILIZATION PRACTICES","AREA HARVESTED","ACRES","POTATOES - ACRES HARVESTED","TOTAL","NOT SPECIFIED","COUNTY","55","55","WI","WISCONSIN","60","EAST CENTRAL","117","117","SHEBOYGAN","","","00000000","","","9000","UNITED STATES","WISCONSIN, EAST CENTRAL, SHEBOYGAN","2022","ANNUAL","00","00","YEAR","","2024-07-02 12:00:00.000","4","5.6"
"CENSUS","CROPS","VEGETABLES","POTATOES","ALL CLASSES","ALL PRODUCTION PRACTICES","ALL UTILIZATION PRACTICES","AREA HARVESTED","ACRES","POTATOES - ACRES HARVESTED","TOTAL","NOT SPECIFIED","COUNTY","55","55","WI","WISCONSIN","60","EAST CENTRAL","139","139","WINNEBAGO","","","00000000","","","9000","UNITED STATES","WISCONSIN, EAST CENTRAL, WINNEBAGO","2022","ANNUAL","00","00","YEAR","","2024-07-02 12:00:00.000"," (D)","(D)"
"CENSUS","CROPS","VEGETABLES","POTATOES","ALL CLASSES","ALL PRODUCTION PRACTICES","ALL UTILIZATION PRACTICES","AREA HARVESTED","ACRES","POTATOES - ACRES HARVESTED","TOTAL","NOT SPECIFIED","COUNTY","55","55","WI","WISCONSIN","70","SOUTHWEST","023","023","CRAWFORD","","","00000000","","","9000","UNITED STATES","WISCONSIN, SOUTHWEST, CRAWFORD","2022","ANNUAL","00","00","YEAR","","2024-07-02 12:00:00.000","1","5.6"
"CENSUS","CROPS","VEGETABLES","POTATOES","ALL CLASSES","ALL PRODUCTION PRACTICES","ALL UTILIZATION PRACTICES","AREA HARVESTED","ACRES","POTATOES - ACRES HARVESTED","TOTAL","NOT SPECIFIED","COUNTY","55","55","WI","WISCONSIN","70","SOUTHWEST","043","043","GRANT","","","00000000","","","9000","UNITED STATES","WISCONSIN, SOUTHWEST, GRANT","2022","ANNUAL","00","00","YEAR","","2024-07-02 12:00:00.000","12","5.6"
"CENSUS","CROPS","VEGETABLES","POTATOES","ALL CLASSES","ALL PRODUCTION PRACTICES","ALL UTILIZATION PRACTICES","AREA HARVESTED","ACRES","POTATOES - ACRES HARVESTED","TOTAL","NOT SPECIFIED","COUNTY","55","55","WI","WISCONSIN","70","SOUTHWEST","049","049","IOWA","","","00000000","","","9000","UNITED STATES","WISCONSIN, SOUTHWEST, IOWA","2022","ANNUAL","00","00","YEAR","","2024-07-02 12:00:00.000"," (D)","(D)"
"CENSUS","CROPS","VEGETABLES","POTATOES","ALL CLASSES","ALL PRODUCTION PRACTICES","ALL UTILIZATION PRACTICES","AREA HARVESTED","ACRES","POTATOES - ACRES HARVESTED","TOTAL","NOT SPECIFIED","COUNTY","55","55","WI","WISCONSIN","70","SOUTHWEST","065","065","LAFAYETTE","","","00000000","","","9000","UNITED STATES","WISCONSIN, SOUTHWEST, LAFAYETTE","2022","ANNUAL","00","00","YEAR","","2024-07-02 12:00:00.000","16","5.6"
"CENSUS","CROPS","VEGETABLES","POTATOES","ALL CLASSES","ALL PRODUCTION PRACTICES","ALL UTILIZATION PRACTICES","AREA HARVESTED","ACRES","POTATOES - ACRES HARVESTED","TOTAL","NOT SPECIFIED","COUNTY","55","55","WI","WISCONSIN","70","SOUTHWEST","103","103","RICHLAND","","","00000000","","","9000","UNITED STATES","WISCONSIN, SOUTHWEST, RICHLAND","2022","ANNUAL","00","00","YEAR","","2024-07-02 12:00:00.000","7","5.6"
"CENSUS","CROPS","VEGETABLES","POTATOES","ALL CLASSES","ALL PRODUCTION PRACTICES","ALL UTILIZATION PRACTICES","AREA HARVESTED","ACRES","POTATOES - ACRES HARVESTED","TOTAL","NOT SPECIFIED","COUNTY","55","55","WI","WISCONSIN","70","SOUTHWEST","111","111","SAUK","","","00000000","","","9000","UNITED STATES","WISCONSIN, SOUTHWEST, SAUK","2022","ANNUAL","00","00","YEAR","","2024-07-02 12:00:00.000","3","5.6"
"CENSUS","CROPS","VEGETABLES","POTATOES","ALL CLASSES","ALL PRODUCTION PRACTICES","ALL UTILIZATION PRACTICES","AREA HARVESTED","ACRES","POTATOES - ACRES HARVESTED","TOTAL","NOT SPECIFIED","COUNTY","55","55","WI","WISCONSIN","70","SOUTHWEST","123","123","VERNON","","","00000000","","","9000","UNITED STATES","WISCONSIN, SOUTHWEST, VERNON","2022","ANNUAL","00","00","YEAR","","2024-07-02 12:00:00.000","33","5.6"
"CENSUS","CROPS","VEGETABLES","POTATOES","ALL CLASSES","ALL PRODUCTION PRACTICES","ALL UTILIZATION PRACTICES","AREA HARVESTED","ACRES","POTATOES - ACRES HARVESTED","TOTAL","NOT SPECIFIED","COUNTY","55","55","WI","WISCONSIN","80","SOUTH CENTRAL","021","021","COLUMBIA","","","00000000","","","9000","UNITED STATES","WISCONSIN, SOUTH CENTRAL, COLUMBIA","2022","ANNUAL","00","00","YEAR","","2024-07-02 12:00:00.000","11","5.6"
"CENSUS","CROPS","VEGETABLES","POTATOES","ALL CLASSES","ALL PRODUCTION PRACTICES","ALL UTILIZATION PRACTICES","AREA HARVESTED","ACRES","POTATOES - ACRES HARVESTED","TOTAL","NOT SPECIFIED","COUNTY","55","55","WI","WISCONSIN","80","SOUTH CENTRAL","025","025","DANE","","","00000000","","","9000","UNITED STATES","WISCONSIN, SOUTH CENTRAL, DANE","2022","ANNUAL","00","00","YEAR","","2024-07-02 12:00:00.000","17","5.6"
"CENSUS","CROPS","VEGETABLES","POTATOES","ALL CLASSES","ALL PRODUCTION PRACTICES","ALL UTILIZATION PRACTICES","AREA HARVESTED","ACRES","POTATOES - ACRES HARVESTED","TOTAL","NOT SPECIFIED","COUNTY","55","55","WI","WISCONSIN","80","SOUTH CENTRAL","027","027","DODGE","","","00000000","","","9000","UNITED STATES","WISCONSIN, SOUTH CENTRAL, DODGE","2022","ANNUAL","00","00","YEAR","","2024-07-02 12:00:00.000","11","5.6"
"CENSUS","CROPS","VEGETABLES","POTATOES","ALL CLASSES","ALL PRODUCTION PRACTICES","ALL UTILIZATION PRACTICES","AREA HARVESTED","ACRES","POTATOES - ACRES HARVESTED","TOTAL","NOT SPECIFIED","COUNTY","55","55","WI","WISCONSIN","80","SOUTH CENTRAL","045","045","GREEN","","","00000000","","","9000","UNITED STATES","WISCONSIN, SOUTH CENTRAL, GREEN","2022","ANNUAL","00","00","YEAR","","2024-07-02 12:00:00.000"," (D)","(D)"
"CENSUS","CROPS","VEGETABLES","POTATOES","ALL CLASSES","ALL PRODUCTION PRACTICES","ALL UTILIZATION PRACTICES","AREA HARVESTED","ACRES","POTATOES - ACRES HARVESTED","TOTAL","NOT SPECIFIED","COUNTY","55","55","WI","WISCONSIN","80","SOUTH CENTRAL","055","055","JEFFERSON","","","00000000","","","9000","UNITED STATES","WISCONSIN, SOUTH CENTRAL, JEFFERSON","2022","ANNUAL","00","00","YEAR","","2024-07-02 12:00:00.000"," (D)","(D)"
"CENSUS","CROPS","VEGETABLES","POTATOES","ALL CLASSES","ALL PRODUCTION PRACTICES","ALL UTILIZATION PRACTICES","AREA HARVESTED","ACRES","POTATOES - ACRES HARVESTED","TOTAL","NOT SPECIFIED","COUNTY","55","55","WI","WISCONSIN","80","SOUTH CENTRAL","105","105","ROCK","","","00000000","","","9000","UNITED STATES","WISCONSIN, SOUTH CENTRAL, ROCK","2022","ANNUAL","00","00","YEAR","","2024-07-02 12:00:00.000","3","5.6"
"CENSUS","CROPS","VEGETABLES","POTATOES","ALL CLASSES","ALL PRODUCTION PRACTICES","ALL UTILIZATION PRACTICES","AREA HARVESTED","ACRES","POTATOES - ACRES HARVESTED","TOTAL","NOT SPECIFIED","COUNTY","55","55","WI","WISCONSIN","90","SOUTHEAST","059","059","KENOSHA","","","00000000","","","9000","UNITED STATES","WISCONSIN, SOUTHEAST, KENOSHA","2022","ANNUAL","00","00","YEAR","","2024-07-02 12:00:00.000","4","5.6"
"CENSUS","CROPS","VEGETABLES","POTATOES","ALL CLASSES","ALL PRODUCTION PRACTICES","ALL UTILIZATION PRACTICES","AREA HARVESTED","ACRES","POTATOES - ACRES HARVESTED","TOTAL","NOT SPECIFIED","COUNTY","55","55","WI","WISCONSIN","90","SOUTHEAST","079","079","MILWAUKEE","","","00000000","","","9000","UNITED STATES","WISCONSIN, SOUTHEAST, MILWAUKEE","2022","ANNUAL","00","00","YEAR","","2024-07-02 12:00:00.000"," (D)","(D)"
"CENSUS","CROPS","VEGETABLES","POTATOES","ALL CLASSES","ALL PRODUCTION PRACTICES","ALL UTILIZATION PRACTICES","AREA HARVESTED","ACRES","POTATOES - ACRES HARVESTED","TOTAL","NOT SPECIFIED","COUNTY","55","55","WI","WISCONSIN","90","SOUTHEAST","089","089","OZAUKEE","","","00000000","","","9000","UNITED STATES","WISCONSIN, SOUTHEAST, OZAUKEE","2022","ANNUAL","00","00","YEAR","","2024-07-02 12:00:00.000","6","5.6"
"CENSUS","CROPS","VEGETABLES","POTATOES","ALL CLASSES","ALL PRODUCTION PRACTICES","ALL UTILIZATION PRACTICES","AREA HARVESTED","ACRES","POTATOES - ACRES HARVESTED","TOTAL","NOT SPECIFIED","COUNTY","55","55","WI","WISCONSIN","90","SOUTHEAST","101","101","RACINE","","","00000000","","","9000","UNITED STATES","WISCONSIN, SOUTHEAST, RACINE","2022","ANNUAL","00","00","YEAR","","2024-07-02 12:00:00.000","6","5.6"
"CENSUS","CROPS","VEGETABLES","POTATOES","ALL CLASSES","ALL PRODUCTION PRACTICES","ALL UTILIZATION PRACTICES","AREA HARVESTED","ACRES","POTATOES - ACRES HARVESTED","TOTAL","NOT SPECIFIED","COUNTY","55","55","WI","WISCONSIN","90","SOUTHEAST","127","127","WALWORTH","","","00000000","","","9000","UNITED STATES","WISCONSIN, SOUTHEAST, WALWORTH","2022","ANNUAL","00","00","YEAR","","2024-07-02 12:00:00.000","20","5.6"
"CENSUS","CROPS","VEGETABLES","POTATOES","ALL CLASSES","ALL PRODUCTION PRACTICES","ALL UTILIZATION PRACTICES","AREA HARVESTED","ACRES","POTATOES - ACRES HARVESTED","TOTAL","NOT SPECIFIED","COUNTY","55","55","WI","WISCONSIN","90","SOUTHEAST","131","131","WASHINGTON","","","00000000","","","9000","UNITED STATES","WISCONSIN, SOUTHEAST, WASHINGTON","2022","ANNUAL","00","00","YEAR","","2024-07-02 12:00:00.000","17","5.6"
"CENSUS","CROPS","VEGETABLES","POTATOES","ALL CLASSES","ALL PRODUCTION PRACTICES","ALL UTILIZATION PRACTICES","AREA HARVESTED","ACRES","POTATOES - ACRES HARVESTED","TOTAL","NOT SPECIFIED","COUNTY","55","55","WI","WISCONSIN","90","SOUTHEAST","133","133","WAUKESHA","","","00000000","","","9000","UNITED STATES","WISCONSIN, SOUTHEAST, WAUKESHA","2022","ANNUAL","00","00","YEAR","","2024-07-02 12:00:00.000","8","5.6"
"CENSUS","CROPS","VEGETABLES","POTATOES","ALL CLASSES","ALL PRODUCTION PRACTICES","ALL UTILIZATION PRACTICES","AREA HARVESTED","OPERATIONS","POTATOES - OPERATIONS WITH AREA HARVESTED","TOTAL","NOT SPECIFIED","COUNTY","55","55","WI","WISCONSIN","10","NORTHWEST","005","005","BARRON","","","00000000","","","9000","UNITED STATES","WISCONSIN, NORTHWEST, BARRON","2022","ANNUAL","00","00","YEAR","","2024-07-02 12:00:00.000","10","31.9"
"CENSUS","CROPS","VEGETABLES","POTATOES","ALL CLASSES","ALL PRODUCTION PRACTICES","ALL UTILIZATION PRACTICES","AREA HARVESTED","OPERATIONS","POTATOES - OPERATIONS WITH AREA HARVESTED","TOTAL","NOT SPECIFIED","COUNTY","55","55","WI","WISCONSIN","10","NORTHWEST","007","007","BAYFIELD","","","00000000","","","9000","UNITED STATES","WISCONSIN, NORTHWEST, BAYFIELD","2022","ANNUAL","00","00","YEAR","","2024-07-02 12:00:00.000","7","31.9"
"CENSUS","CROPS","VEGETABLES","POTATOES","ALL CLASSES","ALL PRODUCTION PRACTICES","ALL UTILIZATION PRACTICES","AREA HARVESTED","OPERATIONS","POTATOES - OPERATIONS WITH AREA HARVESTED","TOTAL","NOT SPECIFIED","COUNTY","55","55","WI","WISCONSIN","10","NORTHWEST","017","017","CHIPPEWA","","","00000000","","","9000","UNITED STATES","WISCONSIN, NORTHWEST, CHIPPEWA","2022","ANNUAL","00","00","YEAR","","2024-07-02 12:00:00.000","9","31.9"
"CENSUS","CROPS","VEGETABLES","POTATOES","ALL CLASSES","ALL PRODUCTION PRACTICES","ALL UTILIZATION PRACTICES","AREA HARVESTED","OPERATIONS","POTATOES - OPERATIONS WITH AREA HARVESTED","TOTAL","NOT SPECIFIED","COUNTY","55","55","WI","WISCONSIN","10","NORTHWEST","031","031","DOUGLAS","","","00000000","","","9000","UNITED STATES","WISCONSIN, NORTHWEST, DOUGLAS","2022","ANNUAL","00","00","YEAR","","2024-07-02 12:00:00.000","1","(L)"
"CENSUS","CROPS","VEGETABLES","POTATOES","ALL CLASSES","ALL PRODUCTION PRACTICES","ALL UTILIZATION PRACTICES","AREA HARVESTED","OPERATIONS","POTATOES - OPERATIONS WITH AREA HARVESTED","TOTAL","NOT SPECIFIED","COUNTY","55","55","WI","WISCONSIN","10","NORTHWEST","095","095","POLK","","","00000000","","","9000","UNITED STATES","WISCONSIN, NORTHWEST, POLK","2022","ANNUAL","00","00","YEAR","","2024-07-02 12:00:00.000","13","31.9"
"CENSUS","CROPS","VEGETABLES","POTATOES","ALL CLASSES","ALL PRODUCTION PRACTICES","ALL UTILIZATION PRACTICES","AREA HARVESTED","OPERATIONS","POTATOES - OPERATIONS WITH AREA HARVESTED","TOTAL","NOT SPECIFIED","COUNTY","55","55","WI","WISCONSIN","10","NORTHWEST","107","107","RUSK","","","00000000","","","9000","UNITED STATES","WISCONSIN, NORTHWEST, RUSK","2022","ANNUAL","00","00","YEAR","","2024-07-02 12:00:00.000","1","(L)"
"CENSUS","CROPS","VEGETABLES","POTATOES","ALL CLASSES","ALL PRODUCTION PRACTICES","ALL UTILIZATION PRACTICES","AREA HARVESTED","OPERATIONS","POTATOES - OPERATIONS WITH AREA HARVESTED","TOTAL","NOT SPECIFIED","COUNTY","55","55","WI","WISCONSIN","10","NORTHWEST","129","129","WASHBURN","","","00000000","","","9000","UNITED STATES","WISCONSIN, NORTHWEST, WASHBURN","2022","ANNUAL","00","00","YEAR","","2024-07-02 12:00:00.000","10","31.9"
"CENSUS","CROPS","VEGETABLES","POTATOES","ALL CLASSES","ALL PRODUCTION PRACTICES","ALL UTILIZATION PRACTICES","AREA HARVESTED","OPERATIONS","POTATOES - OPERATIONS WITH AREA HARVESTED","TOTAL","NOT SPECIFIED","COUNTY","55","55","WI","WISCONSIN","20","NORTH CENTRAL","003","003","ASHLAND","","","00000000","","","9000","UNITED STATES","WISCONSIN, NORTH CENTRAL, ASHLAND","2022","ANNUAL","00","00","YEAR","","2024-07-02 12:00:00.000","10","31.9"
"CENSUS","CROPS","VEGETABLES","POTATOES","ALL CLASSES","ALL PRODUCTION PRACTICES","ALL UTILIZATION PRACTICES","AREA HARVESTED","OPERATIONS","POTATOES - OPERATIONS WITH AREA HARVESTED","TOTAL","NOT SPECIFIED","COUNTY","55","55","WI","WISCONSIN","20","NORTH CENTRAL","019","019","CLARK","","","00000000","","","9000","UNITED STATES","WISCONSIN, NORTH CENTRAL, CLARK","2022","ANNUAL","00","00","YEAR","","2024-07-02 12:00:00.000","21","31.9"
"CENSUS","CROPS","VEGETABLES","POTATOES","ALL CLASSES","ALL PRODUCTION PRACTICES","ALL UTILIZATION PRACTICES","AREA HARVESTED","OPERATIONS","POTATOES - OPERATIONS WITH AREA HARVESTED","TOTAL","NOT SPECIFIED","COUNTY","55","55","WI","WISCONSIN","20","NORTH CENTRAL","051","051","IRON","","","00000000","","","9000","UNITED STATES","WISCONSIN, NORTH CENTRAL, IRON","2022","ANNUAL","00","00","YEAR","","2024-07-02 12:00:00.000","1","31.9"
"CENSUS","CROPS","VEGETABLES","POTATOES","ALL CLASSES","ALL PRODUCTION PRACTICES","ALL UTILIZATION PRACTICES","AREA HARVESTED","OPERATIONS","POTATOES - OPERATIONS WITH AREA HARVESTED","TOTAL","NOT SPECIFIED","COUNTY","55","55","WI","WISCONSIN","20","NORTH CENTRAL","069","069","LINCOLN","","","00000000","","","9000","UNITED STATES","WISCONSIN, NORTH CENTRAL, LINCOLN","2022","ANNUAL","00","00","YEAR","","2024-07-02 12:00:00.000","10","31.9"
"CENSUS","CROPS","VEGETABLES","POTATOES","ALL CLASSES","ALL PRODUCTION PRACTICES","ALL UTILIZATION PRACTICES","AREA HARVESTED","OPERATIONS","POTATOES - OPERATIONS WITH AREA HARVESTED","TOTAL","NOT SPECIFIED","COUNTY","55","55","WI","WISCONSIN","20","NORTH CENTRAL","073","073","MARATHON","","","00000000","","","9000","UNITED STATES","WISCONSIN, NORTH CENTRAL, MARATHON","2022","ANNUAL","00","00","YEAR","","2024-07-02 12:00:00.000","13","31.9"
"CENSUS","CROPS","VEGETABLES","POTATOES","ALL CLASSES","ALL PRODUCTION PRACTICES","ALL UTILIZATION PRACTICES","AREA HARVESTED","OPERATIONS","POTATOES - OPERATIONS WITH AREA HARVESTED","TOTAL","NOT SPECIFIED","COUNTY","55","55","WI","WISCONSIN","20","NORTH CENTRAL","085","085","ONEIDA","","","00000000","","","9000","UNITED STATES","WISCONSIN, NORTH CENTRAL, ONEIDA","2022","ANNUAL","00","00","YEAR","","2024-07-02 12:00:00.000","9","31.9"
"CENSUS","CROPS","VEGETABLES","POTATOES","ALL CLASSES","ALL PRODUCTION PRACTICES","ALL UTILIZATION PRACTICES","AREA HARVESTED","OPERATIONS","POTATOES - OPERATIONS WITH AREA HARVESTED","TOTAL","NOT SPECIFIED","COUNTY","55","55","WI","WISCONSIN","20","NORTH CENTRAL","099","099","PRICE","","","00000000","","","9000","UNITED STATES","WISCONSIN, NORTH CENTRAL, PRICE","2022","ANNUAL","00","00","YEAR","","2024-07-02 12:00:00.000","1","(L)"
"CENSUS","CROPS","VEGETABLES","POTATOES","ALL CLASSES","ALL PRODUCTION PRACTICES","ALL UTILIZATION PRACTICES","AREA HARVESTED","OPERATIONS","POTATOES - OPERATIONS WITH AREA HARVESTED","TOTAL","NOT SPECIFIED","COUNTY","55","55","WI","WISCONSIN","20","NORTH CENTRAL","119","119","TAYLOR","","","00000000","","","9000","UNITED STATES","WISCONSIN, NORTH CENTRAL, TAYLOR","2022","ANNUAL","00","00","YEAR","","2024-07-02 12:00:00.000","6","31.9"
"CENSUS","CROPS","VEGETABLES","POTATOES","ALL CLASSES","ALL PRODUCTION PRACTICES","ALL UTILIZATION PRACTICES","AREA HARVESTED","OPERATIONS","POTATOES - OPERATIONS WITH AREA HARVESTED","TOTAL","NOT SPECIFIED","COUNTY","55","55","WI","WISCONSIN","20","NORTH CENTRAL","125","125","VILAS","","","00000000","","","9000","UNITED STATES","WISCONSIN, NORTH CENTRAL, VILAS","2022","ANNUAL","00","00","YEAR","","2024-07-02 12:00:00.000","1","(L)"
"CENSUS","CROPS","VEGETABLES","POTATOES","ALL CLASSES","ALL PRODUCTION PRACTICES","ALL UTILIZATION PRACTICES","AREA HARVESTED","OPERATIONS","POTATOES - OPERATIONS WITH AREA HARVESTED","TOTAL","NOT SPECIFIED","COUNTY","55","55","WI","WISCONSIN","30","NORTHEAST","037","037","FLORENCE","","","00000000","","","9000","UNITED STATES","WISCONSIN, NORTHEAST, FLORENCE","2022","ANNUAL","00","00","YEAR","","2024-07-02 12:00:00.000","5","31.9"
"CENSUS","CROPS","VEGETABLES","POTATOES","ALL CLASSES","ALL PRODUCTION PRACTICES","ALL UTILIZATION PRACTICES","AREA HARVESTED","OPERATIONS","POTATOES - OPERATIONS WITH AREA HARVESTED","TOTAL","NOT SPECIFIED","COUNTY","55","55","WI","WISCONSIN","30","NORTHEAST","067","067","LANGLADE","","","00000000","","","9000","UNITED STATES","WISCONSIN, NORTHEAST, LANGLADE","2022","ANNUAL","00","00","YEAR","","2024-07-02 12:00:00.000","28","31.9"
"CENSUS","CROPS","VEGETABLES","POTATOES","ALL CLASSES","ALL PRODUCTION PRACTICES","ALL UTILIZATION PRACTICES","AREA HARVESTED","OPERATIONS","POTATOES - OPERATIONS WITH AREA HARVESTED","TOTAL","NOT SPECIFIED","COUNTY","55","55","WI","WISCONSIN","30","NORTHEAST","075","075","MARINETTE","","","00000000","","","9000","UNITED STATES","WISCONSIN, NORTHEAST, MARINETTE","2022","ANNUAL","00","00","YEAR","","2024-07-02 12:00:00.000","8","31.9"
"CENSUS","CROPS","VEGETABLES","POTATOES","ALL CLASSES","ALL PRODUCTION PRACTICES","ALL UTILIZATION PRACTICES","AREA HARVESTED","OPERATIONS","POTATOES - OPERATIONS WITH AREA HARVESTED","TOTAL","NOT SPECIFIED","COUNTY","55","55","WI","WISCONSIN","30","NORTHEAST","083","083","OCONTO","","","00000000","","","9000","UNITED STATES","WISCONSIN, NORTHEAST, OCONTO","2022","ANNUAL","00","00","YEAR","","2024-07-02 12:00:00.000","4","31.9"
"CENSUS","CROPS","VEGETABLES","POTATOES","ALL CLASSES","ALL PRODUCTION PRACTICES","ALL UTILIZATION PRACTICES","AREA HARVESTED","OPERATIONS","POTATOES - OPERATIONS WITH AREA HARVESTED","TOTAL","NOT SPECIFIED","COUNTY","55","55","WI","WISCONSIN","30","NORTHEAST","115","115","SHAWANO","","","00000000","","","9000","UNITED STATES","WISCONSIN, NORTHEAST, SHAWANO","2022","ANNUAL","00","00","YEAR","","2024-07-02 12:00:00.000","1","(L)"
"CENSUS","CROPS","VEGETABLES","POTATOES","ALL CLASSES","ALL PRODUCTION PRACTICES","ALL UTILIZATION PRACTICES","AREA HARVESTED","OPERATIONS","POTATOES - OPERATIONS WITH AREA HARVESTED","TOTAL","NOT SPECIFIED","COUNTY","55","55","WI","WISCONSIN","40","WEST CENTRAL","011","011","BUFFALO","","","00000000","","","9000","UNITED STATES","WISCONSIN, WEST CENTRAL, BUFFALO","2022","ANNUAL","00","00","YEAR","","2024-07-02 12:00:00.000","4","31.9"
"CENSUS","CROPS","VEGETABLES","POTATOES","ALL CLASSES","ALL PRODUCTION PRACTICES","ALL UTILIZATION PRACTICES","AREA HARVESTED","OPERATIONS","POTATOES - OPERATIONS WITH AREA HARVESTED","TOTAL","NOT SPECIFIED","COUNTY","55","55","WI","WISCONSIN","40","WEST CENTRAL","033","033","DUNN","","","00000000","","","9000","UNITED STATES","WISCONSIN, WEST CENTRAL, DUNN","2022","ANNUAL","00","00","YEAR","","2024-07-02 12:00:00.000","9","31.9"
"CENSUS","CROPS","VEGETABLES","POTATOES","ALL CLASSES","ALL PRODUCTION PRACTICES","ALL UTILIZATION PRACTICES","AREA HARVESTED","OPERATIONS","POTATOES - OPERATIONS WITH AREA HARVESTED","TOTAL","NOT SPECIFIED","COUNTY","55","55","WI","WISCONSIN","40","WEST CENTRAL","035","035","EAU CLAIRE","","","00000000","","","9000","UNITED STATES","WISCONSIN, WEST CENTRAL, EAU CLAIRE","2022","ANNUAL","00","00","YEAR","","2024-07-02 12:00:00.000","13","31.9"
"CENSUS","CROPS","VEGETABLES","POTATOES","ALL CLASSES","ALL PRODUCTION PRACTICES","ALL UTILIZATION PRACTICES","AREA HARVESTED","OPERATIONS","POTATOES - OPERATIONS WITH AREA HARVESTED","TOTAL","NOT SPECIFIED","COUNTY","55","55","WI","WISCONSIN","40","WEST CENTRAL","053","053","JACKSON","","","00000000","","","9000","UNITED STATES","WISCONSIN, WEST CENTRAL, JACKSON","2022","ANNUAL","00","00","YEAR","","2024-07-02 12:00:00.000","2","31.9"
"CENSUS","CROPS","VEGETABLES","POTATOES","ALL CLASSES","ALL PRODUCTION PRACTICES","ALL UTILIZATION PRACTICES","AREA HARVESTED","OPERATIONS","POTATOES - OPERATIONS WITH AREA HARVESTED","TOTAL","NOT SPECIFIED","COUNTY","55","55","WI","WISCONSIN","40","WEST CENTRAL","063","063","LA CROSSE","","","00000000","","","9000","UNITED STATES","WISCONSIN, WEST CENTRAL, LA CROSSE","2022","ANNUAL","00","00","YEAR","","2024-07-02 12:00:00.000","3","(L)"
"CENSUS","CROPS","VEGETABLES","POTATOES","ALL CLASSES","ALL PRODUCTION PRACTICES","ALL UTILIZATION PRACTICES","AREA HARVESTED","OPERATIONS","POTATOES - OPERATIONS WITH AREA HARVESTED","TOTAL","NOT SPECIFIED","COUNTY","55","55","WI","WISCONSIN","40","WEST CENTRAL","081","081","MONROE","","","00000000","","","9000","UNITED STATES","WISCONSIN, WEST CENTRAL, MONROE","2022","ANNUAL","00","00","YEAR","","2024-07-02 12:00:00.000","8","31.9"
"CENSUS","CROPS","VEGETABLES","POTATOES","ALL CLASSES","ALL PRODUCTION PRACTICES","ALL UTILIZATION PRACTICES","AREA HARVESTED","OPERATIONS","POTATOES - OPERATIONS WITH AREA HARVESTED","TOTAL","NOT SPECIFIED","COUNTY","55","55","WI","WISCONSIN","40","WEST CENTRAL","091","091","PEPIN","","","00000000","","","9000","UNITED STATES","WISCONSIN, WEST CENTRAL, PEPIN","2022","ANNUAL","00","00","YEAR","","2024-07-02 12:00:00.000","5","31.9"
"CENSUS","CROPS","VEGETABLES","POTATOES","ALL CLASSES","ALL PRODUCTION PRACTICES","ALL UTILIZATION PRACTICES","AREA HARVESTED","OPERATIONS","POTATOES - OPERATIONS WITH AREA HARVESTED","TOTAL","NOT SPECIFIED","COUNTY","55","55","WI","WISCONSIN","40","WEST CENTRAL","093","093","PIERCE","","","00000000","","","9000","UNITED STATES","WISCONSIN, WEST CENTRAL, PIERCE","2022","ANNUAL","00","00","YEAR","","2024-07-02 12:00:00.000","7","31.9"
"CENSUS","CROPS","VEGETABLES","POTATOES","ALL CLASSES","ALL PRODUCTION PRACTICES","ALL UTILIZATION PRACTICES","AREA HARVESTED","OPERATIONS","POTATOES - OPERATIONS WITH AREA HARVESTED","TOTAL","NOT SPECIFIED","COUNTY","55","55","WI","WISCONSIN","40","WEST CENTRAL","109","109","ST CROIX","","","00000000","","","9000","UNITED STATES","WISCONSIN, WEST CENTRAL, ST CROIX","2022","ANNUAL","00","00","YEAR","","2024-07-02 12:00:00.000","8","31.9"
"CENSUS","CROPS","VEGETABLES","POTATOES","ALL CLASSES","ALL PRODUCTION PRACTICES","ALL UTILIZATION PRACTICES","AREA HARVESTED","OPERATIONS","POTATOES - OPERATIONS WITH AREA HARVESTED","TOTAL","NOT SPECIFIED","COUNTY","55","55","WI","WISCONSIN","40","WEST CENTRAL","121","121","TREMPEALEAU","","","00000000","","","9000","UNITED STATES","WISCONSIN, WEST CENTRAL, TREMPEALEAU","2022","ANNUAL","00","00","YEAR","","2024-07-02 12:00:00.000","1","31.9"
"CENSUS","CROPS","VEGETABLES","POTATOES","ALL CLASSES","ALL PRODUCTION PRACTICES","ALL UTILIZATION PRACTICES","AREA HARVESTED","OPERATIONS","POTATOES - OPERATIONS WITH AREA HARVESTED","TOTAL","NOT SPECIFIED","COUNTY","55","55","WI","WISCONSIN","50","CENTRAL","001","001","ADAMS","","","00000000","","","9000","UNITED STATES","WISCONSIN, CENTRAL, ADAMS","2022","ANNUAL","00","00","YEAR","","2024-07-02 12:00:00.000","12","31.9"
"CENSUS","CROPS","VEGETABLES","POTATOES","ALL CLASSES","ALL PRODUCTION PRACTICES","ALL UTILIZATION PRACTICES","AREA HARVESTED","OPERATIONS","POTATOES - OPERATIONS WITH AREA HARVESTED","TOTAL","NOT SPECIFIED","COUNTY","55","55","WI","WISCONSIN","50","CENTRAL","047","047","GREEN LAKE","","","00000000","","","9000","UNITED STATES","WISCONSIN, CENTRAL, GREEN LAKE","2022","ANNUAL","00","00","YEAR","","2024-07-02 12:00:00.000","8","31.9"
"CENSUS","CROPS","VEGETABLES","POTATOES","ALL CLASSES","ALL PRODUCTION PRACTICES","ALL UTILIZATION PRACTICES","AREA HARVESTED","OPERATIONS","POTATOES - OPERATIONS WITH AREA HARVESTED","TOTAL","NOT SPECIFIED","COUNTY","55","55","WI","WISCONSIN","50","CENTRAL","057","057","JUNEAU","","","00000000","","","9000","UNITED STATES","WISCONSIN, CENTRAL, JUNEAU","2022","ANNUAL","00","00","YEAR","","2024-07-02 12:00:00.000","3","31.9"
"CENSUS","CROPS","VEGETABLES","POTATOES","ALL CLASSES","ALL PRODUCTION PRACTICES","ALL UTILIZATION PRACTICES","AREA HARVESTED","OPERATIONS","POTATOES - OPERATIONS WITH AREA HARVESTED","TOTAL","NOT SPECIFIED","COUNTY","55","55","WI","WISCONSIN","50","CENTRAL","077","077","MARQUETTE","","","00000000","","","9000","UNITED STATES","WISCONSIN, CENTRAL, MARQUETTE","2022","ANNUAL","00","00","YEAR","","2024-07-02 12:00:00.000","7","31.9"
"CENSUS","CROPS","VEGETABLES","POTATOES","ALL CLASSES","ALL PRODUCTION PRACTICES","ALL UTILIZATION PRACTICES","AREA HARVESTED","OPERATIONS","POTATOES - OPERATIONS WITH AREA HARVESTED","TOTAL","NOT SPECIFIED","COUNTY","55","55","WI","WISCONSIN","50","CENTRAL","097","097","PORTAGE","","","00000000","","","9000","UNITED STATES","WISCONSIN, CENTRAL, PORTAGE","2022","ANNUAL","00","00","YEAR","","2024-07-02 12:00:00.000","32","31.9"
"CENSUS","CROPS","VEGETABLES","POTATOES","ALL CLASSES","ALL PRODUCTION PRACTICES","ALL UTILIZATION PRACTICES","AREA HARVESTED","OPERATIONS","POTATOES - OPERATIONS WITH AREA HARVESTED","TOTAL","NOT SPECIFIED","COUNTY","55","55","WI","WISCONSIN","50","CENTRAL","135","135","WAUPACA","","","00000000","","","9000","UNITED STATES","WISCONSIN, CENTRAL, WAUPACA","2022","ANNUAL","00","00","YEAR","","2024-07-02 12:00:00.000","7","31.9"
"CENSUS","CROPS","VEGETABLES","POTATOES","ALL CLASSES","ALL PRODUCTION PRACTICES","ALL UTILIZATION PRACTICES","AREA HARVESTED","OPERATIONS","POTATOES - OPERATIONS WITH AREA HARVESTED","TOTAL","NOT SPECIFIED","COUNTY","55","55","WI","WISCONSIN","50","CENTRAL","137","137","WAUSHARA","","","00000000","","","9000","UNITED STATES","WISCONSIN, CENTRAL, WAUSHARA","2022","ANNUAL","00","00","YEAR","","2024-07-02 12:00:00.000","15","31.9"
"CENSUS","CROPS","VEGETABLES","POTATOES","ALL CLASSES","ALL PRODUCTION PRACTICES","ALL UTILIZATION PRACTICES","AREA HARVESTED","OPERATIONS","POTATOES - OPERATIONS WITH AREA HARVESTED","TOTAL","NOT SPECIFIED","COUNTY","55","55","WI","WISCONSIN","50","CENTRAL","141","141","WOOD","","","00000000","","","9000","UNITED STATES","WISCONSIN, CENTRAL, WOOD","2022","ANNUAL","00","00","YEAR","","2024-07-02 12:00:00.000","3","31.9"
"CENSUS","CROPS","VEGETABLES","POTATOES","ALL CLASSES","ALL PRODUCTION PRACTICES","ALL UTILIZATION PRACTICES","AREA HARVESTED","OPERATIONS","POTATOES - OPERATIONS WITH AREA HARVESTED","TOTAL","NOT SPECIFIED","COUNTY","55","55","WI","WISCONSIN","60","EAST CENTRAL","009","009","BROWN","","","00000000","","","9000","UNITED STATES","WISCONSIN, EAST CENTRAL, BROWN","2022","ANNUAL","00","00","YEAR","","2024-07-02 12:00:00.000","8","31.9"
"CENSUS","CROPS","VEGETABLES","POTATOES","ALL CLASSES","ALL PRODUCTION PRACTICES","ALL UTILIZATION PRACTICES","AREA HARVESTED","OPERATIONS","POTATOES - OPERATIONS WITH AREA HARVESTED","TOTAL","NOT SPECIFIED","COUNTY","55","55","WI","WISCONSIN","60","EAST CENTRAL","029","029","DOOR","","","00000000","","","9000","UNITED STATES","WISCONSIN, EAST CENTRAL, DOOR","2022","ANNUAL","00","00","YEAR","","2024-07-02 12:00:00.000","8","31.9"
"CENSUS","CROPS","VEGETABLES","POTATOES","ALL CLASSES","ALL PRODUCTION PRACTICES","ALL UTILIZATION PRACTICES","AREA HARVESTED","OPERATIONS","POTATOES - OPERATIONS WITH AREA HARVESTED","TOTAL","NOT SPECIFIED","COUNTY","55","55","WI","WISCONSIN","60","EAST CENTRAL","039","039","FOND DU LAC","","","00000000","","","9000","UNITED STATES","WISCONSIN, EAST CENTRAL, FOND DU LAC","2022","ANNUAL","00","00","YEAR","","2024-07-02 12:00:00.000","4","(L)"
"CENSUS","CROPS","VEGETABLES","POTATOES","ALL CLASSES","ALL PRODUCTION PRACTICES","ALL UTILIZATION PRACTICES","AREA HARVESTED","OPERATIONS","POTATOES - OPERATIONS WITH AREA HARVESTED","TOTAL","NOT SPECIFIED","COUNTY","55","55","WI","WISCONSIN","60","EAST CENTRAL","061","061","KEWAUNEE","","","00000000","","","9000","UNITED STATES","WISCONSIN, EAST CENTRAL, KEWAUNEE","2022","ANNUAL","00","00","YEAR","","2024-07-02 12:00:00.000","5","31.9"
"CENSUS","CROPS","VEGETABLES","POTATOES","ALL CLASSES","ALL PRODUCTION PRACTICES","ALL UTILIZATION PRACTICES","AREA HARVESTED","OPERATIONS","POTATOES - OPERATIONS WITH AREA HARVESTED","TOTAL","NOT SPECIFIED","COUNTY","55","55","WI","WISCONSIN","60","EAST CENTRAL","071","071","MANITOWOC","","","00000000","","","9000","UNITED STATES","WISCONSIN, EAST CENTRAL, MANITOWOC","2022","ANNUAL","00","00","YEAR","","2024-07-02 12:00:00.000","10","31.9"
"CENSUS","CROPS","VEGETABLES","POTATOES","ALL CLASSES","ALL PRODUCTION PRACTICES","ALL UTILIZATION PRACTICES","AREA HARVESTED","OPERATIONS","POTATOES - OPERATIONS WITH AREA HARVESTED","TOTAL","NOT SPECIFIED","COUNTY","55","55","WI","WISCONSIN","60","EAST CENTRAL","087","087","OUTAGAMIE","","","00000000","","","9000","UNITED STATES","WISCONSIN, EAST CENTRAL, OUTAGAMIE","2022","ANNUAL","00","00","YEAR","","2024-07-02 12:00:00.000","4","31.9"
"CENSUS","CROPS","VEGETABLES","POTATOES","ALL CLASSES","ALL PRODUCTION PRACTICES","ALL UTILIZATION PRACTICES","AREA HARVESTED","OPERATIONS","POTATOES - OPERATIONS WITH AREA HARVESTED","TOTAL","NOT SPECIFIED","COUNTY","55","55","WI","WISCONSIN","60","EAST CENTRAL","117","117","SHEBOYGAN","","","00000000","","","9000","UNITED STATES","WISCONSIN, EAST CENTRAL, SHEBOYGAN","2022","ANNUAL","00","00","YEAR","","2024-07-02 12:00:00.000","6","31.9"
"CENSUS","CROPS","VEGETABLES","POTATOES","ALL CLASSES","ALL PRODUCTION PRACTICES","ALL UTILIZATION PRACTICES","AREA HARVESTED","OPERATIONS","POTATOES - OPERATIONS WITH AREA HARVESTED","TOTAL","NOT SPECIFIED","COUNTY","55","55","WI","WISCONSIN","60","EAST CENTRAL","139","139","WINNEBAGO","","","00000000","","","9000","UNITED STATES","WISCONSIN, EAST CENTRAL, WINNEBAGO","2022","ANNUAL","00","00","YEAR","","2024-07-02 12:00:00.000","1","(L)"
"CENSUS","CROPS","VEGETABLES","POTATOES","ALL CLASSES","ALL PRODUCTION PRACTICES","ALL UTILIZATION PRACTICES","AREA HARVESTED","OPERATIONS","POTATOES - OPERATIONS WITH AREA HARVESTED","TOTAL","NOT SPECIFIED","COUNTY","55","55","WI","WISCONSIN","70","SOUTHWEST","023","023","CRAWFORD","","","00000000","","","9000","UNITED STATES","WISCONSIN, SOUTHWEST, CRAWFORD","2022","ANNUAL","00","00","YEAR","","2024-07-02 12:00:00.000","3","31.9"
"CENSUS","CROPS","VEGETABLES","POTATOES","ALL CLASSES","ALL PRODUCTION PRACTICES","ALL UTILIZATION PRACTICES","AREA HARVESTED","OPERATIONS","POTATOES - OPERATIONS WITH AREA HARVESTED","TOTAL","NOT SPECIFIED","COUNTY","55","55","WI","WISCONSIN","70","SOUTHWEST","043","043","GRANT","","","00000000","","","9000","UNITED STATES","WISCONSIN, SOUTHWEST, GRANT","2022","ANNUAL","00","00","YEAR","","2024-07-02 12:00:00.000","10","31.9"
"CENSUS","CROPS","VEGETABLES","POTATOES","ALL CLASSES","ALL PRODUCTION PRACTICES","ALL UTILIZATION PRACTICES","AREA HARVESTED","OPERATIONS","POTATOES - OPERATIONS WITH AREA HARVESTED","TOTAL","NOT SPECIFIED","COUNTY","55","55","WI","WISCONSIN","70","SOUTHWEST","049","049","IOWA","","","00000000","","","9000","UNITED STATES","WISCONSIN, SOUTHWEST, IOWA","2022","ANNUAL","00","00","YEAR","","2024-07-02 12:00:00.000","13","31.9"
"CENSUS","CROPS","VEGETABLES","POTATOES","ALL CLASSES","ALL PRODUCTION PRACTICES","ALL UTILIZATION PRACTICES","AREA HARVESTED","OPERATIONS","POTATOES - OPERATIONS WITH AREA HARVESTED","TOTAL","NOT SPECIFIED","COUNTY","55","55","WI","WISCONSIN","70","SOUTHWEST","065","065","LAFAYETTE","","","00000000","","","9000","UNITED STATES","WISCONSIN, SOUTHWEST, LAFAYETTE","2022","ANNUAL","00","00","YEAR","","2024-07-02 12:00:00.000","16","31.9"
"CENSUS","CROPS","VEGETABLES","POTATOES","ALL CLASSES","ALL PRODUCTION PRACTICES","ALL UTILIZATION PRACTICES","AREA HARVESTED","OPERATIONS","POTATOES - OPERATIONS WITH AREA HARVESTED","TOTAL","NOT SPECIFIED","COUNTY","55","55","WI","WISCONSIN","70","SOUTHWEST","103","103","RICHLAND","","","00000000","","","9000","UNITED STATES","WISCONSIN, SOUTHWEST, RICHLAND","2022","ANNUAL","00","00","YEAR","","2024-07-02 12:00:00.000","9","31.9"
"CENSUS","CROPS","VEGETABLES","POTATOES","ALL CLASSES","ALL PRODUCTION PRACTICES","ALL UTILIZATION PRACTICES","AREA HARVESTED","OPERATIONS","POTATOES - OPERATIONS WITH AREA HARVESTED","TOTAL","NOT SPECIFIED","COUNTY","55","55","WI","WISCONSIN","70","SOUTHWEST","111","111","SAUK","","","00000000","","","9000","UNITED STATES","WISCONSIN, SOUTHWEST, SAUK","2022","ANNUAL","00","00","YEAR","","2024-07-02 12:00:00.000","13","31.9"
"CENSUS","CROPS","VEGETABLES","POTATOES","ALL CLASSES","ALL PRODUCTION PRACTICES","ALL UTILIZATION PRACTICES","AREA HARVESTED","OPERATIONS","POTATOES - OPERATIONS WITH AREA HARVESTED","TOTAL","NOT SPECIFIED","COUNTY","55","55","WI","WISCONSIN","70","SOUTHWEST","123","123","VERNON","","","00000000","","","9000","UNITED STATES","WISCONSIN, SOUTHWEST, VERNON","2022","ANNUAL","00","00","YEAR","","2024-07-02 12:00:00.000","29","31.9"
"CENSUS","CROPS","VEGETABLES","POTATOES","ALL CLASSES","ALL PRODUCTION PRACTICES","ALL UTILIZATION PRACTICES","AREA HARVESTED","OPERATIONS","POTATOES - OPERATIONS WITH AREA HARVESTED","TOTAL","NOT SPECIFIED","COUNTY","55","55","WI","WISCONSIN","80","SOUTH CENTRAL","021","021","COLUMBIA","","","00000000","","","9000","UNITED STATES","WISCONSIN, SOUTH CENTRAL, COLUMBIA","2022","ANNUAL","00","00","YEAR","","2024-07-02 12:00:00.000","14","31.9"
"CENSUS","CROPS","VEGETABLES","POTATOES","ALL CLASSES","ALL PRODUCTION PRACTICES","ALL UTILIZATION PRACTICES","AREA HARVESTED","OPERATIONS","POTATOES - OPERATIONS WITH AREA HARVESTED","TOTAL","NOT SPECIFIED","COUNTY","55","55","WI","WISCONSIN","80","SOUTH CENTRAL","025","025","DANE","","","00000000","","","9000","UNITED STATES","WISCONSIN, SOUTH CENTRAL, DANE","2022","ANNUAL","00","00","YEAR","","2024-07-02 12:00:00.000","26","31.9"
"CENSUS","CROPS","VEGETABLES","POTATOES","ALL CLASSES","ALL PRODUCTION PRACTICES","ALL UTILIZATION PRACTICES","AREA HARVESTED","OPERATIONS","POTATOES - OPERATIONS WITH AREA HARVESTED","TOTAL","NOT SPECIFIED","COUNTY","55","55","WI","WISCONSIN","80","SOUTH CENTRAL","027","027","DODGE","","","00000000","","","9000","UNITED STATES","WISCONSIN, SOUTH CENTRAL, DODGE","2022","ANNUAL","00","00","YEAR","","2024-07-02 12:00:00.000","16","31.9"
"CENSUS","CROPS","VEGETABLES","POTATOES","ALL CLASSES","ALL PRODUCTION PRACTICES","ALL UTILIZATION PRACTICES","AREA HARVESTED","OPERATIONS","POTATOES - OPERATIONS WITH AREA HARVESTED","TOTAL","NOT SPECIFIED","COUNTY","55","55","WI","WISCONSIN","80","SOUTH CENTRAL","045","045","GREEN","","","00000000","","","9000","UNITED STATES","WISCONSIN, SOUTH CENTRAL, GREEN","2022","ANNUAL","00","00","YEAR","","2024-07-02 12:00:00.000","14","31.9"
"CENSUS","CROPS","VEGETABLES","POTATOES","ALL CLASSES","ALL PRODUCTION PRACTICES","ALL UTILIZATION PRACTICES","AREA HARVESTED","OPERATIONS","POTATOES - OPERATIONS WITH AREA HARVESTED","TOTAL","NOT SPECIFIED","COUNTY","55","55","WI","WISCONSIN","80","SOUTH CENTRAL","055","055","JEFFERSON","","","00000000","","","9000","UNITED STATES","WISCONSIN, SOUTH CENTRAL, JEFFERSON","2022","ANNUAL","00","00","YEAR","","2024-07-02 12:00:00.000","6","31.9"
"CENSUS","CROPS","VEGETABLES","POTATOES","ALL CLASSES","ALL PRODUCTION PRACTICES","ALL UTILIZATION PRACTICES","AREA HARVESTED","OPERATIONS","POTATOES - OPERATIONS WITH AREA HARVESTED","TOTAL","NOT SPECIFIED","COUNTY","55","55","WI","WISCONSIN","80","SOUTH CENTRAL","105","105","ROCK","","","00000000","","","9000","UNITED STATES","WISCONSIN, SOUTH CENTRAL, ROCK","2022","ANNUAL","00","00","YEAR","","2024-07-02 12:00:00.000","7","31.9"
"CENSUS","CROPS","VEGETABLES","POTATOES","ALL CLASSES","ALL PRODUCTION PRACTICES","ALL UTILIZATION PRACTICES","AREA HARVESTED","OPERATIONS","POTATOES - OPERATIONS WITH AREA HARVESTED","TOTAL","NOT SPECIFIED","COUNTY","55","55","WI","WISCONSIN","90","SOUTHEAST","059","059","KENOSHA","","","00000000","","","9000","UNITED STATES","WISCONSIN, SOUTHEAST, KENOSHA","2022","ANNUAL","00","00","YEAR","","2024-07-02 12:00:00.000","8","31.9"
"CENSUS","CROPS","VEGETABLES","POTATOES","ALL CLASSES","ALL PRODUCTION PRACTICES","ALL UTILIZATION PRACTICES","AREA HARVESTED","OPERATIONS","POTATOES - OPERATIONS WITH AREA HARVESTED","TOTAL","NOT SPECIFIED","COUNTY","55","55","WI","WISCONSIN","90","SOUTHEAST","079","079","MILWAUKEE","","","00000000","","","9000","UNITED STATES","WISCONSIN, SOUTHEAST, MILWAUKEE","2022","ANNUAL","00","00","YEAR","","2024-07-02 12:00:00.000","2","31.9"
"CENSUS","CROPS","VEGETABLES","POTATOES","ALL CLASSES","ALL PRODUCTION PRACTICES","ALL UTILIZATION PRACTICES","AREA HARVESTED","OPERATIONS","POTATOES - OPERATIONS WITH AREA HARVESTED","TOTAL","NOT SPECIFIED","COUNTY","55","55","WI","WISCONSIN","90","SOUTHEAST","089","089","OZAUKEE","","","00000000","","","9000","UNITED STATES","WISCONSIN, SOUTHEAST, OZAUKEE","2022","ANNUAL","00","00","YEAR","","2024-07-02 12:00:00.000","6","31.9"
"CENSUS","CROPS","VEGETABLES","POTATOES","ALL CLASSES","ALL PRODUCTION PRACTICES","ALL UTILIZATION PRACTICES","AREA HARVESTED","OPERATIONS","POTATOES - OPERATIONS WITH AREA HARVESTED","TOTAL","NOT SPECIFIED","COUNTY","55","55","WI","WISCONSIN","90","SOUTHEAST","101","101","RACINE","","","00000000","","","9000","UNITED STATES","WISCONSIN, SOUTHEAST, RACINE","2022","ANNUAL","00","00","YEAR","","2024-07-02 12:00:00.000","7","31.9"
"CENSUS","CROPS","VEGETABLES","POTATOES","ALL CLASSES","ALL PRODUCTION PRACTICES","ALL UTILIZATION PRACTICES","AREA HARVESTED","OPERATIONS","POTATOES - OPERATIONS WITH AREA HARVESTED","TOTAL","NOT SPECIFIED","COUNTY","55","55","WI","WISCONSIN","90","SOUTHEAST","127","127","WALWORTH","","","00000000","","","9000","UNITED STATES","WISCONSIN, SOUTHEAST, WALWORTH","2022","ANNUAL","00","00","YEAR","","2024-07-02 12:00:00.000","17","31.9"
"CENSUS","CROPS","VEGETABLES","POTATOES","ALL CLASSES","ALL PRODUCTION PRACTICES","ALL UTILIZATION PRACTICES","AREA HARVESTED","OPERATIONS","POTATOES - OPERATIONS WITH AREA HARVESTED","TOTAL","NOT SPECIFIED","COUNTY","55","55","WI","WISCONSIN","90","SOUTHEAST","131","131","WASHINGTON","","","00000000","","","9000","UNITED STATES","WISCONSIN, SOUTHEAST, WASHINGTON","2022","ANNUAL","00","00","YEAR","","2024-07-02 12:00:00.000","28","31.9"
"CENSUS","CROPS","VEGETABLES","POTATOES","ALL CLASSES","ALL PRODUCTION PRACTICES","ALL UTILIZATION PRACTICES","AREA HARVESTED","OPERATIONS","POTATOES - OPERATIONS WITH AREA HARVESTED","TOTAL","NOT SPECIFIED","COUNTY","55","55","WI","WISCONSIN","90","SOUTHEAST","133","133","WAUKESHA","","","00000000","","","9000","UNITED STATES","WISCONSIN, SOUTHEAST, WAUKESHA","2022","ANNUAL","00","00","YEAR","","2024-07-02 12:00:00.000","14","31.9"
"CENSUS","CROPS","VEGETABLES","POTATOES","ALL CLASSES","ALL PRODUCTION PRACTICES","FRESH MARKET","AREA HARVESTED","ACRES","POTATOES, FRESH MARKET - ACRES HARVESTED","TOTAL","NOT SPECIFIED","COUNTY","55","55","WI","WISCONSIN","10","NORTHWEST","005","005","BARRON","","","00000000","","","9000","UNITED STATES","WISCONSIN, NORTHWEST, BARRON","2022","ANNUAL","00","00","YEAR","","2024-07-02 12:00:00.000"," (D)","(D)"
"CENSUS","CROPS","VEGETABLES","POTATOES","ALL CLASSES","ALL PRODUCTION PRACTICES","FRESH MARKET","AREA HARVESTED","ACRES","POTATOES, FRESH MARKET - ACRES HARVESTED","TOTAL","NOT SPECIFIED","COUNTY","55","55","WI","WISCONSIN","10","NORTHWEST","007","007","BAYFIELD","","","00000000","","","9000","UNITED STATES","WISCONSIN, NORTHWEST, BAYFIELD","2022","ANNUAL","00","00","YEAR","","2024-07-02 12:00:00.000","4","5.4"
"CENSUS","CROPS","VEGETABLES","POTATOES","ALL CLASSES","ALL PRODUCTION PRACTICES","FRESH MARKET","AREA HARVESTED","ACRES","POTATOES, FRESH MARKET - ACRES HARVESTED","TOTAL","NOT SPECIFIED","COUNTY","55","55","WI","WISCONSIN","10","NORTHWEST","017","017","CHIPPEWA","","","00000000","","","9000","UNITED STATES","WISCONSIN, NORTHWEST, CHIPPEWA","2022","ANNUAL","00","00","YEAR","","2024-07-02 12:00:00.000","3","5.4"
"CENSUS","CROPS","VEGETABLES","POTATOES","ALL CLASSES","ALL PRODUCTION PRACTICES","FRESH MARKET","AREA HARVESTED","ACRES","POTATOES, FRESH MARKET - ACRES HARVESTED","TOTAL","NOT SPECIFIED","COUNTY","55","55","WI","WISCONSIN","10","NORTHWEST","031","031","DOUGLAS","","","00000000","","","9000","UNITED STATES","WISCONSIN, NORTHWEST, DOUGLAS","2022","ANNUAL","00","00","YEAR","","2024-07-02 12:00:00.000"," (D)","(D)"
"CENSUS","CROPS","VEGETABLES","POTATOES","ALL CLASSES","ALL PRODUCTION PRACTICES","FRESH MARKET","AREA HARVESTED","ACRES","POTATOES, FRESH MARKET - ACRES HARVESTED","TOTAL","NOT SPECIFIED","COUNTY","55","55","WI","WISCONSIN","10","NORTHWEST","095","095","POLK","","","00000000","","","9000","UNITED STATES","WISCONSIN, NORTHWEST, POLK","2022","ANNUAL","00","00","YEAR","","2024-07-02 12:00:00.000","3","5.4"
"CENSUS","CROPS","VEGETABLES","POTATOES","ALL CLASSES","ALL PRODUCTION PRACTICES","FRESH MARKET","AREA HARVESTED","ACRES","POTATOES, FRESH MARKET - ACRES HARVESTED","TOTAL","NOT SPECIFIED","COUNTY","55","55","WI","WISCONSIN","10","NORTHWEST","107","107","RUSK","","","00000000","","","9000","UNITED STATES","WISCONSIN, NORTHWEST, RUSK","2022","ANNUAL","00","00","YEAR","","2024-07-02 12:00:00.000"," (D)","(D)"
"CENSUS","CROPS","VEGETABLES","POTATOES","ALL CLASSES","ALL PRODUCTION PRACTICES","FRESH MARKET","AREA HARVESTED","ACRES","POTATOES, FRESH MARKET - ACRES HARVESTED","TOTAL","NOT SPECIFIED","COUNTY","55","55","WI","WISCONSIN","10","NORTHWEST","129","129","WASHBURN","","","00000000","","","9000","UNITED STATES","WISCONSIN, NORTHWEST, WASHBURN","2022","ANNUAL","00","00","YEAR","","2024-07-02 12:00:00.000","6","5.4"
"CENSUS","CROPS","VEGETABLES","POTATOES","ALL CLASSES","ALL PRODUCTION PRACTICES","FRESH MARKET","AREA HARVESTED","ACRES","POTATOES, FRESH MARKET - ACRES HARVESTED","TOTAL","NOT SPECIFIED","COUNTY","55","55","WI","WISCONSIN","20","NORTH CENTRAL","003","003","ASHLAND","","","00000000","","","9000","UNITED STATES","WISCONSIN, NORTH CENTRAL, ASHLAND","2022","ANNUAL","00","00","YEAR","","2024-07-02 12:00:00.000","5","5.4"
"CENSUS","CROPS","VEGETABLES","POTATOES","ALL CLASSES","ALL PRODUCTION PRACTICES","FRESH MARKET","AREA HARVESTED","ACRES","POTATOES, FRESH MARKET - ACRES HARVESTED","TOTAL","NOT SPECIFIED","COUNTY","55","55","WI","WISCONSIN","20","NORTH CENTRAL","019","019","CLARK","","","00000000","","","9000","UNITED STATES","WISCONSIN, NORTH CENTRAL, CLARK","2022","ANNUAL","00","00","YEAR","","2024-07-02 12:00:00.000","11","5.4"
"CENSUS","CROPS","VEGETABLES","POTATOES","ALL CLASSES","ALL PRODUCTION PRACTICES","FRESH MARKET","AREA HARVESTED","ACRES","POTATOES, FRESH MARKET - ACRES HARVESTED","TOTAL","NOT SPECIFIED","COUNTY","55","55","WI","WISCONSIN","20","NORTH CENTRAL","051","051","IRON","","","00000000","","","9000","UNITED STATES","WISCONSIN, NORTH CENTRAL, IRON","2022","ANNUAL","00","00","YEAR","","2024-07-02 12:00:00.000"," (D)","(D)"
"CENSUS","CROPS","VEGETABLES","POTATOES","ALL CLASSES","ALL PRODUCTION PRACTICES","FRESH MARKET","AREA HARVESTED","ACRES","POTATOES, FRESH MARKET - ACRES HARVESTED","TOTAL","NOT SPECIFIED","COUNTY","55","55","WI","WISCONSIN","20","NORTH CENTRAL","069","069","LINCOLN","","","00000000","","","9000","UNITED STATES","WISCONSIN, NORTH CENTRAL, LINCOLN","2022","ANNUAL","00","00","YEAR","","2024-07-02 12:00:00.000","10","5.4"
"CENSUS","CROPS","VEGETABLES","POTATOES","ALL CLASSES","ALL PRODUCTION PRACTICES","FRESH MARKET","AREA HARVESTED","ACRES","POTATOES, FRESH MARKET - ACRES HARVESTED","TOTAL","NOT SPECIFIED","COUNTY","55","55","WI","WISCONSIN","20","NORTH CENTRAL","073","073","MARATHON","","","00000000","","","9000","UNITED STATES","WISCONSIN, NORTH CENTRAL, MARATHON","2022","ANNUAL","00","00","YEAR","","2024-07-02 12:00:00.000"," (D)","(D)"
"CENSUS","CROPS","VEGETABLES","POTATOES","ALL CLASSES","ALL PRODUCTION PRACTICES","FRESH MARKET","AREA HARVESTED","ACRES","POTATOES, FRESH MARKET - ACRES HARVESTED","TOTAL","NOT SPECIFIED","COUNTY","55","55","WI","WISCONSIN","20","NORTH CENTRAL","085","085","ONEIDA","","","00000000","","","9000","UNITED STATES","WISCONSIN, NORTH CENTRAL, ONEIDA","2022","ANNUAL","00","00","YEAR","","2024-07-02 12:00:00.000","199","5.4"
"CENSUS","CROPS","VEGETABLES","POTATOES","ALL CLASSES","ALL PRODUCTION PRACTICES","FRESH MARKET","AREA HARVESTED","ACRES","POTATOES, FRESH MARKET - ACRES HARVESTED","TOTAL","NOT SPECIFIED","COUNTY","55","55","WI","WISCONSIN","20","NORTH CENTRAL","099","099","PRICE","","","00000000","","","9000","UNITED STATES","WISCONSIN, NORTH CENTRAL, PRICE","2022","ANNUAL","00","00","YEAR","","2024-07-02 12:00:00.000"," (D)","(D)"
"CENSUS","CROPS","VEGETABLES","POTATOES","ALL CLASSES","ALL PRODUCTION PRACTICES","FRESH MARKET","AREA HARVESTED","ACRES","POTATOES, FRESH MARKET - ACRES HARVESTED","TOTAL","NOT SPECIFIED","COUNTY","55","55","WI","WISCONSIN","20","NORTH CENTRAL","119","119","TAYLOR","","","00000000","","","9000","UNITED STATES","WISCONSIN, NORTH CENTRAL, TAYLOR","2022","ANNUAL","00","00","YEAR","","2024-07-02 12:00:00.000","2","5.4"
"CENSUS","CROPS","VEGETABLES","POTATOES","ALL CLASSES","ALL PRODUCTION PRACTICES","FRESH MARKET","AREA HARVESTED","ACRES","POTATOES, FRESH MARKET - ACRES HARVESTED","TOTAL","NOT SPECIFIED","COUNTY","55","55","WI","WISCONSIN","20","NORTH CENTRAL","125","125","VILAS","","","00000000","","","9000","UNITED STATES","WISCONSIN, NORTH CENTRAL, VILAS","2022","ANNUAL","00","00","YEAR","","2024-07-02 12:00:00.000"," (D)","(D)"
"CENSUS","CROPS","VEGETABLES","POTATOES","ALL CLASSES","ALL PRODUCTION PRACTICES","FRESH MARKET","AREA HARVESTED","ACRES","POTATOES, FRESH MARKET - ACRES HARVESTED","TOTAL","NOT SPECIFIED","COUNTY","55","55","WI","WISCONSIN","30","NORTHEAST","037","037","FLORENCE","","","00000000","","","9000","UNITED STATES","WISCONSIN, NORTHEAST, FLORENCE","2022","ANNUAL","00","00","YEAR","","2024-07-02 12:00:00.000"," (D)","(D)"
"CENSUS","CROPS","VEGETABLES","POTATOES","ALL CLASSES","ALL PRODUCTION PRACTICES","FRESH MARKET","AREA HARVESTED","ACRES","POTATOES, FRESH MARKET - ACRES HARVESTED","TOTAL","NOT SPECIFIED","COUNTY","55","55","WI","WISCONSIN","30","NORTHEAST","067","067","LANGLADE","","","00000000","","","9000","UNITED STATES","WISCONSIN, NORTHEAST, LANGLADE","2022","ANNUAL","00","00","YEAR","","2024-07-02 12:00:00.000","5,785","5.4"
"CENSUS","CROPS","VEGETABLES","POTATOES","ALL CLASSES","ALL PRODUCTION PRACTICES","FRESH MARKET","AREA HARVESTED","ACRES","POTATOES, FRESH MARKET - ACRES HARVESTED","TOTAL","NOT SPECIFIED","COUNTY","55","55","WI","WISCONSIN","30","NORTHEAST","075","075","MARINETTE","","","00000000","","","9000","UNITED STATES","WISCONSIN, NORTHEAST, MARINETTE","2022","ANNUAL","00","00","YEAR","","2024-07-02 12:00:00.000"," (D)","(D)"
"CENSUS","CROPS","VEGETABLES","POTATOES","ALL CLASSES","ALL PRODUCTION PRACTICES","FRESH MARKET","AREA HARVESTED","ACRES","POTATOES, FRESH MARKET - ACRES HARVESTED","TOTAL","NOT SPECIFIED","COUNTY","55","55","WI","WISCONSIN","30","NORTHEAST","083","083","OCONTO","","","00000000","","","9000","UNITED STATES","WISCONSIN, NORTHEAST, OCONTO","2022","ANNUAL","00","00","YEAR","","2024-07-02 12:00:00.000","1","5.4"
"CENSUS","CROPS","VEGETABLES","POTATOES","ALL CLASSES","ALL PRODUCTION PRACTICES","FRESH MARKET","AREA HARVESTED","ACRES","POTATOES, FRESH MARKET - ACRES HARVESTED","TOTAL","NOT SPECIFIED","COUNTY","55","55","WI","WISCONSIN","30","NORTHEAST","115","115","SHAWANO","","","00000000","","","9000","UNITED STATES","WISCONSIN, NORTHEAST, SHAWANO","2022","ANNUAL","00","00","YEAR","","2024-07-02 12:00:00.000"," (D)","(D)"
"CENSUS","CROPS","VEGETABLES","POTATOES","ALL CLASSES","ALL PRODUCTION PRACTICES","FRESH MARKET","AREA HARVESTED","ACRES","POTATOES, FRESH MARKET - ACRES HARVESTED","TOTAL","NOT SPECIFIED","COUNTY","55","55","WI","WISCONSIN","40","WEST CENTRAL","011","011","BUFFALO","","","00000000","","","9000","UNITED STATES","WISCONSIN, WEST CENTRAL, BUFFALO","2022","ANNUAL","00","00","YEAR","","2024-07-02 12:00:00.000","2","5.4"
"CENSUS","CROPS","VEGETABLES","POTATOES","ALL CLASSES","ALL PRODUCTION PRACTICES","FRESH MARKET","AREA HARVESTED","ACRES","POTATOES, FRESH MARKET - ACRES HARVESTED","TOTAL","NOT SPECIFIED","COUNTY","55","55","WI","WISCONSIN","40","WEST CENTRAL","033","033","DUNN","","","00000000","","","9000","UNITED STATES","WISCONSIN, WEST CENTRAL, DUNN","2022","ANNUAL","00","00","YEAR","","2024-07-02 12:00:00.000","2","5.4"
"CENSUS","CROPS","VEGETABLES","POTATOES","ALL CLASSES","ALL PRODUCTION PRACTICES","FRESH MARKET","AREA HARVESTED","ACRES","POTATOES, FRESH MARKET - ACRES HARVESTED","TOTAL","NOT SPECIFIED","COUNTY","55","55","WI","WISCONSIN","40","WEST CENTRAL","035","035","EAU CLAIRE","","","00000000","","","9000","UNITED STATES","WISCONSIN, WEST CENTRAL, EAU CLAIRE","2022","ANNUAL","00","00","YEAR","","2024-07-02 12:00:00.000","2","5.4"
"CENSUS","CROPS","VEGETABLES","POTATOES","ALL CLASSES","ALL PRODUCTION PRACTICES","FRESH MARKET","AREA HARVESTED","ACRES","POTATOES, FRESH MARKET - ACRES HARVESTED","TOTAL","NOT SPECIFIED","COUNTY","55","55","WI","WISCONSIN","40","WEST CENTRAL","053","053","JACKSON","","","00000000","","","9000","UNITED STATES","WISCONSIN, WEST CENTRAL, JACKSON","2022","ANNUAL","00","00","YEAR","","2024-07-02 12:00:00.000"," (D)","(D)"
"CENSUS","CROPS","VEGETABLES","POTATOES","ALL CLASSES","ALL PRODUCTION PRACTICES","FRESH MARKET","AREA HARVESTED","ACRES","POTATOES, FRESH MARKET - ACRES HARVESTED","TOTAL","NOT SPECIFIED","COUNTY","55","55","WI","WISCONSIN","40","WEST CENTRAL","063","063","LA CROSSE","","","00000000","","","9000","UNITED STATES","WISCONSIN, WEST CENTRAL, LA CROSSE","2022","ANNUAL","00","00","YEAR","","2024-07-02 12:00:00.000"," (Z)","(L)"
"CENSUS","CROPS","VEGETABLES","POTATOES","ALL CLASSES","ALL PRODUCTION PRACTICES","FRESH MARKET","AREA HARVESTED","ACRES","POTATOES, FRESH MARKET - ACRES HARVESTED","TOTAL","NOT SPECIFIED","COUNTY","55","55","WI","WISCONSIN","40","WEST CENTRAL","081","081","MONROE","","","00000000","","","9000","UNITED STATES","WISCONSIN, WEST CENTRAL, MONROE","2022","ANNUAL","00","00","YEAR","","2024-07-02 12:00:00.000","2","5.4"
"CENSUS","CROPS","VEGETABLES","POTATOES","ALL CLASSES","ALL PRODUCTION PRACTICES","FRESH MARKET","AREA HARVESTED","ACRES","POTATOES, FRESH MARKET - ACRES HARVESTED","TOTAL","NOT SPECIFIED","COUNTY","55","55","WI","WISCONSIN","40","WEST CENTRAL","091","091","PEPIN","","","00000000","","","9000","UNITED STATES","WISCONSIN, WEST CENTRAL, PEPIN","2022","ANNUAL","00","00","YEAR","","2024-07-02 12:00:00.000","2","5.4"
"CENSUS","CROPS","VEGETABLES","POTATOES","ALL CLASSES","ALL PRODUCTION PRACTICES","FRESH MARKET","AREA HARVESTED","ACRES","POTATOES, FRESH MARKET - ACRES HARVESTED","TOTAL","NOT SPECIFIED","COUNTY","55","55","WI","WISCONSIN","40","WEST CENTRAL","093","093","PIERCE","","","00000000","","","9000","UNITED STATES","WISCONSIN, WEST CENTRAL, PIERCE","2022","ANNUAL","00","00","YEAR","","2024-07-02 12:00:00.000","2","5.4"
"CENSUS","CROPS","VEGETABLES","POTATOES","ALL CLASSES","ALL PRODUCTION PRACTICES","FRESH MARKET","AREA HARVESTED","ACRES","POTATOES, FRESH MARKET - ACRES HARVESTED","TOTAL","NOT SPECIFIED","COUNTY","55","55","WI","WISCONSIN","40","WEST CENTRAL","109","109","ST CROIX","","","00000000","","","9000","UNITED STATES","WISCONSIN, WEST CENTRAL, ST CROIX","2022","ANNUAL","00","00","YEAR","","2024-07-02 12:00:00.000","3","5.4"
"CENSUS","CROPS","VEGETABLES","POTATOES","ALL CLASSES","ALL PRODUCTION PRACTICES","FRESH MARKET","AREA HARVESTED","ACRES","POTATOES, FRESH MARKET - ACRES HARVESTED","TOTAL","NOT SPECIFIED","COUNTY","55","55","WI","WISCONSIN","40","WEST CENTRAL","121","121","TREMPEALEAU","","","00000000","","","9000","UNITED STATES","WISCONSIN, WEST CENTRAL, TREMPEALEAU","2022","ANNUAL","00","00","YEAR","","2024-07-02 12:00:00.000"," (D)","(D)"
"CENSUS","CROPS","VEGETABLES","POTATOES","ALL CLASSES","ALL PRODUCTION PRACTICES","FRESH MARKET","AREA HARVESTED","ACRES","POTATOES, FRESH MARKET - ACRES HARVESTED","TOTAL","NOT SPECIFIED","COUNTY","55","55","WI","WISCONSIN","50","CENTRAL","001","001","ADAMS","","","00000000","","","9000","UNITED STATES","WISCONSIN, CENTRAL, ADAMS","2022","ANNUAL","00","00","YEAR","","2024-07-02 12:00:00.000","1,104","5.4"
"CENSUS","CROPS","VEGETABLES","POTATOES","ALL CLASSES","ALL PRODUCTION PRACTICES","FRESH MARKET","AREA HARVESTED","ACRES","POTATOES, FRESH MARKET - ACRES HARVESTED","TOTAL","NOT SPECIFIED","COUNTY","55","55","WI","WISCONSIN","50","CENTRAL","047","047","GREEN LAKE","","","00000000","","","9000","UNITED STATES","WISCONSIN, CENTRAL, GREEN LAKE","2022","ANNUAL","00","00","YEAR","","2024-07-02 12:00:00.000"," (D)","(D)"
"CENSUS","CROPS","VEGETABLES","POTATOES","ALL CLASSES","ALL PRODUCTION PRACTICES","FRESH MARKET","AREA HARVESTED","ACRES","POTATOES, FRESH MARKET - ACRES HARVESTED","TOTAL","NOT SPECIFIED","COUNTY","55","55","WI","WISCONSIN","50","CENTRAL","057","057","JUNEAU","","","00000000","","","9000","UNITED STATES","WISCONSIN, CENTRAL, JUNEAU","2022","ANNUAL","00","00","YEAR","","2024-07-02 12:00:00.000"," (D)","(D)"
"CENSUS","CROPS","VEGETABLES","POTATOES","ALL CLASSES","ALL PRODUCTION PRACTICES","FRESH MARKET","AREA HARVESTED","ACRES","POTATOES, FRESH MARKET - ACRES HARVESTED","TOTAL","NOT SPECIFIED","COUNTY","55","55","WI","WISCONSIN","50","CENTRAL","077","077","MARQUETTE","","","00000000","","","9000","UNITED STATES","WISCONSIN, CENTRAL, MARQUETTE","2022","ANNUAL","00","00","YEAR","","2024-07-02 12:00:00.000"," (D)","(D)"
"CENSUS","CROPS","VEGETABLES","POTATOES","ALL CLASSES","ALL PRODUCTION PRACTICES","FRESH MARKET","AREA HARVESTED","ACRES","POTATOES, FRESH MARKET - ACRES HARVESTED","TOTAL","NOT SPECIFIED","COUNTY","55","55","WI","WISCONSIN","50","CENTRAL","097","097","PORTAGE","","","00000000","","","9000","UNITED STATES","WISCONSIN, CENTRAL, PORTAGE","2022","ANNUAL","00","00","YEAR","","2024-07-02 12:00:00.000","14,967","5.4"
"CENSUS","CROPS","VEGETABLES","POTATOES","ALL CLASSES","ALL PRODUCTION PRACTICES","FRESH MARKET","AREA HARVESTED","ACRES","POTATOES, FRESH MARKET - ACRES HARVESTED","TOTAL","NOT SPECIFIED","COUNTY","55","55","WI","WISCONSIN","50","CENTRAL","135","135","WAUPACA","","","00000000","","","9000","UNITED STATES","WISCONSIN, CENTRAL, WAUPACA","2022","ANNUAL","00","00","YEAR","","2024-07-02 12:00:00.000","2","5.4"
"CENSUS","CROPS","VEGETABLES","POTATOES","ALL CLASSES","ALL PRODUCTION PRACTICES","FRESH MARKET","AREA HARVESTED","ACRES","POTATOES, FRESH MARKET - ACRES HARVESTED","TOTAL","NOT SPECIFIED","COUNTY","55","55","WI","WISCONSIN","50","CENTRAL","137","137","WAUSHARA","","","00000000","","","9000","UNITED STATES","WISCONSIN, CENTRAL, WAUSHARA","2022","ANNUAL","00","00","YEAR","","2024-07-02 12:00:00.000","1,587","5.4"
"CENSUS","CROPS","VEGETABLES","POTATOES","ALL CLASSES","ALL PRODUCTION PRACTICES","FRESH MARKET","AREA HARVESTED","ACRES","POTATOES, FRESH MARKET - ACRES HARVESTED","TOTAL","NOT SPECIFIED","COUNTY","55","55","WI","WISCONSIN","50","CENTRAL","141","141","WOOD","","","00000000","","","9000","UNITED STATES","WISCONSIN, CENTRAL, WOOD","2022","ANNUAL","00","00","YEAR","","2024-07-02 12:00:00.000"," (Z)","5.4"
"CENSUS","CROPS","VEGETABLES","POTATOES","ALL CLASSES","ALL PRODUCTION PRACTICES","FRESH MARKET","AREA HARVESTED","ACRES","POTATOES, FRESH MARKET - ACRES HARVESTED","TOTAL","NOT SPECIFIED","COUNTY","55","55","WI","WISCONSIN","60","EAST CENTRAL","009","009","BROWN","","","00000000","","","9000","UNITED STATES","WISCONSIN, EAST CENTRAL, BROWN","2022","ANNUAL","00","00","YEAR","","2024-07-02 12:00:00.000","6","5.4"
"CENSUS","CROPS","VEGETABLES","POTATOES","ALL CLASSES","ALL PRODUCTION PRACTICES","FRESH MARKET","AREA HARVESTED","ACRES","POTATOES, FRESH MARKET - ACRES HARVESTED","TOTAL","NOT SPECIFIED","COUNTY","55","55","WI","WISCONSIN","60","EAST CENTRAL","029","029","DOOR","","","00000000","","","9000","UNITED STATES","WISCONSIN, EAST CENTRAL, DOOR","2022","ANNUAL","00","00","YEAR","","2024-07-02 12:00:00.000","3","5.4"
"CENSUS","CROPS","VEGETABLES","POTATOES","ALL CLASSES","ALL PRODUCTION PRACTICES","FRESH MARKET","AREA HARVESTED","ACRES","POTATOES, FRESH MARKET - ACRES HARVESTED","TOTAL","NOT SPECIFIED","COUNTY","55","55","WI","WISCONSIN","60","EAST CENTRAL","039","039","FOND DU LAC","","","00000000","","","9000","UNITED STATES","WISCONSIN, EAST CENTRAL, FOND DU LAC","2022","ANNUAL","00","00","YEAR","","2024-07-02 12:00:00.000","1","(L)"
"CENSUS","CROPS","VEGETABLES","POTATOES","ALL CLASSES","ALL PRODUCTION PRACTICES","FRESH MARKET","AREA HARVESTED","ACRES","POTATOES, FRESH MARKET - ACRES HARVESTED","TOTAL","NOT SPECIFIED","COUNTY","55","55","WI","WISCONSIN","60","EAST CENTRAL","061","061","KEWAUNEE","","","00000000","","","9000","UNITED STATES","WISCONSIN, EAST CENTRAL, KEWAUNEE","2022","ANNUAL","00","00","YEAR","","2024-07-02 12:00:00.000","1","5.4"
"CENSUS","CROPS","VEGETABLES","POTATOES","ALL CLASSES","ALL PRODUCTION PRACTICES","FRESH MARKET","AREA HARVESTED","ACRES","POTATOES, FRESH MARKET - ACRES HARVESTED","TOTAL","NOT SPECIFIED","COUNTY","55","55","WI","WISCONSIN","60","EAST CENTRAL","071","071","MANITOWOC","","","00000000","","","9000","UNITED STATES","WISCONSIN, EAST CENTRAL, MANITOWOC","2022","ANNUAL","00","00","YEAR","","2024-07-02 12:00:00.000","2","5.4"
"CENSUS","CROPS","VEGETABLES","POTATOES","ALL CLASSES","ALL PRODUCTION PRACTICES","FRESH MARKET","AREA HARVESTED","ACRES","POTATOES, FRESH MARKET - ACRES HARVESTED","TOTAL","NOT SPECIFIED","COUNTY","55","55","WI","WISCONSIN","60","EAST CENTRAL","087","087","OUTAGAMIE","","","00000000","","","9000","UNITED STATES","WISCONSIN, EAST CENTRAL, OUTAGAMIE","2022","ANNUAL","00","00","YEAR","","2024-07-02 12:00:00.000","1","5.4"
"CENSUS","CROPS","VEGETABLES","POTATOES","ALL CLASSES","ALL PRODUCTION PRACTICES","FRESH MARKET","AREA HARVESTED","ACRES","POTATOES, FRESH MARKET - ACRES HARVESTED","TOTAL","NOT SPECIFIED","COUNTY","55","55","WI","WISCONSIN","60","EAST CENTRAL","117","117","SHEBOYGAN","","","00000000","","","9000","UNITED STATES","WISCONSIN, EAST CENTRAL, SHEBOYGAN","2022","ANNUAL","00","00","YEAR","","2024-07-02 12:00:00.000","4","5.4"
"CENSUS","CROPS","VEGETABLES","POTATOES","ALL CLASSES","ALL PRODUCTION PRACTICES","FRESH MARKET","AREA HARVESTED","ACRES","POTATOES, FRESH MARKET - ACRES HARVESTED","TOTAL","NOT SPECIFIED","COUNTY","55","55","WI","WISCONSIN","60","EAST CENTRAL","139","139","WINNEBAGO","","","00000000","","","9000","UNITED STATES","WISCONSIN, EAST CENTRAL, WINNEBAGO","2022","ANNUAL","00","00","YEAR","","2024-07-02 12:00:00.000"," (D)","(D)"
"CENSUS","CROPS","VEGETABLES","POTATOES","ALL CLASSES","ALL PRODUCTION PRACTICES","FRESH MARKET","AREA HARVESTED","ACRES","POTATOES, FRESH MARKET - ACRES HARVESTED","TOTAL","NOT SPECIFIED","COUNTY","55","55","WI","WISCONSIN","70","SOUTHWEST","023","023","CRAWFORD","","","00000000","","","9000","UNITED STATES","WISCONSIN, SOUTHWEST, CRAWFORD","2022","ANNUAL","00","00","YEAR","","2024-07-02 12:00:00.000","1","5.4"
"CENSUS","CROPS","VEGETABLES","POTATOES","ALL CLASSES","ALL PRODUCTION PRACTICES","FRESH MARKET","AREA HARVESTED","ACRES","POTATOES, FRESH MARKET - ACRES HARVESTED","TOTAL","NOT SPECIFIED","COUNTY","55","55","WI","WISCONSIN","70","SOUTHWEST","043","043","GRANT","","","00000000","","","9000","UNITED STATES","WISCONSIN, SOUTHWEST, GRANT","2022","ANNUAL","00","00","YEAR","","2024-07-02 12:00:00.000","12","5.4"
"CENSUS","CROPS","VEGETABLES","POTATOES","ALL CLASSES","ALL PRODUCTION PRACTICES","FRESH MARKET","AREA HARVESTED","ACRES","POTATOES, FRESH MARKET - ACRES HARVESTED","TOTAL","NOT SPECIFIED","COUNTY","55","55","WI","WISCONSIN","70","SOUTHWEST","049","049","IOWA","","","00000000","","","9000","UNITED STATES","WISCONSIN, SOUTHWEST, IOWA","2022","ANNUAL","00","00","YEAR","","2024-07-02 12:00:00.000"," (D)","(D)"
"CENSUS","CROPS","VEGETABLES","POTATOES","ALL CLASSES","ALL PRODUCTION PRACTICES","FRESH MARKET","AREA HARVESTED","ACRES","POTATOES, FRESH MARKET - ACRES HARVESTED","TOTAL","NOT SPECIFIED","COUNTY","55","55","WI","WISCONSIN","70","SOUTHWEST","065","065","LAFAYETTE","","","00000000","","","9000","UNITED STATES","WISCONSIN, SOUTHWEST, LAFAYETTE","2022","ANNUAL","00","00","YEAR","","2024-07-02 12:00:00.000","16","5.4"
"CENSUS","CROPS","VEGETABLES","POTATOES","ALL CLASSES","ALL PRODUCTION PRACTICES","FRESH MARKET","AREA HARVESTED","ACRES","POTATOES, FRESH MARKET - ACRES HARVESTED","TOTAL","NOT SPECIFIED","COUNTY","55","55","WI","WISCONSIN","70","SOUTHWEST","103","103","RICHLAND","","","00000000","","","9000","UNITED STATES","WISCONSIN, SOUTHWEST, RICHLAND","2022","ANNUAL","00","00","YEAR","","2024-07-02 12:00:00.000","7","5.4"
"CENSUS","CROPS","VEGETABLES","POTATOES","ALL CLASSES","ALL PRODUCTION PRACTICES","FRESH MARKET","AREA HARVESTED","ACRES","POTATOES, FRESH MARKET - ACRES HARVESTED","TOTAL","NOT SPECIFIED","COUNTY","55","55","WI","WISCONSIN","70","SOUTHWEST","111","111","SAUK","","","00000000","","","9000","UNITED STATES","WISCONSIN, SOUTHWEST, SAUK","2022","ANNUAL","00","00","YEAR","","2024-07-02 12:00:00.000","3","5.4"
"CENSUS","CROPS","VEGETABLES","POTATOES","ALL CLASSES","ALL PRODUCTION PRACTICES","FRESH MARKET","AREA HARVESTED","ACRES","POTATOES, FRESH MARKET - ACRES HARVESTED","TOTAL","NOT SPECIFIED","COUNTY","55","55","WI","WISCONSIN","70","SOUTHWEST","123","123","VERNON","","","00000000","","","9000","UNITED STATES","WISCONSIN, SOUTHWEST, VERNON","2022","ANNUAL","00","00","YEAR","","2024-07-02 12:00:00.000","33","5.4"
"CENSUS","CROPS","VEGETABLES","POTATOES","ALL CLASSES","ALL PRODUCTION PRACTICES","FRESH MARKET","AREA HARVESTED","ACRES","POTATOES, FRESH MARKET - ACRES HARVESTED","TOTAL","NOT SPECIFIED","COUNTY","55","55","WI","WISCONSIN","80","SOUTH CENTRAL","021","021","COLUMBIA","","","00000000","","","9000","UNITED STATES","WISCONSIN, SOUTH CENTRAL, COLUMBIA","2022","ANNUAL","00","00","YEAR","","2024-07-02 12:00:00.000","11","5.4"
"CENSUS","CROPS","VEGETABLES","POTATOES","ALL CLASSES","ALL PRODUCTION PRACTICES","FRESH MARKET","AREA HARVESTED","ACRES","POTATOES, FRESH MARKET - ACRES HARVESTED","TOTAL","NOT SPECIFIED","COUNTY","55","55","WI","WISCONSIN","80","SOUTH CENTRAL","025","025","DANE","","","00000000","","","9000","UNITED STATES","WISCONSIN, SOUTH CENTRAL, DANE","2022","ANNUAL","00","00","YEAR","","2024-07-02 12:00:00.000","17","5.4"
"CENSUS","CROPS","VEGETABLES","POTATOES","ALL CLASSES","ALL PRODUCTION PRACTICES","FRESH MARKET","AREA HARVESTED","ACRES","POTATOES, FRESH MARKET - ACRES HARVESTED","TOTAL","NOT SPECIFIED","COUNTY","55","55","WI","WISCONSIN","80","SOUTH CENTRAL","027","027","DODGE","","","00000000","","","9000","UNITED STATES","WISCONSIN, SOUTH CENTRAL, DODGE","2022","ANNUAL","00","00","YEAR","","2024-07-02 12:00:00.000","11","5.4"
"CENSUS","CROPS","VEGETABLES","POTATOES","ALL CLASSES","ALL PRODUCTION PRACTICES","FRESH MARKET","AREA HARVESTED","ACRES","POTATOES, FRESH MARKET - ACRES HARVESTED","TOTAL","NOT SPECIFIED","COUNTY","55","55","WI","WISCONSIN","80","SOUTH CENTRAL","045","045","GREEN","","","00000000","","","9000","UNITED STATES","WISCONSIN, SOUTH CENTRAL, GREEN","2022","ANNUAL","00","00","YEAR","","2024-07-02 12:00:00.000"," (D)","(D)"
"CENSUS","CROPS","VEGETABLES","POTATOES","ALL CLASSES","ALL PRODUCTION PRACTICES","FRESH MARKET","AREA HARVESTED","ACRES","POTATOES, FRESH MARKET - ACRES HARVESTED","TOTAL","NOT SPECIFIED","COUNTY","55","55","WI","WISCONSIN","80","SOUTH CENTRAL","055","055","JEFFERSON","","","00000000","","","9000","UNITED STATES","WISCONSIN, SOUTH CENTRAL, JEFFERSON","2022","ANNUAL","00","00","YEAR","","2024-07-02 12:00:00.000"," (D)","(D)"
"CENSUS","CROPS","VEGETABLES","POTATOES","ALL CLASSES","ALL PRODUCTION PRACTICES","FRESH MARKET","AREA HARVESTED","ACRES","POTATOES, FRESH MARKET - ACRES HARVESTED","TOTAL","NOT SPECIFIED","COUNTY","55","55","WI","WISCONSIN","80","SOUTH CENTRAL","105","105","ROCK","","","00000000","","","9000","UNITED STATES","WISCONSIN, SOUTH CENTRAL, ROCK","2022","ANNUAL","00","00","YEAR","","2024-07-02 12:00:00.000","3","5.4"
"CENSUS","CROPS","VEGETABLES","POTATOES","ALL CLASSES","ALL PRODUCTION PRACTICES","FRESH MARKET","AREA HARVESTED","ACRES","POTATOES, FRESH MARKET - ACRES HARVESTED","TOTAL","NOT SPECIFIED","COUNTY","55","55","WI","WISCONSIN","90","SOUTHEAST","059","059","KENOSHA","","","00000000","","","9000","UNITED STATES","WISCONSIN, SOUTHEAST, KENOSHA","2022","ANNUAL","00","00","YEAR","","2024-07-02 12:00:00.000","4","5.4"
"CENSUS","CROPS","VEGETABLES","POTATOES","ALL CLASSES","ALL PRODUCTION PRACTICES","FRESH MARKET","AREA HARVESTED","ACRES","POTATOES, FRESH MARKET - ACRES HARVESTED","TOTAL","NOT SPECIFIED","COUNTY","55","55","WI","WISCONSIN","90","SOUTHEAST","079","079","MILWAUKEE","","","00000000","","","9000","UNITED STATES","WISCONSIN, SOUTHEAST, MILWAUKEE","2022","ANNUAL","00","00","YEAR","","2024-07-02 12:00:00.000"," (D)","(D)"
"CENSUS","CROPS","VEGETABLES","POTATOES","ALL CLASSES","ALL PRODUCTION PRACTICES","FRESH MARKET","AREA HARVESTED","ACRES","POTATOES, FRESH MARKET - ACRES HARVESTED","TOTAL","NOT SPECIFIED","COUNTY","55","55","WI","WISCONSIN","90","SOUTHEAST","089","089","OZAUKEE","","","00000000","","","9000","UNITED STATES","WISCONSIN, SOUTHEAST, OZAUKEE","2022","ANNUAL","00","00","YEAR","","2024-07-02 12:00:00.000","6","5.4"
"CENSUS","CROPS","VEGETABLES","POTATOES","ALL CLASSES","ALL PRODUCTION PRACTICES","FRESH MARKET","AREA HARVESTED","ACRES","POTATOES, FRESH MARKET - ACRES HARVESTED","TOTAL","NOT SPECIFIED","COUNTY","55","55","WI","WISCONSIN","90","SOUTHEAST","101","101","RACINE","","","00000000","","","9000","UNITED STATES","WISCONSIN, SOUTHEAST, RACINE","2022","ANNUAL","00","00","YEAR","","2024-07-02 12:00:00.000","6","5.4"
"CENSUS","CROPS","VEGETABLES","POTATOES","ALL CLASSES","ALL PRODUCTION PRACTICES","FRESH MARKET","AREA HARVESTED","ACRES","POTATOES, FRESH MARKET - ACRES HARVESTED","TOTAL","NOT SPECIFIED","COUNTY","55","55","WI","WISCONSIN","90","SOUTHEAST","127","127","WALWORTH","","","00000000","","","9000","UNITED STATES","WISCONSIN, SOUTHEAST, WALWORTH","2022","ANNUAL","00","00","YEAR","","2024-07-02 12:00:00.000","20","5.4"
"CENSUS","CROPS","VEGETABLES","POTATOES","ALL CLASSES","ALL PRODUCTION PRACTICES","FRESH MARKET","AREA HARVESTED","ACRES","POTATOES, FRESH MARKET - ACRES HARVESTED","TOTAL","NOT SPECIFIED","COUNTY","55","55","WI","WISCONSIN","90","SOUTHEAST","131","131","WASHINGTON","","","00000000","","","9000","UNITED STATES","WISCONSIN, SOUTHEAST, WASHINGTON","2022","ANNUAL","00","00","YEAR","","2024-07-02 12:00:00.000","17","5.4"
"CENSUS","CROPS","VEGETABLES","POTATOES","ALL CLASSES","ALL PRODUCTION PRACTICES","FRESH MARKET","AREA HARVESTED","ACRES","POTATOES, FRESH MARKET - ACRES HARVESTED","TOTAL","NOT SPECIFIED","COUNTY","55","55","WI","WISCONSIN","90","SOUTHEAST","133","133","WAUKESHA","","","00000000","","","9000","UNITED STATES","WISCONSIN, SOUTHEAST, WAUKESHA","2022","ANNUAL","00","00","YEAR","","2024-07-02 12:00:00.000","8","5.4"
"CENSUS","CROPS","VEGETABLES","POTATOES","ALL CLASSES","ALL PRODUCTION PRACTICES","FRESH MARKET","AREA HARVESTED","OPERATIONS","POTATOES, FRESH MARKET - OPERATIONS WITH AREA HARVESTED","TOTAL","NOT SPECIFIED","COUNTY","55","55","WI","WISCONSIN","10","NORTHWEST","005","005","BARRON","","","00000000","","","9000","UNITED STATES","WISCONSIN, NORTHWEST, BARRON","2022","ANNUAL","00","00","YEAR","","2024-07-02 12:00:00.000","10","33.2"
"CENSUS","CROPS","VEGETABLES","POTATOES","ALL CLASSES","ALL PRODUCTION PRACTICES","FRESH MARKET","AREA HARVESTED","OPERATIONS","POTATOES, FRESH MARKET - OPERATIONS WITH AREA HARVESTED","TOTAL","NOT SPECIFIED","COUNTY","55","55","WI","WISCONSIN","10","NORTHWEST","007","007","BAYFIELD","","","00000000","","","9000","UNITED STATES","WISCONSIN, NORTHWEST, BAYFIELD","2022","ANNUAL","00","00","YEAR","","2024-07-02 12:00:00.000","7","33.2"
"CENSUS","CROPS","VEGETABLES","POTATOES","ALL CLASSES","ALL PRODUCTION PRACTICES","FRESH MARKET","AREA HARVESTED","OPERATIONS","POTATOES, FRESH MARKET - OPERATIONS WITH AREA HARVESTED","TOTAL","NOT SPECIFIED","COUNTY","55","55","WI","WISCONSIN","10","NORTHWEST","017","017","CHIPPEWA","","","00000000","","","9000","UNITED STATES","WISCONSIN, NORTHWEST, CHIPPEWA","2022","ANNUAL","00","00","YEAR","","2024-07-02 12:00:00.000","9","33.2"
"CENSUS","CROPS","VEGETABLES","POTATOES","ALL CLASSES","ALL PRODUCTION PRACTICES","FRESH MARKET","AREA HARVESTED","OPERATIONS","POTATOES, FRESH MARKET - OPERATIONS WITH AREA HARVESTED","TOTAL","NOT SPECIFIED","COUNTY","55","55","WI","WISCONSIN","10","NORTHWEST","031","031","DOUGLAS","","","00000000","","","9000","UNITED STATES","WISCONSIN, NORTHWEST, DOUGLAS","2022","ANNUAL","00","00","YEAR","","2024-07-02 12:00:00.000","1","(L)"
"CENSUS","CROPS","VEGETABLES","POTATOES","ALL CLASSES","ALL PRODUCTION PRACTICES","FRESH MARKET","AREA HARVESTED","OPERATIONS","POTATOES, FRESH MARKET - OPERATIONS WITH AREA HARVESTED","TOTAL","NOT SPECIFIED","COUNTY","55","55","WI","WISCONSIN","10","NORTHWEST","095","095","POLK","","","00000000","","","9000","UNITED STATES","WISCONSIN, NORTHWEST, POLK","2022","ANNUAL","00","00","YEAR","","2024-07-02 12:00:00.000","13","33.2"
"CENSUS","CROPS","VEGETABLES","POTATOES","ALL CLASSES","ALL PRODUCTION PRACTICES","FRESH MARKET","AREA HARVESTED","OPERATIONS","POTATOES, FRESH MARKET - OPERATIONS WITH AREA HARVESTED","TOTAL","NOT SPECIFIED","COUNTY","55","55","WI","WISCONSIN","10","NORTHWEST","107","107","RUSK","","","00000000","","","9000","UNITED STATES","WISCONSIN, NORTHWEST, RUSK","2022","ANNUAL","00","00","YEAR","","2024-07-02 12:00:00.000","1","(L)"
"CENSUS","CROPS","VEGETABLES","POTATOES","ALL CLASSES","ALL PRODUCTION PRACTICES","FRESH MARKET","AREA HARVESTED","OPERATIONS","POTATOES, FRESH MARKET - OPERATIONS WITH AREA HARVESTED","TOTAL","NOT SPECIFIED","COUNTY","55","55","WI","WISCONSIN","10","NORTHWEST","129","129","WASHBURN","","","00000000","","","9000","UNITED STATES","WISCONSIN, NORTHWEST, WASHBURN","2022","ANNUAL","00","00","YEAR","","2024-07-02 12:00:00.000","10","33.2"
"CENSUS","CROPS","VEGETABLES","POTATOES","ALL CLASSES","ALL PRODUCTION PRACTICES","FRESH MARKET","AREA HARVESTED","OPERATIONS","POTATOES, FRESH MARKET - OPERATIONS WITH AREA HARVESTED","TOTAL","NOT SPECIFIED","COUNTY","55","55","WI","WISCONSIN","20","NORTH CENTRAL","003","003","ASHLAND","","","00000000","","","9000","UNITED STATES","WISCONSIN, NORTH CENTRAL, ASHLAND","2022","ANNUAL","00","00","YEAR","","2024-07-02 12:00:00.000","10","33.2"
"CENSUS","CROPS","VEGETABLES","POTATOES","ALL CLASSES","ALL PRODUCTION PRACTICES","FRESH MARKET","AREA HARVESTED","OPERATIONS","POTATOES, FRESH MARKET - OPERATIONS WITH AREA HARVESTED","TOTAL","NOT SPECIFIED","COUNTY","55","55","WI","WISCONSIN","20","NORTH CENTRAL","019","019","CLARK","","","00000000","","","9000","UNITED STATES","WISCONSIN, NORTH CENTRAL, CLARK","2022","ANNUAL","00","00","YEAR","","2024-07-02 12:00:00.000","21","33.2"
"CENSUS","CROPS","VEGETABLES","POTATOES","ALL CLASSES","ALL PRODUCTION PRACTICES","FRESH MARKET","AREA HARVESTED","OPERATIONS","POTATOES, FRESH MARKET - OPERATIONS WITH AREA HARVESTED","TOTAL","NOT SPECIFIED","COUNTY","55","55","WI","WISCONSIN","20","NORTH CENTRAL","051","051","IRON","","","00000000","","","9000","UNITED STATES","WISCONSIN, NORTH CENTRAL, IRON","2022","ANNUAL","00","00","YEAR","","2024-07-02 12:00:00.000","1","33.2"
"CENSUS","CROPS","VEGETABLES","POTATOES","ALL CLASSES","ALL PRODUCTION PRACTICES","FRESH MARKET","AREA HARVESTED","OPERATIONS","POTATOES, FRESH MARKET - OPERATIONS WITH AREA HARVESTED","TOTAL","NOT SPECIFIED","COUNTY","55","55","WI","WISCONSIN","20","NORTH CENTRAL","069","069","LINCOLN","","","00000000","","","9000","UNITED STATES","WISCONSIN, NORTH CENTRAL, LINCOLN","2022","ANNUAL","00","00","YEAR","","2024-07-02 12:00:00.000","10","33.2"
"CENSUS","CROPS","VEGETABLES","POTATOES","ALL CLASSES","ALL PRODUCTION PRACTICES","FRESH MARKET","AREA HARVESTED","OPERATIONS","POTATOES, FRESH MARKET - OPERATIONS WITH AREA HARVESTED","TOTAL","NOT SPECIFIED","COUNTY","55","55","WI","WISCONSIN","20","NORTH CENTRAL","073","073","MARATHON","","","00000000","","","9000","UNITED STATES","WISCONSIN, NORTH CENTRAL, MARATHON","2022","ANNUAL","00","00","YEAR","","2024-07-02 12:00:00.000","13","33.2"
"CENSUS","CROPS","VEGETABLES","POTATOES","ALL CLASSES","ALL PRODUCTION PRACTICES","FRESH MARKET","AREA HARVESTED","OPERATIONS","POTATOES, FRESH MARKET - OPERATIONS WITH AREA HARVESTED","TOTAL","NOT SPECIFIED","COUNTY","55","55","WI","WISCONSIN","20","NORTH CENTRAL","085","085","ONEIDA","","","00000000","","","9000","UNITED STATES","WISCONSIN, NORTH CENTRAL, ONEIDA","2022","ANNUAL","00","00","YEAR","","2024-07-02 12:00:00.000","8","33.2"
"CENSUS","CROPS","VEGETABLES","POTATOES","ALL CLASSES","ALL PRODUCTION PRACTICES","FRESH MARKET","AREA HARVESTED","OPERATIONS","POTATOES, FRESH MARKET - OPERATIONS WITH AREA HARVESTED","TOTAL","NOT SPECIFIED","COUNTY","55","55","WI","WISCONSIN","20","NORTH CENTRAL","099","099","PRICE","","","00000000","","","9000","UNITED STATES","WISCONSIN, NORTH CENTRAL, PRICE","2022","ANNUAL","00","00","YEAR","","2024-07-02 12:00:00.000","1","(L)"
"CENSUS","CROPS","VEGETABLES","POTATOES","ALL CLASSES","ALL PRODUCTION PRACTICES","FRESH MARKET","AREA HARVESTED","OPERATIONS","POTATOES, FRESH MARKET - OPERATIONS WITH AREA HARVESTED","TOTAL","NOT SPECIFIED","COUNTY","55","55","WI","WISCONSIN","20","NORTH CENTRAL","119","119","TAYLOR","","","00000000","","","9000","UNITED STATES","WISCONSIN, NORTH CENTRAL, TAYLOR","2022","ANNUAL","00","00","YEAR","","2024-07-02 12:00:00.000","6","33.2"
"CENSUS","CROPS","VEGETABLES","POTATOES","ALL CLASSES","ALL PRODUCTION PRACTICES","FRESH MARKET","AREA HARVESTED","OPERATIONS","POTATOES, FRESH MARKET - OPERATIONS WITH AREA HARVESTED","TOTAL","NOT SPECIFIED","COUNTY","55","55","WI","WISCONSIN","20","NORTH CENTRAL","125","125","VILAS","","","00000000","","","9000","UNITED STATES","WISCONSIN, NORTH CENTRAL, VILAS","2022","ANNUAL","00","00","YEAR","","2024-07-02 12:00:00.000","1","(L)"
"CENSUS","CROPS","VEGETABLES","POTATOES","ALL CLASSES","ALL PRODUCTION PRACTICES","FRESH MARKET","AREA HARVESTED","OPERATIONS","POTATOES, FRESH MARKET - OPERATIONS WITH AREA HARVESTED","TOTAL","NOT SPECIFIED","COUNTY","55","55","WI","WISCONSIN","30","NORTHEAST","037","037","FLORENCE","","","00000000","","","9000","UNITED STATES","WISCONSIN, NORTHEAST, FLORENCE","2022","ANNUAL","00","00","YEAR","","2024-07-02 12:00:00.000","5","33.2"
"CENSUS","CROPS","VEGETABLES","POTATOES","ALL CLASSES","ALL PRODUCTION PRACTICES","FRESH MARKET","AREA HARVESTED","OPERATIONS","POTATOES, FRESH MARKET - OPERATIONS WITH AREA HARVESTED","TOTAL","NOT SPECIFIED","COUNTY","55","55","WI","WISCONSIN","30","NORTHEAST","067","067","LANGLADE","","","00000000","","","9000","UNITED STATES","WISCONSIN, NORTHEAST, LANGLADE","2022","ANNUAL","00","00","YEAR","","2024-07-02 12:00:00.000","22","33.2"
"CENSUS","CROPS","VEGETABLES","POTATOES","ALL CLASSES","ALL PRODUCTION PRACTICES","FRESH MARKET","AREA HARVESTED","OPERATIONS","POTATOES, FRESH MARKET - OPERATIONS WITH AREA HARVESTED","TOTAL","NOT SPECIFIED","COUNTY","55","55","WI","WISCONSIN","30","NORTHEAST","075","075","MARINETTE","","","00000000","","","9000","UNITED STATES","WISCONSIN, NORTHEAST, MARINETTE","2022","ANNUAL","00","00","YEAR","","2024-07-02 12:00:00.000","8","33.2"
"CENSUS","CROPS","VEGETABLES","POTATOES","ALL CLASSES","ALL PRODUCTION PRACTICES","FRESH MARKET","AREA HARVESTED","OPERATIONS","POTATOES, FRESH MARKET - OPERATIONS WITH AREA HARVESTED","TOTAL","NOT SPECIFIED","COUNTY","55","55","WI","WISCONSIN","30","NORTHEAST","083","083","OCONTO","","","00000000","","","9000","UNITED STATES","WISCONSIN, NORTHEAST, OCONTO","2022","ANNUAL","00","00","YEAR","","2024-07-02 12:00:00.000","4","33.2"
"CENSUS","CROPS","VEGETABLES","POTATOES","ALL CLASSES","ALL PRODUCTION PRACTICES","FRESH MARKET","AREA HARVESTED","OPERATIONS","POTATOES, FRESH MARKET - OPERATIONS WITH AREA HARVESTED","TOTAL","NOT SPECIFIED","COUNTY","55","55","WI","WISCONSIN","30","NORTHEAST","115","115","SHAWANO","","","00000000","","","9000","UNITED STATES","WISCONSIN, NORTHEAST, SHAWANO","2022","ANNUAL","00","00","YEAR","","2024-07-02 12:00:00.000","1","(L)"
"CENSUS","CROPS","VEGETABLES","POTATOES","ALL CLASSES","ALL PRODUCTION PRACTICES","FRESH MARKET","AREA HARVESTED","OPERATIONS","POTATOES, FRESH MARKET - OPERATIONS WITH AREA HARVESTED","TOTAL","NOT SPECIFIED","COUNTY","55","55","WI","WISCONSIN","40","WEST CENTRAL","011","011","BUFFALO","","","00000000","","","9000","UNITED STATES","WISCONSIN, WEST CENTRAL, BUFFALO","2022","ANNUAL","00","00","YEAR","","2024-07-02 12:00:00.000","4","33.2"
"CENSUS","CROPS","VEGETABLES","POTATOES","ALL CLASSES","ALL PRODUCTION PRACTICES","FRESH MARKET","AREA HARVESTED","OPERATIONS","POTATOES, FRESH MARKET - OPERATIONS WITH AREA HARVESTED","TOTAL","NOT SPECIFIED","COUNTY","55","55","WI","WISCONSIN","40","WEST CENTRAL","033","033","DUNN","","","00000000","","","9000","UNITED STATES","WISCONSIN, WEST CENTRAL, DUNN","2022","ANNUAL","00","00","YEAR","","2024-07-02 12:00:00.000","8","33.2"
"CENSUS","CROPS","VEGETABLES","POTATOES","ALL CLASSES","ALL PRODUCTION PRACTICES","FRESH MARKET","AREA HARVESTED","OPERATIONS","POTATOES, FRESH MARKET - OPERATIONS WITH AREA HARVESTED","TOTAL","NOT SPECIFIED","COUNTY","55","55","WI","WISCONSIN","40","WEST CENTRAL","035","035","EAU CLAIRE","","","00000000","","","9000","UNITED STATES","WISCONSIN, WEST CENTRAL, EAU CLAIRE","2022","ANNUAL","00","00","YEAR","","2024-07-02 12:00:00.000","13","33.2"
"CENSUS","CROPS","VEGETABLES","POTATOES","ALL CLASSES","ALL PRODUCTION PRACTICES","FRESH MARKET","AREA HARVESTED","OPERATIONS","POTATOES, FRESH MARKET - OPERATIONS WITH AREA HARVESTED","TOTAL","NOT SPECIFIED","COUNTY","55","55","WI","WISCONSIN","40","WEST CENTRAL","053","053","JACKSON","","","00000000","","","9000","UNITED STATES","WISCONSIN, WEST CENTRAL, JACKSON","2022","ANNUAL","00","00","YEAR","","2024-07-02 12:00:00.000","2","33.2"
"CENSUS","CROPS","VEGETABLES","POTATOES","ALL CLASSES","ALL PRODUCTION PRACTICES","FRESH MARKET","AREA HARVESTED","OPERATIONS","POTATOES, FRESH MARKET - OPERATIONS WITH AREA HARVESTED","TOTAL","NOT SPECIFIED","COUNTY","55","55","WI","WISCONSIN","40","WEST CENTRAL","063","063","LA CROSSE","","","00000000","","","9000","UNITED STATES","WISCONSIN, WEST CENTRAL, LA CROSSE","2022","ANNUAL","00","00","YEAR","","2024-07-02 12:00:00.000","3","(L)"
"CENSUS","CROPS","VEGETABLES","POTATOES","ALL CLASSES","ALL PRODUCTION PRACTICES","FRESH MARKET","AREA HARVESTED","OPERATIONS","POTATOES, FRESH MARKET - OPERATIONS WITH AREA HARVESTED","TOTAL","NOT SPECIFIED","COUNTY","55","55","WI","WISCONSIN","40","WEST CENTRAL","081","081","MONROE","","","00000000","","","9000","UNITED STATES","WISCONSIN, WEST CENTRAL, MONROE","2022","ANNUAL","00","00","YEAR","","2024-07-02 12:00:00.000","8","33.2"
"CENSUS","CROPS","VEGETABLES","POTATOES","ALL CLASSES","ALL PRODUCTION PRACTICES","FRESH MARKET","AREA HARVESTED","OPERATIONS","POTATOES, FRESH MARKET - OPERATIONS WITH AREA HARVESTED","TOTAL","NOT SPECIFIED","COUNTY","55","55","WI","WISCONSIN","40","WEST CENTRAL","091","091","PEPIN","","","00000000","","","9000","UNITED STATES","WISCONSIN, WEST CENTRAL, PEPIN","2022","ANNUAL","00","00","YEAR","","2024-07-02 12:00:00.000","5","33.2"
"CENSUS","CROPS","VEGETABLES","POTATOES","ALL CLASSES","ALL PRODUCTION PRACTICES","FRESH MARKET","AREA HARVESTED","OPERATIONS","POTATOES, FRESH MARKET - OPERATIONS WITH AREA HARVESTED","TOTAL","NOT SPECIFIED","COUNTY","55","55","WI","WISCONSIN","40","WEST CENTRAL","093","093","PIERCE","","","00000000","","","9000","UNITED STATES","WISCONSIN, WEST CENTRAL, PIERCE","2022","ANNUAL","00","00","YEAR","","2024-07-02 12:00:00.000","7","33.2"
"CENSUS","CROPS","VEGETABLES","POTATOES","ALL CLASSES","ALL PRODUCTION PRACTICES","FRESH MARKET","AREA HARVESTED","OPERATIONS","POTATOES, FRESH MARKET - OPERATIONS WITH AREA HARVESTED","TOTAL","NOT SPECIFIED","COUNTY","55","55","WI","WISCONSIN","40","WEST CENTRAL","109","109","ST CROIX","","","00000000","","","9000","UNITED STATES","WISCONSIN, WEST CENTRAL, ST CROIX","2022","ANNUAL","00","00","YEAR","","2024-07-02 12:00:00.000","8","33.2"
"CENSUS","CROPS","VEGETABLES","POTATOES","ALL CLASSES","ALL PRODUCTION PRACTICES","FRESH MARKET","AREA HARVESTED","OPERATIONS","POTATOES, FRESH MARKET - OPERATIONS WITH AREA HARVESTED","TOTAL","NOT SPECIFIED","COUNTY","55","55","WI","WISCONSIN","40","WEST CENTRAL","121","121","TREMPEALEAU","","","00000000","","","9000","UNITED STATES","WISCONSIN, WEST CENTRAL, TREMPEALEAU","2022","ANNUAL","00","00","YEAR","","2024-07-02 12:00:00.000","1","33.2"
"CENSUS","CROPS","VEGETABLES","POTATOES","ALL CLASSES","ALL PRODUCTION PRACTICES","FRESH MARKET","AREA HARVESTED","OPERATIONS","POTATOES, FRESH MARKET - OPERATIONS WITH AREA HARVESTED","TOTAL","NOT SPECIFIED","COUNTY","55","55","WI","WISCONSIN","50","CENTRAL","001","001","ADAMS","","","00000000","","","9000","UNITED STATES","WISCONSIN, CENTRAL, ADAMS","2022","ANNUAL","00","00","YEAR","","2024-07-02 12:00:00.000","8","33.2"
"CENSUS","CROPS","VEGETABLES","POTATOES","ALL CLASSES","ALL PRODUCTION PRACTICES","FRESH MARKET","AREA HARVESTED","OPERATIONS","POTATOES, FRESH MARKET - OPERATIONS WITH AREA HARVESTED","TOTAL","NOT SPECIFIED","COUNTY","55","55","WI","WISCONSIN","50","CENTRAL","047","047","GREEN LAKE","","","00000000","","","9000","UNITED STATES","WISCONSIN, CENTRAL, GREEN LAKE","2022","ANNUAL","00","00","YEAR","","2024-07-02 12:00:00.000","8","33.2"
"CENSUS","CROPS","VEGETABLES","POTATOES","ALL CLASSES","ALL PRODUCTION PRACTICES","FRESH MARKET","AREA HARVESTED","OPERATIONS","POTATOES, FRESH MARKET - OPERATIONS WITH AREA HARVESTED","TOTAL","NOT SPECIFIED","COUNTY","55","55","WI","WISCONSIN","50","CENTRAL","057","057","JUNEAU","","","00000000","","","9000","UNITED STATES","WISCONSIN, CENTRAL, JUNEAU","2022","ANNUAL","00","00","YEAR","","2024-07-02 12:00:00.000","3","33.2"
"CENSUS","CROPS","VEGETABLES","POTATOES","ALL CLASSES","ALL PRODUCTION PRACTICES","FRESH MARKET","AREA HARVESTED","OPERATIONS","POTATOES, FRESH MARKET - OPERATIONS WITH AREA HARVESTED","TOTAL","NOT SPECIFIED","COUNTY","55","55","WI","WISCONSIN","50","CENTRAL","077","077","MARQUETTE","","","00000000","","","9000","UNITED STATES","WISCONSIN, CENTRAL, MARQUETTE","2022","ANNUAL","00","00","YEAR","","2024-07-02 12:00:00.000","7","33.2"
"CENSUS","CROPS","VEGETABLES","POTATOES","ALL CLASSES","ALL PRODUCTION PRACTICES","FRESH MARKET","AREA HARVESTED","OPERATIONS","POTATOES, FRESH MARKET - OPERATIONS WITH AREA HARVESTED","TOTAL","NOT SPECIFIED","COUNTY","55","55","WI","WISCONSIN","50","CENTRAL","097","097","PORTAGE","","","00000000","","","9000","UNITED STATES","WISCONSIN, CENTRAL, PORTAGE","2022","ANNUAL","00","00","YEAR","","2024-07-02 12:00:00.000","29","33.2"
"CENSUS","CROPS","VEGETABLES","POTATOES","ALL CLASSES","ALL PRODUCTION PRACTICES","FRESH MARKET","AREA HARVESTED","OPERATIONS","POTATOES, FRESH MARKET - OPERATIONS WITH AREA HARVESTED","TOTAL","NOT SPECIFIED","COUNTY","55","55","WI","WISCONSIN","50","CENTRAL","135","135","WAUPACA","","","00000000","","","9000","UNITED STATES","WISCONSIN, CENTRAL, WAUPACA","2022","ANNUAL","00","00","YEAR","","2024-07-02 12:00:00.000","5","33.2"
"CENSUS","CROPS","VEGETABLES","POTATOES","ALL CLASSES","ALL PRODUCTION PRACTICES","FRESH MARKET","AREA HARVESTED","OPERATIONS","POTATOES, FRESH MARKET - OPERATIONS WITH AREA HARVESTED","TOTAL","NOT SPECIFIED","COUNTY","55","55","WI","WISCONSIN","50","CENTRAL","137","137","WAUSHARA","","","00000000","","","9000","UNITED STATES","WISCONSIN, CENTRAL, WAUSHARA","2022","ANNUAL","00","00","YEAR","","2024-07-02 12:00:00.000","11","33.2"
"CENSUS","CROPS","VEGETABLES","POTATOES","ALL CLASSES","ALL PRODUCTION PRACTICES","FRESH MARKET","AREA HARVESTED","OPERATIONS","POTATOES, FRESH MARKET - OPERATIONS WITH AREA HARVESTED","TOTAL","NOT SPECIFIED","COUNTY","55","55","WI","WISCONSIN","50","CENTRAL","141","141","WOOD","","","00000000","","","9000","UNITED STATES","WISCONSIN, CENTRAL, WOOD","2022","ANNUAL","00","00","YEAR","","2024-07-02 12:00:00.000","3","33.2"
"CENSUS","CROPS","VEGETABLES","POTATOES","ALL CLASSES","ALL PRODUCTION PRACTICES","FRESH MARKET","AREA HARVESTED","OPERATIONS","POTATOES, FRESH MARKET - OPERATIONS WITH AREA HARVESTED","TOTAL","NOT SPECIFIED","COUNTY","55","55","WI","WISCONSIN","60","EAST CENTRAL","009","009","BROWN","","","00000000","","","9000","UNITED STATES","WISCONSIN, EAST CENTRAL, BROWN","2022","ANNUAL","00","00","YEAR","","2024-07-02 12:00:00.000","8","33.2"
"CENSUS","CROPS","VEGETABLES","POTATOES","ALL CLASSES","ALL PRODUCTION PRACTICES","FRESH MARKET","AREA HARVESTED","OPERATIONS","POTATOES, FRESH MARKET - OPERATIONS WITH AREA HARVESTED","TOTAL","NOT SPECIFIED","COUNTY","55","55","WI","WISCONSIN","60","EAST CENTRAL","029","029","DOOR","","","00000000","","","9000","UNITED STATES","WISCONSIN, EAST CENTRAL, DOOR","2022","ANNUAL","00","00","YEAR","","2024-07-02 12:00:00.000","8","33.2"
"CENSUS","CROPS","VEGETABLES","POTATOES","ALL CLASSES","ALL PRODUCTION PRACTICES","FRESH MARKET","AREA HARVESTED","OPERATIONS","POTATOES, FRESH MARKET - OPERATIONS WITH AREA HARVESTED","TOTAL","NOT SPECIFIED","COUNTY","55","55","WI","WISCONSIN","60","EAST CENTRAL","039","039","FOND DU LAC","","","00000000","","","9000","UNITED STATES","WISCONSIN, EAST CENTRAL, FOND DU LAC","2022","ANNUAL","00","00","YEAR","","2024-07-02 12:00:00.000","4","(L)"
"CENSUS","CROPS","VEGETABLES","POTATOES","ALL CLASSES","ALL PRODUCTION PRACTICES","FRESH MARKET","AREA HARVESTED","OPERATIONS","POTATOES, FRESH MARKET - OPERATIONS WITH AREA HARVESTED","TOTAL","NOT SPECIFIED","COUNTY","55","55","WI","WISCONSIN","60","EAST CENTRAL","061","061","KEWAUNEE","","","00000000","","","9000","UNITED STATES","WISCONSIN, EAST CENTRAL, KEWAUNEE","2022","ANNUAL","00","00","YEAR","","2024-07-02 12:00:00.000","5","33.2"
"CENSUS","CROPS","VEGETABLES","POTATOES","ALL CLASSES","ALL PRODUCTION PRACTICES","FRESH MARKET","AREA HARVESTED","OPERATIONS","POTATOES, FRESH MARKET - OPERATIONS WITH AREA HARVESTED","TOTAL","NOT SPECIFIED","COUNTY","55","55","WI","WISCONSIN","60","EAST CENTRAL","071","071","MANITOWOC","","","00000000","","","9000","UNITED STATES","WISCONSIN, EAST CENTRAL, MANITOWOC","2022","ANNUAL","00","00","YEAR","","2024-07-02 12:00:00.000","10","33.2"
"CENSUS","CROPS","VEGETABLES","POTATOES","ALL CLASSES","ALL PRODUCTION PRACTICES","FRESH MARKET","AREA HARVESTED","OPERATIONS","POTATOES, FRESH MARKET - OPERATIONS WITH AREA HARVESTED","TOTAL","NOT SPECIFIED","COUNTY","55","55","WI","WISCONSIN","60","EAST CENTRAL","087","087","OUTAGAMIE","","","00000000","","","9000","UNITED STATES","WISCONSIN, EAST CENTRAL, OUTAGAMIE","2022","ANNUAL","00","00","YEAR","","2024-07-02 12:00:00.000","4","33.2"
"CENSUS","CROPS","VEGETABLES","POTATOES","ALL CLASSES","ALL PRODUCTION PRACTICES","FRESH MARKET","AREA HARVESTED","OPERATIONS","POTATOES, FRESH MARKET - OPERATIONS WITH AREA HARVESTED","TOTAL","NOT SPECIFIED","COUNTY","55","55","WI","WISCONSIN","60","EAST CENTRAL","117","117","SHEBOYGAN","","","00000000","","","9000","UNITED STATES","WISCONSIN, EAST CENTRAL, SHEBOYGAN","2022","ANNUAL","00","00","YEAR","","2024-07-02 12:00:00.000","6","33.2"
"CENSUS","CROPS","VEGETABLES","POTATOES","ALL CLASSES","ALL PRODUCTION PRACTICES","FRESH MARKET","AREA HARVESTED","OPERATIONS","POTATOES, FRESH MARKET - OPERATIONS WITH AREA HARVESTED","TOTAL","NOT SPECIFIED","COUNTY","55","55","WI","WISCONSIN","60","EAST CENTRAL","139","139","WINNEBAGO","","","00000000","","","9000","UNITED STATES","WISCONSIN, EAST CENTRAL, WINNEBAGO","2022","ANNUAL","00","00","YEAR","","2024-07-02 12:00:00.000","1","(L)"
"CENSUS","CROPS","VEGETABLES","POTATOES","ALL CLASSES","ALL PRODUCTION PRACTICES","FRESH MARKET","AREA HARVESTED","OPERATIONS","POTATOES, FRESH MARKET - OPERATIONS WITH AREA HARVESTED","TOTAL","NOT SPECIFIED","COUNTY","55","55","WI","WISCONSIN","70","SOUTHWEST","023","023","CRAWFORD","","","00000000","","","9000","UNITED STATES","WISCONSIN, SOUTHWEST, CRAWFORD","2022","ANNUAL","00","00","YEAR","","2024-07-02 12:00:00.000","3","33.2"
"CENSUS","CROPS","VEGETABLES","POTATOES","ALL CLASSES","ALL PRODUCTION PRACTICES","FRESH MARKET","AREA HARVESTED","OPERATIONS","POTATOES, FRESH MARKET - OPERATIONS WITH AREA HARVESTED","TOTAL","NOT SPECIFIED","COUNTY","55","55","WI","WISCONSIN","70","SOUTHWEST","043","043","GRANT","","","00000000","","","9000","UNITED STATES","WISCONSIN, SOUTHWEST, GRANT","2022","ANNUAL","00","00","YEAR","","2024-07-02 12:00:00.000","10","33.2"
"CENSUS","CROPS","VEGETABLES","POTATOES","ALL CLASSES","ALL PRODUCTION PRACTICES","FRESH MARKET","AREA HARVESTED","OPERATIONS","POTATOES, FRESH MARKET - OPERATIONS WITH AREA HARVESTED","TOTAL","NOT SPECIFIED","COUNTY","55","55","WI","WISCONSIN","70","SOUTHWEST","049","049","IOWA","","","00000000","","","9000","UNITED STATES","WISCONSIN, SOUTHWEST, IOWA","2022","ANNUAL","00","00","YEAR","","2024-07-02 12:00:00.000","13","33.2"
"CENSUS","CROPS","VEGETABLES","POTATOES","ALL CLASSES","ALL PRODUCTION PRACTICES","FRESH MARKET","AREA HARVESTED","OPERATIONS","POTATOES, FRESH MARKET - OPERATIONS WITH AREA HARVESTED","TOTAL","NOT SPECIFIED","COUNTY","55","55","WI","WISCONSIN","70","SOUTHWEST","065","065","LAFAYETTE","","","00000000","","","9000","UNITED STATES","WISCONSIN, SOUTHWEST, LAFAYETTE","2022","ANNUAL","00","00","YEAR","","2024-07-02 12:00:00.000","16","33.2"
"CENSUS","CROPS","VEGETABLES","POTATOES","ALL CLASSES","ALL PRODUCTION PRACTICES","FRESH MARKET","AREA HARVESTED","OPERATIONS","POTATOES, FRESH MARKET - OPERATIONS WITH AREA HARVESTED","TOTAL","NOT SPECIFIED","COUNTY","55","55","WI","WISCONSIN","70","SOUTHWEST","103","103","RICHLAND","","","00000000","","","9000","UNITED STATES","WISCONSIN, SOUTHWEST, RICHLAND","2022","ANNUAL","00","00","YEAR","","2024-07-02 12:00:00.000","9","33.2"
"CENSUS","CROPS","VEGETABLES","POTATOES","ALL CLASSES","ALL PRODUCTION PRACTICES","FRESH MARKET","AREA HARVESTED","OPERATIONS","POTATOES, FRESH MARKET - OPERATIONS WITH AREA HARVESTED","TOTAL","NOT SPECIFIED","COUNTY","55","55","WI","WISCONSIN","70","SOUTHWEST","111","111","SAUK","","","00000000","","","9000","UNITED STATES","WISCONSIN, SOUTHWEST, SAUK","2022","ANNUAL","00","00","YEAR","","2024-07-02 12:00:00.000","13","33.2"
"CENSUS","CROPS","VEGETABLES","POTATOES","ALL CLASSES","ALL PRODUCTION PRACTICES","FRESH MARKET","AREA HARVESTED","OPERATIONS","POTATOES, FRESH MARKET - OPERATIONS WITH AREA HARVESTED","TOTAL","NOT SPECIFIED","COUNTY","55","55","WI","WISCONSIN","70","SOUTHWEST","123","123","VERNON","","","00000000","","","9000","UNITED STATES","WISCONSIN, SOUTHWEST, VERNON","2022","ANNUAL","00","00","YEAR","","2024-07-02 12:00:00.000","29","33.2"
"CENSUS","CROPS","VEGETABLES","POTATOES","ALL CLASSES","ALL PRODUCTION PRACTICES","FRESH MARKET","AREA HARVESTED","OPERATIONS","POTATOES, FRESH MARKET - OPERATIONS WITH AREA HARVESTED","TOTAL","NOT SPECIFIED","COUNTY","55","55","WI","WISCONSIN","80","SOUTH CENTRAL","021","021","COLUMBIA","","","00000000","","","9000","UNITED STATES","WISCONSIN, SOUTH CENTRAL, COLUMBIA","2022","ANNUAL","00","00","YEAR","","2024-07-02 12:00:00.000","14","33.2"
"CENSUS","CROPS","VEGETABLES","POTATOES","ALL CLASSES","ALL PRODUCTION PRACTICES","FRESH MARKET","AREA HARVESTED","OPERATIONS","POTATOES, FRESH MARKET - OPERATIONS WITH AREA HARVESTED","TOTAL","NOT SPECIFIED","COUNTY","55","55","WI","WISCONSIN","80","SOUTH CENTRAL","025","025","DANE","","","00000000","","","9000","UNITED STATES","WISCONSIN, SOUTH CENTRAL, DANE","2022","ANNUAL","00","00","YEAR","","2024-07-02 12:00:00.000","26","33.2"
"CENSUS","CROPS","VEGETABLES","POTATOES","ALL CLASSES","ALL PRODUCTION PRACTICES","FRESH MARKET","AREA HARVESTED","OPERATIONS","POTATOES, FRESH MARKET - OPERATIONS WITH AREA HARVESTED","TOTAL","NOT SPECIFIED","COUNTY","55","55","WI","WISCONSIN","80","SOUTH CENTRAL","027","027","DODGE","","","00000000","","","9000","UNITED STATES","WISCONSIN, SOUTH CENTRAL, DODGE","2022","ANNUAL","00","00","YEAR","","2024-07-02 12:00:00.000","16","33.2"
"CENSUS","CROPS","VEGETABLES","POTATOES","ALL CLASSES","ALL PRODUCTION PRACTICES","FRESH MARKET","AREA HARVESTED","OPERATIONS","POTATOES, FRESH MARKET - OPERATIONS WITH AREA HARVESTED","TOTAL","NOT SPECIFIED","COUNTY","55","55","WI","WISCONSIN","80","SOUTH CENTRAL","045","045","GREEN","","","00000000","","","9000","UNITED STATES","WISCONSIN, SOUTH CENTRAL, GREEN","2022","ANNUAL","00","00","YEAR","","2024-07-02 12:00:00.000","14","33.2"
"CENSUS","CROPS","VEGETABLES","POTATOES","ALL CLASSES","ALL PRODUCTION PRACTICES","FRESH MARKET","AREA HARVESTED","OPERATIONS","POTATOES, FRESH MARKET - OPERATIONS WITH AREA HARVESTED","TOTAL","NOT SPECIFIED","COUNTY","55","55","WI","WISCONSIN","80","SOUTH CENTRAL","055","055","JEFFERSON","","","00000000","","","9000","UNITED STATES","WISCONSIN, SOUTH CENTRAL, JEFFERSON","2022","ANNUAL","00","00","YEAR","","2024-07-02 12:00:00.000","6","33.2"
"CENSUS","CROPS","VEGETABLES","POTATOES","ALL CLASSES","ALL PRODUCTION PRACTICES","FRESH MARKET","AREA HARVESTED","OPERATIONS","POTATOES, FRESH MARKET - OPERATIONS WITH AREA HARVESTED","TOTAL","NOT SPECIFIED","COUNTY","55","55","WI","WISCONSIN","80","SOUTH CENTRAL","105","105","ROCK","","","00000000","","","9000","UNITED STATES","WISCONSIN, SOUTH CENTRAL, ROCK","2022","ANNUAL","00","00","YEAR","","2024-07-02 12:00:00.000","7","33.2"
"CENSUS","CROPS","VEGETABLES","POTATOES","ALL CLASSES","ALL PRODUCTION PRACTICES","FRESH MARKET","AREA HARVESTED","OPERATIONS","POTATOES, FRESH MARKET - OPERATIONS WITH AREA HARVESTED","TOTAL","NOT SPECIFIED","COUNTY","55","55","WI","WISCONSIN","90","SOUTHEAST","059","059","KENOSHA","","","00000000","","","9000","UNITED STATES","WISCONSIN, SOUTHEAST, KENOSHA","2022","ANNUAL","00","00","YEAR","","2024-07-02 12:00:00.000","8","33.2"
"CENSUS","CROPS","VEGETABLES","POTATOES","ALL CLASSES","ALL PRODUCTION PRACTICES","FRESH MARKET","AREA HARVESTED","OPERATIONS","POTATOES, FRESH MARKET - OPERATIONS WITH AREA HARVESTED","TOTAL","NOT SPECIFIED","COUNTY","55","55","WI","WISCONSIN","90","SOUTHEAST","079","079","MILWAUKEE","","","00000000","","","9000","UNITED STATES","WISCONSIN, SOUTHEAST, MILWAUKEE","2022","ANNUAL","00","00","YEAR","","2024-07-02 12:00:00.000","2","33.2"
"CENSUS","CROPS","VEGETABLES","POTATOES","ALL CLASSES","ALL PRODUCTION PRACTICES","FRESH MARKET","AREA HARVESTED","OPERATIONS","POTATOES, FRESH MARKET - OPERATIONS WITH AREA HARVESTED","TOTAL","NOT SPECIFIED","COUNTY","55","55","WI","WISCONSIN","90","SOUTHEAST","089","089","OZAUKEE","","","00000000","","","9000","UNITED STATES","WISCONSIN, SOUTHEAST, OZAUKEE","2022","ANNUAL","00","00","YEAR","","2024-07-02 12:00:00.000","6","33.2"
"CENSUS","CROPS","VEGETABLES","POTATOES","ALL CLASSES","ALL PRODUCTION PRACTICES","FRESH MARKET","AREA HARVESTED","OPERATIONS","POTATOES, FRESH MARKET - OPERATIONS WITH AREA HARVESTED","TOTAL","NOT SPECIFIED","COUNTY","55","55","WI","WISCONSIN","90","SOUTHEAST","101","101","RACINE","","","00000000","","","9000","UNITED STATES","WISCONSIN, SOUTHEAST, RACINE","2022","ANNUAL","00","00","YEAR","","2024-07-02 12:00:00.000","7","33.2"
"CENSUS","CROPS","VEGETABLES","POTATOES","ALL CLASSES","ALL PRODUCTION PRACTICES","FRESH MARKET","AREA HARVESTED","OPERATIONS","POTATOES, FRESH MARKET - OPERATIONS WITH AREA HARVESTED","TOTAL","NOT SPECIFIED","COUNTY","55","55","WI","WISCONSIN","90","SOUTHEAST","127","127","WALWORTH","","","00000000","","","9000","UNITED STATES","WISCONSIN, SOUTHEAST, WALWORTH","2022","ANNUAL","00","00","YEAR","","2024-07-02 12:00:00.000","17","33.2"
"CENSUS","CROPS","VEGETABLES","POTATOES","ALL CLASSES","ALL PRODUCTION PRACTICES","FRESH MARKET","AREA HARVESTED","OPERATIONS","POTATOES, FRESH MARKET - OPERATIONS WITH AREA HARVESTED","TOTAL","NOT SPECIFIED","COUNTY","55","55","WI","WISCONSIN","90","SOUTHEAST","131","131","WASHINGTON","","","00000000","","","9000","UNITED STATES","WISCONSIN, SOUTHEAST, WASHINGTON","2022","ANNUAL","00","00","YEAR","","2024-07-02 12:00:00.000","28","33.2"
"CENSUS","CROPS","VEGETABLES","POTATOES","ALL CLASSES","ALL PRODUCTION PRACTICES","FRESH MARKET","AREA HARVESTED","OPERATIONS","POTATOES, FRESH MARKET - OPERATIONS WITH AREA HARVESTED","TOTAL","NOT SPECIFIED","COUNTY","55","55","WI","WISCONSIN","90","SOUTHEAST","133","133","WAUKESHA","","","00000000","","","9000","UNITED STATES","WISCONSIN, SOUTHEAST, WAUKESHA","2022","ANNUAL","00","00","YEAR","","2024-07-02 12:00:00.000","14","33.2"
"CENSUS","CROPS","VEGETABLES","POTATOES","ALL CLASSES","ALL PRODUCTION PRACTICES","PROCESSING","AREA HARVESTED","ACRES","POTATOES, PROCESSING - ACRES HARVESTED","TOTAL","NOT SPECIFIED","COUNTY","55","55","WI","WISCONSIN","20","NORTH CENTRAL","085","085","ONEIDA","","","00000000","","","9000","UNITED STATES","WISCONSIN, NORTH CENTRAL, ONEIDA","2022","ANNUAL","00","00","YEAR","","2024-07-02 12:00:00.000"," (D)","(D)"
"CENSUS","CROPS","VEGETABLES","POTATOES","ALL CLASSES","ALL PRODUCTION PRACTICES","PROCESSING","AREA HARVESTED","ACRES","POTATOES, PROCESSING - ACRES HARVESTED","TOTAL","NOT SPECIFIED","COUNTY","55","55","WI","WISCONSIN","20","NORTH CENTRAL","125","125","VILAS","","","00000000","","","9000","UNITED STATES","WISCONSIN, NORTH CENTRAL, VILAS","2022","ANNUAL","00","00","YEAR","","2024-07-02 12:00:00.000"," (D)","(D)"
"CENSUS","CROPS","VEGETABLES","POTATOES","ALL CLASSES","ALL PRODUCTION PRACTICES","PROCESSING","AREA HARVESTED","ACRES","POTATOES, PROCESSING - ACRES HARVESTED","TOTAL","NOT SPECIFIED","COUNTY","55","55","WI","WISCONSIN","30","NORTHEAST","067","067","LANGLADE","","","00000000","","","9000","UNITED STATES","WISCONSIN, NORTHEAST, LANGLADE","2022","ANNUAL","00","00","YEAR","","2024-07-02 12:00:00.000","4,777","3.2"
"CENSUS","CROPS","VEGETABLES","POTATOES","ALL CLASSES","ALL PRODUCTION PRACTICES","PROCESSING","AREA HARVESTED","ACRES","POTATOES, PROCESSING - ACRES HARVESTED","TOTAL","NOT SPECIFIED","COUNTY","55","55","WI","WISCONSIN","40","WEST CENTRAL","033","033","DUNN","","","00000000","","","9000","UNITED STATES","WISCONSIN, WEST CENTRAL, DUNN","2022","ANNUAL","00","00","YEAR","","2024-07-02 12:00:00.000"," (D)","(D)"
"CENSUS","CROPS","VEGETABLES","POTATOES","ALL CLASSES","ALL PRODUCTION PRACTICES","PROCESSING","AREA HARVESTED","ACRES","POTATOES, PROCESSING - ACRES HARVESTED","TOTAL","NOT SPECIFIED","COUNTY","55","55","WI","WISCONSIN","50","CENTRAL","001","001","ADAMS","","","00000000","","","9000","UNITED STATES","WISCONSIN, CENTRAL, ADAMS","2022","ANNUAL","00","00","YEAR","","2024-07-02 12:00:00.000","11,849","(L)"
"CENSUS","CROPS","VEGETABLES","POTATOES","ALL CLASSES","ALL PRODUCTION PRACTICES","PROCESSING","AREA HARVESTED","ACRES","POTATOES, PROCESSING - ACRES HARVESTED","TOTAL","NOT SPECIFIED","COUNTY","55","55","WI","WISCONSIN","50","CENTRAL","057","057","JUNEAU","","","00000000","","","9000","UNITED STATES","WISCONSIN, CENTRAL, JUNEAU","2022","ANNUAL","00","00","YEAR","","2024-07-02 12:00:00.000"," (D)","(D)"
"CENSUS","CROPS","VEGETABLES","POTATOES","ALL CLASSES","ALL PRODUCTION PRACTICES","PROCESSING","AREA HARVESTED","ACRES","POTATOES, PROCESSING - ACRES HARVESTED","TOTAL","NOT SPECIFIED","COUNTY","55","55","WI","WISCONSIN","50","CENTRAL","097","097","PORTAGE","","","00000000","","","9000","UNITED STATES","WISCONSIN, CENTRAL, PORTAGE","2022","ANNUAL","00","00","YEAR","","2024-07-02 12:00:00.000","7,674","3.2"
"CENSUS","CROPS","VEGETABLES","POTATOES","ALL CLASSES","ALL PRODUCTION PRACTICES","PROCESSING","AREA HARVESTED","ACRES","POTATOES, PROCESSING - ACRES HARVESTED","TOTAL","NOT SPECIFIED","COUNTY","55","55","WI","WISCONSIN","50","CENTRAL","135","135","WAUPACA","","","00000000","","","9000","UNITED STATES","WISCONSIN, CENTRAL, WAUPACA","2022","ANNUAL","00","00","YEAR","","2024-07-02 12:00:00.000"," (D)","(D)"
"CENSUS","CROPS","VEGETABLES","POTATOES","ALL CLASSES","ALL PRODUCTION PRACTICES","PROCESSING","AREA HARVESTED","ACRES","POTATOES, PROCESSING - ACRES HARVESTED","TOTAL","NOT SPECIFIED","COUNTY","55","55","WI","WISCONSIN","50","CENTRAL","137","137","WAUSHARA","","","00000000","","","9000","UNITED STATES","WISCONSIN, CENTRAL, WAUSHARA","2022","ANNUAL","00","00","YEAR","","2024-07-02 12:00:00.000","4,842","(L)"
"CENSUS","CROPS","VEGETABLES","POTATOES","ALL CLASSES","ALL PRODUCTION PRACTICES","PROCESSING","AREA HARVESTED","OPERATIONS","POTATOES, PROCESSING - OPERATIONS WITH AREA HARVESTED","TOTAL","NOT SPECIFIED","COUNTY","55","55","WI","WISCONSIN","20","NORTH CENTRAL","085","085","ONEIDA","","","00000000","","","9000","UNITED STATES","WISCONSIN, NORTH CENTRAL, ONEIDA","2022","ANNUAL","00","00","YEAR","","2024-07-02 12:00:00.000","1","(L)"
"CENSUS","CROPS","VEGETABLES","POTATOES","ALL CLASSES","ALL PRODUCTION PRACTICES","PROCESSING","AREA HARVESTED","OPERATIONS","POTATOES, PROCESSING - OPERATIONS WITH AREA HARVESTED","TOTAL","NOT SPECIFIED","COUNTY","55","55","WI","WISCONSIN","20","NORTH CENTRAL","125","125","VILAS","","","00000000","","","9000","UNITED STATES","WISCONSIN, NORTH CENTRAL, VILAS","2022","ANNUAL","00","00","YEAR","","2024-07-02 12:00:00.000","1","(L)"
"CENSUS","CROPS","VEGETABLES","POTATOES","ALL CLASSES","ALL PRODUCTION PRACTICES","PROCESSING","AREA HARVESTED","OPERATIONS","POTATOES, PROCESSING - OPERATIONS WITH AREA HARVESTED","TOTAL","NOT SPECIFIED","COUNTY","55","55","WI","WISCONSIN","30","NORTHEAST","067","067","LANGLADE","","","00000000","","","9000","UNITED STATES","WISCONSIN, NORTHEAST, LANGLADE","2022","ANNUAL","00","00","YEAR","","2024-07-02 12:00:00.000","10","32.4"
"CENSUS","CROPS","VEGETABLES","POTATOES","ALL CLASSES","ALL PRODUCTION PRACTICES","PROCESSING","AREA HARVESTED","OPERATIONS","POTATOES, PROCESSING - OPERATIONS WITH AREA HARVESTED","TOTAL","NOT SPECIFIED","COUNTY","55","55","WI","WISCONSIN","40","WEST CENTRAL","033","033","DUNN","","","00000000","","","9000","UNITED STATES","WISCONSIN, WEST CENTRAL, DUNN","2022","ANNUAL","00","00","YEAR","","2024-07-02 12:00:00.000","1","(L)"
"CENSUS","CROPS","VEGETABLES","POTATOES","ALL CLASSES","ALL PRODUCTION PRACTICES","PROCESSING","AREA HARVESTED","OPERATIONS","POTATOES, PROCESSING - OPERATIONS WITH AREA HARVESTED","TOTAL","NOT SPECIFIED","COUNTY","55","55","WI","WISCONSIN","50","CENTRAL","001","001","ADAMS","","","00000000","","","9000","UNITED STATES","WISCONSIN, CENTRAL, ADAMS","2022","ANNUAL","00","00","YEAR","","2024-07-02 12:00:00.000","7","(L)"
"CENSUS","CROPS","VEGETABLES","POTATOES","ALL CLASSES","ALL PRODUCTION PRACTICES","PROCESSING","AREA HARVESTED","OPERATIONS","POTATOES, PROCESSING - OPERATIONS WITH AREA HARVESTED","TOTAL","NOT SPECIFIED","COUNTY","55","55","WI","WISCONSIN","50","CENTRAL","057","057","JUNEAU","","","00000000","","","9000","UNITED STATES","WISCONSIN, CENTRAL, JUNEAU","2022","ANNUAL","00","00","YEAR","","2024-07-02 12:00:00.000","1","(L)"
"CENSUS","CROPS","VEGETABLES","POTATOES","ALL CLASSES","ALL PRODUCTION PRACTICES","PROCESSING","AREA HARVESTED","OPERATIONS","POTATOES, PROCESSING - OPERATIONS WITH AREA HARVESTED","TOTAL","NOT SPECIFIED","COUNTY","55","55","WI","WISCONSIN","50","CENTRAL","097","097","PORTAGE","","","00000000","","","9000","UNITED STATES","WISCONSIN, CENTRAL, PORTAGE","2022","ANNUAL","00","00","YEAR","","2024-07-02 12:00:00.000","14","32.4"
"CENSUS","CROPS","VEGETABLES","POTATOES","ALL CLASSES","ALL PRODUCTION PRACTICES","PROCESSING","AREA HARVESTED","OPERATIONS","POTATOES, PROCESSING - OPERATIONS WITH AREA HARVESTED","TOTAL","NOT SPECIFIED","COUNTY","55","55","WI","WISCONSIN","50","CENTRAL","135","135","WAUPACA","","","00000000","","","9000","UNITED STATES","WISCONSIN, CENTRAL, WAUPACA","2022","ANNUAL","00","00","YEAR","","2024-07-02 12:00:00.000","2","(L)"
"CENSUS","CROPS","VEGETABLES","POTATOES","ALL CLASSES","ALL PRODUCTION PRACTICES","PROCESSING","AREA HARVESTED","OPERATIONS","POTATOES, PROCESSING - OPERATIONS WITH AREA HARVESTED","TOTAL","NOT SPECIFIED","COUNTY","55","55","WI","WISCONSIN","50","CENTRAL","137","137","WAUSHARA","","","00000000","","","9000","UNITED STATES","WISCONSIN, CENTRAL, WAUSHARA","2022","ANNUAL","00","00","YEAR","","2024-07-02 12:00:00.000","5","(L)"

