subclass_name,resource,fips,county,state,usdaregion,"County Square Miles",scenario_name,prod_source,price_offered,production_total,production_unit,production_energy_content,energy_content_unit,total_prod_density_dtpersqmi
FOG,"FOG, animal fats",55009,"Brown County",WI,"Lake States",531.24,Emerging,wastes,706.03,62320.00,dt,2118880000000,BTU,117.31
FOG,"FOG, animal fats",55009,"Brown County",WI,"Lake States",531.24,"mature-market high",wastes,706.03,62320.00,dt,2118880000000,BTU,117.31
FOG,"FOG, animal fats",55009,"Brown County",WI,"Lake States",531.24,"mature-market low",wastes,685.83,62320.00,dt,2118880000000,BTU,117.31
FOG,"FOG, animal fats",55009,"Brown County",WI,"Lake States",531.24,"mature-market medium",wastes,685.83,62320.00,dt,2118880000000,BTU,117.31
FOG,"FOG, animal fats",55009,"Brown County",WI,"Lake States",531.24,near-term,wastes,685.83,61073.00,dt,2076482000000,BTU,114.96
FOG,"FOG, animal fats",55025,"Dane County",WI,"Lake States",1237.5,Emerging,wastes,706.03,5843.00,dt,198662000000,BTU,4.72
FOG,"FOG, animal fats",55025,"Dane County",WI,"Lake States",1237.5,"mature-market high",wastes,706.03,5843.00,dt,198662000000,BTU,4.72
FOG,"FOG, animal fats",55025,"Dane County",WI,"Lake States",1237.5,"mature-market low",wastes,685.83,5843.00,dt,198662000000,BTU,4.72
FOG,"FOG, animal fats",55025,"Dane County",WI,"Lake States",1237.5,"mature-market medium",wastes,685.83,5843.00,dt,198662000000,BTU,4.72
FOG,"FOG, animal fats",55025,"Dane County",WI,"Lake States",1237.5,near-term,wastes,685.83,5726.00,dt,194684000000,BTU,4.63
FOG,"FOG, animal fats",55035,"Eau Claire County",WI,"Lake States",645.2,Emerging,wastes,706.03,3859.00,dt,131206000000,BTU,5.98
FOG,"FOG, animal fats",55035,"Eau Claire County",WI,"Lake States",645.2,"mature-market high",wastes,706.03,3859.00,dt,131206000000,BTU,5.98
FOG,"FOG, animal fats",55035,"Eau Claire County",WI,"Lake States",645.2,"mature-market low",wastes,685.83,3859.00,dt,131206000000,BTU,5.98
FOG,"FOG, animal fats",55035,"Eau Claire County",WI,"Lake States",645.2,"mature-market medium",wastes,685.83,3859.00,dt,131206000000,BTU,5.98
FOG,"FOG, animal fats",55035,"Eau Claire County",WI,"Lake States",645.2,near-term,wastes,685.83,3782.00,dt,128588000000,BTU,5.86
FOG,"FOG, animal fats",55043,"Grant County",WI,"Lake States",1183.37,Emerging,wastes,706.03,3859.00,dt,131206000000,BTU,3.26
FOG,"FOG, animal fats",55043,"Grant County",WI,"Lake States",1183.37,"mature-market high",wastes,706.03,3859.00,dt,131206000000,BTU,3.26
FOG,"FOG, animal fats",55043,"Grant County",WI,"Lake States",1183.37,"mature-market low",wastes,685.83,3859.00,dt,131206000000,BTU,3.26
FOG,"FOG, animal fats",55043,"Grant County",WI,"Lake States",1183.37,"mature-market medium",wastes,685.83,3859.00,dt,131206000000,BTU,3.26
FOG,"FOG, animal fats",55043,"Grant County",WI,"Lake States",1183.37,near-term,wastes,685.83,3782.00,dt,128588000000,BTU,3.20
FOG,"FOG, animal fats",55047,"Green Lake County",WI,"Lake States",380.13,Emerging,wastes,706.03,8636.00,dt,293624000000,BTU,22.72
FOG,"FOG, animal fats",55047,"Green Lake County",WI,"Lake States",380.13,"mature-market high",wastes,706.03,8636.00,dt,293624000000,BTU,22.72
FOG,"FOG, animal fats",55047,"Green Lake County",WI,"Lake States",380.13,"mature-market low",wastes,685.83,8636.00,dt,293624000000,BTU,22.72
FOG,"FOG, animal fats",55047,"Green Lake County",WI,"Lake States",380.13,"mature-market medium",wastes,685.83,8636.00,dt,293624000000,BTU,22.72
FOG,"FOG, animal fats",55047,"Green Lake County",WI,"Lake States",380.13,near-term,wastes,685.83,8463.00,dt,287742000000,BTU,22.26
FOG,"FOG, animal fats",55123,"Vernon County",WI,"Lake States",816.38,Emerging,wastes,706.03,3859.00,dt,131206000000,BTU,4.73
FOG,"FOG, animal fats",55123,"Vernon County",WI,"Lake States",816.38,"mature-market high",wastes,706.03,3859.00,dt,131206000000,BTU,4.73
FOG,"FOG, animal fats",55123,"Vernon County",WI,"Lake States",816.38,"mature-market low",wastes,685.83,3859.00,dt,131206000000,BTU,4.73
FOG,"FOG, animal fats",55123,"Vernon County",WI,"Lake States",816.38,"mature-market medium",wastes,685.83,3859.00,dt,131206000000,BTU,4.73
FOG,"FOG, animal fats",55123,"Vernon County",WI,"Lake States",816.38,near-term,wastes,685.83,3782.00,dt,128588000000,BTU,4.63
FOG,"FOG, animal fats",55133,"Waukesha County",WI,"Lake States",580.54,Emerging,wastes,706.03,3859.00,dt,131206000000,BTU,6.65
FOG,"FOG, animal fats",55133,"Waukesha County",WI,"Lake States",580.54,"mature-market high",wastes,706.03,3859.00,dt,131206000000,BTU,6.65
FOG,"FOG, animal fats",55133,"Waukesha County",WI,"Lake States",580.54,"mature-market low",wastes,685.83,3859.00,dt,131206000000,BTU,6.65
FOG,"FOG, animal fats",55133,"Waukesha County",WI,"Lake States",580.54,"mature-market medium",wastes,685.83,3859.00,dt,131206000000,BTU,6.65
FOG,"FOG, animal fats",55133,"Waukesha County",WI,"Lake States",580.54,near-term,wastes,685.83,3782.00,dt,128588000000,BTU,6.51
FOG,"FOG, brown grease",55001,"Adams County",WI,"Lake States",687.48,Emerging,wastes,446.87,84.00,dt,2856000000,BTU,0.12
FOG,"FOG, brown grease",55001,"Adams County",WI,"Lake States",687.48,"mature-market high",wastes,446.87,84.00,dt,2856000000,BTU,0.12
FOG,"FOG, brown grease",55001,"Adams County",WI,"Lake States",687.48,"mature-market low",wastes,426.67,84.00,dt,2856000000,BTU,0.12
FOG,"FOG, brown grease",55001,"Adams County",WI,"Lake States",687.48,"mature-market medium",wastes,426.67,84.00,dt,2856000000,BTU,0.12
FOG,"FOG, brown grease",55001,"Adams County",WI,"Lake States",687.48,near-term,wastes,426.67,135.00,dt,4590000000,BTU,0.20
FOG,"FOG, brown grease",55003,"Ashland County",WI,"Lake States",1054.13,Emerging,wastes,446.87,79.00,dt,2686000000,BTU,0.07
FOG,"FOG, brown grease",55003,"Ashland County",WI,"Lake States",1054.13,"mature-market high",wastes,446.87,79.00,dt,2686000000,BTU,0.07
FOG,"FOG, brown grease",55003,"Ashland County",WI,"Lake States",1054.13,"mature-market low",wastes,426.67,79.00,dt,2686000000,BTU,0.07
FOG,"FOG, brown grease",55003,"Ashland County",WI,"Lake States",1054.13,"mature-market medium",wastes,426.67,79.00,dt,2686000000,BTU,0.07
FOG,"FOG, brown grease",55003,"Ashland County",WI,"Lake States",1054.13,near-term,wastes,426.67,104.00,dt,3536000000,BTU,0.10
FOG,"FOG, brown grease",55005,"Barron County",WI,"Lake States",889.76,Emerging,wastes,446.87,242.00,dt,8228000000,BTU,0.27
FOG,"FOG, brown grease",55005,"Barron County",WI,"Lake States",889.76,"mature-market high",wastes,446.87,242.00,dt,8228000000,BTU,0.27
FOG,"FOG, brown grease",55005,"Barron County",WI,"Lake States",889.76,"mature-market low",wastes,426.67,242.00,dt,8228000000,BTU,0.27
FOG,"FOG, brown grease",55005,"Barron County",WI,"Lake States",889.76,"mature-market medium",wastes,426.67,242.00,dt,8228000000,BTU,0.27
FOG,"FOG, brown grease",55005,"Barron County",WI,"Lake States",889.76,near-term,wastes,426.67,302.00,dt,10268000000,BTU,0.34
FOG,"FOG, brown grease",55007,"Bayfield County",WI,"Lake States",1511.34,Emerging,wastes,446.87,86.00,dt,2924000000,BTU,0.06
FOG,"FOG, brown grease",55007,"Bayfield County",WI,"Lake States",1511.34,"mature-market high",wastes,446.87,86.00,dt,2924000000,BTU,0.06
FOG,"FOG, brown grease",55007,"Bayfield County",WI,"Lake States",1511.34,"mature-market low",wastes,426.67,86.00,dt,2924000000,BTU,0.06
FOG,"FOG, brown grease",55007,"Bayfield County",WI,"Lake States",1511.34,"mature-market medium",wastes,426.67,86.00,dt,2924000000,BTU,0.06
FOG,"FOG, brown grease",55007,"Bayfield County",WI,"Lake States",1511.34,near-term,wastes,426.67,101.00,dt,3434000000,BTU,0.07
FOG,"FOG, brown grease",55009,"Brown County",WI,"Lake States",531.24,Emerging,wastes,446.87,2062.00,dt,70108000000,BTU,3.88
FOG,"FOG, brown grease",55009,"Brown County",WI,"Lake States",531.24,"mature-market high",wastes,446.87,2062.00,dt,70108000000,BTU,3.88
FOG,"FOG, brown grease",55009,"Brown County",WI,"Lake States",531.24,"mature-market low",wastes,426.67,2062.00,dt,70108000000,BTU,3.88
FOG,"FOG, brown grease",55009,"Brown County",WI,"Lake States",531.24,"mature-market medium",wastes,426.67,2062.00,dt,70108000000,BTU,3.88
FOG,"FOG, brown grease",55009,"Brown County",WI,"Lake States",531.24,near-term,wastes,426.67,1768.00,dt,60112000000,BTU,3.33
FOG,"FOG, brown grease",55011,"Buffalo County",WI,"Lake States",709.59,Emerging,wastes,446.87,63.00,dt,2142000000,BTU,0.09
FOG,"FOG, brown grease",55011,"Buffalo County",WI,"Lake States",709.59,"mature-market high",wastes,446.87,63.00,dt,2142000000,BTU,0.09
FOG,"FOG, brown grease",55011,"Buffalo County",WI,"Lake States",709.59,"mature-market low",wastes,426.67,63.00,dt,2142000000,BTU,0.09
FOG,"FOG, brown grease",55011,"Buffalo County",WI,"Lake States",709.59,"mature-market medium",wastes,426.67,63.00,dt,2142000000,BTU,0.09
FOG,"FOG, brown grease",55011,"Buffalo County",WI,"Lake States",709.59,near-term,wastes,426.67,87.00,dt,2958000000,BTU,0.12
FOG,"FOG, brown grease",55013,"Burnett County",WI,"Lake States",880.22,Emerging,wastes,446.87,67.00,dt,2278000000,BTU,0.08
FOG,"FOG, brown grease",55013,"Burnett County",WI,"Lake States",880.22,"mature-market high",wastes,446.87,67.00,dt,2278000000,BTU,0.08
FOG,"FOG, brown grease",55013,"Burnett County",WI,"Lake States",880.22,"mature-market low",wastes,426.67,67.00,dt,2278000000,BTU,0.08
FOG,"FOG, brown grease",55013,"Burnett County",WI,"Lake States",880.22,"mature-market medium",wastes,426.67,67.00,dt,2278000000,BTU,0.08
FOG,"FOG, brown grease",55013,"Burnett County",WI,"Lake States",880.22,near-term,wastes,426.67,103.00,dt,3502000000,BTU,0.12
FOG,"FOG, brown grease",55015,"Calumet County",WI,"Lake States",397.08,Emerging,wastes,446.87,327.00,dt,11118000000,BTU,0.82
FOG,"FOG, brown grease",55015,"Calumet County",WI,"Lake States",397.08,"mature-market high",wastes,446.87,327.00,dt,11118000000,BTU,0.82
FOG,"FOG, brown grease",55015,"Calumet County",WI,"Lake States",397.08,"mature-market low",wastes,426.67,327.00,dt,11118000000,BTU,0.82
FOG,"FOG, brown grease",55015,"Calumet County",WI,"Lake States",397.08,"mature-market medium",wastes,426.67,327.00,dt,11118000000,BTU,0.82
FOG,"FOG, brown grease",55015,"Calumet County",WI,"Lake States",397.08,near-term,wastes,426.67,335.00,dt,11390000000,BTU,0.84
FOG,"FOG, brown grease",55017,"Chippewa County",WI,"Lake States",1041.27,Emerging,wastes,446.87,416.00,dt,14144000000,BTU,0.40
FOG,"FOG, brown grease",55017,"Chippewa County",WI,"Lake States",1041.27,"mature-market high",wastes,446.87,416.00,dt,14144000000,BTU,0.40
FOG,"FOG, brown grease",55017,"Chippewa County",WI,"Lake States",1041.27,"mature-market low",wastes,426.67,416.00,dt,14144000000,BTU,0.40
FOG,"FOG, brown grease",55017,"Chippewa County",WI,"Lake States",1041.27,"mature-market medium",wastes,426.67,416.00,dt,14144000000,BTU,0.40
FOG,"FOG, brown grease",55017,"Chippewa County",WI,"Lake States",1041.27,near-term,wastes,426.67,432.00,dt,14688000000,BTU,0.41
FOG,"FOG, brown grease",55019,"Clark County",WI,"Lake States",1218.67,Emerging,wastes,446.87,172.00,dt,5848000000,BTU,0.14
FOG,"FOG, brown grease",55019,"Clark County",WI,"Lake States",1218.67,"mature-market high",wastes,446.87,172.00,dt,5848000000,BTU,0.14
FOG,"FOG, brown grease",55019,"Clark County",WI,"Lake States",1218.67,"mature-market low",wastes,426.67,172.00,dt,5848000000,BTU,0.14
FOG,"FOG, brown grease",55019,"Clark County",WI,"Lake States",1218.67,"mature-market medium",wastes,426.67,172.00,dt,5848000000,BTU,0.14
FOG,"FOG, brown grease",55019,"Clark County",WI,"Lake States",1218.67,near-term,wastes,426.67,232.00,dt,7888000000,BTU,0.19
FOG,"FOG, brown grease",55021,"Columbia County",WI,"Lake States",795.99,Emerging,wastes,446.87,339.00,dt,11526000000,BTU,0.43
FOG,"FOG, brown grease",55021,"Columbia County",WI,"Lake States",795.99,"mature-market high",wastes,446.87,339.00,dt,11526000000,BTU,0.43
FOG,"FOG, brown grease",55021,"Columbia County",WI,"Lake States",795.99,"mature-market low",wastes,426.67,339.00,dt,11526000000,BTU,0.43
FOG,"FOG, brown grease",55021,"Columbia County",WI,"Lake States",795.99,"mature-market medium",wastes,426.67,339.00,dt,11526000000,BTU,0.43
FOG,"FOG, brown grease",55021,"Columbia County",WI,"Lake States",795.99,near-term,wastes,426.67,385.00,dt,13090000000,BTU,0.48
FOG,"FOG, brown grease",55023,"Crawford County",WI,"Lake States",599.21,Emerging,wastes,446.87,89.00,dt,3026000000,BTU,0.15
FOG,"FOG, brown grease",55023,"Crawford County",WI,"Lake States",599.21,"mature-market high",wastes,446.87,89.00,dt,3026000000,BTU,0.15
FOG,"FOG, brown grease",55023,"Crawford County",WI,"Lake States",599.21,"mature-market low",wastes,426.67,89.00,dt,3026000000,BTU,0.15
FOG,"FOG, brown grease",55023,"Crawford County",WI,"Lake States",599.21,"mature-market medium",wastes,426.67,89.00,dt,3026000000,BTU,0.15
FOG,"FOG, brown grease",55023,"Crawford County",WI,"Lake States",599.21,near-term,wastes,426.67,108.00,dt,3672000000,BTU,0.18
FOG,"FOG, brown grease",55025,"Dane County",WI,"Lake States",1237.5,Emerging,wastes,446.87,5618.00,dt,191012000000,BTU,4.54
FOG,"FOG, brown grease",55025,"Dane County",WI,"Lake States",1237.5,"mature-market high",wastes,446.87,5618.00,dt,191012000000,BTU,4.54
FOG,"FOG, brown grease",55025,"Dane County",WI,"Lake States",1237.5,"mature-market low",wastes,426.67,5618.00,dt,191012000000,BTU,4.54
FOG,"FOG, brown grease",55025,"Dane County",WI,"Lake States",1237.5,"mature-market medium",wastes,426.67,5618.00,dt,191012000000,BTU,4.54
FOG,"FOG, brown grease",55025,"Dane County",WI,"Lake States",1237.5,near-term,wastes,426.67,3655.00,dt,124270000000,BTU,2.95
FOG,"FOG, brown grease",55027,"Dodge County",WI,"Lake States",907.1,Emerging,wastes,446.87,540.00,dt,18360000000,BTU,0.60
FOG,"FOG, brown grease",55027,"Dodge County",WI,"Lake States",907.1,"mature-market high",wastes,446.87,540.00,dt,18360000000,BTU,0.60
FOG,"FOG, brown grease",55027,"Dodge County",WI,"Lake States",907.1,"mature-market low",wastes,426.67,540.00,dt,18360000000,BTU,0.60
FOG,"FOG, brown grease",55027,"Dodge County",WI,"Lake States",907.1,"mature-market medium",wastes,426.67,540.00,dt,18360000000,BTU,0.60
FOG,"FOG, brown grease",55027,"Dodge County",WI,"Lake States",907.1,near-term,wastes,426.67,587.00,dt,19958000000,BTU,0.65
FOG,"FOG, brown grease",55029,"Door County",WI,"Lake States",487.56,Emerging,wastes,446.87,155.00,dt,5270000000,BTU,0.32
FOG,"FOG, brown grease",55029,"Door County",WI,"Lake States",487.56,"mature-market high",wastes,446.87,155.00,dt,5270000000,BTU,0.32
FOG,"FOG, brown grease",55029,"Door County",WI,"Lake States",487.56,"mature-market low",wastes,426.67,155.00,dt,5270000000,BTU,0.32
FOG,"FOG, brown grease",55029,"Door County",WI,"Lake States",487.56,"mature-market medium",wastes,426.67,155.00,dt,5270000000,BTU,0.32
FOG,"FOG, brown grease",55029,"Door County",WI,"Lake States",487.56,near-term,wastes,426.67,185.00,dt,6290000000,BTU,0.38
FOG,"FOG, brown grease",55031,"Douglas County",WI,"Lake States",1332.11,Emerging,wastes,446.87,227.00,dt,7718000000,BTU,0.17
FOG,"FOG, brown grease",55031,"Douglas County",WI,"Lake States",1332.11,"mature-market high",wastes,446.87,227.00,dt,7718000000,BTU,0.17
FOG,"FOG, brown grease",55031,"Douglas County",WI,"Lake States",1332.11,"mature-market low",wastes,426.67,227.00,dt,7718000000,BTU,0.17
FOG,"FOG, brown grease",55031,"Douglas County",WI,"Lake States",1332.11,"mature-market medium",wastes,426.67,227.00,dt,7718000000,BTU,0.17
FOG,"FOG, brown grease",55031,"Douglas County",WI,"Lake States",1332.11,near-term,wastes,426.67,288.00,dt,9792000000,BTU,0.22
FOG,"FOG, brown grease",55033,"Dunn County",WI,"Lake States",863.89,Emerging,wastes,446.87,301.00,dt,10234000000,BTU,0.35
FOG,"FOG, brown grease",55033,"Dunn County",WI,"Lake States",863.89,"mature-market high",wastes,446.87,301.00,dt,10234000000,BTU,0.35
FOG,"FOG, brown grease",55033,"Dunn County",WI,"Lake States",863.89,"mature-market low",wastes,426.67,301.00,dt,10234000000,BTU,0.35
FOG,"FOG, brown grease",55033,"Dunn County",WI,"Lake States",863.89,"mature-market medium",wastes,426.67,301.00,dt,10234000000,BTU,0.35
FOG,"FOG, brown grease",55033,"Dunn County",WI,"Lake States",863.89,near-term,wastes,426.67,303.00,dt,10302000000,BTU,0.35
FOG,"FOG, brown grease",55035,"Eau Claire County",WI,"Lake States",645.2,Emerging,wastes,446.87,838.00,dt,28492000000,BTU,1.30
FOG,"FOG, brown grease",55035,"Eau Claire County",WI,"Lake States",645.2,"mature-market high",wastes,446.87,838.00,dt,28492000000,BTU,1.30
FOG,"FOG, brown grease",55035,"Eau Claire County",WI,"Lake States",645.2,"mature-market low",wastes,426.67,838.00,dt,28492000000,BTU,1.30
FOG,"FOG, brown grease",55035,"Eau Claire County",WI,"Lake States",645.2,"mature-market medium",wastes,426.67,838.00,dt,28492000000,BTU,1.30
FOG,"FOG, brown grease",55035,"Eau Claire County",WI,"Lake States",645.2,near-term,wastes,426.67,700.00,dt,23800000000,BTU,1.08
FOG,"FOG, brown grease",55037,"Florence County",WI,"Lake States",497.43,Emerging,wastes,446.87,26.00,dt,884000000,BTU,0.05
FOG,"FOG, brown grease",55037,"Florence County",WI,"Lake States",497.43,"mature-market high",wastes,446.87,26.00,dt,884000000,BTU,0.05
FOG,"FOG, brown grease",55037,"Florence County",WI,"Lake States",497.43,"mature-market low",wastes,426.67,26.00,dt,884000000,BTU,0.05
FOG,"FOG, brown grease",55037,"Florence County",WI,"Lake States",497.43,"mature-market medium",wastes,426.67,26.00,dt,884000000,BTU,0.05
FOG,"FOG, brown grease",55037,"Florence County",WI,"Lake States",497.43,near-term,wastes,426.67,29.00,dt,986000000,BTU,0.06
FOG,"FOG, brown grease",55039,"Fond du Lac County",WI,"Lake States",765.84,Emerging,wastes,446.87,641.00,dt,21794000000,BTU,0.84
FOG,"FOG, brown grease",55039,"Fond du Lac County",WI,"Lake States",765.84,"mature-market high",wastes,446.87,641.00,dt,21794000000,BTU,0.84
FOG,"FOG, brown grease",55039,"Fond du Lac County",WI,"Lake States",765.84,"mature-market low",wastes,426.67,641.00,dt,21794000000,BTU,0.84
FOG,"FOG, brown grease",55039,"Fond du Lac County",WI,"Lake States",765.84,"mature-market medium",wastes,426.67,641.00,dt,21794000000,BTU,0.84
FOG,"FOG, brown grease",55039,"Fond du Lac County",WI,"Lake States",765.84,near-term,wastes,426.67,691.00,dt,23494000000,BTU,0.90
FOG,"FOG, brown grease",55041,"Forest County",WI,"Lake States",1046.52,Emerging,wastes,446.87,41.00,dt,1394000000,BTU,0.04
FOG,"FOG, brown grease",55041,"Forest County",WI,"Lake States",1046.52,"mature-market high",wastes,446.87,41.00,dt,1394000000,BTU,0.04
FOG,"FOG, brown grease",55041,"Forest County",WI,"Lake States",1046.52,"mature-market low",wastes,426.67,41.00,dt,1394000000,BTU,0.04
FOG,"FOG, brown grease",55041,"Forest County",WI,"Lake States",1046.52,"mature-market medium",wastes,426.67,41.00,dt,1394000000,BTU,0.04
FOG,"FOG, brown grease",55041,"Forest County",WI,"Lake States",1046.52,near-term,wastes,426.67,60.00,dt,2040000000,BTU,0.06
FOG,"FOG, brown grease",55043,"Grant County",WI,"Lake States",1183.37,Emerging,wastes,446.87,394.00,dt,13396000000,BTU,0.33
FOG,"FOG, brown grease",55043,"Grant County",WI,"Lake States",1183.37,"mature-market high",wastes,446.87,394.00,dt,13396000000,BTU,0.33
FOG,"FOG, brown grease",55043,"Grant County",WI,"Lake States",1183.37,"mature-market low",wastes,426.67,394.00,dt,13396000000,BTU,0.33
FOG,"FOG, brown grease",55043,"Grant County",WI,"Lake States",1183.37,"mature-market medium",wastes,426.67,394.00,dt,13396000000,BTU,0.33
FOG,"FOG, brown grease",55043,"Grant County",WI,"Lake States",1183.37,near-term,wastes,426.67,344.00,dt,11696000000,BTU,0.29
FOG,"FOG, brown grease",55045,"Green County",WI,"Lake States",584.55,Emerging,wastes,446.87,237.00,dt,8058000000,BTU,0.41
FOG,"FOG, brown grease",55045,"Green County",WI,"Lake States",584.55,"mature-market high",wastes,446.87,237.00,dt,8058000000,BTU,0.41
FOG,"FOG, brown grease",55045,"Green County",WI,"Lake States",584.55,"mature-market low",wastes,426.67,237.00,dt,8058000000,BTU,0.41
FOG,"FOG, brown grease",55045,"Green County",WI,"Lake States",584.55,"mature-market medium",wastes,426.67,237.00,dt,8058000000,BTU,0.41
FOG,"FOG, brown grease",55045,"Green County",WI,"Lake States",584.55,near-term,wastes,426.67,247.00,dt,8398000000,BTU,0.42
FOG,"FOG, brown grease",55047,"Green Lake County",WI,"Lake States",380.13,Emerging,wastes,446.87,106.00,dt,3604000000,BTU,0.28
FOG,"FOG, brown grease",55047,"Green Lake County",WI,"Lake States",380.13,"mature-market high",wastes,446.87,106.00,dt,3604000000,BTU,0.28
FOG,"FOG, brown grease",55047,"Green Lake County",WI,"Lake States",380.13,"mature-market low",wastes,426.67,106.00,dt,3604000000,BTU,0.28
FOG,"FOG, brown grease",55047,"Green Lake County",WI,"Lake States",380.13,"mature-market medium",wastes,426.67,106.00,dt,3604000000,BTU,0.28
FOG,"FOG, brown grease",55047,"Green Lake County",WI,"Lake States",380.13,near-term,wastes,426.67,126.00,dt,4284000000,BTU,0.33
FOG,"FOG, brown grease",55049,"Iowa County",WI,"Lake States",768.05,Emerging,wastes,446.87,137.00,dt,4658000000,BTU,0.18
FOG,"FOG, brown grease",55049,"Iowa County",WI,"Lake States",768.05,"mature-market high",wastes,446.87,137.00,dt,4658000000,BTU,0.18
FOG,"FOG, brown grease",55049,"Iowa County",WI,"Lake States",768.05,"mature-market low",wastes,426.67,137.00,dt,4658000000,BTU,0.18
FOG,"FOG, brown grease",55049,"Iowa County",WI,"Lake States",768.05,"mature-market medium",wastes,426.67,137.00,dt,4658000000,BTU,0.18
FOG,"FOG, brown grease",55049,"Iowa County",WI,"Lake States",768.05,near-term,wastes,426.67,158.00,dt,5372000000,BTU,0.21
FOG,"FOG, brown grease",55051,"Iron County",WI,"Lake States",802.62,Emerging,wastes,446.87,29.00,dt,986000000,BTU,0.04
FOG,"FOG, brown grease",55051,"Iron County",WI,"Lake States",802.62,"mature-market high",wastes,446.87,29.00,dt,986000000,BTU,0.04
FOG,"FOG, brown grease",55051,"Iron County",WI,"Lake States",802.62,"mature-market low",wastes,426.67,29.00,dt,986000000,BTU,0.04
FOG,"FOG, brown grease",55051,"Iron County",WI,"Lake States",802.62,"mature-market medium",wastes,426.67,29.00,dt,986000000,BTU,0.04
FOG,"FOG, brown grease",55051,"Iron County",WI,"Lake States",802.62,near-term,wastes,426.67,38.00,dt,1292000000,BTU,0.05
FOG,"FOG, brown grease",55053,"Jackson County",WI,"Lake States",1000.48,Emerging,wastes,446.87,128.00,dt,4352000000,BTU,0.13
FOG,"FOG, brown grease",55053,"Jackson County",WI,"Lake States",1000.48,"mature-market high",wastes,446.87,128.00,dt,4352000000,BTU,0.13
FOG,"FOG, brown grease",55053,"Jackson County",WI,"Lake States",1000.48,"mature-market low",wastes,426.67,128.00,dt,4352000000,BTU,0.13
FOG,"FOG, brown grease",55053,"Jackson County",WI,"Lake States",1000.48,"mature-market medium",wastes,426.67,128.00,dt,4352000000,BTU,0.13
FOG,"FOG, brown grease",55053,"Jackson County",WI,"Lake States",1000.48,near-term,wastes,426.67,138.00,dt,4692000000,BTU,0.14
FOG,"FOG, brown grease",55055,"Jefferson County",WI,"Lake States",582.74,Emerging,wastes,446.87,547.00,dt,18598000000,BTU,0.94
FOG,"FOG, brown grease",55055,"Jefferson County",WI,"Lake States",582.74,"mature-market high",wastes,446.87,547.00,dt,18598000000,BTU,0.94
FOG,"FOG, brown grease",55055,"Jefferson County",WI,"Lake States",582.74,"mature-market low",wastes,426.67,547.00,dt,18598000000,BTU,0.94
FOG,"FOG, brown grease",55055,"Jefferson County",WI,"Lake States",582.74,"mature-market medium",wastes,426.67,547.00,dt,18598000000,BTU,0.94
FOG,"FOG, brown grease",55055,"Jefferson County",WI,"Lake States",582.74,near-term,wastes,426.67,567.00,dt,19278000000,BTU,0.97
FOG,"FOG, brown grease",55057,"Juneau County",WI,"Lake States",805.17,Emerging,wastes,446.87,137.00,dt,4658000000,BTU,0.17
FOG,"FOG, brown grease",55057,"Juneau County",WI,"Lake States",805.17,"mature-market high",wastes,446.87,137.00,dt,4658000000,BTU,0.17
FOG,"FOG, brown grease",55057,"Juneau County",WI,"Lake States",805.17,"mature-market low",wastes,426.67,137.00,dt,4658000000,BTU,0.17
FOG,"FOG, brown grease",55057,"Juneau County",WI,"Lake States",805.17,"mature-market medium",wastes,426.67,137.00,dt,4658000000,BTU,0.17
FOG,"FOG, brown grease",55057,"Juneau County",WI,"Lake States",805.17,near-term,wastes,426.67,178.00,dt,6052000000,BTU,0.22
FOG,"FOG, brown grease",55059,"Kenosha County",WI,"Lake States",278.42,Emerging,wastes,446.87,1145.00,dt,38930000000,BTU,4.11
FOG,"FOG, brown grease",55059,"Kenosha County",WI,"Lake States",278.42,"mature-market high",wastes,446.87,1145.00,dt,38930000000,BTU,4.11
FOG,"FOG, brown grease",55059,"Kenosha County",WI,"Lake States",278.42,"mature-market low",wastes,426.67,1145.00,dt,38930000000,BTU,4.11
FOG,"FOG, brown grease",55059,"Kenosha County",WI,"Lake States",278.42,"mature-market medium",wastes,426.67,1145.00,dt,38930000000,BTU,4.11
FOG,"FOG, brown grease",55059,"Kenosha County",WI,"Lake States",278.42,near-term,wastes,426.67,1134.00,dt,38556000000,BTU,4.07
FOG,"FOG, brown grease",55061,"Kewaunee County",WI,"Lake States",343.95,Emerging,wastes,446.87,106.00,dt,3604000000,BTU,0.31
FOG,"FOG, brown grease",55061,"Kewaunee County",WI,"Lake States",343.95,"mature-market high",wastes,446.87,106.00,dt,3604000000,BTU,0.31
FOG,"FOG, brown grease",55061,"Kewaunee County",WI,"Lake States",343.95,"mature-market low",wastes,426.67,106.00,dt,3604000000,BTU,0.31
FOG,"FOG, brown grease",55061,"Kewaunee County",WI,"Lake States",343.95,"mature-market medium",wastes,426.67,106.00,dt,3604000000,BTU,0.31
FOG,"FOG, brown grease",55061,"Kewaunee County",WI,"Lake States",343.95,near-term,wastes,426.67,137.00,dt,4658000000,BTU,0.40
FOG,"FOG, brown grease",55063,"La Crosse County",WI,"Lake States",480.05,Emerging,wastes,446.87,959.00,dt,32606000000,BTU,2.00
FOG,"FOG, brown grease",55063,"La Crosse County",WI,"Lake States",480.05,"mature-market high",wastes,446.87,959.00,dt,32606000000,BTU,2.00
FOG,"FOG, brown grease",55063,"La Crosse County",WI,"Lake States",480.05,"mature-market low",wastes,426.67,959.00,dt,32606000000,BTU,2.00
FOG,"FOG, brown grease",55063,"La Crosse County",WI,"Lake States",480.05,"mature-market medium",wastes,426.67,959.00,dt,32606000000,BTU,2.00
FOG,"FOG, brown grease",55063,"La Crosse County",WI,"Lake States",480.05,near-term,wastes,426.67,789.00,dt,26826000000,BTU,1.64
FOG,"FOG, brown grease",55065,"Lafayette County",WI,"Lake States",634.57,Emerging,wastes,446.87,91.00,dt,3094000000,BTU,0.14
FOG,"FOG, brown grease",55065,"Lafayette County",WI,"Lake States",634.57,"mature-market high",wastes,446.87,91.00,dt,3094000000,BTU,0.14
FOG,"FOG, brown grease",55065,"Lafayette County",WI,"Lake States",634.57,"mature-market low",wastes,426.67,91.00,dt,3094000000,BTU,0.14
FOG,"FOG, brown grease",55065,"Lafayette County",WI,"Lake States",634.57,"mature-market medium",wastes,426.67,91.00,dt,3094000000,BTU,0.14
FOG,"FOG, brown grease",55065,"Lafayette County",WI,"Lake States",634.57,near-term,wastes,426.67,111.00,dt,3774000000,BTU,0.17
FOG,"FOG, brown grease",55067,"Langlade County",WI,"Lake States",887.79,Emerging,wastes,446.87,76.00,dt,2584000000,BTU,0.09
FOG,"FOG, brown grease",55067,"Langlade County",WI,"Lake States",887.79,"mature-market high",wastes,446.87,76.00,dt,2584000000,BTU,0.09
FOG,"FOG, brown grease",55067,"Langlade County",WI,"Lake States",887.79,"mature-market low",wastes,426.67,76.00,dt,2584000000,BTU,0.09
FOG,"FOG, brown grease",55067,"Langlade County",WI,"Lake States",887.79,"mature-market medium",wastes,426.67,76.00,dt,2584000000,BTU,0.09
FOG,"FOG, brown grease",55067,"Langlade County",WI,"Lake States",887.79,near-term,wastes,426.67,128.00,dt,4352000000,BTU,0.14
FOG,"FOG, brown grease",55069,"Lincoln County",WI,"Lake States",906.79,Emerging,wastes,446.87,130.00,dt,4420000000,BTU,0.14
FOG,"FOG, brown grease",55069,"Lincoln County",WI,"Lake States",906.79,"mature-market high",wastes,446.87,130.00,dt,4420000000,BTU,0.14
FOG,"FOG, brown grease",55069,"Lincoln County",WI,"Lake States",906.79,"mature-market low",wastes,426.67,130.00,dt,4420000000,BTU,0.14
FOG,"FOG, brown grease",55069,"Lincoln County",WI,"Lake States",906.79,"mature-market medium",wastes,426.67,130.00,dt,4420000000,BTU,0.14
FOG,"FOG, brown grease",55069,"Lincoln County",WI,"Lake States",906.79,near-term,wastes,426.67,184.00,dt,6256000000,BTU,0.20
FOG,"FOG, brown grease",55071,"Manitowoc County",WI,"Lake States",594.62,Emerging,wastes,446.87,405.00,dt,13770000000,BTU,0.68
FOG,"FOG, brown grease",55071,"Manitowoc County",WI,"Lake States",594.62,"mature-market high",wastes,446.87,405.00,dt,13770000000,BTU,0.68
FOG,"FOG, brown grease",55071,"Manitowoc County",WI,"Lake States",594.62,"mature-market low",wastes,426.67,405.00,dt,13770000000,BTU,0.68
FOG,"FOG, brown grease",55071,"Manitowoc County",WI,"Lake States",594.62,"mature-market medium",wastes,426.67,405.00,dt,13770000000,BTU,0.68
FOG,"FOG, brown grease",55071,"Manitowoc County",WI,"Lake States",594.62,near-term,wastes,426.67,528.00,dt,17952000000,BTU,0.89
FOG,"FOG, brown grease",55073,"Marathon County",WI,"Lake States",1576.33,Emerging,wastes,446.87,867.00,dt,29478000000,BTU,0.55
FOG,"FOG, brown grease",55073,"Marathon County",WI,"Lake States",1576.33,"mature-market high",wastes,446.87,867.00,dt,29478000000,BTU,0.55
FOG,"FOG, brown grease",55073,"Marathon County",WI,"Lake States",1576.33,"mature-market low",wastes,426.67,867.00,dt,29478000000,BTU,0.55
FOG,"FOG, brown grease",55073,"Marathon County",WI,"Lake States",1576.33,"mature-market medium",wastes,426.67,867.00,dt,29478000000,BTU,0.55
FOG,"FOG, brown grease",55073,"Marathon County",WI,"Lake States",1576.33,near-term,wastes,426.67,907.00,dt,30838000000,BTU,0.58
FOG,"FOG, brown grease",55075,"Marinette County",WI,"Lake States",1429.25,Emerging,wastes,446.87,191.00,dt,6494000000,BTU,0.13
FOG,"FOG, brown grease",55075,"Marinette County",WI,"Lake States",1429.25,"mature-market high",wastes,446.87,191.00,dt,6494000000,BTU,0.13
FOG,"FOG, brown grease",55075,"Marinette County",WI,"Lake States",1429.25,"mature-market low",wastes,426.67,191.00,dt,6494000000,BTU,0.13
FOG,"FOG, brown grease",55075,"Marinette County",WI,"Lake States",1429.25,"mature-market medium",wastes,426.67,191.00,dt,6494000000,BTU,0.13
FOG,"FOG, brown grease",55075,"Marinette County",WI,"Lake States",1429.25,near-term,wastes,426.67,270.00,dt,9180000000,BTU,0.19
FOG,"FOG, brown grease",55077,"Marquette County",WI,"Lake States",464.47,Emerging,wastes,446.87,72.00,dt,2448000000,BTU,0.16
FOG,"FOG, brown grease",55077,"Marquette County",WI,"Lake States",464.47,"mature-market high",wastes,446.87,72.00,dt,2448000000,BTU,0.16
FOG,"FOG, brown grease",55077,"Marquette County",WI,"Lake States",464.47,"mature-market low",wastes,426.67,72.00,dt,2448000000,BTU,0.16
FOG,"FOG, brown grease",55077,"Marquette County",WI,"Lake States",464.47,"mature-market medium",wastes,426.67,72.00,dt,2448000000,BTU,0.16
FOG,"FOG, brown grease",55077,"Marquette County",WI,"Lake States",464.47,near-term,wastes,426.67,104.00,dt,3536000000,BTU,0.22
FOG,"FOG, brown grease",55078,"Menominee County",WI,"Lake States",364.96,Emerging,wastes,446.87,35.00,dt,1190000000,BTU,0.10
FOG,"FOG, brown grease",55078,"Menominee County",WI,"Lake States",364.96,"mature-market high",wastes,446.87,35.00,dt,1190000000,BTU,0.10
FOG,"FOG, brown grease",55078,"Menominee County",WI,"Lake States",364.96,"mature-market low",wastes,426.67,35.00,dt,1190000000,BTU,0.10
FOG,"FOG, brown grease",55078,"Menominee County",WI,"Lake States",364.96,"mature-market medium",wastes,426.67,35.00,dt,1190000000,BTU,0.10
FOG,"FOG, brown grease",55078,"Menominee County",WI,"Lake States",364.96,near-term,wastes,426.67,30.00,dt,1020000000,BTU,0.08
FOG,"FOG, brown grease",55079,"Milwaukee County",WI,"Lake States",242.17,Emerging,wastes,446.87,6920.00,dt,235280000000,BTU,28.57
FOG,"FOG, brown grease",55079,"Milwaukee County",WI,"Lake States",242.17,"mature-market high",wastes,446.87,6920.00,dt,235280000000,BTU,28.57
FOG,"FOG, brown grease",55079,"Milwaukee County",WI,"Lake States",242.17,"mature-market low",wastes,426.67,6920.00,dt,235280000000,BTU,28.57
FOG,"FOG, brown grease",55079,"Milwaukee County",WI,"Lake States",242.17,"mature-market medium",wastes,426.67,6920.00,dt,235280000000,BTU,28.57
FOG,"FOG, brown grease",55079,"Milwaukee County",WI,"Lake States",242.17,near-term,wastes,426.67,6322.00,dt,214948000000,BTU,26.11
FOG,"FOG, brown grease",55081,"Monroe County",WI,"Lake States",908.08,Emerging,wastes,446.87,281.00,dt,9554000000,BTU,0.31
FOG,"FOG, brown grease",55081,"Monroe County",WI,"Lake States",908.08,"mature-market high",wastes,446.87,281.00,dt,9554000000,BTU,0.31
FOG,"FOG, brown grease",55081,"Monroe County",WI,"Lake States",908.08,"mature-market low",wastes,426.67,281.00,dt,9554000000,BTU,0.31
FOG,"FOG, brown grease",55081,"Monroe County",WI,"Lake States",908.08,"mature-market medium",wastes,426.67,281.00,dt,9554000000,BTU,0.31
FOG,"FOG, brown grease",55081,"Monroe County",WI,"Lake States",908.08,near-term,wastes,426.67,309.00,dt,10506000000,BTU,0.34
FOG,"FOG, brown grease",55083,"Oconto County",WI,"Lake States",1016.31,Emerging,wastes,446.87,198.00,dt,6732000000,BTU,0.19
FOG,"FOG, brown grease",55083,"Oconto County",WI,"Lake States",1016.31,"mature-market high",wastes,446.87,198.00,dt,6732000000,BTU,0.19
FOG,"FOG, brown grease",55083,"Oconto County",WI,"Lake States",1016.31,"mature-market low",wastes,426.67,198.00,dt,6732000000,BTU,0.19
FOG,"FOG, brown grease",55083,"Oconto County",WI,"Lake States",1016.31,"mature-market medium",wastes,426.67,198.00,dt,6732000000,BTU,0.19
FOG,"FOG, brown grease",55083,"Oconto County",WI,"Lake States",1016.31,near-term,wastes,426.67,254.00,dt,8636000000,BTU,0.25
FOG,"FOG, brown grease",55085,"Oneida County",WI,"Lake States",1236.57,Emerging,wastes,446.87,185.00,dt,6290000000,BTU,0.15
FOG,"FOG, brown grease",55085,"Oneida County",WI,"Lake States",1236.57,"mature-market high",wastes,446.87,185.00,dt,6290000000,BTU,0.15
FOG,"FOG, brown grease",55085,"Oneida County",WI,"Lake States",1236.57,"mature-market low",wastes,426.67,185.00,dt,6290000000,BTU,0.15
FOG,"FOG, brown grease",55085,"Oneida County",WI,"Lake States",1236.57,"mature-market medium",wastes,426.67,185.00,dt,6290000000,BTU,0.15
FOG,"FOG, brown grease",55085,"Oneida County",WI,"Lake States",1236.57,near-term,wastes,426.67,238.00,dt,8092000000,BTU,0.19
FOG,"FOG, brown grease",55087,"Outagamie County",WI,"Lake States",644.61,Emerging,wastes,446.87,1433.00,dt,48722000000,BTU,2.22
FOG,"FOG, brown grease",55087,"Outagamie County",WI,"Lake States",644.61,"mature-market high",wastes,446.87,1433.00,dt,48722000000,BTU,2.22
FOG,"FOG, brown grease",55087,"Outagamie County",WI,"Lake States",644.61,"mature-market low",wastes,426.67,1433.00,dt,48722000000,BTU,2.22
FOG,"FOG, brown grease",55087,"Outagamie County",WI,"Lake States",644.61,"mature-market medium",wastes,426.67,1433.00,dt,48722000000,BTU,2.22
FOG,"FOG, brown grease",55087,"Outagamie County",WI,"Lake States",644.61,near-term,wastes,426.67,1256.00,dt,42704000000,BTU,1.95
FOG,"FOG, brown grease",55089,"Ozaukee County",WI,"Lake States",235.28,Emerging,wastes,446.87,638.00,dt,21692000000,BTU,2.71
FOG,"FOG, brown grease",55089,"Ozaukee County",WI,"Lake States",235.28,"mature-market high",wastes,446.87,638.00,dt,21692000000,BTU,2.71
FOG,"FOG, brown grease",55089,"Ozaukee County",WI,"Lake States",235.28,"mature-market low",wastes,426.67,638.00,dt,21692000000,BTU,2.71
FOG,"FOG, brown grease",55089,"Ozaukee County",WI,"Lake States",235.28,"mature-market medium",wastes,426.67,638.00,dt,21692000000,BTU,2.71
FOG,"FOG, brown grease",55089,"Ozaukee County",WI,"Lake States",235.28,near-term,wastes,426.67,596.00,dt,20264000000,BTU,2.53
FOG,"FOG, brown grease",55091,"Pepin County",WI,"Lake States",248.7,Emerging,wastes,446.87,34.00,dt,1156000000,BTU,0.14
FOG,"FOG, brown grease",55091,"Pepin County",WI,"Lake States",248.7,"mature-market high",wastes,446.87,34.00,dt,1156000000,BTU,0.14
FOG,"FOG, brown grease",55091,"Pepin County",WI,"Lake States",248.7,"mature-market low",wastes,426.67,34.00,dt,1156000000,BTU,0.14
FOG,"FOG, brown grease",55091,"Pepin County",WI,"Lake States",248.7,"mature-market medium",wastes,426.67,34.00,dt,1156000000,BTU,0.14
FOG,"FOG, brown grease",55091,"Pepin County",WI,"Lake States",248.7,near-term,wastes,426.67,49.00,dt,1666000000,BTU,0.20
FOG,"FOG, brown grease",55093,"Pierce County",WI,"Lake States",592.73,Emerging,wastes,446.87,235.00,dt,7990000000,BTU,0.40
FOG,"FOG, brown grease",55093,"Pierce County",WI,"Lake States",592.73,"mature-market high",wastes,446.87,235.00,dt,7990000000,BTU,0.40
FOG,"FOG, brown grease",55093,"Pierce County",WI,"Lake States",592.73,"mature-market low",wastes,426.67,235.00,dt,7990000000,BTU,0.40
FOG,"FOG, brown grease",55093,"Pierce County",WI,"Lake States",592.73,"mature-market medium",wastes,426.67,235.00,dt,7990000000,BTU,0.40
FOG,"FOG, brown grease",55093,"Pierce County",WI,"Lake States",592.73,near-term,wastes,426.67,286.00,dt,9724000000,BTU,0.48
FOG,"FOG, brown grease",55095,"Polk County",WI,"Lake States",956.41,Emerging,wastes,446.87,215.00,dt,7310000000,BTU,0.22
FOG,"FOG, brown grease",55095,"Polk County",WI,"Lake States",956.41,"mature-market high",wastes,446.87,215.00,dt,7310000000,BTU,0.22
FOG,"FOG, brown grease",55095,"Polk County",WI,"Lake States",956.41,"mature-market low",wastes,426.67,215.00,dt,7310000000,BTU,0.22
FOG,"FOG, brown grease",55095,"Polk County",WI,"Lake States",956.41,"mature-market medium",wastes,426.67,215.00,dt,7310000000,BTU,0.22
FOG,"FOG, brown grease",55095,"Polk County",WI,"Lake States",956.41,near-term,wastes,426.67,293.00,dt,9962000000,BTU,0.31
FOG,"FOG, brown grease",55097,"Portage County",WI,"Lake States",822.82,Emerging,wastes,446.87,474.00,dt,16116000000,BTU,0.58
FOG,"FOG, brown grease",55097,"Portage County",WI,"Lake States",822.82,"mature-market high",wastes,446.87,474.00,dt,16116000000,BTU,0.58
FOG,"FOG, brown grease",55097,"Portage County",WI,"Lake States",822.82,"mature-market low",wastes,426.67,474.00,dt,16116000000,BTU,0.58
FOG,"FOG, brown grease",55097,"Portage County",WI,"Lake States",822.82,"mature-market medium",wastes,426.67,474.00,dt,16116000000,BTU,0.58
FOG,"FOG, brown grease",55097,"Portage County",WI,"Lake States",822.82,near-term,wastes,426.67,473.00,dt,16082000000,BTU,0.57
FOG,"FOG, brown grease",55099,"Price County",WI,"Lake States",1278.04,Emerging,wastes,446.87,63.00,dt,2142000000,BTU,0.05
FOG,"FOG, brown grease",55099,"Price County",WI,"Lake States",1278.04,"mature-market high",wastes,446.87,63.00,dt,2142000000,BTU,0.05
FOG,"FOG, brown grease",55099,"Price County",WI,"Lake States",1278.04,"mature-market low",wastes,426.67,63.00,dt,2142000000,BTU,0.05
FOG,"FOG, brown grease",55099,"Price County",WI,"Lake States",1278.04,"mature-market medium",wastes,426.67,63.00,dt,2142000000,BTU,0.05
FOG,"FOG, brown grease",55099,"Price County",WI,"Lake States",1278.04,near-term,wastes,426.67,89.00,dt,3026000000,BTU,0.07
FOG,"FOG, brown grease",55101,"Racine County",WI,"Lake States",340.39,Emerging,wastes,446.87,1215.00,dt,41310000000,BTU,3.57
FOG,"FOG, brown grease",55101,"Racine County",WI,"Lake States",340.39,"mature-market high",wastes,446.87,1215.00,dt,41310000000,BTU,3.57
FOG,"FOG, brown grease",55101,"Racine County",WI,"Lake States",340.39,"mature-market low",wastes,426.67,1215.00,dt,41310000000,BTU,3.57
FOG,"FOG, brown grease",55101,"Racine County",WI,"Lake States",340.39,"mature-market medium",wastes,426.67,1215.00,dt,41310000000,BTU,3.57
FOG,"FOG, brown grease",55101,"Racine County",WI,"Lake States",340.39,near-term,wastes,426.67,1312.00,dt,44608000000,BTU,3.85
FOG,"FOG, brown grease",55103,"Richland County",WI,"Lake States",589.3,Emerging,wastes,446.87,79.00,dt,2686000000,BTU,0.13
FOG,"FOG, brown grease",55103,"Richland County",WI,"Lake States",589.3,"mature-market high",wastes,446.87,79.00,dt,2686000000,BTU,0.13
FOG,"FOG, brown grease",55103,"Richland County",WI,"Lake States",589.3,"mature-market low",wastes,426.67,79.00,dt,2686000000,BTU,0.13
FOG,"FOG, brown grease",55103,"Richland County",WI,"Lake States",589.3,"mature-market medium",wastes,426.67,79.00,dt,2686000000,BTU,0.13
FOG,"FOG, brown grease",55103,"Richland County",WI,"Lake States",589.3,near-term,wastes,426.67,115.00,dt,3910000000,BTU,0.20
FOG,"FOG, brown grease",55105,"Rock County",WI,"Lake States",726.16,Emerging,wastes,446.87,1018.00,dt,34612000000,BTU,1.40
FOG,"FOG, brown grease",55105,"Rock County",WI,"Lake States",726.16,"mature-market high",wastes,446.87,1018.00,dt,34612000000,BTU,1.40
FOG,"FOG, brown grease",55105,"Rock County",WI,"Lake States",726.16,"mature-market low",wastes,426.67,1018.00,dt,34612000000,BTU,1.40
FOG,"FOG, brown grease",55105,"Rock County",WI,"Lake States",726.16,"mature-market medium",wastes,426.67,1018.00,dt,34612000000,BTU,1.40
FOG,"FOG, brown grease",55105,"Rock County",WI,"Lake States",726.16,near-term,wastes,426.67,1092.00,dt,37128000000,BTU,1.50
FOG,"FOG, brown grease",55107,"Rusk County",WI,"Lake States",930.86,Emerging,wastes,446.87,61.00,dt,2074000000,BTU,0.07
FOG,"FOG, brown grease",55107,"Rusk County",WI,"Lake States",930.86,"mature-market high",wastes,446.87,61.00,dt,2074000000,BTU,0.07
FOG,"FOG, brown grease",55107,"Rusk County",WI,"Lake States",930.86,"mature-market low",wastes,426.67,61.00,dt,2074000000,BTU,0.07
FOG,"FOG, brown grease",55107,"Rusk County",WI,"Lake States",930.86,"mature-market medium",wastes,426.67,61.00,dt,2074000000,BTU,0.07
FOG,"FOG, brown grease",55107,"Rusk County",WI,"Lake States",930.86,near-term,wastes,426.67,95.00,dt,3230000000,BTU,0.10
FOG,"FOG, brown grease",55109,"St. Croix County",WI,"Lake States",735.19,Emerging,wastes,446.87,666.00,dt,22644000000,BTU,0.91
FOG,"FOG, brown grease",55109,"St. Croix County",WI,"Lake States",735.19,"mature-market high",wastes,446.87,666.00,dt,22644000000,BTU,0.91
FOG,"FOG, brown grease",55109,"St. Croix County",WI,"Lake States",735.19,"mature-market low",wastes,426.67,666.00,dt,22644000000,BTU,0.91
FOG,"FOG, brown grease",55109,"St. Croix County",WI,"Lake States",735.19,"mature-market medium",wastes,426.67,666.00,dt,22644000000,BTU,0.91
FOG,"FOG, brown grease",55109,"St. Croix County",WI,"Lake States",735.19,near-term,wastes,426.67,606.00,dt,20604000000,BTU,0.82
FOG,"FOG, brown grease",55111,"Sauk County",WI,"Lake States",849.19,Emerging,wastes,446.87,441.00,dt,14994000000,BTU,0.52
FOG,"FOG, brown grease",55111,"Sauk County",WI,"Lake States",849.19,"mature-market high",wastes,446.87,441.00,dt,14994000000,BTU,0.52
FOG,"FOG, brown grease",55111,"Sauk County",WI,"Lake States",849.19,"mature-market low",wastes,426.67,441.00,dt,14994000000,BTU,0.52
FOG,"FOG, brown grease",55111,"Sauk County",WI,"Lake States",849.19,"mature-market medium",wastes,426.67,441.00,dt,14994000000,BTU,0.52
FOG,"FOG, brown grease",55111,"Sauk County",WI,"Lake States",849.19,near-term,wastes,426.67,431.00,dt,14654000000,BTU,0.51
FOG,"FOG, brown grease",55113,"Sawyer County",WI,"Lake States",1350.24,Emerging,wastes,446.87,78.00,dt,2652000000,BTU,0.06
FOG,"FOG, brown grease",55113,"Sawyer County",WI,"Lake States",1350.24,"mature-market high",wastes,446.87,78.00,dt,2652000000,BTU,0.06
FOG,"FOG, brown grease",55113,"Sawyer County",WI,"Lake States",1350.24,"mature-market low",wastes,426.67,78.00,dt,2652000000,BTU,0.06
FOG,"FOG, brown grease",55113,"Sawyer County",WI,"Lake States",1350.24,"mature-market medium",wastes,426.67,78.00,dt,2652000000,BTU,0.06
FOG,"FOG, brown grease",55113,"Sawyer County",WI,"Lake States",1350.24,near-term,wastes,426.67,111.00,dt,3774000000,BTU,0.08
FOG,"FOG, brown grease",55115,"Shawano County",WI,"Lake States",909.4,Emerging,wastes,446.87,200.00,dt,6800000000,BTU,0.22
FOG,"FOG, brown grease",55115,"Shawano County",WI,"Lake States",909.4,"mature-market high",wastes,446.87,200.00,dt,6800000000,BTU,0.22
FOG,"FOG, brown grease",55115,"Shawano County",WI,"Lake States",909.4,"mature-market low",wastes,426.67,200.00,dt,6800000000,BTU,0.22
FOG,"FOG, brown grease",55115,"Shawano County",WI,"Lake States",909.4,"mature-market medium",wastes,426.67,200.00,dt,6800000000,BTU,0.22
FOG,"FOG, brown grease",55115,"Shawano County",WI,"Lake States",909.4,near-term,wastes,426.67,273.00,dt,9282000000,BTU,0.30
FOG,"FOG, brown grease",55117,"Sheboygan County",WI,"Lake States",517.64,Emerging,wastes,446.87,711.00,dt,24174000000,BTU,1.37
FOG,"FOG, brown grease",55117,"Sheboygan County",WI,"Lake States",517.64,"mature-market high",wastes,446.87,711.00,dt,24174000000,BTU,1.37
FOG,"FOG, brown grease",55117,"Sheboygan County",WI,"Lake States",517.64,"mature-market low",wastes,426.67,711.00,dt,24174000000,BTU,1.37
FOG,"FOG, brown grease",55117,"Sheboygan County",WI,"Lake States",517.64,"mature-market medium",wastes,426.67,711.00,dt,24174000000,BTU,1.37
FOG,"FOG, brown grease",55117,"Sheboygan County",WI,"Lake States",517.64,near-term,wastes,426.67,771.00,dt,26214000000,BTU,1.49
FOG,"FOG, brown grease",55119,"Taylor County",WI,"Lake States",984.56,Emerging,wastes,446.87,103.00,dt,3502000000,BTU,0.10
FOG,"FOG, brown grease",55119,"Taylor County",WI,"Lake States",984.56,"mature-market high",wastes,446.87,103.00,dt,3502000000,BTU,0.10
FOG,"FOG, brown grease",55119,"Taylor County",WI,"Lake States",984.56,"mature-market low",wastes,426.67,103.00,dt,3502000000,BTU,0.10
FOG,"FOG, brown grease",55119,"Taylor County",WI,"Lake States",984.56,"mature-market medium",wastes,426.67,103.00,dt,3502000000,BTU,0.10
FOG,"FOG, brown grease",55119,"Taylor County",WI,"Lake States",984.56,near-term,wastes,426.67,136.00,dt,4624000000,BTU,0.14
FOG,"FOG, brown grease",55121,"Trempealeau County",WI,"Lake States",741.98,Emerging,wastes,446.87,215.00,dt,7310000000,BTU,0.29
FOG,"FOG, brown grease",55121,"Trempealeau County",WI,"Lake States",741.98,"mature-market high",wastes,446.87,215.00,dt,7310000000,BTU,0.29
FOG,"FOG, brown grease",55121,"Trempealeau County",WI,"Lake States",741.98,"mature-market low",wastes,426.67,215.00,dt,7310000000,BTU,0.29
FOG,"FOG, brown grease",55121,"Trempealeau County",WI,"Lake States",741.98,"mature-market medium",wastes,426.67,215.00,dt,7310000000,BTU,0.29
FOG,"FOG, brown grease",55121,"Trempealeau County",WI,"Lake States",741.98,near-term,wastes,426.67,198.00,dt,6732000000,BTU,0.27
FOG,"FOG, brown grease",55123,"Vernon County",WI,"Lake States",816.38,Emerging,wastes,446.87,186.00,dt,6324000000,BTU,0.23
FOG,"FOG, brown grease",55123,"Vernon County",WI,"Lake States",816.38,"mature-market high",wastes,446.87,186.00,dt,6324000000,BTU,0.23
FOG,"FOG, brown grease",55123,"Vernon County",WI,"Lake States",816.38,"mature-market low",wastes,426.67,186.00,dt,6324000000,BTU,0.23
FOG,"FOG, brown grease",55123,"Vernon County",WI,"Lake States",816.38,"mature-market medium",wastes,426.67,186.00,dt,6324000000,BTU,0.23
FOG,"FOG, brown grease",55123,"Vernon County",WI,"Lake States",816.38,near-term,wastes,426.67,206.00,dt,7004000000,BTU,0.25
FOG,"FOG, brown grease",55125,"Vilas County",WI,"Lake States",1017.72,Emerging,wastes,446.87,105.00,dt,3570000000,BTU,0.10
FOG,"FOG, brown grease",55125,"Vilas County",WI,"Lake States",1017.72,"mature-market high",wastes,446.87,105.00,dt,3570000000,BTU,0.10
FOG,"FOG, brown grease",55125,"Vilas County",WI,"Lake States",1017.72,"mature-market low",wastes,426.67,105.00,dt,3570000000,BTU,0.10
FOG,"FOG, brown grease",55125,"Vilas County",WI,"Lake States",1017.72,"mature-market medium",wastes,426.67,105.00,dt,3570000000,BTU,0.10
FOG,"FOG, brown grease",55125,"Vilas County",WI,"Lake States",1017.72,near-term,wastes,426.67,148.00,dt,5032000000,BTU,0.15
FOG,"FOG, brown grease",55127,"Walworth County",WI,"Lake States",576.6,Emerging,wastes,446.87,690.00,dt,23460000000,BTU,1.20
FOG,"FOG, brown grease",55127,"Walworth County",WI,"Lake States",576.6,"mature-market high",wastes,446.87,690.00,dt,23460000000,BTU,1.20
FOG,"FOG, brown grease",55127,"Walworth County",WI,"Lake States",576.6,"mature-market low",wastes,426.67,690.00,dt,23460000000,BTU,1.20
FOG,"FOG, brown grease",55127,"Walworth County",WI,"Lake States",576.6,"mature-market medium",wastes,426.67,690.00,dt,23460000000,BTU,1.20
FOG,"FOG, brown grease",55127,"Walworth County",WI,"Lake States",576.6,near-term,wastes,426.67,694.00,dt,23596000000,BTU,1.20
FOG,"FOG, brown grease",55129,"Washburn County",WI,"Lake States",853.32,Emerging,wastes,446.87,67.00,dt,2278000000,BTU,0.08
FOG,"FOG, brown grease",55129,"Washburn County",WI,"Lake States",853.32,"mature-market high",wastes,446.87,67.00,dt,2278000000,BTU,0.08
FOG,"FOG, brown grease",55129,"Washburn County",WI,"Lake States",853.32,"mature-market low",wastes,426.67,67.00,dt,2278000000,BTU,0.08
FOG,"FOG, brown grease",55129,"Washburn County",WI,"Lake States",853.32,"mature-market medium",wastes,426.67,67.00,dt,2278000000,BTU,0.08
FOG,"FOG, brown grease",55129,"Washburn County",WI,"Lake States",853.32,near-term,wastes,426.67,105.00,dt,3570000000,BTU,0.12
FOG,"FOG, brown grease",55131,"Washington County",WI,"Lake States",435.66,Emerging,wastes,446.87,882.00,dt,29988000000,BTU,2.02
FOG,"FOG, brown grease",55131,"Washington County",WI,"Lake States",435.66,"mature-market high",wastes,446.87,882.00,dt,29988000000,BTU,2.02
FOG,"FOG, brown grease",55131,"Washington County",WI,"Lake States",435.66,"mature-market low",wastes,426.67,882.00,dt,29988000000,BTU,2.02
FOG,"FOG, brown grease",55131,"Washington County",WI,"Lake States",435.66,"mature-market medium",wastes,426.67,882.00,dt,29988000000,BTU,2.02
FOG,"FOG, brown grease",55131,"Washington County",WI,"Lake States",435.66,near-term,wastes,426.67,909.00,dt,30906000000,BTU,2.09
FOG,"FOG, brown grease",55133,"Waukesha County",WI,"Lake States",580.54,Emerging,wastes,446.87,2789.00,dt,94826000000,BTU,4.80
FOG,"FOG, brown grease",55133,"Waukesha County",WI,"Lake States",580.54,"mature-market high",wastes,446.87,2789.00,dt,94826000000,BTU,4.80
FOG,"FOG, brown grease",55133,"Waukesha County",WI,"Lake States",580.54,"mature-market low",wastes,426.67,2789.00,dt,94826000000,BTU,4.80
FOG,"FOG, brown grease",55133,"Waukesha County",WI,"Lake States",580.54,"mature-market medium",wastes,426.67,2789.00,dt,94826000000,BTU,4.80
FOG,"FOG, brown grease",55133,"Waukesha County",WI,"Lake States",580.54,near-term,wastes,426.67,2702.00,dt,91868000000,BTU,4.65
FOG,"FOG, brown grease",55135,"Waupaca County",WI,"Lake States",765.17,Emerging,wastes,446.87,295.00,dt,10030000000,BTU,0.39
FOG,"FOG, brown grease",55135,"Waupaca County",WI,"Lake States",765.17,"mature-market high",wastes,446.87,295.00,dt,10030000000,BTU,0.39
FOG,"FOG, brown grease",55135,"Waupaca County",WI,"Lake States",765.17,"mature-market low",wastes,426.67,295.00,dt,10030000000,BTU,0.39
FOG,"FOG, brown grease",55135,"Waupaca County",WI,"Lake States",765.17,"mature-market medium",wastes,426.67,295.00,dt,10030000000,BTU,0.39
FOG,"FOG, brown grease",55135,"Waupaca County",WI,"Lake States",765.17,near-term,wastes,426.67,341.00,dt,11594000000,BTU,0.45
FOG,"FOG, brown grease",55137,"Waushara County",WI,"Lake States",637.4,Emerging,wastes,446.87,115.00,dt,3910000000,BTU,0.18
FOG,"FOG, brown grease",55137,"Waushara County",WI,"Lake States",637.4,"mature-market high",wastes,446.87,115.00,dt,3910000000,BTU,0.18
FOG,"FOG, brown grease",55137,"Waushara County",WI,"Lake States",637.4,"mature-market low",wastes,426.67,115.00,dt,3910000000,BTU,0.18
FOG,"FOG, brown grease",55137,"Waushara County",WI,"Lake States",637.4,"mature-market medium",wastes,426.67,115.00,dt,3910000000,BTU,0.18
FOG,"FOG, brown grease",55137,"Waushara County",WI,"Lake States",637.4,near-term,wastes,426.67,163.00,dt,5542000000,BTU,0.26
FOG,"FOG, brown grease",55139,"Winnebago County",WI,"Lake States",578.57,Emerging,wastes,446.87,1223.00,dt,41582000000,BTU,2.11
FOG,"FOG, brown grease",55139,"Winnebago County",WI,"Lake States",578.57,"mature-market high",wastes,446.87,1223.00,dt,41582000000,BTU,2.11
FOG,"FOG, brown grease",55139,"Winnebago County",WI,"Lake States",578.57,"mature-market low",wastes,426.67,1223.00,dt,41582000000,BTU,2.11
FOG,"FOG, brown grease",55139,"Winnebago County",WI,"Lake States",578.57,"mature-market medium",wastes,426.67,1223.00,dt,41582000000,BTU,2.11
FOG,"FOG, brown grease",55139,"Winnebago County",WI,"Lake States",578.57,near-term,wastes,426.67,1149.00,dt,39066000000,BTU,1.99
FOG,"FOG, brown grease",55141,"Wood County",WI,"Lake States",809.25,Emerging,wastes,446.87,361.00,dt,12274000000,BTU,0.45
FOG,"FOG, brown grease",55141,"Wood County",WI,"Lake States",809.25,"mature-market high",wastes,446.87,361.00,dt,12274000000,BTU,0.45
FOG,"FOG, brown grease",55141,"Wood County",WI,"Lake States",809.25,"mature-market low",wastes,426.67,361.00,dt,12274000000,BTU,0.45
FOG,"FOG, brown grease",55141,"Wood County",WI,"Lake States",809.25,"mature-market medium",wastes,426.67,361.00,dt,12274000000,BTU,0.45
FOG,"FOG, brown grease",55141,"Wood County",WI,"Lake States",809.25,near-term,wastes,426.67,488.00,dt,16592000000,BTU,0.60
FOG,"FOG, yellow grease",55001,"Adams County",WI,"Lake States",687.48,Emerging,wastes,570.56,56.00,dt,1904000000,BTU,0.08
FOG,"FOG, yellow grease",55001,"Adams County",WI,"Lake States",687.48,"mature-market high",wastes,570.56,56.00,dt,1904000000,BTU,0.08
FOG,"FOG, yellow grease",55001,"Adams County",WI,"Lake States",687.48,"mature-market low",wastes,550.36,56.00,dt,1904000000,BTU,0.08
FOG,"FOG, yellow grease",55001,"Adams County",WI,"Lake States",687.48,"mature-market medium",wastes,550.36,56.00,dt,1904000000,BTU,0.08
FOG,"FOG, yellow grease",55001,"Adams County",WI,"Lake States",687.48,near-term,wastes,550.36,90.00,dt,3060000000,BTU,0.13
FOG,"FOG, yellow grease",55003,"Ashland County",WI,"Lake States",1054.13,Emerging,wastes,570.56,53.00,dt,1802000000,BTU,0.05
FOG,"FOG, yellow grease",55003,"Ashland County",WI,"Lake States",1054.13,"mature-market high",wastes,570.56,53.00,dt,1802000000,BTU,0.05
FOG,"FOG, yellow grease",55003,"Ashland County",WI,"Lake States",1054.13,"mature-market low",wastes,550.36,53.00,dt,1802000000,BTU,0.05
FOG,"FOG, yellow grease",55003,"Ashland County",WI,"Lake States",1054.13,"mature-market medium",wastes,550.36,53.00,dt,1802000000,BTU,0.05
FOG,"FOG, yellow grease",55003,"Ashland County",WI,"Lake States",1054.13,near-term,wastes,550.36,69.00,dt,2346000000,BTU,0.07
FOG,"FOG, yellow grease",55005,"Barron County",WI,"Lake States",889.76,Emerging,wastes,570.56,161.00,dt,5474000000,BTU,0.18
FOG,"FOG, yellow grease",55005,"Barron County",WI,"Lake States",889.76,"mature-market high",wastes,570.56,161.00,dt,5474000000,BTU,0.18
FOG,"FOG, yellow grease",55005,"Barron County",WI,"Lake States",889.76,"mature-market low",wastes,550.36,161.00,dt,5474000000,BTU,0.18
FOG,"FOG, yellow grease",55005,"Barron County",WI,"Lake States",889.76,"mature-market medium",wastes,550.36,161.00,dt,5474000000,BTU,0.18
FOG,"FOG, yellow grease",55005,"Barron County",WI,"Lake States",889.76,near-term,wastes,550.36,200.00,dt,6800000000,BTU,0.22
FOG,"FOG, yellow grease",55007,"Bayfield County",WI,"Lake States",1511.34,Emerging,wastes,570.56,57.00,dt,1938000000,BTU,0.04
FOG,"FOG, yellow grease",55007,"Bayfield County",WI,"Lake States",1511.34,"mature-market high",wastes,570.56,57.00,dt,1938000000,BTU,0.04
FOG,"FOG, yellow grease",55007,"Bayfield County",WI,"Lake States",1511.34,"mature-market low",wastes,550.36,57.00,dt,1938000000,BTU,0.04
FOG,"FOG, yellow grease",55007,"Bayfield County",WI,"Lake States",1511.34,"mature-market medium",wastes,550.36,57.00,dt,1938000000,BTU,0.04
FOG,"FOG, yellow grease",55007,"Bayfield County",WI,"Lake States",1511.34,near-term,wastes,550.36,67.00,dt,2278000000,BTU,0.04
FOG,"FOG, yellow grease",55009,"Brown County",WI,"Lake States",531.24,Emerging,wastes,570.56,1366.00,dt,46444000000,BTU,2.57
FOG,"FOG, yellow grease",55009,"Brown County",WI,"Lake States",531.24,"mature-market high",wastes,570.56,1366.00,dt,46444000000,BTU,2.57
FOG,"FOG, yellow grease",55009,"Brown County",WI,"Lake States",531.24,"mature-market low",wastes,550.36,1366.00,dt,46444000000,BTU,2.57
FOG,"FOG, yellow grease",55009,"Brown County",WI,"Lake States",531.24,"mature-market medium",wastes,550.36,1366.00,dt,46444000000,BTU,2.57
FOG,"FOG, yellow grease",55009,"Brown County",WI,"Lake States",531.24,near-term,wastes,550.36,1172.00,dt,39848000000,BTU,2.21
FOG,"FOG, yellow grease",55011,"Buffalo County",WI,"Lake States",709.59,Emerging,wastes,570.56,42.00,dt,1428000000,BTU,0.06
FOG,"FOG, yellow grease",55011,"Buffalo County",WI,"Lake States",709.59,"mature-market high",wastes,570.56,42.00,dt,1428000000,BTU,0.06
FOG,"FOG, yellow grease",55011,"Buffalo County",WI,"Lake States",709.59,"mature-market low",wastes,550.36,42.00,dt,1428000000,BTU,0.06
FOG,"FOG, yellow grease",55011,"Buffalo County",WI,"Lake States",709.59,"mature-market medium",wastes,550.36,42.00,dt,1428000000,BTU,0.06
FOG,"FOG, yellow grease",55011,"Buffalo County",WI,"Lake States",709.59,near-term,wastes,550.36,58.00,dt,1972000000,BTU,0.08
FOG,"FOG, yellow grease",55013,"Burnett County",WI,"Lake States",880.22,Emerging,wastes,570.56,45.00,dt,1530000000,BTU,0.05
FOG,"FOG, yellow grease",55013,"Burnett County",WI,"Lake States",880.22,"mature-market high",wastes,570.56,45.00,dt,1530000000,BTU,0.05
FOG,"FOG, yellow grease",55013,"Burnett County",WI,"Lake States",880.22,"mature-market low",wastes,550.36,45.00,dt,1530000000,BTU,0.05
FOG,"FOG, yellow grease",55013,"Burnett County",WI,"Lake States",880.22,"mature-market medium",wastes,550.36,45.00,dt,1530000000,BTU,0.05
FOG,"FOG, yellow grease",55013,"Burnett County",WI,"Lake States",880.22,near-term,wastes,550.36,68.00,dt,2312000000,BTU,0.08
FOG,"FOG, yellow grease",55015,"Calumet County",WI,"Lake States",397.08,Emerging,wastes,570.56,217.00,dt,7378000000,BTU,0.55
FOG,"FOG, yellow grease",55015,"Calumet County",WI,"Lake States",397.08,"mature-market high",wastes,570.56,217.00,dt,7378000000,BTU,0.55
FOG,"FOG, yellow grease",55015,"Calumet County",WI,"Lake States",397.08,"mature-market low",wastes,550.36,217.00,dt,7378000000,BTU,0.55
FOG,"FOG, yellow grease",55015,"Calumet County",WI,"Lake States",397.08,"mature-market medium",wastes,550.36,217.00,dt,7378000000,BTU,0.55
FOG,"FOG, yellow grease",55015,"Calumet County",WI,"Lake States",397.08,near-term,wastes,550.36,222.00,dt,7548000000,BTU,0.56
FOG,"FOG, yellow grease",55017,"Chippewa County",WI,"Lake States",1041.27,Emerging,wastes,570.56,276.00,dt,9384000000,BTU,0.27
FOG,"FOG, yellow grease",55017,"Chippewa County",WI,"Lake States",1041.27,"mature-market high",wastes,570.56,276.00,dt,9384000000,BTU,0.27
FOG,"FOG, yellow grease",55017,"Chippewa County",WI,"Lake States",1041.27,"mature-market low",wastes,550.36,276.00,dt,9384000000,BTU,0.27
FOG,"FOG, yellow grease",55017,"Chippewa County",WI,"Lake States",1041.27,"mature-market medium",wastes,550.36,276.00,dt,9384000000,BTU,0.27
FOG,"FOG, yellow grease",55017,"Chippewa County",WI,"Lake States",1041.27,near-term,wastes,550.36,286.00,dt,9724000000,BTU,0.27
FOG,"FOG, yellow grease",55019,"Clark County",WI,"Lake States",1218.67,Emerging,wastes,570.56,114.00,dt,3876000000,BTU,0.09
FOG,"FOG, yellow grease",55019,"Clark County",WI,"Lake States",1218.67,"mature-market high",wastes,570.56,114.00,dt,3876000000,BTU,0.09
FOG,"FOG, yellow grease",55019,"Clark County",WI,"Lake States",1218.67,"mature-market low",wastes,550.36,114.00,dt,3876000000,BTU,0.09
FOG,"FOG, yellow grease",55019,"Clark County",WI,"Lake States",1218.67,"mature-market medium",wastes,550.36,114.00,dt,3876000000,BTU,0.09
FOG,"FOG, yellow grease",55019,"Clark County",WI,"Lake States",1218.67,near-term,wastes,550.36,154.00,dt,5236000000,BTU,0.13
FOG,"FOG, yellow grease",55021,"Columbia County",WI,"Lake States",795.99,Emerging,wastes,570.56,224.00,dt,7616000000,BTU,0.28
FOG,"FOG, yellow grease",55021,"Columbia County",WI,"Lake States",795.99,"mature-market high",wastes,570.56,224.00,dt,7616000000,BTU,0.28
FOG,"FOG, yellow grease",55021,"Columbia County",WI,"Lake States",795.99,"mature-market low",wastes,550.36,224.00,dt,7616000000,BTU,0.28
FOG,"FOG, yellow grease",55021,"Columbia County",WI,"Lake States",795.99,"mature-market medium",wastes,550.36,224.00,dt,7616000000,BTU,0.28
FOG,"FOG, yellow grease",55021,"Columbia County",WI,"Lake States",795.99,near-term,wastes,550.36,255.00,dt,8670000000,BTU,0.32
FOG,"FOG, yellow grease",55023,"Crawford County",WI,"Lake States",599.21,Emerging,wastes,570.56,59.00,dt,2006000000,BTU,0.10
FOG,"FOG, yellow grease",55023,"Crawford County",WI,"Lake States",599.21,"mature-market high",wastes,570.56,59.00,dt,2006000000,BTU,0.10
FOG,"FOG, yellow grease",55023,"Crawford County",WI,"Lake States",599.21,"mature-market low",wastes,550.36,59.00,dt,2006000000,BTU,0.10
FOG,"FOG, yellow grease",55023,"Crawford County",WI,"Lake States",599.21,"mature-market medium",wastes,550.36,59.00,dt,2006000000,BTU,0.10
FOG,"FOG, yellow grease",55023,"Crawford County",WI,"Lake States",599.21,near-term,wastes,550.36,71.00,dt,2414000000,BTU,0.12
FOG,"FOG, yellow grease",55025,"Dane County",WI,"Lake States",1237.5,Emerging,wastes,570.56,3723.00,dt,126582000000,BTU,3.01
FOG,"FOG, yellow grease",55025,"Dane County",WI,"Lake States",1237.5,"mature-market high",wastes,570.56,3723.00,dt,126582000000,BTU,3.01
FOG,"FOG, yellow grease",55025,"Dane County",WI,"Lake States",1237.5,"mature-market low",wastes,550.36,3723.00,dt,126582000000,BTU,3.01
FOG,"FOG, yellow grease",55025,"Dane County",WI,"Lake States",1237.5,"mature-market medium",wastes,550.36,3723.00,dt,126582000000,BTU,3.01
FOG,"FOG, yellow grease",55025,"Dane County",WI,"Lake States",1237.5,near-term,wastes,550.36,2422.00,dt,82348000000,BTU,1.96
FOG,"FOG, yellow grease",55027,"Dodge County",WI,"Lake States",907.1,Emerging,wastes,570.56,358.00,dt,12172000000,BTU,0.39
FOG,"FOG, yellow grease",55027,"Dodge County",WI,"Lake States",907.1,"mature-market high",wastes,570.56,358.00,dt,12172000000,BTU,0.39
FOG,"FOG, yellow grease",55027,"Dodge County",WI,"Lake States",907.1,"mature-market low",wastes,550.36,358.00,dt,12172000000,BTU,0.39
FOG,"FOG, yellow grease",55027,"Dodge County",WI,"Lake States",907.1,"mature-market medium",wastes,550.36,358.00,dt,12172000000,BTU,0.39
FOG,"FOG, yellow grease",55027,"Dodge County",WI,"Lake States",907.1,near-term,wastes,550.36,389.00,dt,13226000000,BTU,0.43
FOG,"FOG, yellow grease",55029,"Door County",WI,"Lake States",487.56,Emerging,wastes,570.56,103.00,dt,3502000000,BTU,0.21
FOG,"FOG, yellow grease",55029,"Door County",WI,"Lake States",487.56,"mature-market high",wastes,570.56,103.00,dt,3502000000,BTU,0.21
FOG,"FOG, yellow grease",55029,"Door County",WI,"Lake States",487.56,"mature-market low",wastes,550.36,103.00,dt,3502000000,BTU,0.21
FOG,"FOG, yellow grease",55029,"Door County",WI,"Lake States",487.56,"mature-market medium",wastes,550.36,103.00,dt,3502000000,BTU,0.21
FOG,"FOG, yellow grease",55029,"Door County",WI,"Lake States",487.56,near-term,wastes,550.36,123.00,dt,4182000000,BTU,0.25
FOG,"FOG, yellow grease",55031,"Douglas County",WI,"Lake States",1332.11,Emerging,wastes,570.56,150.00,dt,5100000000,BTU,0.11
FOG,"FOG, yellow grease",55031,"Douglas County",WI,"Lake States",1332.11,"mature-market high",wastes,570.56,150.00,dt,5100000000,BTU,0.11
FOG,"FOG, yellow grease",55031,"Douglas County",WI,"Lake States",1332.11,"mature-market low",wastes,550.36,150.00,dt,5100000000,BTU,0.11
FOG,"FOG, yellow grease",55031,"Douglas County",WI,"Lake States",1332.11,"mature-market medium",wastes,550.36,150.00,dt,5100000000,BTU,0.11
FOG,"FOG, yellow grease",55031,"Douglas County",WI,"Lake States",1332.11,near-term,wastes,550.36,191.00,dt,6494000000,BTU,0.14
FOG,"FOG, yellow grease",55033,"Dunn County",WI,"Lake States",863.89,Emerging,wastes,570.56,199.00,dt,6766000000,BTU,0.23
FOG,"FOG, yellow grease",55033,"Dunn County",WI,"Lake States",863.89,"mature-market high",wastes,570.56,199.00,dt,6766000000,BTU,0.23
FOG,"FOG, yellow grease",55033,"Dunn County",WI,"Lake States",863.89,"mature-market low",wastes,550.36,199.00,dt,6766000000,BTU,0.23
FOG,"FOG, yellow grease",55033,"Dunn County",WI,"Lake States",863.89,"mature-market medium",wastes,550.36,199.00,dt,6766000000,BTU,0.23
FOG,"FOG, yellow grease",55033,"Dunn County",WI,"Lake States",863.89,near-term,wastes,550.36,201.00,dt,6834000000,BTU,0.23
FOG,"FOG, yellow grease",55035,"Eau Claire County",WI,"Lake States",645.2,Emerging,wastes,570.56,555.00,dt,18870000000,BTU,0.86
FOG,"FOG, yellow grease",55035,"Eau Claire County",WI,"Lake States",645.2,"mature-market high",wastes,570.56,555.00,dt,18870000000,BTU,0.86
FOG,"FOG, yellow grease",55035,"Eau Claire County",WI,"Lake States",645.2,"mature-market low",wastes,550.36,555.00,dt,18870000000,BTU,0.86
FOG,"FOG, yellow grease",55035,"Eau Claire County",WI,"Lake States",645.2,"mature-market medium",wastes,550.36,555.00,dt,18870000000,BTU,0.86
FOG,"FOG, yellow grease",55035,"Eau Claire County",WI,"Lake States",645.2,near-term,wastes,550.36,464.00,dt,15776000000,BTU,0.72
FOG,"FOG, yellow grease",55037,"Florence County",WI,"Lake States",497.43,Emerging,wastes,570.56,17.00,dt,578000000,BTU,0.03
FOG,"FOG, yellow grease",55037,"Florence County",WI,"Lake States",497.43,"mature-market high",wastes,570.56,17.00,dt,578000000,BTU,0.03
FOG,"FOG, yellow grease",55037,"Florence County",WI,"Lake States",497.43,"mature-market low",wastes,550.36,17.00,dt,578000000,BTU,0.03
FOG,"FOG, yellow grease",55037,"Florence County",WI,"Lake States",497.43,"mature-market medium",wastes,550.36,17.00,dt,578000000,BTU,0.03
FOG,"FOG, yellow grease",55037,"Florence County",WI,"Lake States",497.43,near-term,wastes,550.36,19.00,dt,646000000,BTU,0.04
FOG,"FOG, yellow grease",55039,"Fond du Lac County",WI,"Lake States",765.84,Emerging,wastes,570.56,425.00,dt,14450000000,BTU,0.55
FOG,"FOG, yellow grease",55039,"Fond du Lac County",WI,"Lake States",765.84,"mature-market high",wastes,570.56,425.00,dt,14450000000,BTU,0.55
FOG,"FOG, yellow grease",55039,"Fond du Lac County",WI,"Lake States",765.84,"mature-market low",wastes,550.36,425.00,dt,14450000000,BTU,0.55
FOG,"FOG, yellow grease",55039,"Fond du Lac County",WI,"Lake States",765.84,"mature-market medium",wastes,550.36,425.00,dt,14450000000,BTU,0.55
FOG,"FOG, yellow grease",55039,"Fond du Lac County",WI,"Lake States",765.84,near-term,wastes,550.36,458.00,dt,15572000000,BTU,0.60
FOG,"FOG, yellow grease",55041,"Forest County",WI,"Lake States",1046.52,Emerging,wastes,570.56,27.00,dt,918000000,BTU,0.03
FOG,"FOG, yellow grease",55041,"Forest County",WI,"Lake States",1046.52,"mature-market high",wastes,570.56,27.00,dt,918000000,BTU,0.03
FOG,"FOG, yellow grease",55041,"Forest County",WI,"Lake States",1046.52,"mature-market low",wastes,550.36,27.00,dt,918000000,BTU,0.03
FOG,"FOG, yellow grease",55041,"Forest County",WI,"Lake States",1046.52,"mature-market medium",wastes,550.36,27.00,dt,918000000,BTU,0.03
FOG,"FOG, yellow grease",55041,"Forest County",WI,"Lake States",1046.52,near-term,wastes,550.36,40.00,dt,1360000000,BTU,0.04
FOG,"FOG, yellow grease",55043,"Grant County",WI,"Lake States",1183.37,Emerging,wastes,570.56,261.00,dt,8874000000,BTU,0.22
FOG,"FOG, yellow grease",55043,"Grant County",WI,"Lake States",1183.37,"mature-market high",wastes,570.56,261.00,dt,8874000000,BTU,0.22
FOG,"FOG, yellow grease",55043,"Grant County",WI,"Lake States",1183.37,"mature-market low",wastes,550.36,261.00,dt,8874000000,BTU,0.22
FOG,"FOG, yellow grease",55043,"Grant County",WI,"Lake States",1183.37,"mature-market medium",wastes,550.36,261.00,dt,8874000000,BTU,0.22
FOG,"FOG, yellow grease",55043,"Grant County",WI,"Lake States",1183.37,near-term,wastes,550.36,228.00,dt,7752000000,BTU,0.19
FOG,"FOG, yellow grease",55045,"Green County",WI,"Lake States",584.55,Emerging,wastes,570.56,157.00,dt,5338000000,BTU,0.27
FOG,"FOG, yellow grease",55045,"Green County",WI,"Lake States",584.55,"mature-market high",wastes,570.56,157.00,dt,5338000000,BTU,0.27
FOG,"FOG, yellow grease",55045,"Green County",WI,"Lake States",584.55,"mature-market low",wastes,550.36,157.00,dt,5338000000,BTU,0.27
FOG,"FOG, yellow grease",55045,"Green County",WI,"Lake States",584.55,"mature-market medium",wastes,550.36,157.00,dt,5338000000,BTU,0.27
FOG,"FOG, yellow grease",55045,"Green County",WI,"Lake States",584.55,near-term,wastes,550.36,164.00,dt,5576000000,BTU,0.28
FOG,"FOG, yellow grease",55047,"Green Lake County",WI,"Lake States",380.13,Emerging,wastes,570.56,70.00,dt,2380000000,BTU,0.18
FOG,"FOG, yellow grease",55047,"Green Lake County",WI,"Lake States",380.13,"mature-market high",wastes,570.56,70.00,dt,2380000000,BTU,0.18
FOG,"FOG, yellow grease",55047,"Green Lake County",WI,"Lake States",380.13,"mature-market low",wastes,550.36,70.00,dt,2380000000,BTU,0.18
FOG,"FOG, yellow grease",55047,"Green Lake County",WI,"Lake States",380.13,"mature-market medium",wastes,550.36,70.00,dt,2380000000,BTU,0.18
FOG,"FOG, yellow grease",55047,"Green Lake County",WI,"Lake States",380.13,near-term,wastes,550.36,84.00,dt,2856000000,BTU,0.22
FOG,"FOG, yellow grease",55049,"Iowa County",WI,"Lake States",768.05,Emerging,wastes,570.56,91.00,dt,3094000000,BTU,0.12
FOG,"FOG, yellow grease",55049,"Iowa County",WI,"Lake States",768.05,"mature-market high",wastes,570.56,91.00,dt,3094000000,BTU,0.12
FOG,"FOG, yellow grease",55049,"Iowa County",WI,"Lake States",768.05,"mature-market low",wastes,550.36,91.00,dt,3094000000,BTU,0.12
FOG,"FOG, yellow grease",55049,"Iowa County",WI,"Lake States",768.05,"mature-market medium",wastes,550.36,91.00,dt,3094000000,BTU,0.12
FOG,"FOG, yellow grease",55049,"Iowa County",WI,"Lake States",768.05,near-term,wastes,550.36,105.00,dt,3570000000,BTU,0.14
FOG,"FOG, yellow grease",55051,"Iron County",WI,"Lake States",802.62,Emerging,wastes,570.56,19.00,dt,646000000,BTU,0.02
FOG,"FOG, yellow grease",55051,"Iron County",WI,"Lake States",802.62,"mature-market high",wastes,570.56,19.00,dt,646000000,BTU,0.02
FOG,"FOG, yellow grease",55051,"Iron County",WI,"Lake States",802.62,"mature-market low",wastes,550.36,19.00,dt,646000000,BTU,0.02
FOG,"FOG, yellow grease",55051,"Iron County",WI,"Lake States",802.62,"mature-market medium",wastes,550.36,19.00,dt,646000000,BTU,0.02
FOG,"FOG, yellow grease",55051,"Iron County",WI,"Lake States",802.62,near-term,wastes,550.36,25.00,dt,850000000,BTU,0.03
FOG,"FOG, yellow grease",55053,"Jackson County",WI,"Lake States",1000.48,Emerging,wastes,570.56,85.00,dt,2890000000,BTU,0.08
FOG,"FOG, yellow grease",55053,"Jackson County",WI,"Lake States",1000.48,"mature-market high",wastes,570.56,85.00,dt,2890000000,BTU,0.08
FOG,"FOG, yellow grease",55053,"Jackson County",WI,"Lake States",1000.48,"mature-market low",wastes,550.36,85.00,dt,2890000000,BTU,0.08
FOG,"FOG, yellow grease",55053,"Jackson County",WI,"Lake States",1000.48,"mature-market medium",wastes,550.36,85.00,dt,2890000000,BTU,0.08
FOG,"FOG, yellow grease",55053,"Jackson County",WI,"Lake States",1000.48,near-term,wastes,550.36,91.00,dt,3094000000,BTU,0.09
FOG,"FOG, yellow grease",55055,"Jefferson County",WI,"Lake States",582.74,Emerging,wastes,570.56,362.00,dt,12308000000,BTU,0.62
FOG,"FOG, yellow grease",55055,"Jefferson County",WI,"Lake States",582.74,"mature-market high",wastes,570.56,362.00,dt,12308000000,BTU,0.62
FOG,"FOG, yellow grease",55055,"Jefferson County",WI,"Lake States",582.74,"mature-market low",wastes,550.36,362.00,dt,12308000000,BTU,0.62
FOG,"FOG, yellow grease",55055,"Jefferson County",WI,"Lake States",582.74,"mature-market medium",wastes,550.36,362.00,dt,12308000000,BTU,0.62
FOG,"FOG, yellow grease",55055,"Jefferson County",WI,"Lake States",582.74,near-term,wastes,550.36,376.00,dt,12784000000,BTU,0.65
FOG,"FOG, yellow grease",55057,"Juneau County",WI,"Lake States",805.17,Emerging,wastes,570.56,91.00,dt,3094000000,BTU,0.11
FOG,"FOG, yellow grease",55057,"Juneau County",WI,"Lake States",805.17,"mature-market high",wastes,570.56,91.00,dt,3094000000,BTU,0.11
FOG,"FOG, yellow grease",55057,"Juneau County",WI,"Lake States",805.17,"mature-market low",wastes,550.36,91.00,dt,3094000000,BTU,0.11
FOG,"FOG, yellow grease",55057,"Juneau County",WI,"Lake States",805.17,"mature-market medium",wastes,550.36,91.00,dt,3094000000,BTU,0.11
FOG,"FOG, yellow grease",55057,"Juneau County",WI,"Lake States",805.17,near-term,wastes,550.36,118.00,dt,4012000000,BTU,0.15
FOG,"FOG, yellow grease",55059,"Kenosha County",WI,"Lake States",278.42,Emerging,wastes,570.56,759.00,dt,25806000000,BTU,2.73
FOG,"FOG, yellow grease",55059,"Kenosha County",WI,"Lake States",278.42,"mature-market high",wastes,570.56,759.00,dt,25806000000,BTU,2.73
FOG,"FOG, yellow grease",55059,"Kenosha County",WI,"Lake States",278.42,"mature-market low",wastes,550.36,759.00,dt,25806000000,BTU,2.73
FOG,"FOG, yellow grease",55059,"Kenosha County",WI,"Lake States",278.42,"mature-market medium",wastes,550.36,759.00,dt,25806000000,BTU,2.73
FOG,"FOG, yellow grease",55059,"Kenosha County",WI,"Lake States",278.42,near-term,wastes,550.36,751.00,dt,25534000000,BTU,2.70
FOG,"FOG, yellow grease",55061,"Kewaunee County",WI,"Lake States",343.95,Emerging,wastes,570.56,70.00,dt,2380000000,BTU,0.20
FOG,"FOG, yellow grease",55061,"Kewaunee County",WI,"Lake States",343.95,"mature-market high",wastes,570.56,70.00,dt,2380000000,BTU,0.20
FOG,"FOG, yellow grease",55061,"Kewaunee County",WI,"Lake States",343.95,"mature-market low",wastes,550.36,70.00,dt,2380000000,BTU,0.20
FOG,"FOG, yellow grease",55061,"Kewaunee County",WI,"Lake States",343.95,"mature-market medium",wastes,550.36,70.00,dt,2380000000,BTU,0.20
FOG,"FOG, yellow grease",55061,"Kewaunee County",WI,"Lake States",343.95,near-term,wastes,550.36,91.00,dt,3094000000,BTU,0.26
FOG,"FOG, yellow grease",55063,"La Crosse County",WI,"Lake States",480.05,Emerging,wastes,570.56,636.00,dt,21624000000,BTU,1.32
FOG,"FOG, yellow grease",55063,"La Crosse County",WI,"Lake States",480.05,"mature-market high",wastes,570.56,636.00,dt,21624000000,BTU,1.32
FOG,"FOG, yellow grease",55063,"La Crosse County",WI,"Lake States",480.05,"mature-market low",wastes,550.36,636.00,dt,21624000000,BTU,1.32
FOG,"FOG, yellow grease",55063,"La Crosse County",WI,"Lake States",480.05,"mature-market medium",wastes,550.36,636.00,dt,21624000000,BTU,1.32
FOG,"FOG, yellow grease",55063,"La Crosse County",WI,"Lake States",480.05,near-term,wastes,550.36,523.00,dt,17782000000,BTU,1.09
FOG,"FOG, yellow grease",55065,"Lafayette County",WI,"Lake States",634.57,Emerging,wastes,570.56,61.00,dt,2074000000,BTU,0.10
FOG,"FOG, yellow grease",55065,"Lafayette County",WI,"Lake States",634.57,"mature-market high",wastes,570.56,61.00,dt,2074000000,BTU,0.10
FOG,"FOG, yellow grease",55065,"Lafayette County",WI,"Lake States",634.57,"mature-market low",wastes,550.36,61.00,dt,2074000000,BTU,0.10
FOG,"FOG, yellow grease",55065,"Lafayette County",WI,"Lake States",634.57,"mature-market medium",wastes,550.36,61.00,dt,2074000000,BTU,0.10
FOG,"FOG, yellow grease",55065,"Lafayette County",WI,"Lake States",634.57,near-term,wastes,550.36,74.00,dt,2516000000,BTU,0.12
FOG,"FOG, yellow grease",55067,"Langlade County",WI,"Lake States",887.79,Emerging,wastes,570.56,50.00,dt,1700000000,BTU,0.06
FOG,"FOG, yellow grease",55067,"Langlade County",WI,"Lake States",887.79,"mature-market high",wastes,570.56,50.00,dt,1700000000,BTU,0.06
FOG,"FOG, yellow grease",55067,"Langlade County",WI,"Lake States",887.79,"mature-market low",wastes,550.36,50.00,dt,1700000000,BTU,0.06
FOG,"FOG, yellow grease",55067,"Langlade County",WI,"Lake States",887.79,"mature-market medium",wastes,550.36,50.00,dt,1700000000,BTU,0.06
FOG,"FOG, yellow grease",55067,"Langlade County",WI,"Lake States",887.79,near-term,wastes,550.36,85.00,dt,2890000000,BTU,0.10
FOG,"FOG, yellow grease",55069,"Lincoln County",WI,"Lake States",906.79,Emerging,wastes,570.56,86.00,dt,2924000000,BTU,0.09
FOG,"FOG, yellow grease",55069,"Lincoln County",WI,"Lake States",906.79,"mature-market high",wastes,570.56,86.00,dt,2924000000,BTU,0.09
FOG,"FOG, yellow grease",55069,"Lincoln County",WI,"Lake States",906.79,"mature-market low",wastes,550.36,86.00,dt,2924000000,BTU,0.09
FOG,"FOG, yellow grease",55069,"Lincoln County",WI,"Lake States",906.79,"mature-market medium",wastes,550.36,86.00,dt,2924000000,BTU,0.09
FOG,"FOG, yellow grease",55069,"Lincoln County",WI,"Lake States",906.79,near-term,wastes,550.36,122.00,dt,4148000000,BTU,0.13
FOG,"FOG, yellow grease",55071,"Manitowoc County",WI,"Lake States",594.62,Emerging,wastes,570.56,269.00,dt,9146000000,BTU,0.45
FOG,"FOG, yellow grease",55071,"Manitowoc County",WI,"Lake States",594.62,"mature-market high",wastes,570.56,269.00,dt,9146000000,BTU,0.45
FOG,"FOG, yellow grease",55071,"Manitowoc County",WI,"Lake States",594.62,"mature-market low",wastes,550.36,269.00,dt,9146000000,BTU,0.45
FOG,"FOG, yellow grease",55071,"Manitowoc County",WI,"Lake States",594.62,"mature-market medium",wastes,550.36,269.00,dt,9146000000,BTU,0.45
FOG,"FOG, yellow grease",55071,"Manitowoc County",WI,"Lake States",594.62,near-term,wastes,550.36,350.00,dt,11900000000,BTU,0.59
FOG,"FOG, yellow grease",55073,"Marathon County",WI,"Lake States",1576.33,Emerging,wastes,570.56,574.00,dt,19516000000,BTU,0.36
FOG,"FOG, yellow grease",55073,"Marathon County",WI,"Lake States",1576.33,"mature-market high",wastes,570.56,574.00,dt,19516000000,BTU,0.36
FOG,"FOG, yellow grease",55073,"Marathon County",WI,"Lake States",1576.33,"mature-market low",wastes,550.36,574.00,dt,19516000000,BTU,0.36
FOG,"FOG, yellow grease",55073,"Marathon County",WI,"Lake States",1576.33,"mature-market medium",wastes,550.36,574.00,dt,19516000000,BTU,0.36
FOG,"FOG, yellow grease",55073,"Marathon County",WI,"Lake States",1576.33,near-term,wastes,550.36,601.00,dt,20434000000,BTU,0.38
FOG,"FOG, yellow grease",55075,"Marinette County",WI,"Lake States",1429.25,Emerging,wastes,570.56,126.00,dt,4284000000,BTU,0.09
FOG,"FOG, yellow grease",55075,"Marinette County",WI,"Lake States",1429.25,"mature-market high",wastes,570.56,126.00,dt,4284000000,BTU,0.09
FOG,"FOG, yellow grease",55075,"Marinette County",WI,"Lake States",1429.25,"mature-market low",wastes,550.36,126.00,dt,4284000000,BTU,0.09
FOG,"FOG, yellow grease",55075,"Marinette County",WI,"Lake States",1429.25,"mature-market medium",wastes,550.36,126.00,dt,4284000000,BTU,0.09
FOG,"FOG, yellow grease",55075,"Marinette County",WI,"Lake States",1429.25,near-term,wastes,550.36,179.00,dt,6086000000,BTU,0.13
FOG,"FOG, yellow grease",55077,"Marquette County",WI,"Lake States",464.47,Emerging,wastes,570.56,47.00,dt,1598000000,BTU,0.10
FOG,"FOG, yellow grease",55077,"Marquette County",WI,"Lake States",464.47,"mature-market high",wastes,570.56,47.00,dt,1598000000,BTU,0.10
FOG,"FOG, yellow grease",55077,"Marquette County",WI,"Lake States",464.47,"mature-market low",wastes,550.36,47.00,dt,1598000000,BTU,0.10
FOG,"FOG, yellow grease",55077,"Marquette County",WI,"Lake States",464.47,"mature-market medium",wastes,550.36,47.00,dt,1598000000,BTU,0.10
FOG,"FOG, yellow grease",55077,"Marquette County",WI,"Lake States",464.47,near-term,wastes,550.36,69.00,dt,2346000000,BTU,0.15
FOG,"FOG, yellow grease",55078,"Menominee County",WI,"Lake States",364.96,Emerging,wastes,570.56,23.00,dt,782000000,BTU,0.06
FOG,"FOG, yellow grease",55078,"Menominee County",WI,"Lake States",364.96,"mature-market high",wastes,570.56,23.00,dt,782000000,BTU,0.06
FOG,"FOG, yellow grease",55078,"Menominee County",WI,"Lake States",364.96,"mature-market low",wastes,550.36,23.00,dt,782000000,BTU,0.06
FOG,"FOG, yellow grease",55078,"Menominee County",WI,"Lake States",364.96,"mature-market medium",wastes,550.36,23.00,dt,782000000,BTU,0.06
FOG,"FOG, yellow grease",55078,"Menominee County",WI,"Lake States",364.96,near-term,wastes,550.36,20.00,dt,680000000,BTU,0.05
FOG,"FOG, yellow grease",55079,"Milwaukee County",WI,"Lake States",242.17,Emerging,wastes,570.56,4586.00,dt,155924000000,BTU,18.94
FOG,"FOG, yellow grease",55079,"Milwaukee County",WI,"Lake States",242.17,"mature-market high",wastes,570.56,4586.00,dt,155924000000,BTU,18.94
FOG,"FOG, yellow grease",55079,"Milwaukee County",WI,"Lake States",242.17,"mature-market low",wastes,550.36,4586.00,dt,155924000000,BTU,18.94
FOG,"FOG, yellow grease",55079,"Milwaukee County",WI,"Lake States",242.17,"mature-market medium",wastes,550.36,4586.00,dt,155924000000,BTU,18.94
FOG,"FOG, yellow grease",55079,"Milwaukee County",WI,"Lake States",242.17,near-term,wastes,550.36,4190.00,dt,142460000000,BTU,17.30
FOG,"FOG, yellow grease",55081,"Monroe County",WI,"Lake States",908.08,Emerging,wastes,570.56,186.00,dt,6324000000,BTU,0.20
FOG,"FOG, yellow grease",55081,"Monroe County",WI,"Lake States",908.08,"mature-market high",wastes,570.56,186.00,dt,6324000000,BTU,0.20
FOG,"FOG, yellow grease",55081,"Monroe County",WI,"Lake States",908.08,"mature-market low",wastes,550.36,186.00,dt,6324000000,BTU,0.20
FOG,"FOG, yellow grease",55081,"Monroe County",WI,"Lake States",908.08,"mature-market medium",wastes,550.36,186.00,dt,6324000000,BTU,0.20
FOG,"FOG, yellow grease",55081,"Monroe County",WI,"Lake States",908.08,near-term,wastes,550.36,205.00,dt,6970000000,BTU,0.23
FOG,"FOG, yellow grease",55083,"Oconto County",WI,"Lake States",1016.31,Emerging,wastes,570.56,131.00,dt,4454000000,BTU,0.13
FOG,"FOG, yellow grease",55083,"Oconto County",WI,"Lake States",1016.31,"mature-market high",wastes,570.56,131.00,dt,4454000000,BTU,0.13
FOG,"FOG, yellow grease",55083,"Oconto County",WI,"Lake States",1016.31,"mature-market low",wastes,550.36,131.00,dt,4454000000,BTU,0.13
FOG,"FOG, yellow grease",55083,"Oconto County",WI,"Lake States",1016.31,"mature-market medium",wastes,550.36,131.00,dt,4454000000,BTU,0.13
FOG,"FOG, yellow grease",55083,"Oconto County",WI,"Lake States",1016.31,near-term,wastes,550.36,168.00,dt,5712000000,BTU,0.17
FOG,"FOG, yellow grease",55085,"Oneida County",WI,"Lake States",1236.57,Emerging,wastes,570.56,123.00,dt,4182000000,BTU,0.10
FOG,"FOG, yellow grease",55085,"Oneida County",WI,"Lake States",1236.57,"mature-market high",wastes,570.56,123.00,dt,4182000000,BTU,0.10
FOG,"FOG, yellow grease",55085,"Oneida County",WI,"Lake States",1236.57,"mature-market low",wastes,550.36,123.00,dt,4182000000,BTU,0.10
FOG,"FOG, yellow grease",55085,"Oneida County",WI,"Lake States",1236.57,"mature-market medium",wastes,550.36,123.00,dt,4182000000,BTU,0.10
FOG,"FOG, yellow grease",55085,"Oneida County",WI,"Lake States",1236.57,near-term,wastes,550.36,158.00,dt,5372000000,BTU,0.13
FOG,"FOG, yellow grease",55087,"Outagamie County",WI,"Lake States",644.61,Emerging,wastes,570.56,949.00,dt,32266000000,BTU,1.47
FOG,"FOG, yellow grease",55087,"Outagamie County",WI,"Lake States",644.61,"mature-market high",wastes,570.56,949.00,dt,32266000000,BTU,1.47
FOG,"FOG, yellow grease",55087,"Outagamie County",WI,"Lake States",644.61,"mature-market low",wastes,550.36,949.00,dt,32266000000,BTU,1.47
FOG,"FOG, yellow grease",55087,"Outagamie County",WI,"Lake States",644.61,"mature-market medium",wastes,550.36,949.00,dt,32266000000,BTU,1.47
FOG,"FOG, yellow grease",55087,"Outagamie County",WI,"Lake States",644.61,near-term,wastes,550.36,832.00,dt,28288000000,BTU,1.29
FOG,"FOG, yellow grease",55089,"Ozaukee County",WI,"Lake States",235.28,Emerging,wastes,570.56,422.00,dt,14348000000,BTU,1.79
FOG,"FOG, yellow grease",55089,"Ozaukee County",WI,"Lake States",235.28,"mature-market high",wastes,570.56,422.00,dt,14348000000,BTU,1.79
FOG,"FOG, yellow grease",55089,"Ozaukee County",WI,"Lake States",235.28,"mature-market low",wastes,550.36,422.00,dt,14348000000,BTU,1.79
FOG,"FOG, yellow grease",55089,"Ozaukee County",WI,"Lake States",235.28,"mature-market medium",wastes,550.36,422.00,dt,14348000000,BTU,1.79
FOG,"FOG, yellow grease",55089,"Ozaukee County",WI,"Lake States",235.28,near-term,wastes,550.36,395.00,dt,13430000000,BTU,1.68
FOG,"FOG, yellow grease",55091,"Pepin County",WI,"Lake States",248.7,Emerging,wastes,570.56,23.00,dt,782000000,BTU,0.09
FOG,"FOG, yellow grease",55091,"Pepin County",WI,"Lake States",248.7,"mature-market high",wastes,570.56,23.00,dt,782000000,BTU,0.09
FOG,"FOG, yellow grease",55091,"Pepin County",WI,"Lake States",248.7,"mature-market low",wastes,550.36,23.00,dt,782000000,BTU,0.09
FOG,"FOG, yellow grease",55091,"Pepin County",WI,"Lake States",248.7,"mature-market medium",wastes,550.36,23.00,dt,782000000,BTU,0.09
FOG,"FOG, yellow grease",55091,"Pepin County",WI,"Lake States",248.7,near-term,wastes,550.36,32.00,dt,1088000000,BTU,0.13
FOG,"FOG, yellow grease",55093,"Pierce County",WI,"Lake States",592.73,Emerging,wastes,570.56,156.00,dt,5304000000,BTU,0.26
FOG,"FOG, yellow grease",55093,"Pierce County",WI,"Lake States",592.73,"mature-market high",wastes,570.56,156.00,dt,5304000000,BTU,0.26
FOG,"FOG, yellow grease",55093,"Pierce County",WI,"Lake States",592.73,"mature-market low",wastes,550.36,156.00,dt,5304000000,BTU,0.26
FOG,"FOG, yellow grease",55093,"Pierce County",WI,"Lake States",592.73,"mature-market medium",wastes,550.36,156.00,dt,5304000000,BTU,0.26
FOG,"FOG, yellow grease",55093,"Pierce County",WI,"Lake States",592.73,near-term,wastes,550.36,189.00,dt,6426000000,BTU,0.32
FOG,"FOG, yellow grease",55095,"Polk County",WI,"Lake States",956.41,Emerging,wastes,570.56,142.00,dt,4828000000,BTU,0.15
FOG,"FOG, yellow grease",55095,"Polk County",WI,"Lake States",956.41,"mature-market high",wastes,570.56,142.00,dt,4828000000,BTU,0.15
FOG,"FOG, yellow grease",55095,"Polk County",WI,"Lake States",956.41,"mature-market low",wastes,550.36,142.00,dt,4828000000,BTU,0.15
FOG,"FOG, yellow grease",55095,"Polk County",WI,"Lake States",956.41,"mature-market medium",wastes,550.36,142.00,dt,4828000000,BTU,0.15
FOG,"FOG, yellow grease",55095,"Polk County",WI,"Lake States",956.41,near-term,wastes,550.36,194.00,dt,6596000000,BTU,0.20
FOG,"FOG, yellow grease",55097,"Portage County",WI,"Lake States",822.82,Emerging,wastes,570.56,314.00,dt,10676000000,BTU,0.38
FOG,"FOG, yellow grease",55097,"Portage County",WI,"Lake States",822.82,"mature-market high",wastes,570.56,314.00,dt,10676000000,BTU,0.38
FOG,"FOG, yellow grease",55097,"Portage County",WI,"Lake States",822.82,"mature-market low",wastes,550.36,314.00,dt,10676000000,BTU,0.38
FOG,"FOG, yellow grease",55097,"Portage County",WI,"Lake States",822.82,"mature-market medium",wastes,550.36,314.00,dt,10676000000,BTU,0.38
FOG,"FOG, yellow grease",55097,"Portage County",WI,"Lake States",822.82,near-term,wastes,550.36,314.00,dt,10676000000,BTU,0.38
FOG,"FOG, yellow grease",55099,"Price County",WI,"Lake States",1278.04,Emerging,wastes,570.56,42.00,dt,1428000000,BTU,0.03
FOG,"FOG, yellow grease",55099,"Price County",WI,"Lake States",1278.04,"mature-market high",wastes,570.56,42.00,dt,1428000000,BTU,0.03
FOG,"FOG, yellow grease",55099,"Price County",WI,"Lake States",1278.04,"mature-market low",wastes,550.36,42.00,dt,1428000000,BTU,0.03
FOG,"FOG, yellow grease",55099,"Price County",WI,"Lake States",1278.04,"mature-market medium",wastes,550.36,42.00,dt,1428000000,BTU,0.03
FOG,"FOG, yellow grease",55099,"Price County",WI,"Lake States",1278.04,near-term,wastes,550.36,59.00,dt,2006000000,BTU,0.05
FOG,"FOG, yellow grease",55101,"Racine County",WI,"Lake States",340.39,Emerging,wastes,570.56,805.00,dt,27370000000,BTU,2.36
FOG,"FOG, yellow grease",55101,"Racine County",WI,"Lake States",340.39,"mature-market high",wastes,570.56,805.00,dt,27370000000,BTU,2.36
FOG,"FOG, yellow grease",55101,"Racine County",WI,"Lake States",340.39,"mature-market low",wastes,550.36,805.00,dt,27370000000,BTU,2.36
FOG,"FOG, yellow grease",55101,"Racine County",WI,"Lake States",340.39,"mature-market medium",wastes,550.36,805.00,dt,27370000000,BTU,2.36
FOG,"FOG, yellow grease",55101,"Racine County",WI,"Lake States",340.39,near-term,wastes,550.36,870.00,dt,29580000000,BTU,2.56
FOG,"FOG, yellow grease",55103,"Richland County",WI,"Lake States",589.3,Emerging,wastes,570.56,52.00,dt,1768000000,BTU,0.09
FOG,"FOG, yellow grease",55103,"Richland County",WI,"Lake States",589.3,"mature-market high",wastes,570.56,52.00,dt,1768000000,BTU,0.09
FOG,"FOG, yellow grease",55103,"Richland County",WI,"Lake States",589.3,"mature-market low",wastes,550.36,52.00,dt,1768000000,BTU,0.09
FOG,"FOG, yellow grease",55103,"Richland County",WI,"Lake States",589.3,"mature-market medium",wastes,550.36,52.00,dt,1768000000,BTU,0.09
FOG,"FOG, yellow grease",55103,"Richland County",WI,"Lake States",589.3,near-term,wastes,550.36,76.00,dt,2584000000,BTU,0.13
FOG,"FOG, yellow grease",55105,"Rock County",WI,"Lake States",726.16,Emerging,wastes,570.56,675.00,dt,22950000000,BTU,0.93
FOG,"FOG, yellow grease",55105,"Rock County",WI,"Lake States",726.16,"mature-market high",wastes,570.56,675.00,dt,22950000000,BTU,0.93
FOG,"FOG, yellow grease",55105,"Rock County",WI,"Lake States",726.16,"mature-market low",wastes,550.36,675.00,dt,22950000000,BTU,0.93
FOG,"FOG, yellow grease",55105,"Rock County",WI,"Lake States",726.16,"mature-market medium",wastes,550.36,675.00,dt,22950000000,BTU,0.93
FOG,"FOG, yellow grease",55105,"Rock County",WI,"Lake States",726.16,near-term,wastes,550.36,724.00,dt,24616000000,BTU,1.00
FOG,"FOG, yellow grease",55107,"Rusk County",WI,"Lake States",930.86,Emerging,wastes,570.56,41.00,dt,1394000000,BTU,0.04
FOG,"FOG, yellow grease",55107,"Rusk County",WI,"Lake States",930.86,"mature-market high",wastes,570.56,41.00,dt,1394000000,BTU,0.04
FOG,"FOG, yellow grease",55107,"Rusk County",WI,"Lake States",930.86,"mature-market low",wastes,550.36,41.00,dt,1394000000,BTU,0.04
FOG,"FOG, yellow grease",55107,"Rusk County",WI,"Lake States",930.86,"mature-market medium",wastes,550.36,41.00,dt,1394000000,BTU,0.04
FOG,"FOG, yellow grease",55107,"Rusk County",WI,"Lake States",930.86,near-term,wastes,550.36,63.00,dt,2142000000,BTU,0.07
FOG,"FOG, yellow grease",55109,"St. Croix County",WI,"Lake States",735.19,Emerging,wastes,570.56,441.00,dt,14994000000,BTU,0.60
FOG,"FOG, yellow grease",55109,"St. Croix County",WI,"Lake States",735.19,"mature-market high",wastes,570.56,441.00,dt,14994000000,BTU,0.60
FOG,"FOG, yellow grease",55109,"St. Croix County",WI,"Lake States",735.19,"mature-market low",wastes,550.36,441.00,dt,14994000000,BTU,0.60
FOG,"FOG, yellow grease",55109,"St. Croix County",WI,"Lake States",735.19,"mature-market medium",wastes,550.36,441.00,dt,14994000000,BTU,0.60
FOG,"FOG, yellow grease",55109,"St. Croix County",WI,"Lake States",735.19,near-term,wastes,550.36,402.00,dt,13668000000,BTU,0.55
FOG,"FOG, yellow grease",55111,"Sauk County",WI,"Lake States",849.19,Emerging,wastes,570.56,292.00,dt,9928000000,BTU,0.34
FOG,"FOG, yellow grease",55111,"Sauk County",WI,"Lake States",849.19,"mature-market high",wastes,570.56,292.00,dt,9928000000,BTU,0.34
FOG,"FOG, yellow grease",55111,"Sauk County",WI,"Lake States",849.19,"mature-market low",wastes,550.36,292.00,dt,9928000000,BTU,0.34
FOG,"FOG, yellow grease",55111,"Sauk County",WI,"Lake States",849.19,"mature-market medium",wastes,550.36,292.00,dt,9928000000,BTU,0.34
FOG,"FOG, yellow grease",55111,"Sauk County",WI,"Lake States",849.19,near-term,wastes,550.36,285.00,dt,9690000000,BTU,0.34
FOG,"FOG, yellow grease",55113,"Sawyer County",WI,"Lake States",1350.24,Emerging,wastes,570.56,51.00,dt,1734000000,BTU,0.04
FOG,"FOG, yellow grease",55113,"Sawyer County",WI,"Lake States",1350.24,"mature-market high",wastes,570.56,51.00,dt,1734000000,BTU,0.04
FOG,"FOG, yellow grease",55113,"Sawyer County",WI,"Lake States",1350.24,"mature-market low",wastes,550.36,51.00,dt,1734000000,BTU,0.04
FOG,"FOG, yellow grease",55113,"Sawyer County",WI,"Lake States",1350.24,"mature-market medium",wastes,550.36,51.00,dt,1734000000,BTU,0.04
FOG,"FOG, yellow grease",55113,"Sawyer County",WI,"Lake States",1350.24,near-term,wastes,550.36,73.00,dt,2482000000,BTU,0.05
FOG,"FOG, yellow grease",55115,"Shawano County",WI,"Lake States",909.4,Emerging,wastes,570.56,133.00,dt,4522000000,BTU,0.15
FOG,"FOG, yellow grease",55115,"Shawano County",WI,"Lake States",909.4,"mature-market high",wastes,570.56,133.00,dt,4522000000,BTU,0.15
FOG,"FOG, yellow grease",55115,"Shawano County",WI,"Lake States",909.4,"mature-market low",wastes,550.36,133.00,dt,4522000000,BTU,0.15
FOG,"FOG, yellow grease",55115,"Shawano County",WI,"Lake States",909.4,"mature-market medium",wastes,550.36,133.00,dt,4522000000,BTU,0.15
FOG,"FOG, yellow grease",55115,"Shawano County",WI,"Lake States",909.4,near-term,wastes,550.36,181.00,dt,6154000000,BTU,0.20
FOG,"FOG, yellow grease",55117,"Sheboygan County",WI,"Lake States",517.64,Emerging,wastes,570.56,471.00,dt,16014000000,BTU,0.91
FOG,"FOG, yellow grease",55117,"Sheboygan County",WI,"Lake States",517.64,"mature-market high",wastes,570.56,471.00,dt,16014000000,BTU,0.91
FOG,"FOG, yellow grease",55117,"Sheboygan County",WI,"Lake States",517.64,"mature-market low",wastes,550.36,471.00,dt,16014000000,BTU,0.91
FOG,"FOG, yellow grease",55117,"Sheboygan County",WI,"Lake States",517.64,"mature-market medium",wastes,550.36,471.00,dt,16014000000,BTU,0.91
FOG,"FOG, yellow grease",55117,"Sheboygan County",WI,"Lake States",517.64,near-term,wastes,550.36,511.00,dt,17374000000,BTU,0.99
FOG,"FOG, yellow grease",55119,"Taylor County",WI,"Lake States",984.56,Emerging,wastes,570.56,68.00,dt,2312000000,BTU,0.07
FOG,"FOG, yellow grease",55119,"Taylor County",WI,"Lake States",984.56,"mature-market high",wastes,570.56,68.00,dt,2312000000,BTU,0.07
FOG,"FOG, yellow grease",55119,"Taylor County",WI,"Lake States",984.56,"mature-market low",wastes,550.36,68.00,dt,2312000000,BTU,0.07
FOG,"FOG, yellow grease",55119,"Taylor County",WI,"Lake States",984.56,"mature-market medium",wastes,550.36,68.00,dt,2312000000,BTU,0.07
FOG,"FOG, yellow grease",55119,"Taylor County",WI,"Lake States",984.56,near-term,wastes,550.36,90.00,dt,3060000000,BTU,0.09
FOG,"FOG, yellow grease",55121,"Trempealeau County",WI,"Lake States",741.98,Emerging,wastes,570.56,142.00,dt,4828000000,BTU,0.19
FOG,"FOG, yellow grease",55121,"Trempealeau County",WI,"Lake States",741.98,"mature-market high",wastes,570.56,142.00,dt,4828000000,BTU,0.19
FOG,"FOG, yellow grease",55121,"Trempealeau County",WI,"Lake States",741.98,"mature-market low",wastes,550.36,142.00,dt,4828000000,BTU,0.19
FOG,"FOG, yellow grease",55121,"Trempealeau County",WI,"Lake States",741.98,"mature-market medium",wastes,550.36,142.00,dt,4828000000,BTU,0.19
FOG,"FOG, yellow grease",55121,"Trempealeau County",WI,"Lake States",741.98,near-term,wastes,550.36,131.00,dt,4454000000,BTU,0.18
FOG,"FOG, yellow grease",55123,"Vernon County",WI,"Lake States",816.38,Emerging,wastes,570.56,123.00,dt,4182000000,BTU,0.15
FOG,"FOG, yellow grease",55123,"Vernon County",WI,"Lake States",816.38,"mature-market high",wastes,570.56,123.00,dt,4182000000,BTU,0.15
FOG,"FOG, yellow grease",55123,"Vernon County",WI,"Lake States",816.38,"mature-market low",wastes,550.36,123.00,dt,4182000000,BTU,0.15
FOG,"FOG, yellow grease",55123,"Vernon County",WI,"Lake States",816.38,"mature-market medium",wastes,550.36,123.00,dt,4182000000,BTU,0.15
FOG,"FOG, yellow grease",55123,"Vernon County",WI,"Lake States",816.38,near-term,wastes,550.36,137.00,dt,4658000000,BTU,0.17
FOG,"FOG, yellow grease",55125,"Vilas County",WI,"Lake States",1017.72,Emerging,wastes,570.56,70.00,dt,2380000000,BTU,0.07
FOG,"FOG, yellow grease",55125,"Vilas County",WI,"Lake States",1017.72,"mature-market high",wastes,570.56,70.00,dt,2380000000,BTU,0.07
FOG,"FOG, yellow grease",55125,"Vilas County",WI,"Lake States",1017.72,"mature-market low",wastes,550.36,70.00,dt,2380000000,BTU,0.07
FOG,"FOG, yellow grease",55125,"Vilas County",WI,"Lake States",1017.72,"mature-market medium",wastes,550.36,70.00,dt,2380000000,BTU,0.07
FOG,"FOG, yellow grease",55125,"Vilas County",WI,"Lake States",1017.72,near-term,wastes,550.36,98.00,dt,3332000000,BTU,0.10
FOG,"FOG, yellow grease",55127,"Walworth County",WI,"Lake States",576.6,Emerging,wastes,570.56,457.00,dt,15538000000,BTU,0.79
FOG,"FOG, yellow grease",55127,"Walworth County",WI,"Lake States",576.6,"mature-market high",wastes,570.56,457.00,dt,15538000000,BTU,0.79
FOG,"FOG, yellow grease",55127,"Walworth County",WI,"Lake States",576.6,"mature-market low",wastes,550.36,457.00,dt,15538000000,BTU,0.79
FOG,"FOG, yellow grease",55127,"Walworth County",WI,"Lake States",576.6,"mature-market medium",wastes,550.36,457.00,dt,15538000000,BTU,0.79
FOG,"FOG, yellow grease",55127,"Walworth County",WI,"Lake States",576.6,near-term,wastes,550.36,460.00,dt,15640000000,BTU,0.80
FOG,"FOG, yellow grease",55129,"Washburn County",WI,"Lake States",853.32,Emerging,wastes,570.56,45.00,dt,1530000000,BTU,0.05
FOG,"FOG, yellow grease",55129,"Washburn County",WI,"Lake States",853.32,"mature-market high",wastes,570.56,45.00,dt,1530000000,BTU,0.05
FOG,"FOG, yellow grease",55129,"Washburn County",WI,"Lake States",853.32,"mature-market low",wastes,550.36,45.00,dt,1530000000,BTU,0.05
FOG,"FOG, yellow grease",55129,"Washburn County",WI,"Lake States",853.32,"mature-market medium",wastes,550.36,45.00,dt,1530000000,BTU,0.05
FOG,"FOG, yellow grease",55129,"Washburn County",WI,"Lake States",853.32,near-term,wastes,550.36,70.00,dt,2380000000,BTU,0.08
FOG,"FOG, yellow grease",55131,"Washington County",WI,"Lake States",435.66,Emerging,wastes,570.56,585.00,dt,19890000000,BTU,1.34
FOG,"FOG, yellow grease",55131,"Washington County",WI,"Lake States",435.66,"mature-market high",wastes,570.56,585.00,dt,19890000000,BTU,1.34
FOG,"FOG, yellow grease",55131,"Washington County",WI,"Lake States",435.66,"mature-market low",wastes,550.36,585.00,dt,19890000000,BTU,1.34
FOG,"FOG, yellow grease",55131,"Washington County",WI,"Lake States",435.66,"mature-market medium",wastes,550.36,585.00,dt,19890000000,BTU,1.34
FOG,"FOG, yellow grease",55131,"Washington County",WI,"Lake States",435.66,near-term,wastes,550.36,603.00,dt,20502000000,BTU,1.38
FOG,"FOG, yellow grease",55133,"Waukesha County",WI,"Lake States",580.54,Emerging,wastes,570.56,1848.00,dt,62832000000,BTU,3.18
FOG,"FOG, yellow grease",55133,"Waukesha County",WI,"Lake States",580.54,"mature-market high",wastes,570.56,1848.00,dt,62832000000,BTU,3.18
FOG,"FOG, yellow grease",55133,"Waukesha County",WI,"Lake States",580.54,"mature-market low",wastes,550.36,1848.00,dt,62832000000,BTU,3.18
FOG,"FOG, yellow grease",55133,"Waukesha County",WI,"Lake States",580.54,"mature-market medium",wastes,550.36,1848.00,dt,62832000000,BTU,3.18
FOG,"FOG, yellow grease",55133,"Waukesha County",WI,"Lake States",580.54,near-term,wastes,550.36,1791.00,dt,60894000000,BTU,3.09
FOG,"FOG, yellow grease",55135,"Waupaca County",WI,"Lake States",765.17,Emerging,wastes,570.56,195.00,dt,6630000000,BTU,0.25
FOG,"FOG, yellow grease",55135,"Waupaca County",WI,"Lake States",765.17,"mature-market high",wastes,570.56,195.00,dt,6630000000,BTU,0.25
FOG,"FOG, yellow grease",55135,"Waupaca County",WI,"Lake States",765.17,"mature-market low",wastes,550.36,195.00,dt,6630000000,BTU,0.25
FOG,"FOG, yellow grease",55135,"Waupaca County",WI,"Lake States",765.17,"mature-market medium",wastes,550.36,195.00,dt,6630000000,BTU,0.25
FOG,"FOG, yellow grease",55135,"Waupaca County",WI,"Lake States",765.17,near-term,wastes,550.36,226.00,dt,7684000000,BTU,0.30
FOG,"FOG, yellow grease",55137,"Waushara County",WI,"Lake States",637.4,Emerging,wastes,570.56,76.00,dt,2584000000,BTU,0.12
FOG,"FOG, yellow grease",55137,"Waushara County",WI,"Lake States",637.4,"mature-market high",wastes,570.56,76.00,dt,2584000000,BTU,0.12
FOG,"FOG, yellow grease",55137,"Waushara County",WI,"Lake States",637.4,"mature-market low",wastes,550.36,76.00,dt,2584000000,BTU,0.12
FOG,"FOG, yellow grease",55137,"Waushara County",WI,"Lake States",637.4,"mature-market medium",wastes,550.36,76.00,dt,2584000000,BTU,0.12
FOG,"FOG, yellow grease",55137,"Waushara County",WI,"Lake States",637.4,near-term,wastes,550.36,108.00,dt,3672000000,BTU,0.17
FOG,"FOG, yellow grease",55139,"Winnebago County",WI,"Lake States",578.57,Emerging,wastes,570.56,810.00,dt,27540000000,BTU,1.40
FOG,"FOG, yellow grease",55139,"Winnebago County",WI,"Lake States",578.57,"mature-market high",wastes,570.56,810.00,dt,27540000000,BTU,1.40
FOG,"FOG, yellow grease",55139,"Winnebago County",WI,"Lake States",578.57,"mature-market low",wastes,550.36,810.00,dt,27540000000,BTU,1.40
FOG,"FOG, yellow grease",55139,"Winnebago County",WI,"Lake States",578.57,"mature-market medium",wastes,550.36,810.00,dt,27540000000,BTU,1.40
FOG,"FOG, yellow grease",55139,"Winnebago County",WI,"Lake States",578.57,near-term,wastes,550.36,762.00,dt,25908000000,BTU,1.32
FOG,"FOG, yellow grease",55141,"Wood County",WI,"Lake States",809.25,Emerging,wastes,570.56,239.00,dt,8126000000,BTU,0.30
FOG,"FOG, yellow grease",55141,"Wood County",WI,"Lake States",809.25,"mature-market high",wastes,570.56,239.00,dt,8126000000,BTU,0.30
FOG,"FOG, yellow grease",55141,"Wood County",WI,"Lake States",809.25,"mature-market low",wastes,550.36,239.00,dt,8126000000,BTU,0.30
FOG,"FOG, yellow grease",55141,"Wood County",WI,"Lake States",809.25,"mature-market medium",wastes,550.36,239.00,dt,8126000000,BTU,0.30
FOG,"FOG, yellow grease",55141,"Wood County",WI,"Lake States",809.25,near-term,wastes,550.36,323.00,dt,10982000000,BTU,0.40
"Gaseous resources","Landfill gas",55015,"Calumet County",WI,"Lake States",397.08,near-term,wastes,74.09,41204.60,ton,1104979695838,BTU,103.77
"Gaseous resources","Landfill gas",55025,"Dane County",WI,"Lake States",1237.5,near-term,wastes,74.09,43797.10,ton,1174502512743,BTU,35.39
"Gaseous resources","Landfill gas",55027,"Dodge County",WI,"Lake States",907.1,near-term,wastes,74.09,51986.90,ton,1394127571911,BTU,57.31
"Gaseous resources","Landfill gas",55031,"Douglas County",WI,"Lake States",1332.11,near-term,wastes,74.09,33206.20,ton,890487391600,BTU,24.93
"Gaseous resources","Landfill gas",55035,"Eau Claire County",WI,"Lake States",645.2,near-term,wastes,74.09,92599.30,ton,2483226298735,BTU,143.52
"Gaseous resources","Landfill gas",55047,"Green Lake County",WI,"Lake States",380.13,near-term,wastes,74.09,27692.30,ton,742621678916,BTU,72.85
"Gaseous resources","Landfill gas",55055,"Jefferson County",WI,"Lake States",582.74,near-term,wastes,74.09,49296.30,ton,1321974016977,BTU,84.59
"Gaseous resources","Landfill gas",55059,"Kenosha County",WI,"Lake States",278.42,near-term,wastes,74.09,81270.10,ton,2179412259280,BTU,291.90
"Gaseous resources","Landfill gas",55063,"La Crosse County",WI,"Lake States",480.05,near-term,wastes,74.09,6088.40,ton,163272022544,BTU,12.68
"Gaseous resources","Landfill gas",55073,"Marathon County",WI,"Lake States",1576.33,near-term,wastes,74.09,15515.60,ton,416080315516,BTU,9.84
"Gaseous resources","Landfill gas",55079,"Milwaukee County",WI,"Lake States",242.17,near-term,wastes,74.09,67168.60,ton,1801253724047,BTU,277.36
"Gaseous resources","Landfill gas",55101,"Racine County",WI,"Lake States",340.39,near-term,wastes,74.09,31423.90,ton,842691628217,BTU,92.32
"Gaseous resources","Landfill gas",55105,"Rock County",WI,"Lake States",726.16,near-term,wastes,74.09,20032.70,ton,537214940876,BTU,27.59
"Gaseous resources","Landfill gas",55107,"Rusk County",WI,"Lake States",930.86,near-term,wastes,74.09,26906.70,ton,721554321168,BTU,28.91
"Gaseous resources","Landfill gas",55127,"Walworth County",WI,"Lake States",576.6,near-term,wastes,74.09,56563.10,ton,1516847076143,BTU,98.10
"Gaseous resources","Landfill gas",55129,"Washburn County",WI,"Lake States",853.32,near-term,wastes,74.09,60473.00,ton,1621698478966,BTU,70.87
"Gaseous resources","Landfill gas",55133,"Waukesha County",WI,"Lake States",580.54,near-term,wastes,74.09,187954.30,ton,5040351932685,BTU,323.76
"Gaseous resources","Landfill gas",55139,"Winnebago County",WI,"Lake States",578.57,near-term,wastes,74.09,41008.20,ton,1099712856401,BTU,70.88
"Gaseous resources","Landfill gas",55141,"Wood County",WI,"Lake States",809.25,near-term,wastes,74.09,28281.50,ton,758422197226,BTU,34.95
"Other solid waste","Rubber and leather",55001,"Adams County",WI,"Lake States",687.48,Emerging,wastes,19.34,333.00,dt,5827500000,BTU,0.48
"Other solid waste","Rubber and leather",55001,"Adams County",WI,"Lake States",687.48,"mature-market high",wastes,19.34,333.00,dt,5827500000,BTU,0.48
"Other solid waste","Rubber and leather",55001,"Adams County",WI,"Lake States",687.48,"mature-market low",wastes,9.77,333.00,dt,5827500000,BTU,0.48
"Other solid waste","Rubber and leather",55001,"Adams County",WI,"Lake States",687.48,"mature-market medium",wastes,9.77,333.00,dt,5827500000,BTU,0.48
"Other solid waste","Rubber and leather",55001,"Adams County",WI,"Lake States",687.48,near-term,wastes,0,536.00,dt,9380000000,BTU,0.78
"Other solid waste","Rubber and leather",55003,"Ashland County",WI,"Lake States",1054.13,Emerging,wastes,19.34,314.00,dt,5495000000,BTU,0.30
"Other solid waste","Rubber and leather",55003,"Ashland County",WI,"Lake States",1054.13,"mature-market high",wastes,19.34,314.00,dt,5495000000,BTU,0.30
"Other solid waste","Rubber and leather",55003,"Ashland County",WI,"Lake States",1054.13,"mature-market low",wastes,9.77,314.00,dt,5495000000,BTU,0.30
"Other solid waste","Rubber and leather",55003,"Ashland County",WI,"Lake States",1054.13,"mature-market medium",wastes,9.77,314.00,dt,5495000000,BTU,0.30
"Other solid waste","Rubber and leather",55003,"Ashland County",WI,"Lake States",1054.13,near-term,wastes,0,411.00,dt,7192500000,BTU,0.39
"Other solid waste","Rubber and leather",55005,"Barron County",WI,"Lake States",889.76,Emerging,wastes,19.34,953.00,dt,16677500000,BTU,1.07
"Other solid waste","Rubber and leather",55005,"Barron County",WI,"Lake States",889.76,"mature-market high",wastes,19.34,953.00,dt,16677500000,BTU,1.07
"Other solid waste","Rubber and leather",55005,"Barron County",WI,"Lake States",889.76,"mature-market low",wastes,9.77,953.00,dt,16677500000,BTU,1.07
"Other solid waste","Rubber and leather",55005,"Barron County",WI,"Lake States",889.76,"mature-market medium",wastes,9.77,953.00,dt,16677500000,BTU,1.07
"Other solid waste","Rubber and leather",55005,"Barron County",WI,"Lake States",889.76,near-term,wastes,0,1190.00,dt,20825000000,BTU,1.34
"Other solid waste","Rubber and leather",55007,"Bayfield County",WI,"Lake States",1511.34,Emerging,wastes,19.34,337.00,dt,5897500000,BTU,0.22
"Other solid waste","Rubber and leather",55007,"Bayfield County",WI,"Lake States",1511.34,"mature-market high",wastes,19.34,337.00,dt,5897500000,BTU,0.22
"Other solid waste","Rubber and leather",55007,"Bayfield County",WI,"Lake States",1511.34,"mature-market low",wastes,9.77,337.00,dt,5897500000,BTU,0.22
"Other solid waste","Rubber and leather",55007,"Bayfield County",WI,"Lake States",1511.34,"mature-market medium",wastes,9.77,337.00,dt,5897500000,BTU,0.22
"Other solid waste","Rubber and leather",55007,"Bayfield County",WI,"Lake States",1511.34,near-term,wastes,0,396.00,dt,6930000000,BTU,0.26
"Other solid waste","Rubber and leather",55009,"Brown County",WI,"Lake States",531.24,Emerging,wastes,19.34,8086.00,dt,141505000000,BTU,15.22
"Other solid waste","Rubber and leather",55009,"Brown County",WI,"Lake States",531.24,"mature-market high",wastes,19.34,8086.00,dt,141505000000,BTU,15.22
"Other solid waste","Rubber and leather",55009,"Brown County",WI,"Lake States",531.24,"mature-market low",wastes,9.77,8086.00,dt,141505000000,BTU,15.22
"Other solid waste","Rubber and leather",55009,"Brown County",WI,"Lake States",531.24,"mature-market medium",wastes,9.77,8086.00,dt,141505000000,BTU,15.22
"Other solid waste","Rubber and leather",55009,"Brown County",WI,"Lake States",531.24,near-term,wastes,0,6936.00,dt,121380000000,BTU,13.06
"Other solid waste","Rubber and leather",55011,"Buffalo County",WI,"Lake States",709.59,Emerging,wastes,19.34,249.00,dt,4357500000,BTU,0.35
"Other solid waste","Rubber and leather",55011,"Buffalo County",WI,"Lake States",709.59,"mature-market high",wastes,19.34,249.00,dt,4357500000,BTU,0.35
"Other solid waste","Rubber and leather",55011,"Buffalo County",WI,"Lake States",709.59,"mature-market low",wastes,9.77,249.00,dt,4357500000,BTU,0.35
"Other solid waste","Rubber and leather",55011,"Buffalo County",WI,"Lake States",709.59,"mature-market medium",wastes,9.77,249.00,dt,4357500000,BTU,0.35
"Other solid waste","Rubber and leather",55011,"Buffalo County",WI,"Lake States",709.59,near-term,wastes,0,346.00,dt,6055000000,BTU,0.49
"Other solid waste","Rubber and leather",55013,"Burnett County",WI,"Lake States",880.22,Emerging,wastes,19.34,264.00,dt,4620000000,BTU,0.30
"Other solid waste","Rubber and leather",55013,"Burnett County",WI,"Lake States",880.22,"mature-market high",wastes,19.34,264.00,dt,4620000000,BTU,0.30
"Other solid waste","Rubber and leather",55013,"Burnett County",WI,"Lake States",880.22,"mature-market low",wastes,9.77,264.00,dt,4620000000,BTU,0.30
"Other solid waste","Rubber and leather",55013,"Burnett County",WI,"Lake States",880.22,"mature-market medium",wastes,9.77,264.00,dt,4620000000,BTU,0.30
"Other solid waste","Rubber and leather",55013,"Burnett County",WI,"Lake States",880.22,near-term,wastes,0,405.00,dt,7087500000,BTU,0.46
"Other solid waste","Rubber and leather",55015,"Calumet County",WI,"Lake States",397.08,Emerging,wastes,19.34,1290.00,dt,22575000000,BTU,3.25
"Other solid waste","Rubber and leather",55015,"Calumet County",WI,"Lake States",397.08,"mature-market high",wastes,19.34,1290.00,dt,22575000000,BTU,3.25
"Other solid waste","Rubber and leather",55015,"Calumet County",WI,"Lake States",397.08,"mature-market low",wastes,9.77,1290.00,dt,22575000000,BTU,3.25
"Other solid waste","Rubber and leather",55015,"Calumet County",WI,"Lake States",397.08,"mature-market medium",wastes,9.77,1290.00,dt,22575000000,BTU,3.25
"Other solid waste","Rubber and leather",55015,"Calumet County",WI,"Lake States",397.08,near-term,wastes,0,1321.00,dt,23117500000,BTU,3.33
"Other solid waste","Rubber and leather",55017,"Chippewa County",WI,"Lake States",1041.27,Emerging,wastes,19.34,1626.00,dt,28455000000,BTU,1.56
"Other solid waste","Rubber and leather",55017,"Chippewa County",WI,"Lake States",1041.27,"mature-market high",wastes,19.34,1626.00,dt,28455000000,BTU,1.56
"Other solid waste","Rubber and leather",55017,"Chippewa County",WI,"Lake States",1041.27,"mature-market low",wastes,9.77,1626.00,dt,28455000000,BTU,1.56
"Other solid waste","Rubber and leather",55017,"Chippewa County",WI,"Lake States",1041.27,"mature-market medium",wastes,9.77,1626.00,dt,28455000000,BTU,1.56
"Other solid waste","Rubber and leather",55017,"Chippewa County",WI,"Lake States",1041.27,near-term,wastes,0,1690.00,dt,29575000000,BTU,1.62
"Other solid waste","Rubber and leather",55019,"Clark County",WI,"Lake States",1218.67,Emerging,wastes,19.34,675.00,dt,11812500000,BTU,0.55
"Other solid waste","Rubber and leather",55019,"Clark County",WI,"Lake States",1218.67,"mature-market high",wastes,19.34,675.00,dt,11812500000,BTU,0.55
"Other solid waste","Rubber and leather",55019,"Clark County",WI,"Lake States",1218.67,"mature-market low",wastes,9.77,675.00,dt,11812500000,BTU,0.55
"Other solid waste","Rubber and leather",55019,"Clark County",WI,"Lake States",1218.67,"mature-market medium",wastes,9.77,675.00,dt,11812500000,BTU,0.55
"Other solid waste","Rubber and leather",55019,"Clark County",WI,"Lake States",1218.67,near-term,wastes,0,915.00,dt,16012500000,BTU,0.75
"Other solid waste","Rubber and leather",55021,"Columbia County",WI,"Lake States",795.99,Emerging,wastes,19.34,1330.00,dt,23275000000,BTU,1.67
"Other solid waste","Rubber and leather",55021,"Columbia County",WI,"Lake States",795.99,"mature-market high",wastes,19.34,1330.00,dt,23275000000,BTU,1.67
"Other solid waste","Rubber and leather",55021,"Columbia County",WI,"Lake States",795.99,"mature-market low",wastes,9.77,1330.00,dt,23275000000,BTU,1.67
"Other solid waste","Rubber and leather",55021,"Columbia County",WI,"Lake States",795.99,"mature-market medium",wastes,9.77,1330.00,dt,23275000000,BTU,1.67
"Other solid waste","Rubber and leather",55021,"Columbia County",WI,"Lake States",795.99,near-term,wastes,0,1511.00,dt,26442500000,BTU,1.90
"Other solid waste","Rubber and leather",55023,"Crawford County",WI,"Lake States",599.21,Emerging,wastes,19.34,353.00,dt,6177500000,BTU,0.59
"Other solid waste","Rubber and leather",55023,"Crawford County",WI,"Lake States",599.21,"mature-market high",wastes,19.34,353.00,dt,6177500000,BTU,0.59
"Other solid waste","Rubber and leather",55023,"Crawford County",WI,"Lake States",599.21,"mature-market low",wastes,9.77,353.00,dt,6177500000,BTU,0.59
"Other solid waste","Rubber and leather",55023,"Crawford County",WI,"Lake States",599.21,"mature-market medium",wastes,9.77,353.00,dt,6177500000,BTU,0.59
"Other solid waste","Rubber and leather",55023,"Crawford County",WI,"Lake States",599.21,near-term,wastes,0,429.00,dt,7507500000,BTU,0.72
"Other solid waste","Rubber and leather",55025,"Dane County",WI,"Lake States",1237.5,Emerging,wastes,19.34,21958.00,dt,384265000000,BTU,17.74
"Other solid waste","Rubber and leather",55025,"Dane County",WI,"Lake States",1237.5,"mature-market high",wastes,19.34,21958.00,dt,384265000000,BTU,17.74
"Other solid waste","Rubber and leather",55025,"Dane County",WI,"Lake States",1237.5,"mature-market low",wastes,9.77,21958.00,dt,384265000000,BTU,17.74
"Other solid waste","Rubber and leather",55025,"Dane County",WI,"Lake States",1237.5,"mature-market medium",wastes,9.77,21958.00,dt,384265000000,BTU,17.74
"Other solid waste","Rubber and leather",55025,"Dane County",WI,"Lake States",1237.5,near-term,wastes,0,14284.00,dt,249970000000,BTU,11.54
"Other solid waste","Rubber and leather",55027,"Dodge County",WI,"Lake States",907.1,Emerging,wastes,19.34,2129.00,dt,37257500000,BTU,2.35
"Other solid waste","Rubber and leather",55027,"Dodge County",WI,"Lake States",907.1,"mature-market high",wastes,19.34,2129.00,dt,37257500000,BTU,2.35
"Other solid waste","Rubber and leather",55027,"Dodge County",WI,"Lake States",907.1,"mature-market low",wastes,9.77,2129.00,dt,37257500000,BTU,2.35
"Other solid waste","Rubber and leather",55027,"Dodge County",WI,"Lake States",907.1,"mature-market medium",wastes,9.77,2129.00,dt,37257500000,BTU,2.35
"Other solid waste","Rubber and leather",55027,"Dodge County",WI,"Lake States",907.1,near-term,wastes,0,2315.00,dt,40512500000,BTU,2.55
"Other solid waste","Rubber and leather",55029,"Door County",WI,"Lake States",487.56,Emerging,wastes,19.34,611.00,dt,10692500000,BTU,1.25
"Other solid waste","Rubber and leather",55029,"Door County",WI,"Lake States",487.56,"mature-market high",wastes,19.34,611.00,dt,10692500000,BTU,1.25
"Other solid waste","Rubber and leather",55029,"Door County",WI,"Lake States",487.56,"mature-market low",wastes,9.77,611.00,dt,10692500000,BTU,1.25
"Other solid waste","Rubber and leather",55029,"Door County",WI,"Lake States",487.56,"mature-market medium",wastes,9.77,611.00,dt,10692500000,BTU,1.25
"Other solid waste","Rubber and leather",55029,"Door County",WI,"Lake States",487.56,near-term,wastes,0,727.00,dt,12722500000,BTU,1.49
"Other solid waste","Rubber and leather",55031,"Douglas County",WI,"Lake States",1332.11,Emerging,wastes,19.34,893.00,dt,15627500000,BTU,0.67
"Other solid waste","Rubber and leather",55031,"Douglas County",WI,"Lake States",1332.11,"mature-market high",wastes,19.34,893.00,dt,15627500000,BTU,0.67
"Other solid waste","Rubber and leather",55031,"Douglas County",WI,"Lake States",1332.11,"mature-market low",wastes,9.77,893.00,dt,15627500000,BTU,0.67
"Other solid waste","Rubber and leather",55031,"Douglas County",WI,"Lake States",1332.11,"mature-market medium",wastes,9.77,893.00,dt,15627500000,BTU,0.67
"Other solid waste","Rubber and leather",55031,"Douglas County",WI,"Lake States",1332.11,near-term,wastes,0,1137.00,dt,19897500000,BTU,0.85
"Other solid waste","Rubber and leather",55033,"Dunn County",WI,"Lake States",863.89,Emerging,wastes,19.34,1179.00,dt,20632500000,BTU,1.36
"Other solid waste","Rubber and leather",55033,"Dunn County",WI,"Lake States",863.89,"mature-market high",wastes,19.34,1179.00,dt,20632500000,BTU,1.36
"Other solid waste","Rubber and leather",55033,"Dunn County",WI,"Lake States",863.89,"mature-market low",wastes,9.77,1179.00,dt,20632500000,BTU,1.36
"Other solid waste","Rubber and leather",55033,"Dunn County",WI,"Lake States",863.89,"mature-market medium",wastes,9.77,1179.00,dt,20632500000,BTU,1.36
"Other solid waste","Rubber and leather",55033,"Dunn County",WI,"Lake States",863.89,near-term,wastes,0,1188.00,dt,20790000000,BTU,1.38
"Other solid waste","Rubber and leather",55035,"Eau Claire County",WI,"Lake States",645.2,Emerging,wastes,19.34,3295.00,dt,57662500000,BTU,5.11
"Other solid waste","Rubber and leather",55035,"Eau Claire County",WI,"Lake States",645.2,"mature-market high",wastes,19.34,3295.00,dt,57662500000,BTU,5.11
"Other solid waste","Rubber and leather",55035,"Eau Claire County",WI,"Lake States",645.2,"mature-market low",wastes,9.77,3295.00,dt,57662500000,BTU,5.11
"Other solid waste","Rubber and leather",55035,"Eau Claire County",WI,"Lake States",645.2,"mature-market medium",wastes,9.77,3295.00,dt,57662500000,BTU,5.11
"Other solid waste","Rubber and leather",55035,"Eau Claire County",WI,"Lake States",645.2,near-term,wastes,0,2750.00,dt,48125000000,BTU,4.26
"Other solid waste","Rubber and leather",55037,"Florence County",WI,"Lake States",497.43,Emerging,wastes,19.34,102.00,dt,1785000000,BTU,0.21
"Other solid waste","Rubber and leather",55037,"Florence County",WI,"Lake States",497.43,"mature-market high",wastes,19.34,102.00,dt,1785000000,BTU,0.21
"Other solid waste","Rubber and leather",55037,"Florence County",WI,"Lake States",497.43,"mature-market low",wastes,9.77,102.00,dt,1785000000,BTU,0.21
"Other solid waste","Rubber and leather",55037,"Florence County",WI,"Lake States",497.43,"mature-market medium",wastes,9.77,102.00,dt,1785000000,BTU,0.21
"Other solid waste","Rubber and leather",55037,"Florence County",WI,"Lake States",497.43,near-term,wastes,0,113.00,dt,1977500000,BTU,0.23
"Other solid waste","Rubber and leather",55039,"Fond du Lac County",WI,"Lake States",765.84,Emerging,wastes,19.34,2519.00,dt,44082500000,BTU,3.29
"Other solid waste","Rubber and leather",55039,"Fond du Lac County",WI,"Lake States",765.84,"mature-market high",wastes,19.34,2519.00,dt,44082500000,BTU,3.29
"Other solid waste","Rubber and leather",55039,"Fond du Lac County",WI,"Lake States",765.84,"mature-market low",wastes,9.77,2519.00,dt,44082500000,BTU,3.29
"Other solid waste","Rubber and leather",55039,"Fond du Lac County",WI,"Lake States",765.84,"mature-market medium",wastes,9.77,2519.00,dt,44082500000,BTU,3.29
"Other solid waste","Rubber and leather",55039,"Fond du Lac County",WI,"Lake States",765.84,near-term,wastes,0,2715.00,dt,47512500000,BTU,3.55
"Other solid waste","Rubber and leather",55041,"Forest County",WI,"Lake States",1046.52,Emerging,wastes,19.34,161.00,dt,2817500000,BTU,0.15
"Other solid waste","Rubber and leather",55041,"Forest County",WI,"Lake States",1046.52,"mature-market high",wastes,19.34,161.00,dt,2817500000,BTU,0.15
"Other solid waste","Rubber and leather",55041,"Forest County",WI,"Lake States",1046.52,"mature-market low",wastes,9.77,161.00,dt,2817500000,BTU,0.15
"Other solid waste","Rubber and leather",55041,"Forest County",WI,"Lake States",1046.52,"mature-market medium",wastes,9.77,161.00,dt,2817500000,BTU,0.15
"Other solid waste","Rubber and leather",55041,"Forest County",WI,"Lake States",1046.52,near-term,wastes,0,237.00,dt,4147500000,BTU,0.23
"Other solid waste","Rubber and leather",55043,"Grant County",WI,"Lake States",1183.37,Emerging,wastes,19.34,1555.00,dt,27212500000,BTU,1.31
"Other solid waste","Rubber and leather",55043,"Grant County",WI,"Lake States",1183.37,"mature-market high",wastes,19.34,1555.00,dt,27212500000,BTU,1.31
"Other solid waste","Rubber and leather",55043,"Grant County",WI,"Lake States",1183.37,"mature-market low",wastes,9.77,1555.00,dt,27212500000,BTU,1.31
"Other solid waste","Rubber and leather",55043,"Grant County",WI,"Lake States",1183.37,"mature-market medium",wastes,9.77,1555.00,dt,27212500000,BTU,1.31
"Other solid waste","Rubber and leather",55043,"Grant County",WI,"Lake States",1183.37,near-term,wastes,0,1356.00,dt,23730000000,BTU,1.15
"Other solid waste","Rubber and leather",55045,"Green County",WI,"Lake States",584.55,Emerging,wastes,19.34,933.00,dt,16327500000,BTU,1.60
"Other solid waste","Rubber and leather",55045,"Green County",WI,"Lake States",584.55,"mature-market high",wastes,19.34,933.00,dt,16327500000,BTU,1.60
"Other solid waste","Rubber and leather",55045,"Green County",WI,"Lake States",584.55,"mature-market low",wastes,9.77,933.00,dt,16327500000,BTU,1.60
"Other solid waste","Rubber and leather",55045,"Green County",WI,"Lake States",584.55,"mature-market medium",wastes,9.77,933.00,dt,16327500000,BTU,1.60
"Other solid waste","Rubber and leather",55045,"Green County",WI,"Lake States",584.55,near-term,wastes,0,973.00,dt,17027500000,BTU,1.66
"Other solid waste","Rubber and leather",55047,"Green Lake County",WI,"Lake States",380.13,Emerging,wastes,19.34,417.00,dt,7297500000,BTU,1.10
"Other solid waste","Rubber and leather",55047,"Green Lake County",WI,"Lake States",380.13,"mature-market high",wastes,19.34,417.00,dt,7297500000,BTU,1.10
"Other solid waste","Rubber and leather",55047,"Green Lake County",WI,"Lake States",380.13,"mature-market low",wastes,9.77,417.00,dt,7297500000,BTU,1.10
"Other solid waste","Rubber and leather",55047,"Green Lake County",WI,"Lake States",380.13,"mature-market medium",wastes,9.77,417.00,dt,7297500000,BTU,1.10
"Other solid waste","Rubber and leather",55047,"Green Lake County",WI,"Lake States",380.13,near-term,wastes,0,497.00,dt,8697500000,BTU,1.31
"Other solid waste","Rubber and leather",55049,"Iowa County",WI,"Lake States",768.05,Emerging,wastes,19.34,540.00,dt,9450000000,BTU,0.70
"Other solid waste","Rubber and leather",55049,"Iowa County",WI,"Lake States",768.05,"mature-market high",wastes,19.34,540.00,dt,9450000000,BTU,0.70
"Other solid waste","Rubber and leather",55049,"Iowa County",WI,"Lake States",768.05,"mature-market low",wastes,9.77,540.00,dt,9450000000,BTU,0.70
"Other solid waste","Rubber and leather",55049,"Iowa County",WI,"Lake States",768.05,"mature-market medium",wastes,9.77,540.00,dt,9450000000,BTU,0.70
"Other solid waste","Rubber and leather",55049,"Iowa County",WI,"Lake States",768.05,near-term,wastes,0,625.00,dt,10937500000,BTU,0.81
"Other solid waste","Rubber and leather",55051,"Iron County",WI,"Lake States",802.62,Emerging,wastes,19.34,115.00,dt,2012500000,BTU,0.14
"Other solid waste","Rubber and leather",55051,"Iron County",WI,"Lake States",802.62,"mature-market high",wastes,19.34,115.00,dt,2012500000,BTU,0.14
"Other solid waste","Rubber and leather",55051,"Iron County",WI,"Lake States",802.62,"mature-market low",wastes,9.77,115.00,dt,2012500000,BTU,0.14
"Other solid waste","Rubber and leather",55051,"Iron County",WI,"Lake States",802.62,"mature-market medium",wastes,9.77,115.00,dt,2012500000,BTU,0.14
"Other solid waste","Rubber and leather",55051,"Iron County",WI,"Lake States",802.62,near-term,wastes,0,150.00,dt,2625000000,BTU,0.19
"Other solid waste","Rubber and leather",55053,"Jackson County",WI,"Lake States",1000.48,Emerging,wastes,19.34,500.00,dt,8750000000,BTU,0.50
"Other solid waste","Rubber and leather",55053,"Jackson County",WI,"Lake States",1000.48,"mature-market high",wastes,19.34,500.00,dt,8750000000,BTU,0.50
"Other solid waste","Rubber and leather",55053,"Jackson County",WI,"Lake States",1000.48,"mature-market low",wastes,9.77,500.00,dt,8750000000,BTU,0.50
"Other solid waste","Rubber and leather",55053,"Jackson County",WI,"Lake States",1000.48,"mature-market medium",wastes,9.77,500.00,dt,8750000000,BTU,0.50
"Other solid waste","Rubber and leather",55053,"Jackson County",WI,"Lake States",1000.48,near-term,wastes,0,540.00,dt,9450000000,BTU,0.54
"Other solid waste","Rubber and leather",55055,"Jefferson County",WI,"Lake States",582.74,Emerging,wastes,19.34,2163.00,dt,37852500000,BTU,3.71
"Other solid waste","Rubber and leather",55055,"Jefferson County",WI,"Lake States",582.74,"mature-market high",wastes,19.34,2163.00,dt,37852500000,BTU,3.71
"Other solid waste","Rubber and leather",55055,"Jefferson County",WI,"Lake States",582.74,"mature-market low",wastes,9.77,2163.00,dt,37852500000,BTU,3.71
"Other solid waste","Rubber and leather",55055,"Jefferson County",WI,"Lake States",582.74,"mature-market medium",wastes,9.77,2163.00,dt,37852500000,BTU,3.71
"Other solid waste","Rubber and leather",55055,"Jefferson County",WI,"Lake States",582.74,near-term,wastes,0,2242.00,dt,39235000000,BTU,3.85
"Other solid waste","Rubber and leather",55057,"Juneau County",WI,"Lake States",805.17,Emerging,wastes,19.34,537.00,dt,9397500000,BTU,0.67
"Other solid waste","Rubber and leather",55057,"Juneau County",WI,"Lake States",805.17,"mature-market high",wastes,19.34,537.00,dt,9397500000,BTU,0.67
"Other solid waste","Rubber and leather",55057,"Juneau County",WI,"Lake States",805.17,"mature-market low",wastes,9.77,537.00,dt,9397500000,BTU,0.67
"Other solid waste","Rubber and leather",55057,"Juneau County",WI,"Lake States",805.17,"mature-market medium",wastes,9.77,537.00,dt,9397500000,BTU,0.67
"Other solid waste","Rubber and leather",55057,"Juneau County",WI,"Lake States",805.17,near-term,wastes,0,701.00,dt,12267500000,BTU,0.87
"Other solid waste","Rubber and leather",55059,"Kenosha County",WI,"Lake States",278.42,Emerging,wastes,19.34,4498.00,dt,78715000000,BTU,16.16
"Other solid waste","Rubber and leather",55059,"Kenosha County",WI,"Lake States",278.42,"mature-market high",wastes,19.34,4498.00,dt,78715000000,BTU,16.16
"Other solid waste","Rubber and leather",55059,"Kenosha County",WI,"Lake States",278.42,"mature-market low",wastes,9.77,4498.00,dt,78715000000,BTU,16.16
"Other solid waste","Rubber and leather",55059,"Kenosha County",WI,"Lake States",278.42,"mature-market medium",wastes,9.77,4498.00,dt,78715000000,BTU,16.16
"Other solid waste","Rubber and leather",55059,"Kenosha County",WI,"Lake States",278.42,near-term,wastes,0,4452.00,dt,77910000000,BTU,15.99
"Other solid waste","Rubber and leather",55061,"Kewaunee County",WI,"Lake States",343.95,Emerging,wastes,19.34,416.00,dt,7280000000,BTU,1.21
"Other solid waste","Rubber and leather",55061,"Kewaunee County",WI,"Lake States",343.95,"mature-market high",wastes,19.34,416.00,dt,7280000000,BTU,1.21
"Other solid waste","Rubber and leather",55061,"Kewaunee County",WI,"Lake States",343.95,"mature-market low",wastes,9.77,416.00,dt,7280000000,BTU,1.21
"Other solid waste","Rubber and leather",55061,"Kewaunee County",WI,"Lake States",343.95,"mature-market medium",wastes,9.77,416.00,dt,7280000000,BTU,1.21
"Other solid waste","Rubber and leather",55061,"Kewaunee County",WI,"Lake States",343.95,near-term,wastes,0,538.00,dt,9415000000,BTU,1.56
"Other solid waste","Rubber and leather",55063,"La Crosse County",WI,"Lake States",480.05,Emerging,wastes,19.34,3783.00,dt,66202500000,BTU,7.88
"Other solid waste","Rubber and leather",55063,"La Crosse County",WI,"Lake States",480.05,"mature-market high",wastes,19.34,3783.00,dt,66202500000,BTU,7.88
"Other solid waste","Rubber and leather",55063,"La Crosse County",WI,"Lake States",480.05,"mature-market low",wastes,9.77,3783.00,dt,66202500000,BTU,7.88
"Other solid waste","Rubber and leather",55063,"La Crosse County",WI,"Lake States",480.05,"mature-market medium",wastes,9.77,3783.00,dt,66202500000,BTU,7.88
"Other solid waste","Rubber and leather",55063,"La Crosse County",WI,"Lake States",480.05,near-term,wastes,0,3111.00,dt,54442500000,BTU,6.48
"Other solid waste","Rubber and leather",55065,"Lafayette County",WI,"Lake States",634.57,Emerging,wastes,19.34,361.00,dt,6317500000,BTU,0.57
"Other solid waste","Rubber and leather",55065,"Lafayette County",WI,"Lake States",634.57,"mature-market high",wastes,19.34,361.00,dt,6317500000,BTU,0.57
"Other solid waste","Rubber and leather",55065,"Lafayette County",WI,"Lake States",634.57,"mature-market low",wastes,9.77,361.00,dt,6317500000,BTU,0.57
"Other solid waste","Rubber and leather",55065,"Lafayette County",WI,"Lake States",634.57,"mature-market medium",wastes,9.77,361.00,dt,6317500000,BTU,0.57
"Other solid waste","Rubber and leather",55065,"Lafayette County",WI,"Lake States",634.57,near-term,wastes,0,439.00,dt,7682500000,BTU,0.69
"Other solid waste","Rubber and leather",55067,"Langlade County",WI,"Lake States",887.79,Emerging,wastes,19.34,301.00,dt,5267500000,BTU,0.34
"Other solid waste","Rubber and leather",55067,"Langlade County",WI,"Lake States",887.79,"mature-market high",wastes,19.34,301.00,dt,5267500000,BTU,0.34
"Other solid waste","Rubber and leather",55067,"Langlade County",WI,"Lake States",887.79,"mature-market low",wastes,9.77,301.00,dt,5267500000,BTU,0.34
"Other solid waste","Rubber and leather",55067,"Langlade County",WI,"Lake States",887.79,"mature-market medium",wastes,9.77,301.00,dt,5267500000,BTU,0.34
"Other solid waste","Rubber and leather",55067,"Langlade County",WI,"Lake States",887.79,near-term,wastes,0,507.00,dt,8872500000,BTU,0.57
"Other solid waste","Rubber and leather",55069,"Lincoln County",WI,"Lake States",906.79,Emerging,wastes,19.34,515.00,dt,9012500000,BTU,0.57
"Other solid waste","Rubber and leather",55069,"Lincoln County",WI,"Lake States",906.79,"mature-market high",wastes,19.34,515.00,dt,9012500000,BTU,0.57
"Other solid waste","Rubber and leather",55069,"Lincoln County",WI,"Lake States",906.79,"mature-market low",wastes,9.77,515.00,dt,9012500000,BTU,0.57
"Other solid waste","Rubber and leather",55069,"Lincoln County",WI,"Lake States",906.79,"mature-market medium",wastes,9.77,515.00,dt,9012500000,BTU,0.57
"Other solid waste","Rubber and leather",55069,"Lincoln County",WI,"Lake States",906.79,near-term,wastes,0,729.00,dt,12757500000,BTU,0.80
"Other solid waste","Rubber and leather",55071,"Manitowoc County",WI,"Lake States",594.62,Emerging,wastes,19.34,1599.00,dt,27982500000,BTU,2.69
"Other solid waste","Rubber and leather",55071,"Manitowoc County",WI,"Lake States",594.62,"mature-market high",wastes,19.34,1599.00,dt,27982500000,BTU,2.69
"Other solid waste","Rubber and leather",55071,"Manitowoc County",WI,"Lake States",594.62,"mature-market low",wastes,9.77,1599.00,dt,27982500000,BTU,2.69
"Other solid waste","Rubber and leather",55071,"Manitowoc County",WI,"Lake States",594.62,"mature-market medium",wastes,9.77,1599.00,dt,27982500000,BTU,2.69
"Other solid waste","Rubber and leather",55071,"Manitowoc County",WI,"Lake States",594.62,near-term,wastes,0,2083.00,dt,36452500000,BTU,3.50
"Other solid waste","Rubber and leather",55073,"Marathon County",WI,"Lake States",1576.33,Emerging,wastes,19.34,3409.00,dt,59657500000,BTU,2.16
"Other solid waste","Rubber and leather",55073,"Marathon County",WI,"Lake States",1576.33,"mature-market high",wastes,19.34,3409.00,dt,59657500000,BTU,2.16
"Other solid waste","Rubber and leather",55073,"Marathon County",WI,"Lake States",1576.33,"mature-market low",wastes,9.77,3409.00,dt,59657500000,BTU,2.16
"Other solid waste","Rubber and leather",55073,"Marathon County",WI,"Lake States",1576.33,"mature-market medium",wastes,9.77,3409.00,dt,59657500000,BTU,2.16
"Other solid waste","Rubber and leather",55073,"Marathon County",WI,"Lake States",1576.33,near-term,wastes,0,3569.00,dt,62457500000,BTU,2.26
"Other solid waste","Rubber and leather",55075,"Marinette County",WI,"Lake States",1429.25,Emerging,wastes,19.34,753.00,dt,13177500000,BTU,0.53
"Other solid waste","Rubber and leather",55075,"Marinette County",WI,"Lake States",1429.25,"mature-market high",wastes,19.34,753.00,dt,13177500000,BTU,0.53
"Other solid waste","Rubber and leather",55075,"Marinette County",WI,"Lake States",1429.25,"mature-market low",wastes,9.77,753.00,dt,13177500000,BTU,0.53
"Other solid waste","Rubber and leather",55075,"Marinette County",WI,"Lake States",1429.25,"mature-market medium",wastes,9.77,753.00,dt,13177500000,BTU,0.53
"Other solid waste","Rubber and leather",55075,"Marinette County",WI,"Lake States",1429.25,near-term,wastes,0,1065.00,dt,18637500000,BTU,0.75
"Other solid waste","Rubber and leather",55077,"Marquette County",WI,"Lake States",464.47,Emerging,wastes,19.34,280.00,dt,4900000000,BTU,0.60
"Other solid waste","Rubber and leather",55077,"Marquette County",WI,"Lake States",464.47,"mature-market high",wastes,19.34,280.00,dt,4900000000,BTU,0.60
"Other solid waste","Rubber and leather",55077,"Marquette County",WI,"Lake States",464.47,"mature-market low",wastes,9.77,280.00,dt,4900000000,BTU,0.60
"Other solid waste","Rubber and leather",55077,"Marquette County",WI,"Lake States",464.47,"mature-market medium",wastes,9.77,280.00,dt,4900000000,BTU,0.60
"Other solid waste","Rubber and leather",55077,"Marquette County",WI,"Lake States",464.47,near-term,wastes,0,406.00,dt,7105000000,BTU,0.87
"Other solid waste","Rubber and leather",55078,"Menominee County",WI,"Lake States",364.96,Emerging,wastes,19.34,138.00,dt,2415000000,BTU,0.38
"Other solid waste","Rubber and leather",55078,"Menominee County",WI,"Lake States",364.96,"mature-market high",wastes,19.34,138.00,dt,2415000000,BTU,0.38
"Other solid waste","Rubber and leather",55078,"Menominee County",WI,"Lake States",364.96,"mature-market low",wastes,9.77,138.00,dt,2415000000,BTU,0.38
"Other solid waste","Rubber and leather",55078,"Menominee County",WI,"Lake States",364.96,"mature-market medium",wastes,9.77,138.00,dt,2415000000,BTU,0.38
"Other solid waste","Rubber and leather",55078,"Menominee County",WI,"Lake States",364.96,near-term,wastes,0,121.00,dt,2117500000,BTU,0.33
"Other solid waste","Rubber and leather",55079,"Milwaukee County",WI,"Lake States",242.17,Emerging,wastes,19.34,27320.00,dt,478100000000,BTU,112.81
"Other solid waste","Rubber and leather",55079,"Milwaukee County",WI,"Lake States",242.17,"mature-market high",wastes,19.34,27320.00,dt,478100000000,BTU,112.81
"Other solid waste","Rubber and leather",55079,"Milwaukee County",WI,"Lake States",242.17,"mature-market low",wastes,9.77,27320.00,dt,478100000000,BTU,112.81
"Other solid waste","Rubber and leather",55079,"Milwaukee County",WI,"Lake States",242.17,"mature-market medium",wastes,9.77,27320.00,dt,478100000000,BTU,112.81
"Other solid waste","Rubber and leather",55079,"Milwaukee County",WI,"Lake States",242.17,near-term,wastes,0,24959.00,dt,436782500000,BTU,103.06
"Other solid waste","Rubber and leather",55081,"Monroe County",WI,"Lake States",908.08,Emerging,wastes,19.34,1107.00,dt,19372500000,BTU,1.22
"Other solid waste","Rubber and leather",55081,"Monroe County",WI,"Lake States",908.08,"mature-market high",wastes,19.34,1107.00,dt,19372500000,BTU,1.22
"Other solid waste","Rubber and leather",55081,"Monroe County",WI,"Lake States",908.08,"mature-market low",wastes,9.77,1107.00,dt,19372500000,BTU,1.22
"Other solid waste","Rubber and leather",55081,"Monroe County",WI,"Lake States",908.08,"mature-market medium",wastes,9.77,1107.00,dt,19372500000,BTU,1.22
"Other solid waste","Rubber and leather",55081,"Monroe County",WI,"Lake States",908.08,near-term,wastes,0,1216.00,dt,21280000000,BTU,1.34
"Other solid waste","Rubber and leather",55083,"Oconto County",WI,"Lake States",1016.31,Emerging,wastes,19.34,780.00,dt,13650000000,BTU,0.77
"Other solid waste","Rubber and leather",55083,"Oconto County",WI,"Lake States",1016.31,"mature-market high",wastes,19.34,780.00,dt,13650000000,BTU,0.77
"Other solid waste","Rubber and leather",55083,"Oconto County",WI,"Lake States",1016.31,"mature-market low",wastes,9.77,780.00,dt,13650000000,BTU,0.77
"Other solid waste","Rubber and leather",55083,"Oconto County",WI,"Lake States",1016.31,"mature-market medium",wastes,9.77,780.00,dt,13650000000,BTU,0.77
"Other solid waste","Rubber and leather",55083,"Oconto County",WI,"Lake States",1016.31,near-term,wastes,0,997.00,dt,17447500000,BTU,0.98
"Other solid waste","Rubber and leather",55085,"Oneida County",WI,"Lake States",1236.57,Emerging,wastes,19.34,727.00,dt,12722500000,BTU,0.59
"Other solid waste","Rubber and leather",55085,"Oneida County",WI,"Lake States",1236.57,"mature-market high",wastes,19.34,727.00,dt,12722500000,BTU,0.59
"Other solid waste","Rubber and leather",55085,"Oneida County",WI,"Lake States",1236.57,"mature-market low",wastes,9.77,727.00,dt,12722500000,BTU,0.59
"Other solid waste","Rubber and leather",55085,"Oneida County",WI,"Lake States",1236.57,"mature-market medium",wastes,9.77,727.00,dt,12722500000,BTU,0.59
"Other solid waste","Rubber and leather",55085,"Oneida County",WI,"Lake States",1236.57,near-term,wastes,0,934.00,dt,16345000000,BTU,0.76
"Other solid waste","Rubber and leather",55087,"Outagamie County",WI,"Lake States",644.61,Emerging,wastes,19.34,5618.00,dt,98315000000,BTU,8.72
"Other solid waste","Rubber and leather",55087,"Outagamie County",WI,"Lake States",644.61,"mature-market high",wastes,19.34,5618.00,dt,98315000000,BTU,8.72
"Other solid waste","Rubber and leather",55087,"Outagamie County",WI,"Lake States",644.61,"mature-market low",wastes,9.77,5618.00,dt,98315000000,BTU,8.72
"Other solid waste","Rubber and leather",55087,"Outagamie County",WI,"Lake States",644.61,"mature-market medium",wastes,9.77,5618.00,dt,98315000000,BTU,8.72
"Other solid waste","Rubber and leather",55087,"Outagamie County",WI,"Lake States",644.61,near-term,wastes,0,4925.00,dt,86187500000,BTU,7.64
"Other solid waste","Rubber and leather",55089,"Ozaukee County",WI,"Lake States",235.28,Emerging,wastes,19.34,2509.00,dt,43907500000,BTU,10.66
"Other solid waste","Rubber and leather",55089,"Ozaukee County",WI,"Lake States",235.28,"mature-market high",wastes,19.34,2509.00,dt,43907500000,BTU,10.66
"Other solid waste","Rubber and leather",55089,"Ozaukee County",WI,"Lake States",235.28,"mature-market low",wastes,9.77,2509.00,dt,43907500000,BTU,10.66
"Other solid waste","Rubber and leather",55089,"Ozaukee County",WI,"Lake States",235.28,"mature-market medium",wastes,9.77,2509.00,dt,43907500000,BTU,10.66
"Other solid waste","Rubber and leather",55089,"Ozaukee County",WI,"Lake States",235.28,near-term,wastes,0,2347.00,dt,41072500000,BTU,9.98
"Other solid waste","Rubber and leather",55091,"Pepin County",WI,"Lake States",248.7,Emerging,wastes,19.34,134.00,dt,2345000000,BTU,0.54
"Other solid waste","Rubber and leather",55091,"Pepin County",WI,"Lake States",248.7,"mature-market high",wastes,19.34,134.00,dt,2345000000,BTU,0.54
"Other solid waste","Rubber and leather",55091,"Pepin County",WI,"Lake States",248.7,"mature-market low",wastes,9.77,134.00,dt,2345000000,BTU,0.54
"Other solid waste","Rubber and leather",55091,"Pepin County",WI,"Lake States",248.7,"mature-market medium",wastes,9.77,134.00,dt,2345000000,BTU,0.54
"Other solid waste","Rubber and leather",55091,"Pepin County",WI,"Lake States",248.7,near-term,wastes,0,193.00,dt,3377500000,BTU,0.78
"Other solid waste","Rubber and leather",55093,"Pierce County",WI,"Lake States",592.73,Emerging,wastes,19.34,924.00,dt,16170000000,BTU,1.56
"Other solid waste","Rubber and leather",55093,"Pierce County",WI,"Lake States",592.73,"mature-market high",wastes,19.34,924.00,dt,16170000000,BTU,1.56
"Other solid waste","Rubber and leather",55093,"Pierce County",WI,"Lake States",592.73,"mature-market low",wastes,9.77,924.00,dt,16170000000,BTU,1.56
"Other solid waste","Rubber and leather",55093,"Pierce County",WI,"Lake States",592.73,"mature-market medium",wastes,9.77,924.00,dt,16170000000,BTU,1.56
"Other solid waste","Rubber and leather",55093,"Pierce County",WI,"Lake States",592.73,near-term,wastes,0,1123.00,dt,19652500000,BTU,1.89
"Other solid waste","Rubber and leather",55095,"Polk County",WI,"Lake States",956.41,Emerging,wastes,19.34,842.00,dt,14735000000,BTU,0.88
"Other solid waste","Rubber and leather",55095,"Polk County",WI,"Lake States",956.41,"mature-market high",wastes,19.34,842.00,dt,14735000000,BTU,0.88
"Other solid waste","Rubber and leather",55095,"Polk County",WI,"Lake States",956.41,"mature-market low",wastes,9.77,842.00,dt,14735000000,BTU,0.88
"Other solid waste","Rubber and leather",55095,"Polk County",WI,"Lake States",956.41,"mature-market medium",wastes,9.77,842.00,dt,14735000000,BTU,0.88
"Other solid waste","Rubber and leather",55095,"Polk County",WI,"Lake States",956.41,near-term,wastes,0,1148.00,dt,20090000000,BTU,1.20
"Other solid waste","Rubber and leather",55097,"Portage County",WI,"Lake States",822.82,Emerging,wastes,19.34,1872.00,dt,32760000000,BTU,2.28
"Other solid waste","Rubber and leather",55097,"Portage County",WI,"Lake States",822.82,"mature-market high",wastes,19.34,1872.00,dt,32760000000,BTU,2.28
"Other solid waste","Rubber and leather",55097,"Portage County",WI,"Lake States",822.82,"mature-market low",wastes,9.77,1872.00,dt,32760000000,BTU,2.28
"Other solid waste","Rubber and leather",55097,"Portage County",WI,"Lake States",822.82,"mature-market medium",wastes,9.77,1872.00,dt,32760000000,BTU,2.28
"Other solid waste","Rubber and leather",55097,"Portage County",WI,"Lake States",822.82,near-term,wastes,0,1867.00,dt,32672500000,BTU,2.27
"Other solid waste","Rubber and leather",55099,"Price County",WI,"Lake States",1278.04,Emerging,wastes,19.34,250.00,dt,4375000000,BTU,0.20
"Other solid waste","Rubber and leather",55099,"Price County",WI,"Lake States",1278.04,"mature-market high",wastes,19.34,250.00,dt,4375000000,BTU,0.20
"Other solid waste","Rubber and leather",55099,"Price County",WI,"Lake States",1278.04,"mature-market low",wastes,9.77,250.00,dt,4375000000,BTU,0.20
"Other solid waste","Rubber and leather",55099,"Price County",WI,"Lake States",1278.04,"mature-market medium",wastes,9.77,250.00,dt,4375000000,BTU,0.20
"Other solid waste","Rubber and leather",55099,"Price County",WI,"Lake States",1278.04,near-term,wastes,0,352.00,dt,6160000000,BTU,0.28
"Other solid waste","Rubber and leather",55101,"Racine County",WI,"Lake States",340.39,Emerging,wastes,19.34,4792.00,dt,83860000000,BTU,14.08
"Other solid waste","Rubber and leather",55101,"Racine County",WI,"Lake States",340.39,"mature-market high",wastes,19.34,4792.00,dt,83860000000,BTU,14.08
"Other solid waste","Rubber and leather",55101,"Racine County",WI,"Lake States",340.39,"mature-market low",wastes,9.77,4792.00,dt,83860000000,BTU,14.08
"Other solid waste","Rubber and leather",55101,"Racine County",WI,"Lake States",340.39,"mature-market medium",wastes,9.77,4792.00,dt,83860000000,BTU,14.08
"Other solid waste","Rubber and leather",55101,"Racine County",WI,"Lake States",340.39,near-term,wastes,0,5175.00,dt,90562500000,BTU,15.20
"Other solid waste","Rubber and leather",55103,"Richland County",WI,"Lake States",589.3,Emerging,wastes,19.34,313.00,dt,5477500000,BTU,0.53
"Other solid waste","Rubber and leather",55103,"Richland County",WI,"Lake States",589.3,"mature-market high",wastes,19.34,313.00,dt,5477500000,BTU,0.53
"Other solid waste","Rubber and leather",55103,"Richland County",WI,"Lake States",589.3,"mature-market low",wastes,9.77,313.00,dt,5477500000,BTU,0.53
"Other solid waste","Rubber and leather",55103,"Richland County",WI,"Lake States",589.3,"mature-market medium",wastes,9.77,313.00,dt,5477500000,BTU,0.53
"Other solid waste","Rubber and leather",55103,"Richland County",WI,"Lake States",589.3,near-term,wastes,0,459.00,dt,8032500000,BTU,0.78
"Other solid waste","Rubber and leather",55105,"Rock County",WI,"Lake States",726.16,Emerging,wastes,19.34,4002.00,dt,70035000000,BTU,5.51
"Other solid waste","Rubber and leather",55105,"Rock County",WI,"Lake States",726.16,"mature-market high",wastes,19.34,4002.00,dt,70035000000,BTU,5.51
"Other solid waste","Rubber and leather",55105,"Rock County",WI,"Lake States",726.16,"mature-market low",wastes,9.77,4002.00,dt,70035000000,BTU,5.51
"Other solid waste","Rubber and leather",55105,"Rock County",WI,"Lake States",726.16,"mature-market medium",wastes,9.77,4002.00,dt,70035000000,BTU,5.51
"Other solid waste","Rubber and leather",55105,"Rock County",WI,"Lake States",726.16,near-term,wastes,0,4293.00,dt,75127500000,BTU,5.91
"Other solid waste","Rubber and leather",55107,"Rusk County",WI,"Lake States",930.86,Emerging,wastes,19.34,241.00,dt,4217500000,BTU,0.26
"Other solid waste","Rubber and leather",55107,"Rusk County",WI,"Lake States",930.86,"mature-market high",wastes,19.34,241.00,dt,4217500000,BTU,0.26
"Other solid waste","Rubber and leather",55107,"Rusk County",WI,"Lake States",930.86,"mature-market low",wastes,9.77,241.00,dt,4217500000,BTU,0.26
"Other solid waste","Rubber and leather",55107,"Rusk County",WI,"Lake States",930.86,"mature-market medium",wastes,9.77,241.00,dt,4217500000,BTU,0.26
"Other solid waste","Rubber and leather",55107,"Rusk County",WI,"Lake States",930.86,near-term,wastes,0,372.00,dt,6510000000,BTU,0.40
"Other solid waste","Rubber and leather",55109,"St. Croix County",WI,"Lake States",735.19,Emerging,wastes,19.34,2595.00,dt,45412500000,BTU,3.53
"Other solid waste","Rubber and leather",55109,"St. Croix County",WI,"Lake States",735.19,"mature-market high",wastes,19.34,2595.00,dt,45412500000,BTU,3.53
"Other solid waste","Rubber and leather",55109,"St. Croix County",WI,"Lake States",735.19,"mature-market low",wastes,9.77,2595.00,dt,45412500000,BTU,3.53
"Other solid waste","Rubber and leather",55109,"St. Croix County",WI,"Lake States",735.19,"mature-market medium",wastes,9.77,2595.00,dt,45412500000,BTU,3.53
"Other solid waste","Rubber and leather",55109,"St. Croix County",WI,"Lake States",735.19,near-term,wastes,0,2364.00,dt,41370000000,BTU,3.22
"Other solid waste","Rubber and leather",55111,"Sauk County",WI,"Lake States",849.19,Emerging,wastes,19.34,1736.00,dt,30380000000,BTU,2.04
"Other solid waste","Rubber and leather",55111,"Sauk County",WI,"Lake States",849.19,"mature-market high",wastes,19.34,1736.00,dt,30380000000,BTU,2.04
"Other solid waste","Rubber and leather",55111,"Sauk County",WI,"Lake States",849.19,"mature-market low",wastes,9.77,1736.00,dt,30380000000,BTU,2.04
"Other solid waste","Rubber and leather",55111,"Sauk County",WI,"Lake States",849.19,"mature-market medium",wastes,9.77,1736.00,dt,30380000000,BTU,2.04
"Other solid waste","Rubber and leather",55111,"Sauk County",WI,"Lake States",849.19,near-term,wastes,0,1695.00,dt,29662500000,BTU,2.00
"Other solid waste","Rubber and leather",55113,"Sawyer County",WI,"Lake States",1350.24,Emerging,wastes,19.34,305.00,dt,5337500000,BTU,0.23
"Other solid waste","Rubber and leather",55113,"Sawyer County",WI,"Lake States",1350.24,"mature-market high",wastes,19.34,305.00,dt,5337500000,BTU,0.23
"Other solid waste","Rubber and leather",55113,"Sawyer County",WI,"Lake States",1350.24,"mature-market low",wastes,9.77,305.00,dt,5337500000,BTU,0.23
"Other solid waste","Rubber and leather",55113,"Sawyer County",WI,"Lake States",1350.24,"mature-market medium",wastes,9.77,305.00,dt,5337500000,BTU,0.23
"Other solid waste","Rubber and leather",55113,"Sawyer County",WI,"Lake States",1350.24,near-term,wastes,0,434.00,dt,7595000000,BTU,0.32
"Other solid waste","Rubber and leather",55115,"Shawano County",WI,"Lake States",909.4,Emerging,wastes,19.34,787.00,dt,13772500000,BTU,0.87
"Other solid waste","Rubber and leather",55115,"Shawano County",WI,"Lake States",909.4,"mature-market high",wastes,19.34,787.00,dt,13772500000,BTU,0.87
"Other solid waste","Rubber and leather",55115,"Shawano County",WI,"Lake States",909.4,"mature-market low",wastes,9.77,787.00,dt,13772500000,BTU,0.87
"Other solid waste","Rubber and leather",55115,"Shawano County",WI,"Lake States",909.4,"mature-market medium",wastes,9.77,787.00,dt,13772500000,BTU,0.87
"Other solid waste","Rubber and leather",55115,"Shawano County",WI,"Lake States",909.4,near-term,wastes,0,1075.00,dt,18812500000,BTU,1.18
"Other solid waste","Rubber and leather",55117,"Sheboygan County",WI,"Lake States",517.64,Emerging,wastes,19.34,2802.00,dt,49035000000,BTU,5.41
"Other solid waste","Rubber and leather",55117,"Sheboygan County",WI,"Lake States",517.64,"mature-market high",wastes,19.34,2802.00,dt,49035000000,BTU,5.41
"Other solid waste","Rubber and leather",55117,"Sheboygan County",WI,"Lake States",517.64,"mature-market low",wastes,9.77,2802.00,dt,49035000000,BTU,5.41
"Other solid waste","Rubber and leather",55117,"Sheboygan County",WI,"Lake States",517.64,"mature-market medium",wastes,9.77,2802.00,dt,49035000000,BTU,5.41
"Other solid waste","Rubber and leather",55117,"Sheboygan County",WI,"Lake States",517.64,near-term,wastes,0,3037.00,dt,53147500000,BTU,5.87
"Other solid waste","Rubber and leather",55119,"Taylor County",WI,"Lake States",984.56,Emerging,wastes,19.34,406.00,dt,7105000000,BTU,0.41
"Other solid waste","Rubber and leather",55119,"Taylor County",WI,"Lake States",984.56,"mature-market high",wastes,19.34,406.00,dt,7105000000,BTU,0.41
"Other solid waste","Rubber and leather",55119,"Taylor County",WI,"Lake States",984.56,"mature-market low",wastes,9.77,406.00,dt,7105000000,BTU,0.41
"Other solid waste","Rubber and leather",55119,"Taylor County",WI,"Lake States",984.56,"mature-market medium",wastes,9.77,406.00,dt,7105000000,BTU,0.41
"Other solid waste","Rubber and leather",55119,"Taylor County",WI,"Lake States",984.56,near-term,wastes,0,537.00,dt,9397500000,BTU,0.55
"Other solid waste","Rubber and leather",55121,"Trempealeau County",WI,"Lake States",741.98,Emerging,wastes,19.34,843.00,dt,14752500000,BTU,1.14
"Other solid waste","Rubber and leather",55121,"Trempealeau County",WI,"Lake States",741.98,"mature-market high",wastes,19.34,843.00,dt,14752500000,BTU,1.14
"Other solid waste","Rubber and leather",55121,"Trempealeau County",WI,"Lake States",741.98,"mature-market low",wastes,9.77,843.00,dt,14752500000,BTU,1.14
"Other solid waste","Rubber and leather",55121,"Trempealeau County",WI,"Lake States",741.98,"mature-market medium",wastes,9.77,843.00,dt,14752500000,BTU,1.14
"Other solid waste","Rubber and leather",55121,"Trempealeau County",WI,"Lake States",741.98,near-term,wastes,0,777.00,dt,13597500000,BTU,1.05
"Other solid waste","Rubber and leather",55123,"Vernon County",WI,"Lake States",816.38,Emerging,wastes,19.34,733.00,dt,12827500000,BTU,0.90
"Other solid waste","Rubber and leather",55123,"Vernon County",WI,"Lake States",816.38,"mature-market high",wastes,19.34,733.00,dt,12827500000,BTU,0.90
"Other solid waste","Rubber and leather",55123,"Vernon County",WI,"Lake States",816.38,"mature-market low",wastes,9.77,733.00,dt,12827500000,BTU,0.90
"Other solid waste","Rubber and leather",55123,"Vernon County",WI,"Lake States",816.38,"mature-market medium",wastes,9.77,733.00,dt,12827500000,BTU,0.90
"Other solid waste","Rubber and leather",55123,"Vernon County",WI,"Lake States",816.38,near-term,wastes,0,811.00,dt,14192500000,BTU,0.99
"Other solid waste","Rubber and leather",55125,"Vilas County",WI,"Lake States",1017.72,Emerging,wastes,19.34,411.00,dt,7192500000,BTU,0.40
"Other solid waste","Rubber and leather",55125,"Vilas County",WI,"Lake States",1017.72,"mature-market high",wastes,19.34,411.00,dt,7192500000,BTU,0.40
"Other solid waste","Rubber and leather",55125,"Vilas County",WI,"Lake States",1017.72,"mature-market low",wastes,9.77,411.00,dt,7192500000,BTU,0.40
"Other solid waste","Rubber and leather",55125,"Vilas County",WI,"Lake States",1017.72,"mature-market medium",wastes,9.77,411.00,dt,7192500000,BTU,0.40
"Other solid waste","Rubber and leather",55125,"Vilas County",WI,"Lake States",1017.72,near-term,wastes,0,578.00,dt,10115000000,BTU,0.57
"Other solid waste","Rubber and leather",55127,"Walworth County",WI,"Lake States",576.6,Emerging,wastes,19.34,2712.00,dt,47460000000,BTU,4.70
"Other solid waste","Rubber and leather",55127,"Walworth County",WI,"Lake States",576.6,"mature-market high",wastes,19.34,2712.00,dt,47460000000,BTU,4.70
"Other solid waste","Rubber and leather",55127,"Walworth County",WI,"Lake States",576.6,"mature-market low",wastes,9.77,2712.00,dt,47460000000,BTU,4.70
"Other solid waste","Rubber and leather",55127,"Walworth County",WI,"Lake States",576.6,"mature-market medium",wastes,9.77,2712.00,dt,47460000000,BTU,4.70
"Other solid waste","Rubber and leather",55127,"Walworth County",WI,"Lake States",576.6,near-term,wastes,0,2729.00,dt,47757500000,BTU,4.73
"Other solid waste","Rubber and leather",55129,"Washburn County",WI,"Lake States",853.32,Emerging,wastes,19.34,267.00,dt,4672500000,BTU,0.31
"Other solid waste","Rubber and leather",55129,"Washburn County",WI,"Lake States",853.32,"mature-market high",wastes,19.34,267.00,dt,4672500000,BTU,0.31
"Other solid waste","Rubber and leather",55129,"Washburn County",WI,"Lake States",853.32,"mature-market low",wastes,9.77,267.00,dt,4672500000,BTU,0.31
"Other solid waste","Rubber and leather",55129,"Washburn County",WI,"Lake States",853.32,"mature-market medium",wastes,9.77,267.00,dt,4672500000,BTU,0.31
"Other solid waste","Rubber and leather",55129,"Washburn County",WI,"Lake States",853.32,near-term,wastes,0,417.00,dt,7297500000,BTU,0.49
"Other solid waste","Rubber and leather",55131,"Washington County",WI,"Lake States",435.66,Emerging,wastes,19.34,3464.00,dt,60620000000,BTU,7.95
"Other solid waste","Rubber and leather",55131,"Washington County",WI,"Lake States",435.66,"mature-market high",wastes,19.34,3464.00,dt,60620000000,BTU,7.95
"Other solid waste","Rubber and leather",55131,"Washington County",WI,"Lake States",435.66,"mature-market low",wastes,9.77,3464.00,dt,60620000000,BTU,7.95
"Other solid waste","Rubber and leather",55131,"Washington County",WI,"Lake States",435.66,"mature-market medium",wastes,9.77,3464.00,dt,60620000000,BTU,7.95
"Other solid waste","Rubber and leather",55131,"Washington County",WI,"Lake States",435.66,near-term,wastes,0,3570.00,dt,62475000000,BTU,8.19
"Other solid waste","Rubber and leather",55133,"Waukesha County",WI,"Lake States",580.54,Emerging,wastes,19.34,10952.00,dt,191660000000,BTU,18.87
"Other solid waste","Rubber and leather",55133,"Waukesha County",WI,"Lake States",580.54,"mature-market high",wastes,19.34,10952.00,dt,191660000000,BTU,18.87
"Other solid waste","Rubber and leather",55133,"Waukesha County",WI,"Lake States",580.54,"mature-market low",wastes,9.77,10952.00,dt,191660000000,BTU,18.87
"Other solid waste","Rubber and leather",55133,"Waukesha County",WI,"Lake States",580.54,"mature-market medium",wastes,9.77,10952.00,dt,191660000000,BTU,18.87
"Other solid waste","Rubber and leather",55133,"Waukesha County",WI,"Lake States",580.54,near-term,wastes,0,10609.00,dt,185657500000,BTU,18.27
"Other solid waste","Rubber and leather",55135,"Waupaca County",WI,"Lake States",765.17,Emerging,wastes,19.34,1166.00,dt,20405000000,BTU,1.52
"Other solid waste","Rubber and leather",55135,"Waupaca County",WI,"Lake States",765.17,"mature-market high",wastes,19.34,1166.00,dt,20405000000,BTU,1.52
"Other solid waste","Rubber and leather",55135,"Waupaca County",WI,"Lake States",765.17,"mature-market low",wastes,9.77,1166.00,dt,20405000000,BTU,1.52
"Other solid waste","Rubber and leather",55135,"Waupaca County",WI,"Lake States",765.17,"mature-market medium",wastes,9.77,1166.00,dt,20405000000,BTU,1.52
"Other solid waste","Rubber and leather",55135,"Waupaca County",WI,"Lake States",765.17,near-term,wastes,0,1348.00,dt,23590000000,BTU,1.76
"Other solid waste","Rubber and leather",55137,"Waushara County",WI,"Lake States",637.4,Emerging,wastes,19.34,451.00,dt,7892500000,BTU,0.71
"Other solid waste","Rubber and leather",55137,"Waushara County",WI,"Lake States",637.4,"mature-market high",wastes,19.34,451.00,dt,7892500000,BTU,0.71
"Other solid waste","Rubber and leather",55137,"Waushara County",WI,"Lake States",637.4,"mature-market low",wastes,9.77,451.00,dt,7892500000,BTU,0.71
"Other solid waste","Rubber and leather",55137,"Waushara County",WI,"Lake States",637.4,"mature-market medium",wastes,9.77,451.00,dt,7892500000,BTU,0.71
"Other solid waste","Rubber and leather",55137,"Waushara County",WI,"Lake States",637.4,near-term,wastes,0,640.00,dt,11200000000,BTU,1.00
"Other solid waste","Rubber and leather",55139,"Winnebago County",WI,"Lake States",578.57,Emerging,wastes,19.34,4792.00,dt,83860000000,BTU,8.28
"Other solid waste","Rubber and leather",55139,"Winnebago County",WI,"Lake States",578.57,"mature-market high",wastes,19.34,4792.00,dt,83860000000,BTU,8.28
"Other solid waste","Rubber and leather",55139,"Winnebago County",WI,"Lake States",578.57,"mature-market low",wastes,9.77,4792.00,dt,83860000000,BTU,8.28
"Other solid waste","Rubber and leather",55139,"Winnebago County",WI,"Lake States",578.57,"mature-market medium",wastes,9.77,4792.00,dt,83860000000,BTU,8.28
"Other solid waste","Rubber and leather",55139,"Winnebago County",WI,"Lake States",578.57,near-term,wastes,0,4504.00,dt,78820000000,BTU,7.78
"Other solid waste","Rubber and leather",55141,"Wood County",WI,"Lake States",809.25,Emerging,wastes,19.34,1424.00,dt,24920000000,BTU,1.76
"Other solid waste","Rubber and leather",55141,"Wood County",WI,"Lake States",809.25,"mature-market high",wastes,19.34,1424.00,dt,24920000000,BTU,1.76
"Other solid waste","Rubber and leather",55141,"Wood County",WI,"Lake States",809.25,"mature-market low",wastes,9.77,1424.00,dt,24920000000,BTU,1.76
"Other solid waste","Rubber and leather",55141,"Wood County",WI,"Lake States",809.25,"mature-market medium",wastes,9.77,1424.00,dt,24920000000,BTU,1.76
"Other solid waste","Rubber and leather",55141,"Wood County",WI,"Lake States",809.25,near-term,wastes,0,1923.00,dt,33652500000,BTU,2.38
"Other solid waste",Textiles,55001,"Adams County",WI,"Lake States",687.48,Emerging,wastes,19.08,593.00,dt,8895000000,BTU,0.86
"Other solid waste",Textiles,55001,"Adams County",WI,"Lake States",687.48,"mature-market high",wastes,19.08,593.00,dt,8895000000,BTU,0.86
"Other solid waste",Textiles,55001,"Adams County",WI,"Lake States",687.48,"mature-market low",wastes,9.63,593.00,dt,8895000000,BTU,0.86
"Other solid waste",Textiles,55001,"Adams County",WI,"Lake States",687.48,"mature-market medium",wastes,9.63,593.00,dt,8895000000,BTU,0.86
"Other solid waste",Textiles,55001,"Adams County",WI,"Lake States",687.48,near-term,wastes,0,954.00,dt,14310000000,BTU,1.39
"Other solid waste",Textiles,55003,"Ashland County",WI,"Lake States",1054.13,Emerging,wastes,19.08,559.00,dt,8385000000,BTU,0.53
"Other solid waste",Textiles,55003,"Ashland County",WI,"Lake States",1054.13,"mature-market high",wastes,19.08,559.00,dt,8385000000,BTU,0.53
"Other solid waste",Textiles,55003,"Ashland County",WI,"Lake States",1054.13,"mature-market low",wastes,9.63,559.00,dt,8385000000,BTU,0.53
"Other solid waste",Textiles,55003,"Ashland County",WI,"Lake States",1054.13,"mature-market medium",wastes,9.63,559.00,dt,8385000000,BTU,0.53
"Other solid waste",Textiles,55003,"Ashland County",WI,"Lake States",1054.13,near-term,wastes,0,731.00,dt,10965000000,BTU,0.69
"Other solid waste",Textiles,55005,"Barron County",WI,"Lake States",889.76,Emerging,wastes,19.08,1697.00,dt,25455000000,BTU,1.91
"Other solid waste",Textiles,55005,"Barron County",WI,"Lake States",889.76,"mature-market high",wastes,19.08,1697.00,dt,25455000000,BTU,1.91
"Other solid waste",Textiles,55005,"Barron County",WI,"Lake States",889.76,"mature-market low",wastes,9.63,1697.00,dt,25455000000,BTU,1.91
"Other solid waste",Textiles,55005,"Barron County",WI,"Lake States",889.76,"mature-market medium",wastes,9.63,1697.00,dt,25455000000,BTU,1.91
"Other solid waste",Textiles,55005,"Barron County",WI,"Lake States",889.76,near-term,wastes,0,2118.00,dt,31770000000,BTU,2.38
"Other solid waste",Textiles,55007,"Bayfield County",WI,"Lake States",1511.34,Emerging,wastes,19.08,600.00,dt,9000000000,BTU,0.40
"Other solid waste",Textiles,55007,"Bayfield County",WI,"Lake States",1511.34,"mature-market high",wastes,19.08,600.00,dt,9000000000,BTU,0.40
"Other solid waste",Textiles,55007,"Bayfield County",WI,"Lake States",1511.34,"mature-market low",wastes,9.63,600.00,dt,9000000000,BTU,0.40
"Other solid waste",Textiles,55007,"Bayfield County",WI,"Lake States",1511.34,"mature-market medium",wastes,9.63,600.00,dt,9000000000,BTU,0.40
"Other solid waste",Textiles,55007,"Bayfield County",WI,"Lake States",1511.34,near-term,wastes,0,705.00,dt,10575000000,BTU,0.47
"Other solid waste",Textiles,55009,"Brown County",WI,"Lake States",531.24,Emerging,wastes,19.08,14393.00,dt,215895000000,BTU,27.09
"Other solid waste",Textiles,55009,"Brown County",WI,"Lake States",531.24,"mature-market high",wastes,19.08,14393.00,dt,215895000000,BTU,27.09
"Other solid waste",Textiles,55009,"Brown County",WI,"Lake States",531.24,"mature-market low",wastes,9.63,14393.00,dt,215895000000,BTU,27.09
"Other solid waste",Textiles,55009,"Brown County",WI,"Lake States",531.24,"mature-market medium",wastes,9.63,14393.00,dt,215895000000,BTU,27.09
"Other solid waste",Textiles,55009,"Brown County",WI,"Lake States",531.24,near-term,wastes,0,12347.00,dt,185205000000,BTU,23.24
"Other solid waste",Textiles,55011,"Buffalo County",WI,"Lake States",709.59,Emerging,wastes,19.08,444.00,dt,6660000000,BTU,0.63
"Other solid waste",Textiles,55011,"Buffalo County",WI,"Lake States",709.59,"mature-market high",wastes,19.08,444.00,dt,6660000000,BTU,0.63
"Other solid waste",Textiles,55011,"Buffalo County",WI,"Lake States",709.59,"mature-market low",wastes,9.63,444.00,dt,6660000000,BTU,0.63
"Other solid waste",Textiles,55011,"Buffalo County",WI,"Lake States",709.59,"mature-market medium",wastes,9.63,444.00,dt,6660000000,BTU,0.63
"Other solid waste",Textiles,55011,"Buffalo County",WI,"Lake States",709.59,near-term,wastes,0,615.00,dt,9225000000,BTU,0.87
"Other solid waste",Textiles,55013,"Burnett County",WI,"Lake States",880.22,Emerging,wastes,19.08,470.00,dt,7050000000,BTU,0.53
"Other solid waste",Textiles,55013,"Burnett County",WI,"Lake States",880.22,"mature-market high",wastes,19.08,470.00,dt,7050000000,BTU,0.53
"Other solid waste",Textiles,55013,"Burnett County",WI,"Lake States",880.22,"mature-market low",wastes,9.63,470.00,dt,7050000000,BTU,0.53
"Other solid waste",Textiles,55013,"Burnett County",WI,"Lake States",880.22,"mature-market medium",wastes,9.63,470.00,dt,7050000000,BTU,0.53
"Other solid waste",Textiles,55013,"Burnett County",WI,"Lake States",880.22,near-term,wastes,0,721.00,dt,10815000000,BTU,0.82
"Other solid waste",Textiles,55015,"Calumet County",WI,"Lake States",397.08,Emerging,wastes,19.08,2297.00,dt,34455000000,BTU,5.78
"Other solid waste",Textiles,55015,"Calumet County",WI,"Lake States",397.08,"mature-market high",wastes,19.08,2297.00,dt,34455000000,BTU,5.78
"Other solid waste",Textiles,55015,"Calumet County",WI,"Lake States",397.08,"mature-market low",wastes,9.63,2297.00,dt,34455000000,BTU,5.78
"Other solid waste",Textiles,55015,"Calumet County",WI,"Lake States",397.08,"mature-market medium",wastes,9.63,2297.00,dt,34455000000,BTU,5.78
"Other solid waste",Textiles,55015,"Calumet County",WI,"Lake States",397.08,near-term,wastes,0,2352.00,dt,35280000000,BTU,5.92
"Other solid waste",Textiles,55017,"Chippewa County",WI,"Lake States",1041.27,Emerging,wastes,19.08,2895.00,dt,43425000000,BTU,2.78
"Other solid waste",Textiles,55017,"Chippewa County",WI,"Lake States",1041.27,"mature-market high",wastes,19.08,2895.00,dt,43425000000,BTU,2.78
"Other solid waste",Textiles,55017,"Chippewa County",WI,"Lake States",1041.27,"mature-market low",wastes,9.63,2895.00,dt,43425000000,BTU,2.78
"Other solid waste",Textiles,55017,"Chippewa County",WI,"Lake States",1041.27,"mature-market medium",wastes,9.63,2895.00,dt,43425000000,BTU,2.78
"Other solid waste",Textiles,55017,"Chippewa County",WI,"Lake States",1041.27,near-term,wastes,0,3008.00,dt,45120000000,BTU,2.89
"Other solid waste",Textiles,55019,"Clark County",WI,"Lake States",1218.67,Emerging,wastes,19.08,1202.00,dt,18030000000,BTU,0.99
"Other solid waste",Textiles,55019,"Clark County",WI,"Lake States",1218.67,"mature-market high",wastes,19.08,1202.00,dt,18030000000,BTU,0.99
"Other solid waste",Textiles,55019,"Clark County",WI,"Lake States",1218.67,"mature-market low",wastes,9.63,1202.00,dt,18030000000,BTU,0.99
"Other solid waste",Textiles,55019,"Clark County",WI,"Lake States",1218.67,"mature-market medium",wastes,9.63,1202.00,dt,18030000000,BTU,0.99
"Other solid waste",Textiles,55019,"Clark County",WI,"Lake States",1218.67,near-term,wastes,0,1628.00,dt,24420000000,BTU,1.34
"Other solid waste",Textiles,55021,"Columbia County",WI,"Lake States",795.99,Emerging,wastes,19.08,2368.00,dt,35520000000,BTU,2.97
"Other solid waste",Textiles,55021,"Columbia County",WI,"Lake States",795.99,"mature-market high",wastes,19.08,2368.00,dt,35520000000,BTU,2.97
"Other solid waste",Textiles,55021,"Columbia County",WI,"Lake States",795.99,"mature-market low",wastes,9.63,2368.00,dt,35520000000,BTU,2.97
"Other solid waste",Textiles,55021,"Columbia County",WI,"Lake States",795.99,"mature-market medium",wastes,9.63,2368.00,dt,35520000000,BTU,2.97
"Other solid waste",Textiles,55021,"Columbia County",WI,"Lake States",795.99,near-term,wastes,0,2690.00,dt,40350000000,BTU,3.38
"Other solid waste",Textiles,55023,"Crawford County",WI,"Lake States",599.21,Emerging,wastes,19.08,629.00,dt,9435000000,BTU,1.05
"Other solid waste",Textiles,55023,"Crawford County",WI,"Lake States",599.21,"mature-market high",wastes,19.08,629.00,dt,9435000000,BTU,1.05
"Other solid waste",Textiles,55023,"Crawford County",WI,"Lake States",599.21,"mature-market low",wastes,9.63,629.00,dt,9435000000,BTU,1.05
"Other solid waste",Textiles,55023,"Crawford County",WI,"Lake States",599.21,"mature-market medium",wastes,9.63,629.00,dt,9435000000,BTU,1.05
"Other solid waste",Textiles,55023,"Crawford County",WI,"Lake States",599.21,near-term,wastes,0,763.00,dt,11445000000,BTU,1.27
"Other solid waste",Textiles,55025,"Dane County",WI,"Lake States",1237.5,Emerging,wastes,19.08,39086.00,dt,586290000000,BTU,31.58
"Other solid waste",Textiles,55025,"Dane County",WI,"Lake States",1237.5,"mature-market high",wastes,19.08,39086.00,dt,586290000000,BTU,31.58
"Other solid waste",Textiles,55025,"Dane County",WI,"Lake States",1237.5,"mature-market low",wastes,9.63,39086.00,dt,586290000000,BTU,31.58
"Other solid waste",Textiles,55025,"Dane County",WI,"Lake States",1237.5,"mature-market medium",wastes,9.63,39086.00,dt,586290000000,BTU,31.58
"Other solid waste",Textiles,55025,"Dane County",WI,"Lake States",1237.5,near-term,wastes,0,25426.00,dt,381390000000,BTU,20.55
"Other solid waste",Textiles,55027,"Dodge County",WI,"Lake States",907.1,Emerging,wastes,19.08,3790.00,dt,56850000000,BTU,4.18
"Other solid waste",Textiles,55027,"Dodge County",WI,"Lake States",907.1,"mature-market high",wastes,19.08,3790.00,dt,56850000000,BTU,4.18
"Other solid waste",Textiles,55027,"Dodge County",WI,"Lake States",907.1,"mature-market low",wastes,9.63,3790.00,dt,56850000000,BTU,4.18
"Other solid waste",Textiles,55027,"Dodge County",WI,"Lake States",907.1,"mature-market medium",wastes,9.63,3790.00,dt,56850000000,BTU,4.18
"Other solid waste",Textiles,55027,"Dodge County",WI,"Lake States",907.1,near-term,wastes,0,4121.00,dt,61815000000,BTU,4.54
"Other solid waste",Textiles,55029,"Door County",WI,"Lake States",487.56,Emerging,wastes,19.08,1087.00,dt,16305000000,BTU,2.23
"Other solid waste",Textiles,55029,"Door County",WI,"Lake States",487.56,"mature-market high",wastes,19.08,1087.00,dt,16305000000,BTU,2.23
"Other solid waste",Textiles,55029,"Door County",WI,"Lake States",487.56,"mature-market low",wastes,9.63,1087.00,dt,16305000000,BTU,2.23
"Other solid waste",Textiles,55029,"Door County",WI,"Lake States",487.56,"mature-market medium",wastes,9.63,1087.00,dt,16305000000,BTU,2.23
"Other solid waste",Textiles,55029,"Door County",WI,"Lake States",487.56,near-term,wastes,0,1294.00,dt,19410000000,BTU,2.65
"Other solid waste",Textiles,55031,"Douglas County",WI,"Lake States",1332.11,Emerging,wastes,19.08,1590.00,dt,23850000000,BTU,1.19
"Other solid waste",Textiles,55031,"Douglas County",WI,"Lake States",1332.11,"mature-market high",wastes,19.08,1590.00,dt,23850000000,BTU,1.19
"Other solid waste",Textiles,55031,"Douglas County",WI,"Lake States",1332.11,"mature-market low",wastes,9.63,1590.00,dt,23850000000,BTU,1.19
"Other solid waste",Textiles,55031,"Douglas County",WI,"Lake States",1332.11,"mature-market medium",wastes,9.63,1590.00,dt,23850000000,BTU,1.19
"Other solid waste",Textiles,55031,"Douglas County",WI,"Lake States",1332.11,near-term,wastes,0,2024.00,dt,30360000000,BTU,1.52
"Other solid waste",Textiles,55033,"Dunn County",WI,"Lake States",863.89,Emerging,wastes,19.08,2098.00,dt,31470000000,BTU,2.43
"Other solid waste",Textiles,55033,"Dunn County",WI,"Lake States",863.89,"mature-market high",wastes,19.08,2098.00,dt,31470000000,BTU,2.43
"Other solid waste",Textiles,55033,"Dunn County",WI,"Lake States",863.89,"mature-market low",wastes,9.63,2098.00,dt,31470000000,BTU,2.43
"Other solid waste",Textiles,55033,"Dunn County",WI,"Lake States",863.89,"mature-market medium",wastes,9.63,2098.00,dt,31470000000,BTU,2.43
"Other solid waste",Textiles,55033,"Dunn County",WI,"Lake States",863.89,near-term,wastes,0,2115.00,dt,31725000000,BTU,2.45
"Other solid waste",Textiles,55035,"Eau Claire County",WI,"Lake States",645.2,Emerging,wastes,19.08,5865.00,dt,87975000000,BTU,9.09
"Other solid waste",Textiles,55035,"Eau Claire County",WI,"Lake States",645.2,"mature-market high",wastes,19.08,5865.00,dt,87975000000,BTU,9.09
"Other solid waste",Textiles,55035,"Eau Claire County",WI,"Lake States",645.2,"mature-market low",wastes,9.63,5865.00,dt,87975000000,BTU,9.09
"Other solid waste",Textiles,55035,"Eau Claire County",WI,"Lake States",645.2,"mature-market medium",wastes,9.63,5865.00,dt,87975000000,BTU,9.09
"Other solid waste",Textiles,55035,"Eau Claire County",WI,"Lake States",645.2,near-term,wastes,0,4896.00,dt,73440000000,BTU,7.59
"Other solid waste",Textiles,55037,"Florence County",WI,"Lake States",497.43,Emerging,wastes,19.08,181.00,dt,2715000000,BTU,0.36
"Other solid waste",Textiles,55037,"Florence County",WI,"Lake States",497.43,"mature-market high",wastes,19.08,181.00,dt,2715000000,BTU,0.36
"Other solid waste",Textiles,55037,"Florence County",WI,"Lake States",497.43,"mature-market low",wastes,9.63,181.00,dt,2715000000,BTU,0.36
"Other solid waste",Textiles,55037,"Florence County",WI,"Lake States",497.43,"mature-market medium",wastes,9.63,181.00,dt,2715000000,BTU,0.36
"Other solid waste",Textiles,55037,"Florence County",WI,"Lake States",497.43,near-term,wastes,0,201.00,dt,3015000000,BTU,0.40
"Other solid waste",Textiles,55039,"Fond du Lac County",WI,"Lake States",765.84,Emerging,wastes,19.08,4484.00,dt,67260000000,BTU,5.86
"Other solid waste",Textiles,55039,"Fond du Lac County",WI,"Lake States",765.84,"mature-market high",wastes,19.08,4484.00,dt,67260000000,BTU,5.86
"Other solid waste",Textiles,55039,"Fond du Lac County",WI,"Lake States",765.84,"mature-market low",wastes,9.63,4484.00,dt,67260000000,BTU,5.86
"Other solid waste",Textiles,55039,"Fond du Lac County",WI,"Lake States",765.84,"mature-market medium",wastes,9.63,4484.00,dt,67260000000,BTU,5.86
"Other solid waste",Textiles,55039,"Fond du Lac County",WI,"Lake States",765.84,near-term,wastes,0,4832.00,dt,72480000000,BTU,6.31
"Other solid waste",Textiles,55041,"Forest County",WI,"Lake States",1046.52,Emerging,wastes,19.08,287.00,dt,4305000000,BTU,0.27
"Other solid waste",Textiles,55041,"Forest County",WI,"Lake States",1046.52,"mature-market high",wastes,19.08,287.00,dt,4305000000,BTU,0.27
"Other solid waste",Textiles,55041,"Forest County",WI,"Lake States",1046.52,"mature-market low",wastes,9.63,287.00,dt,4305000000,BTU,0.27
"Other solid waste",Textiles,55041,"Forest County",WI,"Lake States",1046.52,"mature-market medium",wastes,9.63,287.00,dt,4305000000,BTU,0.27
"Other solid waste",Textiles,55041,"Forest County",WI,"Lake States",1046.52,near-term,wastes,0,421.00,dt,6315000000,BTU,0.40
"Other solid waste",Textiles,55043,"Grant County",WI,"Lake States",1183.37,Emerging,wastes,19.08,2768.00,dt,41520000000,BTU,2.34
"Other solid waste",Textiles,55043,"Grant County",WI,"Lake States",1183.37,"mature-market high",wastes,19.08,2768.00,dt,41520000000,BTU,2.34
"Other solid waste",Textiles,55043,"Grant County",WI,"Lake States",1183.37,"mature-market low",wastes,9.63,2768.00,dt,41520000000,BTU,2.34
"Other solid waste",Textiles,55043,"Grant County",WI,"Lake States",1183.37,"mature-market medium",wastes,9.63,2768.00,dt,41520000000,BTU,2.34
"Other solid waste",Textiles,55043,"Grant County",WI,"Lake States",1183.37,near-term,wastes,0,2414.00,dt,36210000000,BTU,2.04
"Other solid waste",Textiles,55045,"Green County",WI,"Lake States",584.55,Emerging,wastes,19.08,1660.00,dt,24900000000,BTU,2.84
"Other solid waste",Textiles,55045,"Green County",WI,"Lake States",584.55,"mature-market high",wastes,19.08,1660.00,dt,24900000000,BTU,2.84
"Other solid waste",Textiles,55045,"Green County",WI,"Lake States",584.55,"mature-market low",wastes,9.63,1660.00,dt,24900000000,BTU,2.84
"Other solid waste",Textiles,55045,"Green County",WI,"Lake States",584.55,"mature-market medium",wastes,9.63,1660.00,dt,24900000000,BTU,2.84
"Other solid waste",Textiles,55045,"Green County",WI,"Lake States",584.55,near-term,wastes,0,1732.00,dt,25980000000,BTU,2.96
"Other solid waste",Textiles,55047,"Green Lake County",WI,"Lake States",380.13,Emerging,wastes,19.08,741.00,dt,11115000000,BTU,1.95
"Other solid waste",Textiles,55047,"Green Lake County",WI,"Lake States",380.13,"mature-market high",wastes,19.08,741.00,dt,11115000000,BTU,1.95
"Other solid waste",Textiles,55047,"Green Lake County",WI,"Lake States",380.13,"mature-market low",wastes,9.63,741.00,dt,11115000000,BTU,1.95
"Other solid waste",Textiles,55047,"Green Lake County",WI,"Lake States",380.13,"mature-market medium",wastes,9.63,741.00,dt,11115000000,BTU,1.95
"Other solid waste",Textiles,55047,"Green Lake County",WI,"Lake States",380.13,near-term,wastes,0,884.00,dt,13260000000,BTU,2.33
"Other solid waste",Textiles,55049,"Iowa County",WI,"Lake States",768.05,Emerging,wastes,19.08,961.00,dt,14415000000,BTU,1.25
"Other solid waste",Textiles,55049,"Iowa County",WI,"Lake States",768.05,"mature-market high",wastes,19.08,961.00,dt,14415000000,BTU,1.25
"Other solid waste",Textiles,55049,"Iowa County",WI,"Lake States",768.05,"mature-market low",wastes,9.63,961.00,dt,14415000000,BTU,1.25
"Other solid waste",Textiles,55049,"Iowa County",WI,"Lake States",768.05,"mature-market medium",wastes,9.63,961.00,dt,14415000000,BTU,1.25
"Other solid waste",Textiles,55049,"Iowa County",WI,"Lake States",768.05,near-term,wastes,0,1113.00,dt,16695000000,BTU,1.45
"Other solid waste",Textiles,55051,"Iron County",WI,"Lake States",802.62,Emerging,wastes,19.08,204.00,dt,3060000000,BTU,0.25
"Other solid waste",Textiles,55051,"Iron County",WI,"Lake States",802.62,"mature-market high",wastes,19.08,204.00,dt,3060000000,BTU,0.25
"Other solid waste",Textiles,55051,"Iron County",WI,"Lake States",802.62,"mature-market low",wastes,9.63,204.00,dt,3060000000,BTU,0.25
"Other solid waste",Textiles,55051,"Iron County",WI,"Lake States",802.62,"mature-market medium",wastes,9.63,204.00,dt,3060000000,BTU,0.25
"Other solid waste",Textiles,55051,"Iron County",WI,"Lake States",802.62,near-term,wastes,0,267.00,dt,4005000000,BTU,0.33
"Other solid waste",Textiles,55053,"Jackson County",WI,"Lake States",1000.48,Emerging,wastes,19.08,890.00,dt,13350000000,BTU,0.89
"Other solid waste",Textiles,55053,"Jackson County",WI,"Lake States",1000.48,"mature-market high",wastes,19.08,890.00,dt,13350000000,BTU,0.89
"Other solid waste",Textiles,55053,"Jackson County",WI,"Lake States",1000.48,"mature-market low",wastes,9.63,890.00,dt,13350000000,BTU,0.89
"Other solid waste",Textiles,55053,"Jackson County",WI,"Lake States",1000.48,"mature-market medium",wastes,9.63,890.00,dt,13350000000,BTU,0.89
"Other solid waste",Textiles,55053,"Jackson County",WI,"Lake States",1000.48,near-term,wastes,0,960.00,dt,14400000000,BTU,0.96
"Other solid waste",Textiles,55055,"Jefferson County",WI,"Lake States",582.74,Emerging,wastes,19.08,3850.00,dt,57750000000,BTU,6.61
"Other solid waste",Textiles,55055,"Jefferson County",WI,"Lake States",582.74,"mature-market high",wastes,19.08,3850.00,dt,57750000000,BTU,6.61
"Other solid waste",Textiles,55055,"Jefferson County",WI,"Lake States",582.74,"mature-market low",wastes,9.63,3850.00,dt,57750000000,BTU,6.61
"Other solid waste",Textiles,55055,"Jefferson County",WI,"Lake States",582.74,"mature-market medium",wastes,9.63,3850.00,dt,57750000000,BTU,6.61
"Other solid waste",Textiles,55055,"Jefferson County",WI,"Lake States",582.74,near-term,wastes,0,3990.00,dt,59850000000,BTU,6.85
"Other solid waste",Textiles,55057,"Juneau County",WI,"Lake States",805.17,Emerging,wastes,19.08,956.00,dt,14340000000,BTU,1.19
"Other solid waste",Textiles,55057,"Juneau County",WI,"Lake States",805.17,"mature-market high",wastes,19.08,956.00,dt,14340000000,BTU,1.19
"Other solid waste",Textiles,55057,"Juneau County",WI,"Lake States",805.17,"mature-market low",wastes,9.63,956.00,dt,14340000000,BTU,1.19
"Other solid waste",Textiles,55057,"Juneau County",WI,"Lake States",805.17,"mature-market medium",wastes,9.63,956.00,dt,14340000000,BTU,1.19
"Other solid waste",Textiles,55057,"Juneau County",WI,"Lake States",805.17,near-term,wastes,0,1248.00,dt,18720000000,BTU,1.55
"Other solid waste",Textiles,55059,"Kenosha County",WI,"Lake States",278.42,Emerging,wastes,19.08,8008.00,dt,120120000000,BTU,28.76
"Other solid waste",Textiles,55059,"Kenosha County",WI,"Lake States",278.42,"mature-market high",wastes,19.08,8008.00,dt,120120000000,BTU,28.76
"Other solid waste",Textiles,55059,"Kenosha County",WI,"Lake States",278.42,"mature-market low",wastes,9.63,8008.00,dt,120120000000,BTU,28.76
"Other solid waste",Textiles,55059,"Kenosha County",WI,"Lake States",278.42,"mature-market medium",wastes,9.63,8008.00,dt,120120000000,BTU,28.76
"Other solid waste",Textiles,55059,"Kenosha County",WI,"Lake States",278.42,near-term,wastes,0,7925.00,dt,118875000000,BTU,28.46
"Other solid waste",Textiles,55061,"Kewaunee County",WI,"Lake States",343.95,Emerging,wastes,19.08,740.00,dt,11100000000,BTU,2.15
"Other solid waste",Textiles,55061,"Kewaunee County",WI,"Lake States",343.95,"mature-market high",wastes,19.08,740.00,dt,11100000000,BTU,2.15
"Other solid waste",Textiles,55061,"Kewaunee County",WI,"Lake States",343.95,"mature-market low",wastes,9.63,740.00,dt,11100000000,BTU,2.15
"Other solid waste",Textiles,55061,"Kewaunee County",WI,"Lake States",343.95,"mature-market medium",wastes,9.63,740.00,dt,11100000000,BTU,2.15
"Other solid waste",Textiles,55061,"Kewaunee County",WI,"Lake States",343.95,near-term,wastes,0,957.00,dt,14355000000,BTU,2.78
"Other solid waste",Textiles,55063,"La Crosse County",WI,"Lake States",480.05,Emerging,wastes,19.08,6733.00,dt,100995000000,BTU,14.03
"Other solid waste",Textiles,55063,"La Crosse County",WI,"Lake States",480.05,"mature-market high",wastes,19.08,6733.00,dt,100995000000,BTU,14.03
"Other solid waste",Textiles,55063,"La Crosse County",WI,"Lake States",480.05,"mature-market low",wastes,9.63,6733.00,dt,100995000000,BTU,14.03
"Other solid waste",Textiles,55063,"La Crosse County",WI,"Lake States",480.05,"mature-market medium",wastes,9.63,6733.00,dt,100995000000,BTU,14.03
"Other solid waste",Textiles,55063,"La Crosse County",WI,"Lake States",480.05,near-term,wastes,0,5538.00,dt,83070000000,BTU,11.54
"Other solid waste",Textiles,55065,"Lafayette County",WI,"Lake States",634.57,Emerging,wastes,19.08,642.00,dt,9630000000,BTU,1.01
"Other solid waste",Textiles,55065,"Lafayette County",WI,"Lake States",634.57,"mature-market high",wastes,19.08,642.00,dt,9630000000,BTU,1.01
"Other solid waste",Textiles,55065,"Lafayette County",WI,"Lake States",634.57,"mature-market low",wastes,9.63,642.00,dt,9630000000,BTU,1.01
"Other solid waste",Textiles,55065,"Lafayette County",WI,"Lake States",634.57,"mature-market medium",wastes,9.63,642.00,dt,9630000000,BTU,1.01
"Other solid waste",Textiles,55065,"Lafayette County",WI,"Lake States",634.57,near-term,wastes,0,782.00,dt,11730000000,BTU,1.23
"Other solid waste",Textiles,55067,"Langlade County",WI,"Lake States",887.79,Emerging,wastes,19.08,535.00,dt,8025000000,BTU,0.60
"Other solid waste",Textiles,55067,"Langlade County",WI,"Lake States",887.79,"mature-market high",wastes,19.08,535.00,dt,8025000000,BTU,0.60
"Other solid waste",Textiles,55067,"Langlade County",WI,"Lake States",887.79,"mature-market low",wastes,9.63,535.00,dt,8025000000,BTU,0.60
"Other solid waste",Textiles,55067,"Langlade County",WI,"Lake States",887.79,"mature-market medium",wastes,9.63,535.00,dt,8025000000,BTU,0.60
"Other solid waste",Textiles,55067,"Langlade County",WI,"Lake States",887.79,near-term,wastes,0,902.00,dt,13530000000,BTU,1.02
"Other solid waste",Textiles,55069,"Lincoln County",WI,"Lake States",906.79,Emerging,wastes,19.08,917.00,dt,13755000000,BTU,1.01
"Other solid waste",Textiles,55069,"Lincoln County",WI,"Lake States",906.79,"mature-market high",wastes,19.08,917.00,dt,13755000000,BTU,1.01
"Other solid waste",Textiles,55069,"Lincoln County",WI,"Lake States",906.79,"mature-market low",wastes,9.63,917.00,dt,13755000000,BTU,1.01
"Other solid waste",Textiles,55069,"Lincoln County",WI,"Lake States",906.79,"mature-market medium",wastes,9.63,917.00,dt,13755000000,BTU,1.01
"Other solid waste",Textiles,55069,"Lincoln County",WI,"Lake States",906.79,near-term,wastes,0,1298.00,dt,19470000000,BTU,1.43
"Other solid waste",Textiles,55071,"Manitowoc County",WI,"Lake States",594.62,Emerging,wastes,19.08,2846.00,dt,42690000000,BTU,4.79
"Other solid waste",Textiles,55071,"Manitowoc County",WI,"Lake States",594.62,"mature-market high",wastes,19.08,2846.00,dt,42690000000,BTU,4.79
"Other solid waste",Textiles,55071,"Manitowoc County",WI,"Lake States",594.62,"mature-market low",wastes,9.63,2846.00,dt,42690000000,BTU,4.79
"Other solid waste",Textiles,55071,"Manitowoc County",WI,"Lake States",594.62,"mature-market medium",wastes,9.63,2846.00,dt,42690000000,BTU,4.79
"Other solid waste",Textiles,55071,"Manitowoc County",WI,"Lake States",594.62,near-term,wastes,0,3707.00,dt,55605000000,BTU,6.23
"Other solid waste",Textiles,55073,"Marathon County",WI,"Lake States",1576.33,Emerging,wastes,19.08,6069.00,dt,91035000000,BTU,3.85
"Other solid waste",Textiles,55073,"Marathon County",WI,"Lake States",1576.33,"mature-market high",wastes,19.08,6069.00,dt,91035000000,BTU,3.85
"Other solid waste",Textiles,55073,"Marathon County",WI,"Lake States",1576.33,"mature-market low",wastes,9.63,6069.00,dt,91035000000,BTU,3.85
"Other solid waste",Textiles,55073,"Marathon County",WI,"Lake States",1576.33,"mature-market medium",wastes,9.63,6069.00,dt,91035000000,BTU,3.85
"Other solid waste",Textiles,55073,"Marathon County",WI,"Lake States",1576.33,near-term,wastes,0,6353.00,dt,95295000000,BTU,4.03
"Other solid waste",Textiles,55075,"Marinette County",WI,"Lake States",1429.25,Emerging,wastes,19.08,1341.00,dt,20115000000,BTU,0.94
"Other solid waste",Textiles,55075,"Marinette County",WI,"Lake States",1429.25,"mature-market high",wastes,19.08,1341.00,dt,20115000000,BTU,0.94
"Other solid waste",Textiles,55075,"Marinette County",WI,"Lake States",1429.25,"mature-market low",wastes,9.63,1341.00,dt,20115000000,BTU,0.94
"Other solid waste",Textiles,55075,"Marinette County",WI,"Lake States",1429.25,"mature-market medium",wastes,9.63,1341.00,dt,20115000000,BTU,0.94
"Other solid waste",Textiles,55075,"Marinette County",WI,"Lake States",1429.25,near-term,wastes,0,1896.00,dt,28440000000,BTU,1.33
"Other solid waste",Textiles,55077,"Marquette County",WI,"Lake States",464.47,Emerging,wastes,19.08,498.00,dt,7470000000,BTU,1.07
"Other solid waste",Textiles,55077,"Marquette County",WI,"Lake States",464.47,"mature-market high",wastes,19.08,498.00,dt,7470000000,BTU,1.07
"Other solid waste",Textiles,55077,"Marquette County",WI,"Lake States",464.47,"mature-market low",wastes,9.63,498.00,dt,7470000000,BTU,1.07
"Other solid waste",Textiles,55077,"Marquette County",WI,"Lake States",464.47,"mature-market medium",wastes,9.63,498.00,dt,7470000000,BTU,1.07
"Other solid waste",Textiles,55077,"Marquette County",WI,"Lake States",464.47,near-term,wastes,0,723.00,dt,10845000000,BTU,1.56
"Other solid waste",Textiles,55078,"Menominee County",WI,"Lake States",364.96,Emerging,wastes,19.08,245.00,dt,3675000000,BTU,0.67
"Other solid waste",Textiles,55078,"Menominee County",WI,"Lake States",364.96,"mature-market high",wastes,19.08,245.00,dt,3675000000,BTU,0.67
"Other solid waste",Textiles,55078,"Menominee County",WI,"Lake States",364.96,"mature-market low",wastes,9.63,245.00,dt,3675000000,BTU,0.67
"Other solid waste",Textiles,55078,"Menominee County",WI,"Lake States",364.96,"mature-market medium",wastes,9.63,245.00,dt,3675000000,BTU,0.67
"Other solid waste",Textiles,55078,"Menominee County",WI,"Lake States",364.96,near-term,wastes,0,216.00,dt,3240000000,BTU,0.59
"Other solid waste",Textiles,55079,"Milwaukee County",WI,"Lake States",242.17,Emerging,wastes,19.08,48631.00,dt,729465000000,BTU,200.81
"Other solid waste",Textiles,55079,"Milwaukee County",WI,"Lake States",242.17,"mature-market high",wastes,19.08,48631.00,dt,729465000000,BTU,200.81
"Other solid waste",Textiles,55079,"Milwaukee County",WI,"Lake States",242.17,"mature-market low",wastes,9.63,48631.00,dt,729465000000,BTU,200.81
"Other solid waste",Textiles,55079,"Milwaukee County",WI,"Lake States",242.17,"mature-market medium",wastes,9.63,48631.00,dt,729465000000,BTU,200.81
"Other solid waste",Textiles,55079,"Milwaukee County",WI,"Lake States",242.17,near-term,wastes,0,44428.00,dt,666420000000,BTU,183.46
"Other solid waste",Textiles,55081,"Monroe County",WI,"Lake States",908.08,Emerging,wastes,19.08,1970.00,dt,29550000000,BTU,2.17
"Other solid waste",Textiles,55081,"Monroe County",WI,"Lake States",908.08,"mature-market high",wastes,19.08,1970.00,dt,29550000000,BTU,2.17
"Other solid waste",Textiles,55081,"Monroe County",WI,"Lake States",908.08,"mature-market low",wastes,9.63,1970.00,dt,29550000000,BTU,2.17
"Other solid waste",Textiles,55081,"Monroe County",WI,"Lake States",908.08,"mature-market medium",wastes,9.63,1970.00,dt,29550000000,BTU,2.17
"Other solid waste",Textiles,55081,"Monroe County",WI,"Lake States",908.08,near-term,wastes,0,2165.00,dt,32475000000,BTU,2.38
"Other solid waste",Textiles,55083,"Oconto County",WI,"Lake States",1016.31,Emerging,wastes,19.08,1388.00,dt,20820000000,BTU,1.37
"Other solid waste",Textiles,55083,"Oconto County",WI,"Lake States",1016.31,"mature-market high",wastes,19.08,1388.00,dt,20820000000,BTU,1.37
"Other solid waste",Textiles,55083,"Oconto County",WI,"Lake States",1016.31,"mature-market low",wastes,9.63,1388.00,dt,20820000000,BTU,1.37
"Other solid waste",Textiles,55083,"Oconto County",WI,"Lake States",1016.31,"mature-market medium",wastes,9.63,1388.00,dt,20820000000,BTU,1.37
"Other solid waste",Textiles,55083,"Oconto County",WI,"Lake States",1016.31,near-term,wastes,0,1775.00,dt,26625000000,BTU,1.75
"Other solid waste",Textiles,55085,"Oneida County",WI,"Lake States",1236.57,Emerging,wastes,19.08,1295.00,dt,19425000000,BTU,1.05
"Other solid waste",Textiles,55085,"Oneida County",WI,"Lake States",1236.57,"mature-market high",wastes,19.08,1295.00,dt,19425000000,BTU,1.05
"Other solid waste",Textiles,55085,"Oneida County",WI,"Lake States",1236.57,"mature-market low",wastes,9.63,1295.00,dt,19425000000,BTU,1.05
"Other solid waste",Textiles,55085,"Oneida County",WI,"Lake States",1236.57,"mature-market medium",wastes,9.63,1295.00,dt,19425000000,BTU,1.05
"Other solid waste",Textiles,55085,"Oneida County",WI,"Lake States",1236.57,near-term,wastes,0,1663.00,dt,24945000000,BTU,1.34
"Other solid waste",Textiles,55087,"Outagamie County",WI,"Lake States",644.61,Emerging,wastes,19.08,10001.00,dt,150015000000,BTU,15.51
"Other solid waste",Textiles,55087,"Outagamie County",WI,"Lake States",644.61,"mature-market high",wastes,19.08,10001.00,dt,150015000000,BTU,15.51
"Other solid waste",Textiles,55087,"Outagamie County",WI,"Lake States",644.61,"mature-market low",wastes,9.63,10001.00,dt,150015000000,BTU,15.51
"Other solid waste",Textiles,55087,"Outagamie County",WI,"Lake States",644.61,"mature-market medium",wastes,9.63,10001.00,dt,150015000000,BTU,15.51
"Other solid waste",Textiles,55087,"Outagamie County",WI,"Lake States",644.61,near-term,wastes,0,8768.00,dt,131520000000,BTU,13.60
"Other solid waste",Textiles,55089,"Ozaukee County",WI,"Lake States",235.28,Emerging,wastes,19.08,4466.00,dt,66990000000,BTU,18.98
"Other solid waste",Textiles,55089,"Ozaukee County",WI,"Lake States",235.28,"mature-market high",wastes,19.08,4466.00,dt,66990000000,BTU,18.98
"Other solid waste",Textiles,55089,"Ozaukee County",WI,"Lake States",235.28,"mature-market low",wastes,9.63,4466.00,dt,66990000000,BTU,18.98
"Other solid waste",Textiles,55089,"Ozaukee County",WI,"Lake States",235.28,"mature-market medium",wastes,9.63,4466.00,dt,66990000000,BTU,18.98
"Other solid waste",Textiles,55089,"Ozaukee County",WI,"Lake States",235.28,near-term,wastes,0,4178.00,dt,62670000000,BTU,17.76
"Other solid waste",Textiles,55091,"Pepin County",WI,"Lake States",248.7,Emerging,wastes,19.08,239.00,dt,3585000000,BTU,0.96
"Other solid waste",Textiles,55091,"Pepin County",WI,"Lake States",248.7,"mature-market high",wastes,19.08,239.00,dt,3585000000,BTU,0.96
"Other solid waste",Textiles,55091,"Pepin County",WI,"Lake States",248.7,"mature-market low",wastes,9.63,239.00,dt,3585000000,BTU,0.96
"Other solid waste",Textiles,55091,"Pepin County",WI,"Lake States",248.7,"mature-market medium",wastes,9.63,239.00,dt,3585000000,BTU,0.96
"Other solid waste",Textiles,55091,"Pepin County",WI,"Lake States",248.7,near-term,wastes,0,343.00,dt,5145000000,BTU,1.38
"Other solid waste",Textiles,55093,"Pierce County",WI,"Lake States",592.73,Emerging,wastes,19.08,1645.00,dt,24675000000,BTU,2.78
"Other solid waste",Textiles,55093,"Pierce County",WI,"Lake States",592.73,"mature-market high",wastes,19.08,1645.00,dt,24675000000,BTU,2.78
"Other solid waste",Textiles,55093,"Pierce County",WI,"Lake States",592.73,"mature-market low",wastes,9.63,1645.00,dt,24675000000,BTU,2.78
"Other solid waste",Textiles,55093,"Pierce County",WI,"Lake States",592.73,"mature-market medium",wastes,9.63,1645.00,dt,24675000000,BTU,2.78
"Other solid waste",Textiles,55093,"Pierce County",WI,"Lake States",592.73,near-term,wastes,0,1998.00,dt,29970000000,BTU,3.37
"Other solid waste",Textiles,55095,"Polk County",WI,"Lake States",956.41,Emerging,wastes,19.08,1499.00,dt,22485000000,BTU,1.57
"Other solid waste",Textiles,55095,"Polk County",WI,"Lake States",956.41,"mature-market high",wastes,19.08,1499.00,dt,22485000000,BTU,1.57
"Other solid waste",Textiles,55095,"Polk County",WI,"Lake States",956.41,"mature-market low",wastes,9.63,1499.00,dt,22485000000,BTU,1.57
"Other solid waste",Textiles,55095,"Polk County",WI,"Lake States",956.41,"mature-market medium",wastes,9.63,1499.00,dt,22485000000,BTU,1.57
"Other solid waste",Textiles,55095,"Polk County",WI,"Lake States",956.41,near-term,wastes,0,2044.00,dt,30660000000,BTU,2.14
"Other solid waste",Textiles,55097,"Portage County",WI,"Lake States",822.82,Emerging,wastes,19.08,3332.00,dt,49980000000,BTU,4.05
"Other solid waste",Textiles,55097,"Portage County",WI,"Lake States",822.82,"mature-market high",wastes,19.08,3332.00,dt,49980000000,BTU,4.05
"Other solid waste",Textiles,55097,"Portage County",WI,"Lake States",822.82,"mature-market low",wastes,9.63,3332.00,dt,49980000000,BTU,4.05
"Other solid waste",Textiles,55097,"Portage County",WI,"Lake States",822.82,"mature-market medium",wastes,9.63,3332.00,dt,49980000000,BTU,4.05
"Other solid waste",Textiles,55097,"Portage County",WI,"Lake States",822.82,near-term,wastes,0,3324.00,dt,49860000000,BTU,4.04
"Other solid waste",Textiles,55099,"Price County",WI,"Lake States",1278.04,Emerging,wastes,19.08,446.00,dt,6690000000,BTU,0.35
"Other solid waste",Textiles,55099,"Price County",WI,"Lake States",1278.04,"mature-market high",wastes,19.08,446.00,dt,6690000000,BTU,0.35
"Other solid waste",Textiles,55099,"Price County",WI,"Lake States",1278.04,"mature-market low",wastes,9.63,446.00,dt,6690000000,BTU,0.35
"Other solid waste",Textiles,55099,"Price County",WI,"Lake States",1278.04,"mature-market medium",wastes,9.63,446.00,dt,6690000000,BTU,0.35
"Other solid waste",Textiles,55099,"Price County",WI,"Lake States",1278.04,near-term,wastes,0,627.00,dt,9405000000,BTU,0.49
"Other solid waste",Textiles,55101,"Racine County",WI,"Lake States",340.39,Emerging,wastes,19.08,8530.00,dt,127950000000,BTU,25.06
"Other solid waste",Textiles,55101,"Racine County",WI,"Lake States",340.39,"mature-market high",wastes,19.08,8530.00,dt,127950000000,BTU,25.06
"Other solid waste",Textiles,55101,"Racine County",WI,"Lake States",340.39,"mature-market low",wastes,9.63,8530.00,dt,127950000000,BTU,25.06
"Other solid waste",Textiles,55101,"Racine County",WI,"Lake States",340.39,"mature-market medium",wastes,9.63,8530.00,dt,127950000000,BTU,25.06
"Other solid waste",Textiles,55101,"Racine County",WI,"Lake States",340.39,near-term,wastes,0,9212.00,dt,138180000000,BTU,27.06
"Other solid waste",Textiles,55103,"Richland County",WI,"Lake States",589.3,Emerging,wastes,19.08,557.00,dt,8355000000,BTU,0.95
"Other solid waste",Textiles,55103,"Richland County",WI,"Lake States",589.3,"mature-market high",wastes,19.08,557.00,dt,8355000000,BTU,0.95
"Other solid waste",Textiles,55103,"Richland County",WI,"Lake States",589.3,"mature-market low",wastes,9.63,557.00,dt,8355000000,BTU,0.95
"Other solid waste",Textiles,55103,"Richland County",WI,"Lake States",589.3,"mature-market medium",wastes,9.63,557.00,dt,8355000000,BTU,0.95
"Other solid waste",Textiles,55103,"Richland County",WI,"Lake States",589.3,near-term,wastes,0,816.00,dt,12240000000,BTU,1.38
"Other solid waste",Textiles,55105,"Rock County",WI,"Lake States",726.16,Emerging,wastes,19.08,7125.00,dt,106875000000,BTU,9.81
"Other solid waste",Textiles,55105,"Rock County",WI,"Lake States",726.16,"mature-market high",wastes,19.08,7125.00,dt,106875000000,BTU,9.81
"Other solid waste",Textiles,55105,"Rock County",WI,"Lake States",726.16,"mature-market low",wastes,9.63,7125.00,dt,106875000000,BTU,9.81
"Other solid waste",Textiles,55105,"Rock County",WI,"Lake States",726.16,"mature-market medium",wastes,9.63,7125.00,dt,106875000000,BTU,9.81
"Other solid waste",Textiles,55105,"Rock County",WI,"Lake States",726.16,near-term,wastes,0,7641.00,dt,114615000000,BTU,10.52
"Other solid waste",Textiles,55107,"Rusk County",WI,"Lake States",930.86,Emerging,wastes,19.08,429.00,dt,6435000000,BTU,0.46
"Other solid waste",Textiles,55107,"Rusk County",WI,"Lake States",930.86,"mature-market high",wastes,19.08,429.00,dt,6435000000,BTU,0.46
"Other solid waste",Textiles,55107,"Rusk County",WI,"Lake States",930.86,"mature-market low",wastes,9.63,429.00,dt,6435000000,BTU,0.46
"Other solid waste",Textiles,55107,"Rusk County",WI,"Lake States",930.86,"mature-market medium",wastes,9.63,429.00,dt,6435000000,BTU,0.46
"Other solid waste",Textiles,55107,"Rusk County",WI,"Lake States",930.86,near-term,wastes,0,662.00,dt,9930000000,BTU,0.71
"Other solid waste",Textiles,55109,"St. Croix County",WI,"Lake States",735.19,Emerging,wastes,19.08,4620.00,dt,69300000000,BTU,6.28
"Other solid waste",Textiles,55109,"St. Croix County",WI,"Lake States",735.19,"mature-market high",wastes,19.08,4620.00,dt,69300000000,BTU,6.28
"Other solid waste",Textiles,55109,"St. Croix County",WI,"Lake States",735.19,"mature-market low",wastes,9.63,4620.00,dt,69300000000,BTU,6.28
"Other solid waste",Textiles,55109,"St. Croix County",WI,"Lake States",735.19,"mature-market medium",wastes,9.63,4620.00,dt,69300000000,BTU,6.28
"Other solid waste",Textiles,55109,"St. Croix County",WI,"Lake States",735.19,near-term,wastes,0,4208.00,dt,63120000000,BTU,5.72
"Other solid waste",Textiles,55111,"Sauk County",WI,"Lake States",849.19,Emerging,wastes,19.08,3090.00,dt,46350000000,BTU,3.64
"Other solid waste",Textiles,55111,"Sauk County",WI,"Lake States",849.19,"mature-market high",wastes,19.08,3090.00,dt,46350000000,BTU,3.64
"Other solid waste",Textiles,55111,"Sauk County",WI,"Lake States",849.19,"mature-market low",wastes,9.63,3090.00,dt,46350000000,BTU,3.64
"Other solid waste",Textiles,55111,"Sauk County",WI,"Lake States",849.19,"mature-market medium",wastes,9.63,3090.00,dt,46350000000,BTU,3.64
"Other solid waste",Textiles,55111,"Sauk County",WI,"Lake States",849.19,near-term,wastes,0,3018.00,dt,45270000000,BTU,3.55
"Other solid waste",Textiles,55113,"Sawyer County",WI,"Lake States",1350.24,Emerging,wastes,19.08,542.00,dt,8130000000,BTU,0.40
"Other solid waste",Textiles,55113,"Sawyer County",WI,"Lake States",1350.24,"mature-market high",wastes,19.08,542.00,dt,8130000000,BTU,0.40
"Other solid waste",Textiles,55113,"Sawyer County",WI,"Lake States",1350.24,"mature-market low",wastes,9.63,542.00,dt,8130000000,BTU,0.40
"Other solid waste",Textiles,55113,"Sawyer County",WI,"Lake States",1350.24,"mature-market medium",wastes,9.63,542.00,dt,8130000000,BTU,0.40
"Other solid waste",Textiles,55113,"Sawyer County",WI,"Lake States",1350.24,near-term,wastes,0,772.00,dt,11580000000,BTU,0.57
"Other solid waste",Textiles,55115,"Shawano County",WI,"Lake States",909.4,Emerging,wastes,19.08,1401.00,dt,21015000000,BTU,1.54
"Other solid waste",Textiles,55115,"Shawano County",WI,"Lake States",909.4,"mature-market high",wastes,19.08,1401.00,dt,21015000000,BTU,1.54
"Other solid waste",Textiles,55115,"Shawano County",WI,"Lake States",909.4,"mature-market low",wastes,9.63,1401.00,dt,21015000000,BTU,1.54
"Other solid waste",Textiles,55115,"Shawano County",WI,"Lake States",909.4,"mature-market medium",wastes,9.63,1401.00,dt,21015000000,BTU,1.54
"Other solid waste",Textiles,55115,"Shawano County",WI,"Lake States",909.4,near-term,wastes,0,1913.00,dt,28695000000,BTU,2.10
"Other solid waste",Textiles,55117,"Sheboygan County",WI,"Lake States",517.64,Emerging,wastes,19.08,4987.00,dt,74805000000,BTU,9.63
"Other solid waste",Textiles,55117,"Sheboygan County",WI,"Lake States",517.64,"mature-market high",wastes,19.08,4987.00,dt,74805000000,BTU,9.63
"Other solid waste",Textiles,55117,"Sheboygan County",WI,"Lake States",517.64,"mature-market low",wastes,9.63,4987.00,dt,74805000000,BTU,9.63
"Other solid waste",Textiles,55117,"Sheboygan County",WI,"Lake States",517.64,"mature-market medium",wastes,9.63,4987.00,dt,74805000000,BTU,9.63
"Other solid waste",Textiles,55117,"Sheboygan County",WI,"Lake States",517.64,near-term,wastes,0,5406.00,dt,81090000000,BTU,10.44
"Other solid waste",Textiles,55119,"Taylor County",WI,"Lake States",984.56,Emerging,wastes,19.08,722.00,dt,10830000000,BTU,0.73
"Other solid waste",Textiles,55119,"Taylor County",WI,"Lake States",984.56,"mature-market high",wastes,19.08,722.00,dt,10830000000,BTU,0.73
"Other solid waste",Textiles,55119,"Taylor County",WI,"Lake States",984.56,"mature-market low",wastes,9.63,722.00,dt,10830000000,BTU,0.73
"Other solid waste",Textiles,55119,"Taylor County",WI,"Lake States",984.56,"mature-market medium",wastes,9.63,722.00,dt,10830000000,BTU,0.73
"Other solid waste",Textiles,55119,"Taylor County",WI,"Lake States",984.56,near-term,wastes,0,955.00,dt,14325000000,BTU,0.97
"Other solid waste",Textiles,55121,"Trempealeau County",WI,"Lake States",741.98,Emerging,wastes,19.08,1501.00,dt,22515000000,BTU,2.02
"Other solid waste",Textiles,55121,"Trempealeau County",WI,"Lake States",741.98,"mature-market high",wastes,19.08,1501.00,dt,22515000000,BTU,2.02
"Other solid waste",Textiles,55121,"Trempealeau County",WI,"Lake States",741.98,"mature-market low",wastes,9.63,1501.00,dt,22515000000,BTU,2.02
"Other solid waste",Textiles,55121,"Trempealeau County",WI,"Lake States",741.98,"mature-market medium",wastes,9.63,1501.00,dt,22515000000,BTU,2.02
"Other solid waste",Textiles,55121,"Trempealeau County",WI,"Lake States",741.98,near-term,wastes,0,1384.00,dt,20760000000,BTU,1.87
"Other solid waste",Textiles,55123,"Vernon County",WI,"Lake States",816.38,Emerging,wastes,19.08,1304.00,dt,19560000000,BTU,1.60
"Other solid waste",Textiles,55123,"Vernon County",WI,"Lake States",816.38,"mature-market high",wastes,19.08,1304.00,dt,19560000000,BTU,1.60
"Other solid waste",Textiles,55123,"Vernon County",WI,"Lake States",816.38,"mature-market low",wastes,9.63,1304.00,dt,19560000000,BTU,1.60
"Other solid waste",Textiles,55123,"Vernon County",WI,"Lake States",816.38,"mature-market medium",wastes,9.63,1304.00,dt,19560000000,BTU,1.60
"Other solid waste",Textiles,55123,"Vernon County",WI,"Lake States",816.38,near-term,wastes,0,1444.00,dt,21660000000,BTU,1.77
"Other solid waste",Textiles,55125,"Vilas County",WI,"Lake States",1017.72,Emerging,wastes,19.08,731.00,dt,10965000000,BTU,0.72
"Other solid waste",Textiles,55125,"Vilas County",WI,"Lake States",1017.72,"mature-market high",wastes,19.08,731.00,dt,10965000000,BTU,0.72
"Other solid waste",Textiles,55125,"Vilas County",WI,"Lake States",1017.72,"mature-market low",wastes,9.63,731.00,dt,10965000000,BTU,0.72
"Other solid waste",Textiles,55125,"Vilas County",WI,"Lake States",1017.72,"mature-market medium",wastes,9.63,731.00,dt,10965000000,BTU,0.72
"Other solid waste",Textiles,55125,"Vilas County",WI,"Lake States",1017.72,near-term,wastes,0,1029.00,dt,15435000000,BTU,1.01
"Other solid waste",Textiles,55127,"Walworth County",WI,"Lake States",576.6,Emerging,wastes,19.08,4828.00,dt,72420000000,BTU,8.37
"Other solid waste",Textiles,55127,"Walworth County",WI,"Lake States",576.6,"mature-market high",wastes,19.08,4828.00,dt,72420000000,BTU,8.37
"Other solid waste",Textiles,55127,"Walworth County",WI,"Lake States",576.6,"mature-market low",wastes,9.63,4828.00,dt,72420000000,BTU,8.37
"Other solid waste",Textiles,55127,"Walworth County",WI,"Lake States",576.6,"mature-market medium",wastes,9.63,4828.00,dt,72420000000,BTU,8.37
"Other solid waste",Textiles,55127,"Walworth County",WI,"Lake States",576.6,near-term,wastes,0,4858.00,dt,72870000000,BTU,8.43
"Other solid waste",Textiles,55129,"Washburn County",WI,"Lake States",853.32,Emerging,wastes,19.08,475.00,dt,7125000000,BTU,0.56
"Other solid waste",Textiles,55129,"Washburn County",WI,"Lake States",853.32,"mature-market high",wastes,19.08,475.00,dt,7125000000,BTU,0.56
"Other solid waste",Textiles,55129,"Washburn County",WI,"Lake States",853.32,"mature-market low",wastes,9.63,475.00,dt,7125000000,BTU,0.56
"Other solid waste",Textiles,55129,"Washburn County",WI,"Lake States",853.32,"mature-market medium",wastes,9.63,475.00,dt,7125000000,BTU,0.56
"Other solid waste",Textiles,55129,"Washburn County",WI,"Lake States",853.32,near-term,wastes,0,743.00,dt,11145000000,BTU,0.87
"Other solid waste",Textiles,55131,"Washington County",WI,"Lake States",435.66,Emerging,wastes,19.08,6166.00,dt,92490000000,BTU,14.15
"Other solid waste",Textiles,55131,"Washington County",WI,"Lake States",435.66,"mature-market high",wastes,19.08,6166.00,dt,92490000000,BTU,14.15
"Other solid waste",Textiles,55131,"Washington County",WI,"Lake States",435.66,"mature-market low",wastes,9.63,6166.00,dt,92490000000,BTU,14.15
"Other solid waste",Textiles,55131,"Washington County",WI,"Lake States",435.66,"mature-market medium",wastes,9.63,6166.00,dt,92490000000,BTU,14.15
"Other solid waste",Textiles,55131,"Washington County",WI,"Lake States",435.66,near-term,wastes,0,6355.00,dt,95325000000,BTU,14.59
"Other solid waste",Textiles,55133,"Waukesha County",WI,"Lake States",580.54,Emerging,wastes,19.08,19495.00,dt,292425000000,BTU,33.58
"Other solid waste",Textiles,55133,"Waukesha County",WI,"Lake States",580.54,"mature-market high",wastes,19.08,19495.00,dt,292425000000,BTU,33.58
"Other solid waste",Textiles,55133,"Waukesha County",WI,"Lake States",580.54,"mature-market low",wastes,9.63,19495.00,dt,292425000000,BTU,33.58
"Other solid waste",Textiles,55133,"Waukesha County",WI,"Lake States",580.54,"mature-market medium",wastes,9.63,19495.00,dt,292425000000,BTU,33.58
"Other solid waste",Textiles,55133,"Waukesha County",WI,"Lake States",580.54,near-term,wastes,0,18885.00,dt,283275000000,BTU,32.53
"Other solid waste",Textiles,55135,"Waupaca County",WI,"Lake States",765.17,Emerging,wastes,19.08,2075.00,dt,31125000000,BTU,2.71
"Other solid waste",Textiles,55135,"Waupaca County",WI,"Lake States",765.17,"mature-market high",wastes,19.08,2075.00,dt,31125000000,BTU,2.71
"Other solid waste",Textiles,55135,"Waupaca County",WI,"Lake States",765.17,"mature-market low",wastes,9.63,2075.00,dt,31125000000,BTU,2.71
"Other solid waste",Textiles,55135,"Waupaca County",WI,"Lake States",765.17,"mature-market medium",wastes,9.63,2075.00,dt,31125000000,BTU,2.71
"Other solid waste",Textiles,55135,"Waupaca County",WI,"Lake States",765.17,near-term,wastes,0,2399.00,dt,35985000000,BTU,3.14
"Other solid waste",Textiles,55137,"Waushara County",WI,"Lake States",637.4,Emerging,wastes,19.08,802.00,dt,12030000000,BTU,1.26
"Other solid waste",Textiles,55137,"Waushara County",WI,"Lake States",637.4,"mature-market high",wastes,19.08,802.00,dt,12030000000,BTU,1.26
"Other solid waste",Textiles,55137,"Waushara County",WI,"Lake States",637.4,"mature-market low",wastes,9.63,802.00,dt,12030000000,BTU,1.26
"Other solid waste",Textiles,55137,"Waushara County",WI,"Lake States",637.4,"mature-market medium",wastes,9.63,802.00,dt,12030000000,BTU,1.26
"Other solid waste",Textiles,55137,"Waushara County",WI,"Lake States",637.4,near-term,wastes,0,1139.00,dt,17085000000,BTU,1.79
"Other solid waste",Textiles,55139,"Winnebago County",WI,"Lake States",578.57,Emerging,wastes,19.08,8530.00,dt,127950000000,BTU,14.74
"Other solid waste",Textiles,55139,"Winnebago County",WI,"Lake States",578.57,"mature-market high",wastes,19.08,8530.00,dt,127950000000,BTU,14.74
"Other solid waste",Textiles,55139,"Winnebago County",WI,"Lake States",578.57,"mature-market low",wastes,9.63,8530.00,dt,127950000000,BTU,14.74
"Other solid waste",Textiles,55139,"Winnebago County",WI,"Lake States",578.57,"mature-market medium",wastes,9.63,8530.00,dt,127950000000,BTU,14.74
"Other solid waste",Textiles,55139,"Winnebago County",WI,"Lake States",578.57,near-term,wastes,0,8017.00,dt,120255000000,BTU,13.86
"Other solid waste",Textiles,55141,"Wood County",WI,"Lake States",809.25,Emerging,wastes,19.08,2534.00,dt,38010000000,BTU,3.13
"Other solid waste",Textiles,55141,"Wood County",WI,"Lake States",809.25,"mature-market high",wastes,19.08,2534.00,dt,38010000000,BTU,3.13
"Other solid waste",Textiles,55141,"Wood County",WI,"Lake States",809.25,"mature-market low",wastes,9.63,2534.00,dt,38010000000,BTU,3.13
"Other solid waste",Textiles,55141,"Wood County",WI,"Lake States",809.25,"mature-market medium",wastes,9.63,2534.00,dt,38010000000,BTU,3.13
"Other solid waste",Textiles,55141,"Wood County",WI,"Lake States",809.25,near-term,wastes,0,3423.00,dt,51345000000,BTU,4.23
"Other solid waste","Urban wood, clean",55001,"Adams County",WI,"Lake States",687.48,Emerging,wastes,23.76,744.00,dt,11904000000,BTU,1.08
"Other solid waste","Urban wood, clean",55001,"Adams County",WI,"Lake States",687.48,"mature-market high",wastes,23.76,744.00,dt,11904000000,BTU,1.08
"Other solid waste","Urban wood, clean",55001,"Adams County",WI,"Lake States",687.48,"mature-market low",wastes,12,744.00,dt,11904000000,BTU,1.08
"Other solid waste","Urban wood, clean",55001,"Adams County",WI,"Lake States",687.48,"mature-market medium",wastes,12,744.00,dt,11904000000,BTU,1.08
"Other solid waste","Urban wood, clean",55001,"Adams County",WI,"Lake States",687.48,near-term,wastes,0,1198.00,dt,19168000000,BTU,1.74
"Other solid waste","Urban wood, clean",55003,"Ashland County",WI,"Lake States",1054.13,Emerging,wastes,23.76,701.00,dt,11216000000,BTU,0.67
"Other solid waste","Urban wood, clean",55003,"Ashland County",WI,"Lake States",1054.13,"mature-market high",wastes,23.76,701.00,dt,11216000000,BTU,0.67
"Other solid waste","Urban wood, clean",55003,"Ashland County",WI,"Lake States",1054.13,"mature-market low",wastes,12,701.00,dt,11216000000,BTU,0.67
"Other solid waste","Urban wood, clean",55003,"Ashland County",WI,"Lake States",1054.13,"mature-market medium",wastes,12,701.00,dt,11216000000,BTU,0.67
"Other solid waste","Urban wood, clean",55003,"Ashland County",WI,"Lake States",1054.13,near-term,wastes,0,918.00,dt,14688000000,BTU,0.87
"Other solid waste","Urban wood, clean",55005,"Barron County",WI,"Lake States",889.76,Emerging,wastes,23.76,2131.00,dt,34096000000,BTU,2.40
"Other solid waste","Urban wood, clean",55005,"Barron County",WI,"Lake States",889.76,"mature-market high",wastes,23.76,2131.00,dt,34096000000,BTU,2.40
"Other solid waste","Urban wood, clean",55005,"Barron County",WI,"Lake States",889.76,"mature-market low",wastes,12,2131.00,dt,34096000000,BTU,2.40
"Other solid waste","Urban wood, clean",55005,"Barron County",WI,"Lake States",889.76,"mature-market medium",wastes,12,2131.00,dt,34096000000,BTU,2.40
"Other solid waste","Urban wood, clean",55005,"Barron County",WI,"Lake States",889.76,near-term,wastes,0,2660.00,dt,42560000000,BTU,2.99
"Other solid waste","Urban wood, clean",55007,"Bayfield County",WI,"Lake States",1511.34,Emerging,wastes,23.76,754.00,dt,12064000000,BTU,0.50
"Other solid waste","Urban wood, clean",55007,"Bayfield County",WI,"Lake States",1511.34,"mature-market high",wastes,23.76,754.00,dt,12064000000,BTU,0.50
"Other solid waste","Urban wood, clean",55007,"Bayfield County",WI,"Lake States",1511.34,"mature-market low",wastes,12,754.00,dt,12064000000,BTU,0.50
"Other solid waste","Urban wood, clean",55007,"Bayfield County",WI,"Lake States",1511.34,"mature-market medium",wastes,12,754.00,dt,12064000000,BTU,0.50
"Other solid waste","Urban wood, clean",55007,"Bayfield County",WI,"Lake States",1511.34,near-term,wastes,0,885.00,dt,14160000000,BTU,0.59
"Other solid waste","Urban wood, clean",55009,"Brown County",WI,"Lake States",531.24,Emerging,wastes,23.76,18074.00,dt,289184000000,BTU,34.02
"Other solid waste","Urban wood, clean",55009,"Brown County",WI,"Lake States",531.24,"mature-market high",wastes,23.76,18074.00,dt,289184000000,BTU,34.02
"Other solid waste","Urban wood, clean",55009,"Brown County",WI,"Lake States",531.24,"mature-market low",wastes,12,18074.00,dt,289184000000,BTU,34.02
"Other solid waste","Urban wood, clean",55009,"Brown County",WI,"Lake States",531.24,"mature-market medium",wastes,12,18074.00,dt,289184000000,BTU,34.02
"Other solid waste","Urban wood, clean",55009,"Brown County",WI,"Lake States",531.24,near-term,wastes,0,15505.00,dt,248080000000,BTU,29.19
"Other solid waste","Urban wood, clean",55011,"Buffalo County",WI,"Lake States",709.59,Emerging,wastes,23.76,557.00,dt,8912000000,BTU,0.78
"Other solid waste","Urban wood, clean",55011,"Buffalo County",WI,"Lake States",709.59,"mature-market high",wastes,23.76,557.00,dt,8912000000,BTU,0.78
"Other solid waste","Urban wood, clean",55011,"Buffalo County",WI,"Lake States",709.59,"mature-market low",wastes,12,557.00,dt,8912000000,BTU,0.78
"Other solid waste","Urban wood, clean",55011,"Buffalo County",WI,"Lake States",709.59,"mature-market medium",wastes,12,557.00,dt,8912000000,BTU,0.78
"Other solid waste","Urban wood, clean",55011,"Buffalo County",WI,"Lake States",709.59,near-term,wastes,0,773.00,dt,12368000000,BTU,1.09
"Other solid waste","Urban wood, clean",55013,"Burnett County",WI,"Lake States",880.22,Emerging,wastes,23.76,590.00,dt,9440000000,BTU,0.67
"Other solid waste","Urban wood, clean",55013,"Burnett County",WI,"Lake States",880.22,"mature-market high",wastes,23.76,590.00,dt,9440000000,BTU,0.67
"Other solid waste","Urban wood, clean",55013,"Burnett County",WI,"Lake States",880.22,"mature-market low",wastes,12,590.00,dt,9440000000,BTU,0.67
"Other solid waste","Urban wood, clean",55013,"Burnett County",WI,"Lake States",880.22,"mature-market medium",wastes,12,590.00,dt,9440000000,BTU,0.67
"Other solid waste","Urban wood, clean",55013,"Burnett County",WI,"Lake States",880.22,near-term,wastes,0,906.00,dt,14496000000,BTU,1.03
"Other solid waste","Urban wood, clean",55015,"Calumet County",WI,"Lake States",397.08,Emerging,wastes,23.76,2884.00,dt,46144000000,BTU,7.26
"Other solid waste","Urban wood, clean",55015,"Calumet County",WI,"Lake States",397.08,"mature-market high",wastes,23.76,2884.00,dt,46144000000,BTU,7.26
"Other solid waste","Urban wood, clean",55015,"Calumet County",WI,"Lake States",397.08,"mature-market low",wastes,12,2884.00,dt,46144000000,BTU,7.26
"Other solid waste","Urban wood, clean",55015,"Calumet County",WI,"Lake States",397.08,"mature-market medium",wastes,12,2884.00,dt,46144000000,BTU,7.26
"Other solid waste","Urban wood, clean",55015,"Calumet County",WI,"Lake States",397.08,near-term,wastes,0,2954.00,dt,47264000000,BTU,7.44
"Other solid waste","Urban wood, clean",55017,"Chippewa County",WI,"Lake States",1041.27,Emerging,wastes,23.76,3636.00,dt,58176000000,BTU,3.49
"Other solid waste","Urban wood, clean",55017,"Chippewa County",WI,"Lake States",1041.27,"mature-market high",wastes,23.76,3636.00,dt,58176000000,BTU,3.49
"Other solid waste","Urban wood, clean",55017,"Chippewa County",WI,"Lake States",1041.27,"mature-market low",wastes,12,3636.00,dt,58176000000,BTU,3.49
"Other solid waste","Urban wood, clean",55017,"Chippewa County",WI,"Lake States",1041.27,"mature-market medium",wastes,12,3636.00,dt,58176000000,BTU,3.49
"Other solid waste","Urban wood, clean",55017,"Chippewa County",WI,"Lake States",1041.27,near-term,wastes,0,3777.00,dt,60432000000,BTU,3.63
"Other solid waste","Urban wood, clean",55019,"Clark County",WI,"Lake States",1218.67,Emerging,wastes,23.76,1509.00,dt,24144000000,BTU,1.24
"Other solid waste","Urban wood, clean",55019,"Clark County",WI,"Lake States",1218.67,"mature-market high",wastes,23.76,1509.00,dt,24144000000,BTU,1.24
"Other solid waste","Urban wood, clean",55019,"Clark County",WI,"Lake States",1218.67,"mature-market low",wastes,12,1509.00,dt,24144000000,BTU,1.24
"Other solid waste","Urban wood, clean",55019,"Clark County",WI,"Lake States",1218.67,"mature-market medium",wastes,12,1509.00,dt,24144000000,BTU,1.24
"Other solid waste","Urban wood, clean",55019,"Clark County",WI,"Lake States",1218.67,near-term,wastes,0,2045.00,dt,32720000000,BTU,1.68
"Other solid waste","Urban wood, clean",55021,"Columbia County",WI,"Lake States",795.99,Emerging,wastes,23.76,2973.00,dt,47568000000,BTU,3.73
"Other solid waste","Urban wood, clean",55021,"Columbia County",WI,"Lake States",795.99,"mature-market high",wastes,23.76,2973.00,dt,47568000000,BTU,3.73
"Other solid waste","Urban wood, clean",55021,"Columbia County",WI,"Lake States",795.99,"mature-market low",wastes,12,2973.00,dt,47568000000,BTU,3.73
"Other solid waste","Urban wood, clean",55021,"Columbia County",WI,"Lake States",795.99,"mature-market medium",wastes,12,2973.00,dt,47568000000,BTU,3.73
"Other solid waste","Urban wood, clean",55021,"Columbia County",WI,"Lake States",795.99,near-term,wastes,0,3378.00,dt,54048000000,BTU,4.24
"Other solid waste","Urban wood, clean",55023,"Crawford County",WI,"Lake States",599.21,Emerging,wastes,23.76,790.00,dt,12640000000,BTU,1.32
"Other solid waste","Urban wood, clean",55023,"Crawford County",WI,"Lake States",599.21,"mature-market high",wastes,23.76,790.00,dt,12640000000,BTU,1.32
"Other solid waste","Urban wood, clean",55023,"Crawford County",WI,"Lake States",599.21,"mature-market low",wastes,12,790.00,dt,12640000000,BTU,1.32
"Other solid waste","Urban wood, clean",55023,"Crawford County",WI,"Lake States",599.21,"mature-market medium",wastes,12,790.00,dt,12640000000,BTU,1.32
"Other solid waste","Urban wood, clean",55023,"Crawford County",WI,"Lake States",599.21,near-term,wastes,0,958.00,dt,15328000000,BTU,1.60
"Other solid waste","Urban wood, clean",55025,"Dane County",WI,"Lake States",1237.5,Emerging,wastes,23.76,49082.00,dt,785312000000,BTU,39.66
"Other solid waste","Urban wood, clean",55025,"Dane County",WI,"Lake States",1237.5,"mature-market high",wastes,23.76,49082.00,dt,785312000000,BTU,39.66
"Other solid waste","Urban wood, clean",55025,"Dane County",WI,"Lake States",1237.5,"mature-market low",wastes,12,49082.00,dt,785312000000,BTU,39.66
"Other solid waste","Urban wood, clean",55025,"Dane County",WI,"Lake States",1237.5,"mature-market medium",wastes,12,49082.00,dt,785312000000,BTU,39.66
"Other solid waste","Urban wood, clean",55025,"Dane County",WI,"Lake States",1237.5,near-term,wastes,0,31929.00,dt,510864000000,BTU,25.80
"Other solid waste","Urban wood, clean",55027,"Dodge County",WI,"Lake States",907.1,Emerging,wastes,23.76,4760.00,dt,76160000000,BTU,5.25
"Other solid waste","Urban wood, clean",55027,"Dodge County",WI,"Lake States",907.1,"mature-market high",wastes,23.76,4760.00,dt,76160000000,BTU,5.25
"Other solid waste","Urban wood, clean",55027,"Dodge County",WI,"Lake States",907.1,"mature-market low",wastes,12,4760.00,dt,76160000000,BTU,5.25
"Other solid waste","Urban wood, clean",55027,"Dodge County",WI,"Lake States",907.1,"mature-market medium",wastes,12,4760.00,dt,76160000000,BTU,5.25
"Other solid waste","Urban wood, clean",55027,"Dodge County",WI,"Lake States",907.1,near-term,wastes,0,5175.00,dt,82800000000,BTU,5.70
"Other solid waste","Urban wood, clean",55029,"Door County",WI,"Lake States",487.56,Emerging,wastes,23.76,1365.00,dt,21840000000,BTU,2.80
"Other solid waste","Urban wood, clean",55029,"Door County",WI,"Lake States",487.56,"mature-market high",wastes,23.76,1365.00,dt,21840000000,BTU,2.80
"Other solid waste","Urban wood, clean",55029,"Door County",WI,"Lake States",487.56,"mature-market low",wastes,12,1365.00,dt,21840000000,BTU,2.80
"Other solid waste","Urban wood, clean",55029,"Door County",WI,"Lake States",487.56,"mature-market medium",wastes,12,1365.00,dt,21840000000,BTU,2.80
"Other solid waste","Urban wood, clean",55029,"Door County",WI,"Lake States",487.56,near-term,wastes,0,1625.00,dt,26000000000,BTU,3.33
"Other solid waste","Urban wood, clean",55031,"Douglas County",WI,"Lake States",1332.11,Emerging,wastes,23.76,1997.00,dt,31952000000,BTU,1.50
"Other solid waste","Urban wood, clean",55031,"Douglas County",WI,"Lake States",1332.11,"mature-market high",wastes,23.76,1997.00,dt,31952000000,BTU,1.50
"Other solid waste","Urban wood, clean",55031,"Douglas County",WI,"Lake States",1332.11,"mature-market low",wastes,12,1997.00,dt,31952000000,BTU,1.50
"Other solid waste","Urban wood, clean",55031,"Douglas County",WI,"Lake States",1332.11,"mature-market medium",wastes,12,1997.00,dt,31952000000,BTU,1.50
"Other solid waste","Urban wood, clean",55031,"Douglas County",WI,"Lake States",1332.11,near-term,wastes,0,2542.00,dt,40672000000,BTU,1.91
"Other solid waste","Urban wood, clean",55033,"Dunn County",WI,"Lake States",863.89,Emerging,wastes,23.76,2635.00,dt,42160000000,BTU,3.05
"Other solid waste","Urban wood, clean",55033,"Dunn County",WI,"Lake States",863.89,"mature-market high",wastes,23.76,2635.00,dt,42160000000,BTU,3.05
"Other solid waste","Urban wood, clean",55033,"Dunn County",WI,"Lake States",863.89,"mature-market low",wastes,12,2635.00,dt,42160000000,BTU,3.05
"Other solid waste","Urban wood, clean",55033,"Dunn County",WI,"Lake States",863.89,"mature-market medium",wastes,12,2635.00,dt,42160000000,BTU,3.05
"Other solid waste","Urban wood, clean",55033,"Dunn County",WI,"Lake States",863.89,near-term,wastes,0,2657.00,dt,42512000000,BTU,3.08
"Other solid waste","Urban wood, clean",55035,"Eau Claire County",WI,"Lake States",645.2,Emerging,wastes,23.76,7365.00,dt,117840000000,BTU,11.42
"Other solid waste","Urban wood, clean",55035,"Eau Claire County",WI,"Lake States",645.2,"mature-market high",wastes,23.76,7365.00,dt,117840000000,BTU,11.42
"Other solid waste","Urban wood, clean",55035,"Eau Claire County",WI,"Lake States",645.2,"mature-market low",wastes,12,7365.00,dt,117840000000,BTU,11.42
"Other solid waste","Urban wood, clean",55035,"Eau Claire County",WI,"Lake States",645.2,"mature-market medium",wastes,12,7365.00,dt,117840000000,BTU,11.42
"Other solid waste","Urban wood, clean",55035,"Eau Claire County",WI,"Lake States",645.2,near-term,wastes,0,6148.00,dt,98368000000,BTU,9.53
"Other solid waste","Urban wood, clean",55037,"Florence County",WI,"Lake States",497.43,Emerging,wastes,23.76,228.00,dt,3648000000,BTU,0.46
"Other solid waste","Urban wood, clean",55037,"Florence County",WI,"Lake States",497.43,"mature-market high",wastes,23.76,228.00,dt,3648000000,BTU,0.46
"Other solid waste","Urban wood, clean",55037,"Florence County",WI,"Lake States",497.43,"mature-market low",wastes,12,228.00,dt,3648000000,BTU,0.46
"Other solid waste","Urban wood, clean",55037,"Florence County",WI,"Lake States",497.43,"mature-market medium",wastes,12,228.00,dt,3648000000,BTU,0.46
"Other solid waste","Urban wood, clean",55037,"Florence County",WI,"Lake States",497.43,near-term,wastes,0,253.00,dt,4048000000,BTU,0.51
"Other solid waste","Urban wood, clean",55039,"Fond du Lac County",WI,"Lake States",765.84,Emerging,wastes,23.76,5631.00,dt,90096000000,BTU,7.35
"Other solid waste","Urban wood, clean",55039,"Fond du Lac County",WI,"Lake States",765.84,"mature-market high",wastes,23.76,5631.00,dt,90096000000,BTU,7.35
"Other solid waste","Urban wood, clean",55039,"Fond du Lac County",WI,"Lake States",765.84,"mature-market low",wastes,12,5631.00,dt,90096000000,BTU,7.35
"Other solid waste","Urban wood, clean",55039,"Fond du Lac County",WI,"Lake States",765.84,"mature-market medium",wastes,12,5631.00,dt,90096000000,BTU,7.35
"Other solid waste","Urban wood, clean",55039,"Fond du Lac County",WI,"Lake States",765.84,near-term,wastes,0,6068.00,dt,97088000000,BTU,7.92
"Other solid waste","Urban wood, clean",55041,"Forest County",WI,"Lake States",1046.52,Emerging,wastes,23.76,361.00,dt,5776000000,BTU,0.34
"Other solid waste","Urban wood, clean",55041,"Forest County",WI,"Lake States",1046.52,"mature-market high",wastes,23.76,361.00,dt,5776000000,BTU,0.34
"Other solid waste","Urban wood, clean",55041,"Forest County",WI,"Lake States",1046.52,"mature-market low",wastes,12,361.00,dt,5776000000,BTU,0.34
"Other solid waste","Urban wood, clean",55041,"Forest County",WI,"Lake States",1046.52,"mature-market medium",wastes,12,361.00,dt,5776000000,BTU,0.34
"Other solid waste","Urban wood, clean",55041,"Forest County",WI,"Lake States",1046.52,near-term,wastes,0,529.00,dt,8464000000,BTU,0.51
"Other solid waste","Urban wood, clean",55043,"Grant County",WI,"Lake States",1183.37,Emerging,wastes,23.76,3475.00,dt,55600000000,BTU,2.94
"Other solid waste","Urban wood, clean",55043,"Grant County",WI,"Lake States",1183.37,"mature-market high",wastes,23.76,3475.00,dt,55600000000,BTU,2.94
"Other solid waste","Urban wood, clean",55043,"Grant County",WI,"Lake States",1183.37,"mature-market low",wastes,12,3475.00,dt,55600000000,BTU,2.94
"Other solid waste","Urban wood, clean",55043,"Grant County",WI,"Lake States",1183.37,"mature-market medium",wastes,12,3475.00,dt,55600000000,BTU,2.94
"Other solid waste","Urban wood, clean",55043,"Grant County",WI,"Lake States",1183.37,near-term,wastes,0,3031.00,dt,48496000000,BTU,2.56
"Other solid waste","Urban wood, clean",55045,"Green County",WI,"Lake States",584.55,Emerging,wastes,23.76,2085.00,dt,33360000000,BTU,3.57
"Other solid waste","Urban wood, clean",55045,"Green County",WI,"Lake States",584.55,"mature-market high",wastes,23.76,2085.00,dt,33360000000,BTU,3.57
"Other solid waste","Urban wood, clean",55045,"Green County",WI,"Lake States",584.55,"mature-market low",wastes,12,2085.00,dt,33360000000,BTU,3.57
"Other solid waste","Urban wood, clean",55045,"Green County",WI,"Lake States",584.55,"mature-market medium",wastes,12,2085.00,dt,33360000000,BTU,3.57
"Other solid waste","Urban wood, clean",55045,"Green County",WI,"Lake States",584.55,near-term,wastes,0,2175.00,dt,34800000000,BTU,3.72
"Other solid waste","Urban wood, clean",55047,"Green Lake County",WI,"Lake States",380.13,Emerging,wastes,23.76,931.00,dt,14896000000,BTU,2.45
"Other solid waste","Urban wood, clean",55047,"Green Lake County",WI,"Lake States",380.13,"mature-market high",wastes,23.76,931.00,dt,14896000000,BTU,2.45
"Other solid waste","Urban wood, clean",55047,"Green Lake County",WI,"Lake States",380.13,"mature-market low",wastes,12,931.00,dt,14896000000,BTU,2.45
"Other solid waste","Urban wood, clean",55047,"Green Lake County",WI,"Lake States",380.13,"mature-market medium",wastes,12,931.00,dt,14896000000,BTU,2.45
"Other solid waste","Urban wood, clean",55047,"Green Lake County",WI,"Lake States",380.13,near-term,wastes,0,1110.00,dt,17760000000,BTU,2.92
"Other solid waste","Urban wood, clean",55049,"Iowa County",WI,"Lake States",768.05,Emerging,wastes,23.76,1206.00,dt,19296000000,BTU,1.57
"Other solid waste","Urban wood, clean",55049,"Iowa County",WI,"Lake States",768.05,"mature-market high",wastes,23.76,1206.00,dt,19296000000,BTU,1.57
"Other solid waste","Urban wood, clean",55049,"Iowa County",WI,"Lake States",768.05,"mature-market low",wastes,12,1206.00,dt,19296000000,BTU,1.57
"Other solid waste","Urban wood, clean",55049,"Iowa County",WI,"Lake States",768.05,"mature-market medium",wastes,12,1206.00,dt,19296000000,BTU,1.57
"Other solid waste","Urban wood, clean",55049,"Iowa County",WI,"Lake States",768.05,near-term,wastes,0,1398.00,dt,22368000000,BTU,1.82
"Other solid waste","Urban wood, clean",55051,"Iron County",WI,"Lake States",802.62,Emerging,wastes,23.76,257.00,dt,4112000000,BTU,0.32
"Other solid waste","Urban wood, clean",55051,"Iron County",WI,"Lake States",802.62,"mature-market high",wastes,23.76,257.00,dt,4112000000,BTU,0.32
"Other solid waste","Urban wood, clean",55051,"Iron County",WI,"Lake States",802.62,"mature-market low",wastes,12,257.00,dt,4112000000,BTU,0.32
"Other solid waste","Urban wood, clean",55051,"Iron County",WI,"Lake States",802.62,"mature-market medium",wastes,12,257.00,dt,4112000000,BTU,0.32
"Other solid waste","Urban wood, clean",55051,"Iron County",WI,"Lake States",802.62,near-term,wastes,0,335.00,dt,5360000000,BTU,0.42
"Other solid waste","Urban wood, clean",55053,"Jackson County",WI,"Lake States",1000.48,Emerging,wastes,23.76,1117.00,dt,17872000000,BTU,1.12
"Other solid waste","Urban wood, clean",55053,"Jackson County",WI,"Lake States",1000.48,"mature-market high",wastes,23.76,1117.00,dt,17872000000,BTU,1.12
"Other solid waste","Urban wood, clean",55053,"Jackson County",WI,"Lake States",1000.48,"mature-market low",wastes,12,1117.00,dt,17872000000,BTU,1.12
"Other solid waste","Urban wood, clean",55053,"Jackson County",WI,"Lake States",1000.48,"mature-market medium",wastes,12,1117.00,dt,17872000000,BTU,1.12
"Other solid waste","Urban wood, clean",55053,"Jackson County",WI,"Lake States",1000.48,near-term,wastes,0,1206.00,dt,19296000000,BTU,1.21
"Other solid waste","Urban wood, clean",55055,"Jefferson County",WI,"Lake States",582.74,Emerging,wastes,23.76,4835.00,dt,77360000000,BTU,8.30
"Other solid waste","Urban wood, clean",55055,"Jefferson County",WI,"Lake States",582.74,"mature-market high",wastes,23.76,4835.00,dt,77360000000,BTU,8.30
"Other solid waste","Urban wood, clean",55055,"Jefferson County",WI,"Lake States",582.74,"mature-market low",wastes,12,4835.00,dt,77360000000,BTU,8.30
"Other solid waste","Urban wood, clean",55055,"Jefferson County",WI,"Lake States",582.74,"mature-market medium",wastes,12,4835.00,dt,77360000000,BTU,8.30
"Other solid waste","Urban wood, clean",55055,"Jefferson County",WI,"Lake States",582.74,near-term,wastes,0,5011.00,dt,80176000000,BTU,8.60
"Other solid waste","Urban wood, clean",55057,"Juneau County",WI,"Lake States",805.17,Emerging,wastes,23.76,1201.00,dt,19216000000,BTU,1.49
"Other solid waste","Urban wood, clean",55057,"Juneau County",WI,"Lake States",805.17,"mature-market high",wastes,23.76,1201.00,dt,19216000000,BTU,1.49
"Other solid waste","Urban wood, clean",55057,"Juneau County",WI,"Lake States",805.17,"mature-market low",wastes,12,1201.00,dt,19216000000,BTU,1.49
"Other solid waste","Urban wood, clean",55057,"Juneau County",WI,"Lake States",805.17,"mature-market medium",wastes,12,1201.00,dt,19216000000,BTU,1.49
"Other solid waste","Urban wood, clean",55057,"Juneau County",WI,"Lake States",805.17,near-term,wastes,0,1567.00,dt,25072000000,BTU,1.95
"Other solid waste","Urban wood, clean",55059,"Kenosha County",WI,"Lake States",278.42,Emerging,wastes,23.76,10056.00,dt,160896000000,BTU,36.12
"Other solid waste","Urban wood, clean",55059,"Kenosha County",WI,"Lake States",278.42,"mature-market high",wastes,23.76,10056.00,dt,160896000000,BTU,36.12
"Other solid waste","Urban wood, clean",55059,"Kenosha County",WI,"Lake States",278.42,"mature-market low",wastes,12,10056.00,dt,160896000000,BTU,36.12
"Other solid waste","Urban wood, clean",55059,"Kenosha County",WI,"Lake States",278.42,"mature-market medium",wastes,12,10056.00,dt,160896000000,BTU,36.12
"Other solid waste","Urban wood, clean",55059,"Kenosha County",WI,"Lake States",278.42,near-term,wastes,0,9952.00,dt,159232000000,BTU,35.74
"Other solid waste","Urban wood, clean",55061,"Kewaunee County",WI,"Lake States",343.95,Emerging,wastes,23.76,930.00,dt,14880000000,BTU,2.70
"Other solid waste","Urban wood, clean",55061,"Kewaunee County",WI,"Lake States",343.95,"mature-market high",wastes,23.76,930.00,dt,14880000000,BTU,2.70
"Other solid waste","Urban wood, clean",55061,"Kewaunee County",WI,"Lake States",343.95,"mature-market low",wastes,12,930.00,dt,14880000000,BTU,2.70
"Other solid waste","Urban wood, clean",55061,"Kewaunee County",WI,"Lake States",343.95,"mature-market medium",wastes,12,930.00,dt,14880000000,BTU,2.70
"Other solid waste","Urban wood, clean",55061,"Kewaunee County",WI,"Lake States",343.95,near-term,wastes,0,1202.00,dt,19232000000,BTU,3.49
"Other solid waste","Urban wood, clean",55063,"La Crosse County",WI,"Lake States",480.05,Emerging,wastes,23.76,8455.00,dt,135280000000,BTU,17.61
"Other solid waste","Urban wood, clean",55063,"La Crosse County",WI,"Lake States",480.05,"mature-market high",wastes,23.76,8455.00,dt,135280000000,BTU,17.61
"Other solid waste","Urban wood, clean",55063,"La Crosse County",WI,"Lake States",480.05,"mature-market low",wastes,12,8455.00,dt,135280000000,BTU,17.61
"Other solid waste","Urban wood, clean",55063,"La Crosse County",WI,"Lake States",480.05,"mature-market medium",wastes,12,8455.00,dt,135280000000,BTU,17.61
"Other solid waste","Urban wood, clean",55063,"La Crosse County",WI,"Lake States",480.05,near-term,wastes,0,6954.00,dt,111264000000,BTU,14.49
"Other solid waste","Urban wood, clean",55065,"Lafayette County",WI,"Lake States",634.57,Emerging,wastes,23.76,806.00,dt,12896000000,BTU,1.27
"Other solid waste","Urban wood, clean",55065,"Lafayette County",WI,"Lake States",634.57,"mature-market high",wastes,23.76,806.00,dt,12896000000,BTU,1.27
"Other solid waste","Urban wood, clean",55065,"Lafayette County",WI,"Lake States",634.57,"mature-market low",wastes,12,806.00,dt,12896000000,BTU,1.27
"Other solid waste","Urban wood, clean",55065,"Lafayette County",WI,"Lake States",634.57,"mature-market medium",wastes,12,806.00,dt,12896000000,BTU,1.27
"Other solid waste","Urban wood, clean",55065,"Lafayette County",WI,"Lake States",634.57,near-term,wastes,0,982.00,dt,15712000000,BTU,1.55
"Other solid waste","Urban wood, clean",55067,"Langlade County",WI,"Lake States",887.79,Emerging,wastes,23.76,672.00,dt,10752000000,BTU,0.76
"Other solid waste","Urban wood, clean",55067,"Langlade County",WI,"Lake States",887.79,"mature-market high",wastes,23.76,672.00,dt,10752000000,BTU,0.76
"Other solid waste","Urban wood, clean",55067,"Langlade County",WI,"Lake States",887.79,"mature-market low",wastes,12,672.00,dt,10752000000,BTU,0.76
"Other solid waste","Urban wood, clean",55067,"Langlade County",WI,"Lake States",887.79,"mature-market medium",wastes,12,672.00,dt,10752000000,BTU,0.76
"Other solid waste","Urban wood, clean",55067,"Langlade County",WI,"Lake States",887.79,near-term,wastes,0,1133.00,dt,18128000000,BTU,1.28
"Other solid waste","Urban wood, clean",55069,"Lincoln County",WI,"Lake States",906.79,Emerging,wastes,23.76,1151.00,dt,18416000000,BTU,1.27
"Other solid waste","Urban wood, clean",55069,"Lincoln County",WI,"Lake States",906.79,"mature-market high",wastes,23.76,1151.00,dt,18416000000,BTU,1.27
"Other solid waste","Urban wood, clean",55069,"Lincoln County",WI,"Lake States",906.79,"mature-market low",wastes,12,1151.00,dt,18416000000,BTU,1.27
"Other solid waste","Urban wood, clean",55069,"Lincoln County",WI,"Lake States",906.79,"mature-market medium",wastes,12,1151.00,dt,18416000000,BTU,1.27
"Other solid waste","Urban wood, clean",55069,"Lincoln County",WI,"Lake States",906.79,near-term,wastes,0,1630.00,dt,26080000000,BTU,1.80
"Other solid waste","Urban wood, clean",55071,"Manitowoc County",WI,"Lake States",594.62,Emerging,wastes,23.76,3574.00,dt,57184000000,BTU,6.01
"Other solid waste","Urban wood, clean",55071,"Manitowoc County",WI,"Lake States",594.62,"mature-market high",wastes,23.76,3574.00,dt,57184000000,BTU,6.01
"Other solid waste","Urban wood, clean",55071,"Manitowoc County",WI,"Lake States",594.62,"mature-market low",wastes,12,3574.00,dt,57184000000,BTU,6.01
"Other solid waste","Urban wood, clean",55071,"Manitowoc County",WI,"Lake States",594.62,"mature-market medium",wastes,12,3574.00,dt,57184000000,BTU,6.01
"Other solid waste","Urban wood, clean",55071,"Manitowoc County",WI,"Lake States",594.62,near-term,wastes,0,4655.00,dt,74480000000,BTU,7.83
"Other solid waste","Urban wood, clean",55073,"Marathon County",WI,"Lake States",1576.33,Emerging,wastes,23.76,7621.00,dt,121936000000,BTU,4.83
"Other solid waste","Urban wood, clean",55073,"Marathon County",WI,"Lake States",1576.33,"mature-market high",wastes,23.76,7621.00,dt,121936000000,BTU,4.83
"Other solid waste","Urban wood, clean",55073,"Marathon County",WI,"Lake States",1576.33,"mature-market low",wastes,12,7621.00,dt,121936000000,BTU,4.83
"Other solid waste","Urban wood, clean",55073,"Marathon County",WI,"Lake States",1576.33,"mature-market medium",wastes,12,7621.00,dt,121936000000,BTU,4.83
"Other solid waste","Urban wood, clean",55073,"Marathon County",WI,"Lake States",1576.33,near-term,wastes,0,7978.00,dt,127648000000,BTU,5.06
"Other solid waste","Urban wood, clean",55075,"Marinette County",WI,"Lake States",1429.25,Emerging,wastes,23.76,1683.00,dt,26928000000,BTU,1.18
"Other solid waste","Urban wood, clean",55075,"Marinette County",WI,"Lake States",1429.25,"mature-market high",wastes,23.76,1683.00,dt,26928000000,BTU,1.18
"Other solid waste","Urban wood, clean",55075,"Marinette County",WI,"Lake States",1429.25,"mature-market low",wastes,12,1683.00,dt,26928000000,BTU,1.18
"Other solid waste","Urban wood, clean",55075,"Marinette County",WI,"Lake States",1429.25,"mature-market medium",wastes,12,1683.00,dt,26928000000,BTU,1.18
"Other solid waste","Urban wood, clean",55075,"Marinette County",WI,"Lake States",1429.25,near-term,wastes,0,2380.00,dt,38080000000,BTU,1.67
"Other solid waste","Urban wood, clean",55077,"Marquette County",WI,"Lake States",464.47,Emerging,wastes,23.76,625.00,dt,10000000000,BTU,1.35
"Other solid waste","Urban wood, clean",55077,"Marquette County",WI,"Lake States",464.47,"mature-market high",wastes,23.76,625.00,dt,10000000000,BTU,1.35
"Other solid waste","Urban wood, clean",55077,"Marquette County",WI,"Lake States",464.47,"mature-market low",wastes,12,625.00,dt,10000000000,BTU,1.35
"Other solid waste","Urban wood, clean",55077,"Marquette County",WI,"Lake States",464.47,"mature-market medium",wastes,12,625.00,dt,10000000000,BTU,1.35
"Other solid waste","Urban wood, clean",55077,"Marquette County",WI,"Lake States",464.47,near-term,wastes,0,908.00,dt,14528000000,BTU,1.95
"Other solid waste","Urban wood, clean",55078,"Menominee County",WI,"Lake States",364.96,Emerging,wastes,23.76,308.00,dt,4928000000,BTU,0.84
"Other solid waste","Urban wood, clean",55078,"Menominee County",WI,"Lake States",364.96,"mature-market high",wastes,23.76,308.00,dt,4928000000,BTU,0.84
"Other solid waste","Urban wood, clean",55078,"Menominee County",WI,"Lake States",364.96,"mature-market low",wastes,12,308.00,dt,4928000000,BTU,0.84
"Other solid waste","Urban wood, clean",55078,"Menominee County",WI,"Lake States",364.96,"mature-market medium",wastes,12,308.00,dt,4928000000,BTU,0.84
"Other solid waste","Urban wood, clean",55078,"Menominee County",WI,"Lake States",364.96,near-term,wastes,0,271.00,dt,4336000000,BTU,0.74
"Other solid waste","Urban wood, clean",55079,"Milwaukee County",WI,"Lake States",242.17,Emerging,wastes,23.76,61069.00,dt,977104000000,BTU,252.17
"Other solid waste","Urban wood, clean",55079,"Milwaukee County",WI,"Lake States",242.17,"mature-market high",wastes,23.76,61069.00,dt,977104000000,BTU,252.17
"Other solid waste","Urban wood, clean",55079,"Milwaukee County",WI,"Lake States",242.17,"mature-market low",wastes,12,61069.00,dt,977104000000,BTU,252.17
"Other solid waste","Urban wood, clean",55079,"Milwaukee County",WI,"Lake States",242.17,"mature-market medium",wastes,12,61069.00,dt,977104000000,BTU,252.17
"Other solid waste","Urban wood, clean",55079,"Milwaukee County",WI,"Lake States",242.17,near-term,wastes,0,55791.00,dt,892656000000,BTU,230.38
"Other solid waste","Urban wood, clean",55081,"Monroe County",WI,"Lake States",908.08,Emerging,wastes,23.76,2474.00,dt,39584000000,BTU,2.72
"Other solid waste","Urban wood, clean",55081,"Monroe County",WI,"Lake States",908.08,"mature-market high",wastes,23.76,2474.00,dt,39584000000,BTU,2.72
"Other solid waste","Urban wood, clean",55081,"Monroe County",WI,"Lake States",908.08,"mature-market low",wastes,12,2474.00,dt,39584000000,BTU,2.72
"Other solid waste","Urban wood, clean",55081,"Monroe County",WI,"Lake States",908.08,"mature-market medium",wastes,12,2474.00,dt,39584000000,BTU,2.72
"Other solid waste","Urban wood, clean",55081,"Monroe County",WI,"Lake States",908.08,near-term,wastes,0,2718.00,dt,43488000000,BTU,2.99
"Other solid waste","Urban wood, clean",55083,"Oconto County",WI,"Lake States",1016.31,Emerging,wastes,23.76,1743.00,dt,27888000000,BTU,1.72
"Other solid waste","Urban wood, clean",55083,"Oconto County",WI,"Lake States",1016.31,"mature-market high",wastes,23.76,1743.00,dt,27888000000,BTU,1.72
"Other solid waste","Urban wood, clean",55083,"Oconto County",WI,"Lake States",1016.31,"mature-market low",wastes,12,1743.00,dt,27888000000,BTU,1.72
"Other solid waste","Urban wood, clean",55083,"Oconto County",WI,"Lake States",1016.31,"mature-market medium",wastes,12,1743.00,dt,27888000000,BTU,1.72
"Other solid waste","Urban wood, clean",55083,"Oconto County",WI,"Lake States",1016.31,near-term,wastes,0,2228.00,dt,35648000000,BTU,2.19
"Other solid waste","Urban wood, clean",55085,"Oneida County",WI,"Lake States",1236.57,Emerging,wastes,23.76,1626.00,dt,26016000000,BTU,1.31
"Other solid waste","Urban wood, clean",55085,"Oneida County",WI,"Lake States",1236.57,"mature-market high",wastes,23.76,1626.00,dt,26016000000,BTU,1.31
"Other solid waste","Urban wood, clean",55085,"Oneida County",WI,"Lake States",1236.57,"mature-market low",wastes,12,1626.00,dt,26016000000,BTU,1.31
"Other solid waste","Urban wood, clean",55085,"Oneida County",WI,"Lake States",1236.57,"mature-market medium",wastes,12,1626.00,dt,26016000000,BTU,1.31
"Other solid waste","Urban wood, clean",55085,"Oneida County",WI,"Lake States",1236.57,near-term,wastes,0,2088.00,dt,33408000000,BTU,1.69
"Other solid waste","Urban wood, clean",55087,"Outagamie County",WI,"Lake States",644.61,Emerging,wastes,23.76,12559.00,dt,200944000000,BTU,19.48
"Other solid waste","Urban wood, clean",55087,"Outagamie County",WI,"Lake States",644.61,"mature-market high",wastes,23.76,12559.00,dt,200944000000,BTU,19.48
"Other solid waste","Urban wood, clean",55087,"Outagamie County",WI,"Lake States",644.61,"mature-market low",wastes,12,12559.00,dt,200944000000,BTU,19.48
"Other solid waste","Urban wood, clean",55087,"Outagamie County",WI,"Lake States",644.61,"mature-market medium",wastes,12,12559.00,dt,200944000000,BTU,19.48
"Other solid waste","Urban wood, clean",55087,"Outagamie County",WI,"Lake States",644.61,near-term,wastes,0,11010.00,dt,176160000000,BTU,17.08
"Other solid waste","Urban wood, clean",55089,"Ozaukee County",WI,"Lake States",235.28,Emerging,wastes,23.76,5609.00,dt,89744000000,BTU,23.84
"Other solid waste","Urban wood, clean",55089,"Ozaukee County",WI,"Lake States",235.28,"mature-market high",wastes,23.76,5609.00,dt,89744000000,BTU,23.84
"Other solid waste","Urban wood, clean",55089,"Ozaukee County",WI,"Lake States",235.28,"mature-market low",wastes,12,5609.00,dt,89744000000,BTU,23.84
"Other solid waste","Urban wood, clean",55089,"Ozaukee County",WI,"Lake States",235.28,"mature-market medium",wastes,12,5609.00,dt,89744000000,BTU,23.84
"Other solid waste","Urban wood, clean",55089,"Ozaukee County",WI,"Lake States",235.28,near-term,wastes,0,5247.00,dt,83952000000,BTU,22.30
"Other solid waste","Urban wood, clean",55091,"Pepin County",WI,"Lake States",248.7,Emerging,wastes,23.76,300.00,dt,4800000000,BTU,1.21
"Other solid waste","Urban wood, clean",55091,"Pepin County",WI,"Lake States",248.7,"mature-market high",wastes,23.76,300.00,dt,4800000000,BTU,1.21
"Other solid waste","Urban wood, clean",55091,"Pepin County",WI,"Lake States",248.7,"mature-market low",wastes,12,300.00,dt,4800000000,BTU,1.21
"Other solid waste","Urban wood, clean",55091,"Pepin County",WI,"Lake States",248.7,"mature-market medium",wastes,12,300.00,dt,4800000000,BTU,1.21
"Other solid waste","Urban wood, clean",55091,"Pepin County",WI,"Lake States",248.7,near-term,wastes,0,430.00,dt,6880000000,BTU,1.73
"Other solid waste","Urban wood, clean",55093,"Pierce County",WI,"Lake States",592.73,Emerging,wastes,23.76,2066.00,dt,33056000000,BTU,3.49
"Other solid waste","Urban wood, clean",55093,"Pierce County",WI,"Lake States",592.73,"mature-market high",wastes,23.76,2066.00,dt,33056000000,BTU,3.49
"Other solid waste","Urban wood, clean",55093,"Pierce County",WI,"Lake States",592.73,"mature-market low",wastes,12,2066.00,dt,33056000000,BTU,3.49
"Other solid waste","Urban wood, clean",55093,"Pierce County",WI,"Lake States",592.73,"mature-market medium",wastes,12,2066.00,dt,33056000000,BTU,3.49
"Other solid waste","Urban wood, clean",55093,"Pierce County",WI,"Lake States",592.73,near-term,wastes,0,2509.00,dt,40144000000,BTU,4.23
"Other solid waste","Urban wood, clean",55095,"Polk County",WI,"Lake States",956.41,Emerging,wastes,23.76,1882.00,dt,30112000000,BTU,1.97
"Other solid waste","Urban wood, clean",55095,"Polk County",WI,"Lake States",956.41,"mature-market high",wastes,23.76,1882.00,dt,30112000000,BTU,1.97
"Other solid waste","Urban wood, clean",55095,"Polk County",WI,"Lake States",956.41,"mature-market low",wastes,12,1882.00,dt,30112000000,BTU,1.97
"Other solid waste","Urban wood, clean",55095,"Polk County",WI,"Lake States",956.41,"mature-market medium",wastes,12,1882.00,dt,30112000000,BTU,1.97
"Other solid waste","Urban wood, clean",55095,"Polk County",WI,"Lake States",956.41,near-term,wastes,0,2567.00,dt,41072000000,BTU,2.68
"Other solid waste","Urban wood, clean",55097,"Portage County",WI,"Lake States",822.82,Emerging,wastes,23.76,4184.00,dt,66944000000,BTU,5.08
"Other solid waste","Urban wood, clean",55097,"Portage County",WI,"Lake States",822.82,"mature-market high",wastes,23.76,4184.00,dt,66944000000,BTU,5.08
"Other solid waste","Urban wood, clean",55097,"Portage County",WI,"Lake States",822.82,"mature-market low",wastes,12,4184.00,dt,66944000000,BTU,5.08
"Other solid waste","Urban wood, clean",55097,"Portage County",WI,"Lake States",822.82,"mature-market medium",wastes,12,4184.00,dt,66944000000,BTU,5.08
"Other solid waste","Urban wood, clean",55097,"Portage County",WI,"Lake States",822.82,near-term,wastes,0,4174.00,dt,66784000000,BTU,5.07
"Other solid waste","Urban wood, clean",55099,"Price County",WI,"Lake States",1278.04,Emerging,wastes,23.76,560.00,dt,8960000000,BTU,0.44
"Other solid waste","Urban wood, clean",55099,"Price County",WI,"Lake States",1278.04,"mature-market high",wastes,23.76,560.00,dt,8960000000,BTU,0.44
"Other solid waste","Urban wood, clean",55099,"Price County",WI,"Lake States",1278.04,"mature-market low",wastes,12,560.00,dt,8960000000,BTU,0.44
"Other solid waste","Urban wood, clean",55099,"Price County",WI,"Lake States",1278.04,"mature-market medium",wastes,12,560.00,dt,8960000000,BTU,0.44
"Other solid waste","Urban wood, clean",55099,"Price County",WI,"Lake States",1278.04,near-term,wastes,0,787.00,dt,12592000000,BTU,0.62
"Other solid waste","Urban wood, clean",55101,"Racine County",WI,"Lake States",340.39,Emerging,wastes,23.76,10712.00,dt,171392000000,BTU,31.47
"Other solid waste","Urban wood, clean",55101,"Racine County",WI,"Lake States",340.39,"mature-market high",wastes,23.76,10712.00,dt,171392000000,BTU,31.47
"Other solid waste","Urban wood, clean",55101,"Racine County",WI,"Lake States",340.39,"mature-market low",wastes,12,10712.00,dt,171392000000,BTU,31.47
"Other solid waste","Urban wood, clean",55101,"Racine County",WI,"Lake States",340.39,"mature-market medium",wastes,12,10712.00,dt,171392000000,BTU,31.47
"Other solid waste","Urban wood, clean",55101,"Racine County",WI,"Lake States",340.39,near-term,wastes,0,11568.00,dt,185088000000,BTU,33.98
"Other solid waste","Urban wood, clean",55103,"Richland County",WI,"Lake States",589.3,Emerging,wastes,23.76,699.00,dt,11184000000,BTU,1.19
"Other solid waste","Urban wood, clean",55103,"Richland County",WI,"Lake States",589.3,"mature-market high",wastes,23.76,699.00,dt,11184000000,BTU,1.19
"Other solid waste","Urban wood, clean",55103,"Richland County",WI,"Lake States",589.3,"mature-market low",wastes,12,699.00,dt,11184000000,BTU,1.19
"Other solid waste","Urban wood, clean",55103,"Richland County",WI,"Lake States",589.3,"mature-market medium",wastes,12,699.00,dt,11184000000,BTU,1.19
"Other solid waste","Urban wood, clean",55103,"Richland County",WI,"Lake States",589.3,near-term,wastes,0,1025.00,dt,16400000000,BTU,1.74
"Other solid waste","Urban wood, clean",55105,"Rock County",WI,"Lake States",726.16,Emerging,wastes,23.76,8947.00,dt,143152000000,BTU,12.32
"Other solid waste","Urban wood, clean",55105,"Rock County",WI,"Lake States",726.16,"mature-market high",wastes,23.76,8947.00,dt,143152000000,BTU,12.32
"Other solid waste","Urban wood, clean",55105,"Rock County",WI,"Lake States",726.16,"mature-market low",wastes,12,8947.00,dt,143152000000,BTU,12.32
"Other solid waste","Urban wood, clean",55105,"Rock County",WI,"Lake States",726.16,"mature-market medium",wastes,12,8947.00,dt,143152000000,BTU,12.32
"Other solid waste","Urban wood, clean",55105,"Rock County",WI,"Lake States",726.16,near-term,wastes,0,9596.00,dt,153536000000,BTU,13.21
"Other solid waste","Urban wood, clean",55107,"Rusk County",WI,"Lake States",930.86,Emerging,wastes,23.76,539.00,dt,8624000000,BTU,0.58
"Other solid waste","Urban wood, clean",55107,"Rusk County",WI,"Lake States",930.86,"mature-market high",wastes,23.76,539.00,dt,8624000000,BTU,0.58
"Other solid waste","Urban wood, clean",55107,"Rusk County",WI,"Lake States",930.86,"mature-market low",wastes,12,539.00,dt,8624000000,BTU,0.58
"Other solid waste","Urban wood, clean",55107,"Rusk County",WI,"Lake States",930.86,"mature-market medium",wastes,12,539.00,dt,8624000000,BTU,0.58
"Other solid waste","Urban wood, clean",55107,"Rusk County",WI,"Lake States",930.86,near-term,wastes,0,831.00,dt,13296000000,BTU,0.89
"Other solid waste","Urban wood, clean",55109,"St. Croix County",WI,"Lake States",735.19,Emerging,wastes,23.76,5801.00,dt,92816000000,BTU,7.89
"Other solid waste","Urban wood, clean",55109,"St. Croix County",WI,"Lake States",735.19,"mature-market high",wastes,23.76,5801.00,dt,92816000000,BTU,7.89
"Other solid waste","Urban wood, clean",55109,"St. Croix County",WI,"Lake States",735.19,"mature-market low",wastes,12,5801.00,dt,92816000000,BTU,7.89
"Other solid waste","Urban wood, clean",55109,"St. Croix County",WI,"Lake States",735.19,"mature-market medium",wastes,12,5801.00,dt,92816000000,BTU,7.89
"Other solid waste","Urban wood, clean",55109,"St. Croix County",WI,"Lake States",735.19,near-term,wastes,0,5284.00,dt,84544000000,BTU,7.19
"Other solid waste","Urban wood, clean",55111,"Sauk County",WI,"Lake States",849.19,Emerging,wastes,23.76,3880.00,dt,62080000000,BTU,4.57
"Other solid waste","Urban wood, clean",55111,"Sauk County",WI,"Lake States",849.19,"mature-market high",wastes,23.76,3880.00,dt,62080000000,BTU,4.57
"Other solid waste","Urban wood, clean",55111,"Sauk County",WI,"Lake States",849.19,"mature-market low",wastes,12,3880.00,dt,62080000000,BTU,4.57
"Other solid waste","Urban wood, clean",55111,"Sauk County",WI,"Lake States",849.19,"mature-market medium",wastes,12,3880.00,dt,62080000000,BTU,4.57
"Other solid waste","Urban wood, clean",55111,"Sauk County",WI,"Lake States",849.19,near-term,wastes,0,3789.00,dt,60624000000,BTU,4.46
"Other solid waste","Urban wood, clean",55113,"Sawyer County",WI,"Lake States",1350.24,Emerging,wastes,23.76,681.00,dt,10896000000,BTU,0.50
"Other solid waste","Urban wood, clean",55113,"Sawyer County",WI,"Lake States",1350.24,"mature-market high",wastes,23.76,681.00,dt,10896000000,BTU,0.50
"Other solid waste","Urban wood, clean",55113,"Sawyer County",WI,"Lake States",1350.24,"mature-market low",wastes,12,681.00,dt,10896000000,BTU,0.50
"Other solid waste","Urban wood, clean",55113,"Sawyer County",WI,"Lake States",1350.24,"mature-market medium",wastes,12,681.00,dt,10896000000,BTU,0.50
"Other solid waste","Urban wood, clean",55113,"Sawyer County",WI,"Lake States",1350.24,near-term,wastes,0,970.00,dt,15520000000,BTU,0.72
"Other solid waste","Urban wood, clean",55115,"Shawano County",WI,"Lake States",909.4,Emerging,wastes,23.76,1759.00,dt,28144000000,BTU,1.93
"Other solid waste","Urban wood, clean",55115,"Shawano County",WI,"Lake States",909.4,"mature-market high",wastes,23.76,1759.00,dt,28144000000,BTU,1.93
"Other solid waste","Urban wood, clean",55115,"Shawano County",WI,"Lake States",909.4,"mature-market low",wastes,12,1759.00,dt,28144000000,BTU,1.93
"Other solid waste","Urban wood, clean",55115,"Shawano County",WI,"Lake States",909.4,"mature-market medium",wastes,12,1759.00,dt,28144000000,BTU,1.93
"Other solid waste","Urban wood, clean",55115,"Shawano County",WI,"Lake States",909.4,near-term,wastes,0,2402.00,dt,38432000000,BTU,2.64
"Other solid waste","Urban wood, clean",55117,"Sheboygan County",WI,"Lake States",517.64,Emerging,wastes,23.76,6263.00,dt,100208000000,BTU,12.10
"Other solid waste","Urban wood, clean",55117,"Sheboygan County",WI,"Lake States",517.64,"mature-market high",wastes,23.76,6263.00,dt,100208000000,BTU,12.10
"Other solid waste","Urban wood, clean",55117,"Sheboygan County",WI,"Lake States",517.64,"mature-market low",wastes,12,6263.00,dt,100208000000,BTU,12.10
"Other solid waste","Urban wood, clean",55117,"Sheboygan County",WI,"Lake States",517.64,"mature-market medium",wastes,12,6263.00,dt,100208000000,BTU,12.10
"Other solid waste","Urban wood, clean",55117,"Sheboygan County",WI,"Lake States",517.64,near-term,wastes,0,6789.00,dt,108624000000,BTU,13.12
"Other solid waste","Urban wood, clean",55119,"Taylor County",WI,"Lake States",984.56,Emerging,wastes,23.76,907.00,dt,14512000000,BTU,0.92
"Other solid waste","Urban wood, clean",55119,"Taylor County",WI,"Lake States",984.56,"mature-market high",wastes,23.76,907.00,dt,14512000000,BTU,0.92
"Other solid waste","Urban wood, clean",55119,"Taylor County",WI,"Lake States",984.56,"mature-market low",wastes,12,907.00,dt,14512000000,BTU,0.92
"Other solid waste","Urban wood, clean",55119,"Taylor County",WI,"Lake States",984.56,"mature-market medium",wastes,12,907.00,dt,14512000000,BTU,0.92
"Other solid waste","Urban wood, clean",55119,"Taylor County",WI,"Lake States",984.56,near-term,wastes,0,1200.00,dt,19200000000,BTU,1.22
"Other solid waste","Urban wood, clean",55121,"Trempealeau County",WI,"Lake States",741.98,Emerging,wastes,23.76,1885.00,dt,30160000000,BTU,2.54
"Other solid waste","Urban wood, clean",55121,"Trempealeau County",WI,"Lake States",741.98,"mature-market high",wastes,23.76,1885.00,dt,30160000000,BTU,2.54
"Other solid waste","Urban wood, clean",55121,"Trempealeau County",WI,"Lake States",741.98,"mature-market low",wastes,12,1885.00,dt,30160000000,BTU,2.54
"Other solid waste","Urban wood, clean",55121,"Trempealeau County",WI,"Lake States",741.98,"mature-market medium",wastes,12,1885.00,dt,30160000000,BTU,2.54
"Other solid waste","Urban wood, clean",55121,"Trempealeau County",WI,"Lake States",741.98,near-term,wastes,0,1738.00,dt,27808000000,BTU,2.34
"Other solid waste","Urban wood, clean",55123,"Vernon County",WI,"Lake States",816.38,Emerging,wastes,23.76,1637.00,dt,26192000000,BTU,2.01
"Other solid waste","Urban wood, clean",55123,"Vernon County",WI,"Lake States",816.38,"mature-market high",wastes,23.76,1637.00,dt,26192000000,BTU,2.01
"Other solid waste","Urban wood, clean",55123,"Vernon County",WI,"Lake States",816.38,"mature-market low",wastes,12,1637.00,dt,26192000000,BTU,2.01
"Other solid waste","Urban wood, clean",55123,"Vernon County",WI,"Lake States",816.38,"mature-market medium",wastes,12,1637.00,dt,26192000000,BTU,2.01
"Other solid waste","Urban wood, clean",55123,"Vernon County",WI,"Lake States",816.38,near-term,wastes,0,1813.00,dt,29008000000,BTU,2.22
"Other solid waste","Urban wood, clean",55125,"Vilas County",WI,"Lake States",1017.72,Emerging,wastes,23.76,918.00,dt,14688000000,BTU,0.90
"Other solid waste","Urban wood, clean",55125,"Vilas County",WI,"Lake States",1017.72,"mature-market high",wastes,23.76,918.00,dt,14688000000,BTU,0.90
"Other solid waste","Urban wood, clean",55125,"Vilas County",WI,"Lake States",1017.72,"mature-market low",wastes,12,918.00,dt,14688000000,BTU,0.90
"Other solid waste","Urban wood, clean",55125,"Vilas County",WI,"Lake States",1017.72,"mature-market medium",wastes,12,918.00,dt,14688000000,BTU,0.90
"Other solid waste","Urban wood, clean",55125,"Vilas County",WI,"Lake States",1017.72,near-term,wastes,0,1292.00,dt,20672000000,BTU,1.27
"Other solid waste","Urban wood, clean",55127,"Walworth County",WI,"Lake States",576.6,Emerging,wastes,23.76,6063.00,dt,97008000000,BTU,10.52
"Other solid waste","Urban wood, clean",55127,"Walworth County",WI,"Lake States",576.6,"mature-market high",wastes,23.76,6063.00,dt,97008000000,BTU,10.52
"Other solid waste","Urban wood, clean",55127,"Walworth County",WI,"Lake States",576.6,"mature-market low",wastes,12,6063.00,dt,97008000000,BTU,10.52
"Other solid waste","Urban wood, clean",55127,"Walworth County",WI,"Lake States",576.6,"mature-market medium",wastes,12,6063.00,dt,97008000000,BTU,10.52
"Other solid waste","Urban wood, clean",55127,"Walworth County",WI,"Lake States",576.6,near-term,wastes,0,6101.00,dt,97616000000,BTU,10.58
"Other solid waste","Urban wood, clean",55129,"Washburn County",WI,"Lake States",853.32,Emerging,wastes,23.76,597.00,dt,9552000000,BTU,0.70
"Other solid waste","Urban wood, clean",55129,"Washburn County",WI,"Lake States",853.32,"mature-market high",wastes,23.76,597.00,dt,9552000000,BTU,0.70
"Other solid waste","Urban wood, clean",55129,"Washburn County",WI,"Lake States",853.32,"mature-market low",wastes,12,597.00,dt,9552000000,BTU,0.70
"Other solid waste","Urban wood, clean",55129,"Washburn County",WI,"Lake States",853.32,"mature-market medium",wastes,12,597.00,dt,9552000000,BTU,0.70
"Other solid waste","Urban wood, clean",55129,"Washburn County",WI,"Lake States",853.32,near-term,wastes,0,933.00,dt,14928000000,BTU,1.09
"Other solid waste","Urban wood, clean",55131,"Washington County",WI,"Lake States",435.66,Emerging,wastes,23.76,7743.00,dt,123888000000,BTU,17.77
"Other solid waste","Urban wood, clean",55131,"Washington County",WI,"Lake States",435.66,"mature-market high",wastes,23.76,7743.00,dt,123888000000,BTU,17.77
"Other solid waste","Urban wood, clean",55131,"Washington County",WI,"Lake States",435.66,"mature-market low",wastes,12,7743.00,dt,123888000000,BTU,17.77
"Other solid waste","Urban wood, clean",55131,"Washington County",WI,"Lake States",435.66,"mature-market medium",wastes,12,7743.00,dt,123888000000,BTU,17.77
"Other solid waste","Urban wood, clean",55131,"Washington County",WI,"Lake States",435.66,near-term,wastes,0,7980.00,dt,127680000000,BTU,18.32
"Other solid waste","Urban wood, clean",55133,"Waukesha County",WI,"Lake States",580.54,Emerging,wastes,23.76,24482.00,dt,391712000000,BTU,42.17
"Other solid waste","Urban wood, clean",55133,"Waukesha County",WI,"Lake States",580.54,"mature-market high",wastes,23.76,24482.00,dt,391712000000,BTU,42.17
"Other solid waste","Urban wood, clean",55133,"Waukesha County",WI,"Lake States",580.54,"mature-market low",wastes,12,24482.00,dt,391712000000,BTU,42.17
"Other solid waste","Urban wood, clean",55133,"Waukesha County",WI,"Lake States",580.54,"mature-market medium",wastes,12,24482.00,dt,391712000000,BTU,42.17
"Other solid waste","Urban wood, clean",55133,"Waukesha County",WI,"Lake States",580.54,near-term,wastes,0,23715.00,dt,379440000000,BTU,40.85
"Other solid waste","Urban wood, clean",55135,"Waupaca County",WI,"Lake States",765.17,Emerging,wastes,23.76,2606.00,dt,41696000000,BTU,3.41
"Other solid waste","Urban wood, clean",55135,"Waupaca County",WI,"Lake States",765.17,"mature-market high",wastes,23.76,2606.00,dt,41696000000,BTU,3.41
"Other solid waste","Urban wood, clean",55135,"Waupaca County",WI,"Lake States",765.17,"mature-market low",wastes,12,2606.00,dt,41696000000,BTU,3.41
"Other solid waste","Urban wood, clean",55135,"Waupaca County",WI,"Lake States",765.17,"mature-market medium",wastes,12,2606.00,dt,41696000000,BTU,3.41
"Other solid waste","Urban wood, clean",55135,"Waupaca County",WI,"Lake States",765.17,near-term,wastes,0,3012.00,dt,48192000000,BTU,3.94
"Other solid waste","Urban wood, clean",55137,"Waushara County",WI,"Lake States",637.4,Emerging,wastes,23.76,1008.00,dt,16128000000,BTU,1.58
"Other solid waste","Urban wood, clean",55137,"Waushara County",WI,"Lake States",637.4,"mature-market high",wastes,23.76,1008.00,dt,16128000000,BTU,1.58
"Other solid waste","Urban wood, clean",55137,"Waushara County",WI,"Lake States",637.4,"mature-market low",wastes,12,1008.00,dt,16128000000,BTU,1.58
"Other solid waste","Urban wood, clean",55137,"Waushara County",WI,"Lake States",637.4,"mature-market medium",wastes,12,1008.00,dt,16128000000,BTU,1.58
"Other solid waste","Urban wood, clean",55137,"Waushara County",WI,"Lake States",637.4,near-term,wastes,0,1430.00,dt,22880000000,BTU,2.24
"Other solid waste","Urban wood, clean",55139,"Winnebago County",WI,"Lake States",578.57,Emerging,wastes,23.76,10712.00,dt,171392000000,BTU,18.51
"Other solid waste","Urban wood, clean",55139,"Winnebago County",WI,"Lake States",578.57,"mature-market high",wastes,23.76,10712.00,dt,171392000000,BTU,18.51
"Other solid waste","Urban wood, clean",55139,"Winnebago County",WI,"Lake States",578.57,"mature-market low",wastes,12,10712.00,dt,171392000000,BTU,18.51
"Other solid waste","Urban wood, clean",55139,"Winnebago County",WI,"Lake States",578.57,"mature-market medium",wastes,12,10712.00,dt,171392000000,BTU,18.51
"Other solid waste","Urban wood, clean",55139,"Winnebago County",WI,"Lake States",578.57,near-term,wastes,0,10067.00,dt,161072000000,BTU,17.40
"Other solid waste","Urban wood, clean",55141,"Wood County",WI,"Lake States",809.25,Emerging,wastes,23.76,3182.00,dt,50912000000,BTU,3.93
"Other solid waste","Urban wood, clean",55141,"Wood County",WI,"Lake States",809.25,"mature-market high",wastes,23.76,3182.00,dt,50912000000,BTU,3.93
"Other solid waste","Urban wood, clean",55141,"Wood County",WI,"Lake States",809.25,"mature-market low",wastes,12,3182.00,dt,50912000000,BTU,3.93
"Other solid waste","Urban wood, clean",55141,"Wood County",WI,"Lake States",809.25,"mature-market medium",wastes,12,3182.00,dt,50912000000,BTU,3.93
"Other solid waste","Urban wood, clean",55141,"Wood County",WI,"Lake States",809.25,near-term,wastes,0,4298.00,dt,68768000000,BTU,5.31
"Other solid waste","Yard waste",55001,"Adams County",WI,"Lake States",687.48,Emerging,wastes,20.2,548.00,dt,7672000000,BTU,0.80
"Other solid waste","Yard waste",55001,"Adams County",WI,"Lake States",687.48,"mature-market high",wastes,20.2,548.00,dt,7672000000,BTU,0.80
"Other solid waste","Yard waste",55001,"Adams County",WI,"Lake States",687.48,"mature-market low",wastes,10.2,548.00,dt,7672000000,BTU,0.80
"Other solid waste","Yard waste",55001,"Adams County",WI,"Lake States",687.48,"mature-market medium",wastes,10.2,548.00,dt,7672000000,BTU,0.80
"Other solid waste","Yard waste",55001,"Adams County",WI,"Lake States",687.48,near-term,wastes,0,882.00,dt,12348000000,BTU,1.28
"Other solid waste","Yard waste",55003,"Ashland County",WI,"Lake States",1054.13,Emerging,wastes,20.2,516.00,dt,7224000000,BTU,0.49
"Other solid waste","Yard waste",55003,"Ashland County",WI,"Lake States",1054.13,"mature-market high",wastes,20.2,516.00,dt,7224000000,BTU,0.49
"Other solid waste","Yard waste",55003,"Ashland County",WI,"Lake States",1054.13,"mature-market low",wastes,10.2,516.00,dt,7224000000,BTU,0.49
"Other solid waste","Yard waste",55003,"Ashland County",WI,"Lake States",1054.13,"mature-market medium",wastes,10.2,516.00,dt,7224000000,BTU,0.49
"Other solid waste","Yard waste",55003,"Ashland County",WI,"Lake States",1054.13,near-term,wastes,0,676.00,dt,9464000000,BTU,0.64
"Other solid waste","Yard waste",55005,"Barron County",WI,"Lake States",889.76,Emerging,wastes,20.2,1567.00,dt,21938000000,BTU,1.76
"Other solid waste","Yard waste",55005,"Barron County",WI,"Lake States",889.76,"mature-market high",wastes,20.2,1567.00,dt,21938000000,BTU,1.76
"Other solid waste","Yard waste",55005,"Barron County",WI,"Lake States",889.76,"mature-market low",wastes,10.2,1567.00,dt,21938000000,BTU,1.76
"Other solid waste","Yard waste",55005,"Barron County",WI,"Lake States",889.76,"mature-market medium",wastes,10.2,1567.00,dt,21938000000,BTU,1.76
"Other solid waste","Yard waste",55005,"Barron County",WI,"Lake States",889.76,near-term,wastes,0,1957.00,dt,27398000000,BTU,2.20
"Other solid waste","Yard waste",55007,"Bayfield County",WI,"Lake States",1511.34,Emerging,wastes,20.2,555.00,dt,7770000000,BTU,0.37
"Other solid waste","Yard waste",55007,"Bayfield County",WI,"Lake States",1511.34,"mature-market high",wastes,20.2,555.00,dt,7770000000,BTU,0.37
"Other solid waste","Yard waste",55007,"Bayfield County",WI,"Lake States",1511.34,"mature-market low",wastes,10.2,555.00,dt,7770000000,BTU,0.37
"Other solid waste","Yard waste",55007,"Bayfield County",WI,"Lake States",1511.34,"mature-market medium",wastes,10.2,555.00,dt,7770000000,BTU,0.37
"Other solid waste","Yard waste",55007,"Bayfield County",WI,"Lake States",1511.34,near-term,wastes,0,651.00,dt,9114000000,BTU,0.43
"Other solid waste","Yard waste",55009,"Brown County",WI,"Lake States",531.24,Emerging,wastes,20.2,13297.00,dt,186158000000,BTU,25.03
"Other solid waste","Yard waste",55009,"Brown County",WI,"Lake States",531.24,"mature-market high",wastes,20.2,13297.00,dt,186158000000,BTU,25.03
"Other solid waste","Yard waste",55009,"Brown County",WI,"Lake States",531.24,"mature-market low",wastes,10.2,13297.00,dt,186158000000,BTU,25.03
"Other solid waste","Yard waste",55009,"Brown County",WI,"Lake States",531.24,"mature-market medium",wastes,10.2,13297.00,dt,186158000000,BTU,25.03
"Other solid waste","Yard waste",55009,"Brown County",WI,"Lake States",531.24,near-term,wastes,0,11407.00,dt,159698000000,BTU,21.47
"Other solid waste","Yard waste",55011,"Buffalo County",WI,"Lake States",709.59,Emerging,wastes,20.2,410.00,dt,5740000000,BTU,0.58
"Other solid waste","Yard waste",55011,"Buffalo County",WI,"Lake States",709.59,"mature-market high",wastes,20.2,410.00,dt,5740000000,BTU,0.58
"Other solid waste","Yard waste",55011,"Buffalo County",WI,"Lake States",709.59,"mature-market low",wastes,10.2,410.00,dt,5740000000,BTU,0.58
"Other solid waste","Yard waste",55011,"Buffalo County",WI,"Lake States",709.59,"mature-market medium",wastes,10.2,410.00,dt,5740000000,BTU,0.58
"Other solid waste","Yard waste",55011,"Buffalo County",WI,"Lake States",709.59,near-term,wastes,0,568.00,dt,7952000000,BTU,0.80
"Other solid waste","Yard waste",55013,"Burnett County",WI,"Lake States",880.22,Emerging,wastes,20.2,434.00,dt,6076000000,BTU,0.49
"Other solid waste","Yard waste",55013,"Burnett County",WI,"Lake States",880.22,"mature-market high",wastes,20.2,434.00,dt,6076000000,BTU,0.49
"Other solid waste","Yard waste",55013,"Burnett County",WI,"Lake States",880.22,"mature-market low",wastes,10.2,434.00,dt,6076000000,BTU,0.49
"Other solid waste","Yard waste",55013,"Burnett County",WI,"Lake States",880.22,"mature-market medium",wastes,10.2,434.00,dt,6076000000,BTU,0.49
"Other solid waste","Yard waste",55013,"Burnett County",WI,"Lake States",880.22,near-term,wastes,0,666.00,dt,9324000000,BTU,0.76
"Other solid waste","Yard waste",55015,"Calumet County",WI,"Lake States",397.08,Emerging,wastes,20.2,2122.00,dt,29708000000,BTU,5.34
"Other solid waste","Yard waste",55015,"Calumet County",WI,"Lake States",397.08,"mature-market high",wastes,20.2,2122.00,dt,29708000000,BTU,5.34
"Other solid waste","Yard waste",55015,"Calumet County",WI,"Lake States",397.08,"mature-market low",wastes,10.2,2122.00,dt,29708000000,BTU,5.34
"Other solid waste","Yard waste",55015,"Calumet County",WI,"Lake States",397.08,"mature-market medium",wastes,10.2,2122.00,dt,29708000000,BTU,5.34
"Other solid waste","Yard waste",55015,"Calumet County",WI,"Lake States",397.08,near-term,wastes,0,2173.00,dt,30422000000,BTU,5.47
"Other solid waste","Yard waste",55017,"Chippewa County",WI,"Lake States",1041.27,Emerging,wastes,20.2,2675.00,dt,37450000000,BTU,2.57
"Other solid waste","Yard waste",55017,"Chippewa County",WI,"Lake States",1041.27,"mature-market high",wastes,20.2,2675.00,dt,37450000000,BTU,2.57
"Other solid waste","Yard waste",55017,"Chippewa County",WI,"Lake States",1041.27,"mature-market low",wastes,10.2,2675.00,dt,37450000000,BTU,2.57
"Other solid waste","Yard waste",55017,"Chippewa County",WI,"Lake States",1041.27,"mature-market medium",wastes,10.2,2675.00,dt,37450000000,BTU,2.57
"Other solid waste","Yard waste",55017,"Chippewa County",WI,"Lake States",1041.27,near-term,wastes,0,2779.00,dt,38906000000,BTU,2.67
"Other solid waste","Yard waste",55019,"Clark County",WI,"Lake States",1218.67,Emerging,wastes,20.2,1110.00,dt,15540000000,BTU,0.91
"Other solid waste","Yard waste",55019,"Clark County",WI,"Lake States",1218.67,"mature-market high",wastes,20.2,1110.00,dt,15540000000,BTU,0.91
"Other solid waste","Yard waste",55019,"Clark County",WI,"Lake States",1218.67,"mature-market low",wastes,10.2,1110.00,dt,15540000000,BTU,0.91
"Other solid waste","Yard waste",55019,"Clark County",WI,"Lake States",1218.67,"mature-market medium",wastes,10.2,1110.00,dt,15540000000,BTU,0.91
"Other solid waste","Yard waste",55019,"Clark County",WI,"Lake States",1218.67,near-term,wastes,0,1504.00,dt,21056000000,BTU,1.23
"Other solid waste","Yard waste",55021,"Columbia County",WI,"Lake States",795.99,Emerging,wastes,20.2,2187.00,dt,30618000000,BTU,2.75
"Other solid waste","Yard waste",55021,"Columbia County",WI,"Lake States",795.99,"mature-market high",wastes,20.2,2187.00,dt,30618000000,BTU,2.75
"Other solid waste","Yard waste",55021,"Columbia County",WI,"Lake States",795.99,"mature-market low",wastes,10.2,2187.00,dt,30618000000,BTU,2.75
"Other solid waste","Yard waste",55021,"Columbia County",WI,"Lake States",795.99,"mature-market medium",wastes,10.2,2187.00,dt,30618000000,BTU,2.75
"Other solid waste","Yard waste",55021,"Columbia County",WI,"Lake States",795.99,near-term,wastes,0,2485.00,dt,34790000000,BTU,3.12
"Other solid waste","Yard waste",55023,"Crawford County",WI,"Lake States",599.21,Emerging,wastes,20.2,581.00,dt,8134000000,BTU,0.97
"Other solid waste","Yard waste",55023,"Crawford County",WI,"Lake States",599.21,"mature-market high",wastes,20.2,581.00,dt,8134000000,BTU,0.97
"Other solid waste","Yard waste",55023,"Crawford County",WI,"Lake States",599.21,"mature-market low",wastes,10.2,581.00,dt,8134000000,BTU,0.97
"Other solid waste","Yard waste",55023,"Crawford County",WI,"Lake States",599.21,"mature-market medium",wastes,10.2,581.00,dt,8134000000,BTU,0.97
"Other solid waste","Yard waste",55023,"Crawford County",WI,"Lake States",599.21,near-term,wastes,0,705.00,dt,9870000000,BTU,1.18
"Other solid waste","Yard waste",55025,"Dane County",WI,"Lake States",1237.5,Emerging,wastes,20.2,36110.00,dt,505540000000,BTU,29.18
"Other solid waste","Yard waste",55025,"Dane County",WI,"Lake States",1237.5,"mature-market high",wastes,20.2,36110.00,dt,505540000000,BTU,29.18
"Other solid waste","Yard waste",55025,"Dane County",WI,"Lake States",1237.5,"mature-market low",wastes,10.2,36110.00,dt,505540000000,BTU,29.18
"Other solid waste","Yard waste",55025,"Dane County",WI,"Lake States",1237.5,"mature-market medium",wastes,10.2,36110.00,dt,505540000000,BTU,29.18
"Other solid waste","Yard waste",55025,"Dane County",WI,"Lake States",1237.5,near-term,wastes,0,23490.00,dt,328860000000,BTU,18.98
"Other solid waste","Yard waste",55027,"Dodge County",WI,"Lake States",907.1,Emerging,wastes,20.2,3502.00,dt,49028000000,BTU,3.86
"Other solid waste","Yard waste",55027,"Dodge County",WI,"Lake States",907.1,"mature-market high",wastes,20.2,3502.00,dt,49028000000,BTU,3.86
"Other solid waste","Yard waste",55027,"Dodge County",WI,"Lake States",907.1,"mature-market low",wastes,10.2,3502.00,dt,49028000000,BTU,3.86
"Other solid waste","Yard waste",55027,"Dodge County",WI,"Lake States",907.1,"mature-market medium",wastes,10.2,3502.00,dt,49028000000,BTU,3.86
"Other solid waste","Yard waste",55027,"Dodge County",WI,"Lake States",907.1,near-term,wastes,0,3807.00,dt,53298000000,BTU,4.20
"Other solid waste","Yard waste",55029,"Door County",WI,"Lake States",487.56,Emerging,wastes,20.2,1004.00,dt,14056000000,BTU,2.06
"Other solid waste","Yard waste",55029,"Door County",WI,"Lake States",487.56,"mature-market high",wastes,20.2,1004.00,dt,14056000000,BTU,2.06
"Other solid waste","Yard waste",55029,"Door County",WI,"Lake States",487.56,"mature-market low",wastes,10.2,1004.00,dt,14056000000,BTU,2.06
"Other solid waste","Yard waste",55029,"Door County",WI,"Lake States",487.56,"mature-market medium",wastes,10.2,1004.00,dt,14056000000,BTU,2.06
"Other solid waste","Yard waste",55029,"Door County",WI,"Lake States",487.56,near-term,wastes,0,1196.00,dt,16744000000,BTU,2.45
"Other solid waste","Yard waste",55031,"Douglas County",WI,"Lake States",1332.11,Emerging,wastes,20.2,1469.00,dt,20566000000,BTU,1.10
"Other solid waste","Yard waste",55031,"Douglas County",WI,"Lake States",1332.11,"mature-market high",wastes,20.2,1469.00,dt,20566000000,BTU,1.10
"Other solid waste","Yard waste",55031,"Douglas County",WI,"Lake States",1332.11,"mature-market low",wastes,10.2,1469.00,dt,20566000000,BTU,1.10
"Other solid waste","Yard waste",55031,"Douglas County",WI,"Lake States",1332.11,"mature-market medium",wastes,10.2,1469.00,dt,20566000000,BTU,1.10
"Other solid waste","Yard waste",55031,"Douglas County",WI,"Lake States",1332.11,near-term,wastes,0,1870.00,dt,26180000000,BTU,1.40
"Other solid waste","Yard waste",55033,"Dunn County",WI,"Lake States",863.89,Emerging,wastes,20.2,1938.00,dt,27132000000,BTU,2.24
"Other solid waste","Yard waste",55033,"Dunn County",WI,"Lake States",863.89,"mature-market high",wastes,20.2,1938.00,dt,27132000000,BTU,2.24
"Other solid waste","Yard waste",55033,"Dunn County",WI,"Lake States",863.89,"mature-market low",wastes,10.2,1938.00,dt,27132000000,BTU,2.24
"Other solid waste","Yard waste",55033,"Dunn County",WI,"Lake States",863.89,"mature-market medium",wastes,10.2,1938.00,dt,27132000000,BTU,2.24
"Other solid waste","Yard waste",55033,"Dunn County",WI,"Lake States",863.89,near-term,wastes,0,1954.00,dt,27356000000,BTU,2.26
"Other solid waste","Yard waste",55035,"Eau Claire County",WI,"Lake States",645.2,Emerging,wastes,20.2,5418.00,dt,75852000000,BTU,8.40
"Other solid waste","Yard waste",55035,"Eau Claire County",WI,"Lake States",645.2,"mature-market high",wastes,20.2,5418.00,dt,75852000000,BTU,8.40
"Other solid waste","Yard waste",55035,"Eau Claire County",WI,"Lake States",645.2,"mature-market low",wastes,10.2,5418.00,dt,75852000000,BTU,8.40
"Other solid waste","Yard waste",55035,"Eau Claire County",WI,"Lake States",645.2,"mature-market medium",wastes,10.2,5418.00,dt,75852000000,BTU,8.40
"Other solid waste","Yard waste",55035,"Eau Claire County",WI,"Lake States",645.2,near-term,wastes,0,4523.00,dt,63322000000,BTU,7.01
"Other solid waste","Yard waste",55037,"Florence County",WI,"Lake States",497.43,Emerging,wastes,20.2,168.00,dt,2352000000,BTU,0.34
"Other solid waste","Yard waste",55037,"Florence County",WI,"Lake States",497.43,"mature-market high",wastes,20.2,168.00,dt,2352000000,BTU,0.34
"Other solid waste","Yard waste",55037,"Florence County",WI,"Lake States",497.43,"mature-market low",wastes,10.2,168.00,dt,2352000000,BTU,0.34
"Other solid waste","Yard waste",55037,"Florence County",WI,"Lake States",497.43,"mature-market medium",wastes,10.2,168.00,dt,2352000000,BTU,0.34
"Other solid waste","Yard waste",55037,"Florence County",WI,"Lake States",497.43,near-term,wastes,0,186.00,dt,2604000000,BTU,0.37
"Other solid waste","Yard waste",55039,"Fond du Lac County",WI,"Lake States",765.84,Emerging,wastes,20.2,4143.00,dt,58002000000,BTU,5.41
"Other solid waste","Yard waste",55039,"Fond du Lac County",WI,"Lake States",765.84,"mature-market high",wastes,20.2,4143.00,dt,58002000000,BTU,5.41
"Other solid waste","Yard waste",55039,"Fond du Lac County",WI,"Lake States",765.84,"mature-market low",wastes,10.2,4143.00,dt,58002000000,BTU,5.41
"Other solid waste","Yard waste",55039,"Fond du Lac County",WI,"Lake States",765.84,"mature-market medium",wastes,10.2,4143.00,dt,58002000000,BTU,5.41
"Other solid waste","Yard waste",55039,"Fond du Lac County",WI,"Lake States",765.84,near-term,wastes,0,4464.00,dt,62496000000,BTU,5.83
"Other solid waste","Yard waste",55041,"Forest County",WI,"Lake States",1046.52,Emerging,wastes,20.2,265.00,dt,3710000000,BTU,0.25
"Other solid waste","Yard waste",55041,"Forest County",WI,"Lake States",1046.52,"mature-market high",wastes,20.2,265.00,dt,3710000000,BTU,0.25
"Other solid waste","Yard waste",55041,"Forest County",WI,"Lake States",1046.52,"mature-market low",wastes,10.2,265.00,dt,3710000000,BTU,0.25
"Other solid waste","Yard waste",55041,"Forest County",WI,"Lake States",1046.52,"mature-market medium",wastes,10.2,265.00,dt,3710000000,BTU,0.25
"Other solid waste","Yard waste",55041,"Forest County",WI,"Lake States",1046.52,near-term,wastes,0,389.00,dt,5446000000,BTU,0.37
"Other solid waste","Yard waste",55043,"Grant County",WI,"Lake States",1183.37,Emerging,wastes,20.2,2557.00,dt,35798000000,BTU,2.16
"Other solid waste","Yard waste",55043,"Grant County",WI,"Lake States",1183.37,"mature-market high",wastes,20.2,2557.00,dt,35798000000,BTU,2.16
"Other solid waste","Yard waste",55043,"Grant County",WI,"Lake States",1183.37,"mature-market low",wastes,10.2,2557.00,dt,35798000000,BTU,2.16
"Other solid waste","Yard waste",55043,"Grant County",WI,"Lake States",1183.37,"mature-market medium",wastes,10.2,2557.00,dt,35798000000,BTU,2.16
"Other solid waste","Yard waste",55043,"Grant County",WI,"Lake States",1183.37,near-term,wastes,0,2230.00,dt,31220000000,BTU,1.88
"Other solid waste","Yard waste",55045,"Green County",WI,"Lake States",584.55,Emerging,wastes,20.2,1534.00,dt,21476000000,BTU,2.62
"Other solid waste","Yard waste",55045,"Green County",WI,"Lake States",584.55,"mature-market high",wastes,20.2,1534.00,dt,21476000000,BTU,2.62
"Other solid waste","Yard waste",55045,"Green County",WI,"Lake States",584.55,"mature-market low",wastes,10.2,1534.00,dt,21476000000,BTU,2.62
"Other solid waste","Yard waste",55045,"Green County",WI,"Lake States",584.55,"mature-market medium",wastes,10.2,1534.00,dt,21476000000,BTU,2.62
"Other solid waste","Yard waste",55045,"Green County",WI,"Lake States",584.55,near-term,wastes,0,1600.00,dt,22400000000,BTU,2.74
"Other solid waste","Yard waste",55047,"Green Lake County",WI,"Lake States",380.13,Emerging,wastes,20.2,685.00,dt,9590000000,BTU,1.80
"Other solid waste","Yard waste",55047,"Green Lake County",WI,"Lake States",380.13,"mature-market high",wastes,20.2,685.00,dt,9590000000,BTU,1.80
"Other solid waste","Yard waste",55047,"Green Lake County",WI,"Lake States",380.13,"mature-market low",wastes,10.2,685.00,dt,9590000000,BTU,1.80
"Other solid waste","Yard waste",55047,"Green Lake County",WI,"Lake States",380.13,"mature-market medium",wastes,10.2,685.00,dt,9590000000,BTU,1.80
"Other solid waste","Yard waste",55047,"Green Lake County",WI,"Lake States",380.13,near-term,wastes,0,817.00,dt,11438000000,BTU,2.15
"Other solid waste","Yard waste",55049,"Iowa County",WI,"Lake States",768.05,Emerging,wastes,20.2,888.00,dt,12432000000,BTU,1.16
"Other solid waste","Yard waste",55049,"Iowa County",WI,"Lake States",768.05,"mature-market high",wastes,20.2,888.00,dt,12432000000,BTU,1.16
"Other solid waste","Yard waste",55049,"Iowa County",WI,"Lake States",768.05,"mature-market low",wastes,10.2,888.00,dt,12432000000,BTU,1.16
"Other solid waste","Yard waste",55049,"Iowa County",WI,"Lake States",768.05,"mature-market medium",wastes,10.2,888.00,dt,12432000000,BTU,1.16
"Other solid waste","Yard waste",55049,"Iowa County",WI,"Lake States",768.05,near-term,wastes,0,1028.00,dt,14392000000,BTU,1.34
"Other solid waste","Yard waste",55051,"Iron County",WI,"Lake States",802.62,Emerging,wastes,20.2,189.00,dt,2646000000,BTU,0.24
"Other solid waste","Yard waste",55051,"Iron County",WI,"Lake States",802.62,"mature-market high",wastes,20.2,189.00,dt,2646000000,BTU,0.24
"Other solid waste","Yard waste",55051,"Iron County",WI,"Lake States",802.62,"mature-market low",wastes,10.2,189.00,dt,2646000000,BTU,0.24
"Other solid waste","Yard waste",55051,"Iron County",WI,"Lake States",802.62,"mature-market medium",wastes,10.2,189.00,dt,2646000000,BTU,0.24
"Other solid waste","Yard waste",55051,"Iron County",WI,"Lake States",802.62,near-term,wastes,0,246.00,dt,3444000000,BTU,0.31
"Other solid waste","Yard waste",55053,"Jackson County",WI,"Lake States",1000.48,Emerging,wastes,20.2,822.00,dt,11508000000,BTU,0.82
"Other solid waste","Yard waste",55053,"Jackson County",WI,"Lake States",1000.48,"mature-market high",wastes,20.2,822.00,dt,11508000000,BTU,0.82
"Other solid waste","Yard waste",55053,"Jackson County",WI,"Lake States",1000.48,"mature-market low",wastes,10.2,822.00,dt,11508000000,BTU,0.82
"Other solid waste","Yard waste",55053,"Jackson County",WI,"Lake States",1000.48,"mature-market medium",wastes,10.2,822.00,dt,11508000000,BTU,0.82
"Other solid waste","Yard waste",55053,"Jackson County",WI,"Lake States",1000.48,near-term,wastes,0,887.00,dt,12418000000,BTU,0.89
"Other solid waste","Yard waste",55055,"Jefferson County",WI,"Lake States",582.74,Emerging,wastes,20.2,3557.00,dt,49798000000,BTU,6.10
"Other solid waste","Yard waste",55055,"Jefferson County",WI,"Lake States",582.74,"mature-market high",wastes,20.2,3557.00,dt,49798000000,BTU,6.10
"Other solid waste","Yard waste",55055,"Jefferson County",WI,"Lake States",582.74,"mature-market low",wastes,10.2,3557.00,dt,49798000000,BTU,6.10
"Other solid waste","Yard waste",55055,"Jefferson County",WI,"Lake States",582.74,"mature-market medium",wastes,10.2,3557.00,dt,49798000000,BTU,6.10
"Other solid waste","Yard waste",55055,"Jefferson County",WI,"Lake States",582.74,near-term,wastes,0,3686.00,dt,51604000000,BTU,6.33
"Other solid waste","Yard waste",55057,"Juneau County",WI,"Lake States",805.17,Emerging,wastes,20.2,883.00,dt,12362000000,BTU,1.10
"Other solid waste","Yard waste",55057,"Juneau County",WI,"Lake States",805.17,"mature-market high",wastes,20.2,883.00,dt,12362000000,BTU,1.10
"Other solid waste","Yard waste",55057,"Juneau County",WI,"Lake States",805.17,"mature-market low",wastes,10.2,883.00,dt,12362000000,BTU,1.10
"Other solid waste","Yard waste",55057,"Juneau County",WI,"Lake States",805.17,"mature-market medium",wastes,10.2,883.00,dt,12362000000,BTU,1.10
"Other solid waste","Yard waste",55057,"Juneau County",WI,"Lake States",805.17,near-term,wastes,0,1153.00,dt,16142000000,BTU,1.43
"Other solid waste","Yard waste",55059,"Kenosha County",WI,"Lake States",278.42,Emerging,wastes,20.2,7398.00,dt,103572000000,BTU,26.57
"Other solid waste","Yard waste",55059,"Kenosha County",WI,"Lake States",278.42,"mature-market high",wastes,20.2,7398.00,dt,103572000000,BTU,26.57
"Other solid waste","Yard waste",55059,"Kenosha County",WI,"Lake States",278.42,"mature-market low",wastes,10.2,7398.00,dt,103572000000,BTU,26.57
"Other solid waste","Yard waste",55059,"Kenosha County",WI,"Lake States",278.42,"mature-market medium",wastes,10.2,7398.00,dt,103572000000,BTU,26.57
"Other solid waste","Yard waste",55059,"Kenosha County",WI,"Lake States",278.42,near-term,wastes,0,7322.00,dt,102508000000,BTU,26.30
"Other solid waste","Yard waste",55061,"Kewaunee County",WI,"Lake States",343.95,Emerging,wastes,20.2,684.00,dt,9576000000,BTU,1.99
"Other solid waste","Yard waste",55061,"Kewaunee County",WI,"Lake States",343.95,"mature-market high",wastes,20.2,684.00,dt,9576000000,BTU,1.99
"Other solid waste","Yard waste",55061,"Kewaunee County",WI,"Lake States",343.95,"mature-market low",wastes,10.2,684.00,dt,9576000000,BTU,1.99
"Other solid waste","Yard waste",55061,"Kewaunee County",WI,"Lake States",343.95,"mature-market medium",wastes,10.2,684.00,dt,9576000000,BTU,1.99
"Other solid waste","Yard waste",55061,"Kewaunee County",WI,"Lake States",343.95,near-term,wastes,0,884.00,dt,12376000000,BTU,2.57
"Other solid waste","Yard waste",55063,"La Crosse County",WI,"Lake States",480.05,Emerging,wastes,20.2,6221.00,dt,87094000000,BTU,12.96
"Other solid waste","Yard waste",55063,"La Crosse County",WI,"Lake States",480.05,"mature-market high",wastes,20.2,6221.00,dt,87094000000,BTU,12.96
"Other solid waste","Yard waste",55063,"La Crosse County",WI,"Lake States",480.05,"mature-market low",wastes,10.2,6221.00,dt,87094000000,BTU,12.96
"Other solid waste","Yard waste",55063,"La Crosse County",WI,"Lake States",480.05,"mature-market medium",wastes,10.2,6221.00,dt,87094000000,BTU,12.96
"Other solid waste","Yard waste",55063,"La Crosse County",WI,"Lake States",480.05,near-term,wastes,0,5116.00,dt,71624000000,BTU,10.66
"Other solid waste","Yard waste",55065,"Lafayette County",WI,"Lake States",634.57,Emerging,wastes,20.2,593.00,dt,8302000000,BTU,0.93
"Other solid waste","Yard waste",55065,"Lafayette County",WI,"Lake States",634.57,"mature-market high",wastes,20.2,593.00,dt,8302000000,BTU,0.93
"Other solid waste","Yard waste",55065,"Lafayette County",WI,"Lake States",634.57,"mature-market low",wastes,10.2,593.00,dt,8302000000,BTU,0.93
"Other solid waste","Yard waste",55065,"Lafayette County",WI,"Lake States",634.57,"mature-market medium",wastes,10.2,593.00,dt,8302000000,BTU,0.93
"Other solid waste","Yard waste",55065,"Lafayette County",WI,"Lake States",634.57,near-term,wastes,0,723.00,dt,10122000000,BTU,1.14
"Other solid waste","Yard waste",55067,"Langlade County",WI,"Lake States",887.79,Emerging,wastes,20.2,495.00,dt,6930000000,BTU,0.56
"Other solid waste","Yard waste",55067,"Langlade County",WI,"Lake States",887.79,"mature-market high",wastes,20.2,495.00,dt,6930000000,BTU,0.56
"Other solid waste","Yard waste",55067,"Langlade County",WI,"Lake States",887.79,"mature-market low",wastes,10.2,495.00,dt,6930000000,BTU,0.56
"Other solid waste","Yard waste",55067,"Langlade County",WI,"Lake States",887.79,"mature-market medium",wastes,10.2,495.00,dt,6930000000,BTU,0.56
"Other solid waste","Yard waste",55067,"Langlade County",WI,"Lake States",887.79,near-term,wastes,0,834.00,dt,11676000000,BTU,0.94
"Other solid waste","Yard waste",55069,"Lincoln County",WI,"Lake States",906.79,Emerging,wastes,20.2,847.00,dt,11858000000,BTU,0.93
"Other solid waste","Yard waste",55069,"Lincoln County",WI,"Lake States",906.79,"mature-market high",wastes,20.2,847.00,dt,11858000000,BTU,0.93
"Other solid waste","Yard waste",55069,"Lincoln County",WI,"Lake States",906.79,"mature-market low",wastes,10.2,847.00,dt,11858000000,BTU,0.93
"Other solid waste","Yard waste",55069,"Lincoln County",WI,"Lake States",906.79,"mature-market medium",wastes,10.2,847.00,dt,11858000000,BTU,0.93
"Other solid waste","Yard waste",55069,"Lincoln County",WI,"Lake States",906.79,near-term,wastes,0,1199.00,dt,16786000000,BTU,1.32
"Other solid waste","Yard waste",55071,"Manitowoc County",WI,"Lake States",594.62,Emerging,wastes,20.2,2630.00,dt,36820000000,BTU,4.42
"Other solid waste","Yard waste",55071,"Manitowoc County",WI,"Lake States",594.62,"mature-market high",wastes,20.2,2630.00,dt,36820000000,BTU,4.42
"Other solid waste","Yard waste",55071,"Manitowoc County",WI,"Lake States",594.62,"mature-market low",wastes,10.2,2630.00,dt,36820000000,BTU,4.42
"Other solid waste","Yard waste",55071,"Manitowoc County",WI,"Lake States",594.62,"mature-market medium",wastes,10.2,2630.00,dt,36820000000,BTU,4.42
"Other solid waste","Yard waste",55071,"Manitowoc County",WI,"Lake States",594.62,near-term,wastes,0,3425.00,dt,47950000000,BTU,5.76
"Other solid waste","Yard waste",55073,"Marathon County",WI,"Lake States",1576.33,Emerging,wastes,20.2,5607.00,dt,78498000000,BTU,3.56
"Other solid waste","Yard waste",55073,"Marathon County",WI,"Lake States",1576.33,"mature-market high",wastes,20.2,5607.00,dt,78498000000,BTU,3.56
"Other solid waste","Yard waste",55073,"Marathon County",WI,"Lake States",1576.33,"mature-market low",wastes,10.2,5607.00,dt,78498000000,BTU,3.56
"Other solid waste","Yard waste",55073,"Marathon County",WI,"Lake States",1576.33,"mature-market medium",wastes,10.2,5607.00,dt,78498000000,BTU,3.56
"Other solid waste","Yard waste",55073,"Marathon County",WI,"Lake States",1576.33,near-term,wastes,0,5870.00,dt,82180000000,BTU,3.72
"Other solid waste","Yard waste",55075,"Marinette County",WI,"Lake States",1429.25,Emerging,wastes,20.2,1239.00,dt,17346000000,BTU,0.87
"Other solid waste","Yard waste",55075,"Marinette County",WI,"Lake States",1429.25,"mature-market high",wastes,20.2,1239.00,dt,17346000000,BTU,0.87
"Other solid waste","Yard waste",55075,"Marinette County",WI,"Lake States",1429.25,"mature-market low",wastes,10.2,1239.00,dt,17346000000,BTU,0.87
"Other solid waste","Yard waste",55075,"Marinette County",WI,"Lake States",1429.25,"mature-market medium",wastes,10.2,1239.00,dt,17346000000,BTU,0.87
"Other solid waste","Yard waste",55075,"Marinette County",WI,"Lake States",1429.25,near-term,wastes,0,1751.00,dt,24514000000,BTU,1.23
"Other solid waste","Yard waste",55077,"Marquette County",WI,"Lake States",464.47,Emerging,wastes,20.2,460.00,dt,6440000000,BTU,0.99
"Other solid waste","Yard waste",55077,"Marquette County",WI,"Lake States",464.47,"mature-market high",wastes,20.2,460.00,dt,6440000000,BTU,0.99
"Other solid waste","Yard waste",55077,"Marquette County",WI,"Lake States",464.47,"mature-market low",wastes,10.2,460.00,dt,6440000000,BTU,0.99
"Other solid waste","Yard waste",55077,"Marquette County",WI,"Lake States",464.47,"mature-market medium",wastes,10.2,460.00,dt,6440000000,BTU,0.99
"Other solid waste","Yard waste",55077,"Marquette County",WI,"Lake States",464.47,near-term,wastes,0,668.00,dt,9352000000,BTU,1.44
"Other solid waste","Yard waste",55078,"Menominee County",WI,"Lake States",364.96,Emerging,wastes,20.2,226.00,dt,3164000000,BTU,0.62
"Other solid waste","Yard waste",55078,"Menominee County",WI,"Lake States",364.96,"mature-market high",wastes,20.2,226.00,dt,3164000000,BTU,0.62
"Other solid waste","Yard waste",55078,"Menominee County",WI,"Lake States",364.96,"mature-market low",wastes,10.2,226.00,dt,3164000000,BTU,0.62
"Other solid waste","Yard waste",55078,"Menominee County",WI,"Lake States",364.96,"mature-market medium",wastes,10.2,226.00,dt,3164000000,BTU,0.62
"Other solid waste","Yard waste",55078,"Menominee County",WI,"Lake States",364.96,near-term,wastes,0,199.00,dt,2786000000,BTU,0.55
"Other solid waste","Yard waste",55079,"Milwaukee County",WI,"Lake States",242.17,Emerging,wastes,20.2,44929.00,dt,629006000000,BTU,185.53
"Other solid waste","Yard waste",55079,"Milwaukee County",WI,"Lake States",242.17,"mature-market high",wastes,20.2,44929.00,dt,629006000000,BTU,185.53
"Other solid waste","Yard waste",55079,"Milwaukee County",WI,"Lake States",242.17,"mature-market low",wastes,10.2,44929.00,dt,629006000000,BTU,185.53
"Other solid waste","Yard waste",55079,"Milwaukee County",WI,"Lake States",242.17,"mature-market medium",wastes,10.2,44929.00,dt,629006000000,BTU,185.53
"Other solid waste","Yard waste",55079,"Milwaukee County",WI,"Lake States",242.17,near-term,wastes,0,41045.00,dt,574630000000,BTU,169.49
"Other solid waste","Yard waste",55081,"Monroe County",WI,"Lake States",908.08,Emerging,wastes,20.2,1820.00,dt,25480000000,BTU,2.00
"Other solid waste","Yard waste",55081,"Monroe County",WI,"Lake States",908.08,"mature-market high",wastes,20.2,1820.00,dt,25480000000,BTU,2.00
"Other solid waste","Yard waste",55081,"Monroe County",WI,"Lake States",908.08,"mature-market low",wastes,10.2,1820.00,dt,25480000000,BTU,2.00
"Other solid waste","Yard waste",55081,"Monroe County",WI,"Lake States",908.08,"mature-market medium",wastes,10.2,1820.00,dt,25480000000,BTU,2.00
"Other solid waste","Yard waste",55081,"Monroe County",WI,"Lake States",908.08,near-term,wastes,0,2000.00,dt,28000000000,BTU,2.20
"Other solid waste","Yard waste",55083,"Oconto County",WI,"Lake States",1016.31,Emerging,wastes,20.2,1282.00,dt,17948000000,BTU,1.26
"Other solid waste","Yard waste",55083,"Oconto County",WI,"Lake States",1016.31,"mature-market high",wastes,20.2,1282.00,dt,17948000000,BTU,1.26
"Other solid waste","Yard waste",55083,"Oconto County",WI,"Lake States",1016.31,"mature-market low",wastes,10.2,1282.00,dt,17948000000,BTU,1.26
"Other solid waste","Yard waste",55083,"Oconto County",WI,"Lake States",1016.31,"mature-market medium",wastes,10.2,1282.00,dt,17948000000,BTU,1.26
"Other solid waste","Yard waste",55083,"Oconto County",WI,"Lake States",1016.31,near-term,wastes,0,1639.00,dt,22946000000,BTU,1.61
"Other solid waste","Yard waste",55085,"Oneida County",WI,"Lake States",1236.57,Emerging,wastes,20.2,1196.00,dt,16744000000,BTU,0.97
"Other solid waste","Yard waste",55085,"Oneida County",WI,"Lake States",1236.57,"mature-market high",wastes,20.2,1196.00,dt,16744000000,BTU,0.97
"Other solid waste","Yard waste",55085,"Oneida County",WI,"Lake States",1236.57,"mature-market low",wastes,10.2,1196.00,dt,16744000000,BTU,0.97
"Other solid waste","Yard waste",55085,"Oneida County",WI,"Lake States",1236.57,"mature-market medium",wastes,10.2,1196.00,dt,16744000000,BTU,0.97
"Other solid waste","Yard waste",55085,"Oneida County",WI,"Lake States",1236.57,near-term,wastes,0,1536.00,dt,21504000000,BTU,1.24
"Other solid waste","Yard waste",55087,"Outagamie County",WI,"Lake States",644.61,Emerging,wastes,20.2,9240.00,dt,129360000000,BTU,14.33
"Other solid waste","Yard waste",55087,"Outagamie County",WI,"Lake States",644.61,"mature-market high",wastes,20.2,9240.00,dt,129360000000,BTU,14.33
"Other solid waste","Yard waste",55087,"Outagamie County",WI,"Lake States",644.61,"mature-market low",wastes,10.2,9240.00,dt,129360000000,BTU,14.33
"Other solid waste","Yard waste",55087,"Outagamie County",WI,"Lake States",644.61,"mature-market medium",wastes,10.2,9240.00,dt,129360000000,BTU,14.33
"Other solid waste","Yard waste",55087,"Outagamie County",WI,"Lake States",644.61,near-term,wastes,0,8100.00,dt,113400000000,BTU,12.57
"Other solid waste","Yard waste",55089,"Ozaukee County",WI,"Lake States",235.28,Emerging,wastes,20.2,4126.00,dt,57764000000,BTU,17.54
"Other solid waste","Yard waste",55089,"Ozaukee County",WI,"Lake States",235.28,"mature-market high",wastes,20.2,4126.00,dt,57764000000,BTU,17.54
"Other solid waste","Yard waste",55089,"Ozaukee County",WI,"Lake States",235.28,"mature-market low",wastes,10.2,4126.00,dt,57764000000,BTU,17.54
"Other solid waste","Yard waste",55089,"Ozaukee County",WI,"Lake States",235.28,"mature-market medium",wastes,10.2,4126.00,dt,57764000000,BTU,17.54
"Other solid waste","Yard waste",55089,"Ozaukee County",WI,"Lake States",235.28,near-term,wastes,0,3860.00,dt,54040000000,BTU,16.41
"Other solid waste","Yard waste",55091,"Pepin County",WI,"Lake States",248.7,Emerging,wastes,20.2,221.00,dt,3094000000,BTU,0.89
"Other solid waste","Yard waste",55091,"Pepin County",WI,"Lake States",248.7,"mature-market high",wastes,20.2,221.00,dt,3094000000,BTU,0.89
"Other solid waste","Yard waste",55091,"Pepin County",WI,"Lake States",248.7,"mature-market low",wastes,10.2,221.00,dt,3094000000,BTU,0.89
"Other solid waste","Yard waste",55091,"Pepin County",WI,"Lake States",248.7,"mature-market medium",wastes,10.2,221.00,dt,3094000000,BTU,0.89
"Other solid waste","Yard waste",55091,"Pepin County",WI,"Lake States",248.7,near-term,wastes,0,317.00,dt,4438000000,BTU,1.27
"Other solid waste","Yard waste",55093,"Pierce County",WI,"Lake States",592.73,Emerging,wastes,20.2,1520.00,dt,21280000000,BTU,2.56
"Other solid waste","Yard waste",55093,"Pierce County",WI,"Lake States",592.73,"mature-market high",wastes,20.2,1520.00,dt,21280000000,BTU,2.56
"Other solid waste","Yard waste",55093,"Pierce County",WI,"Lake States",592.73,"mature-market low",wastes,10.2,1520.00,dt,21280000000,BTU,2.56
"Other solid waste","Yard waste",55093,"Pierce County",WI,"Lake States",592.73,"mature-market medium",wastes,10.2,1520.00,dt,21280000000,BTU,2.56
"Other solid waste","Yard waste",55093,"Pierce County",WI,"Lake States",592.73,near-term,wastes,0,1846.00,dt,25844000000,BTU,3.11
"Other solid waste","Yard waste",55095,"Polk County",WI,"Lake States",956.41,Emerging,wastes,20.2,1385.00,dt,19390000000,BTU,1.45
"Other solid waste","Yard waste",55095,"Polk County",WI,"Lake States",956.41,"mature-market high",wastes,20.2,1385.00,dt,19390000000,BTU,1.45
"Other solid waste","Yard waste",55095,"Polk County",WI,"Lake States",956.41,"mature-market low",wastes,10.2,1385.00,dt,19390000000,BTU,1.45
"Other solid waste","Yard waste",55095,"Polk County",WI,"Lake States",956.41,"mature-market medium",wastes,10.2,1385.00,dt,19390000000,BTU,1.45
"Other solid waste","Yard waste",55095,"Polk County",WI,"Lake States",956.41,near-term,wastes,0,1888.00,dt,26432000000,BTU,1.97
"Other solid waste","Yard waste",55097,"Portage County",WI,"Lake States",822.82,Emerging,wastes,20.2,3078.00,dt,43092000000,BTU,3.74
"Other solid waste","Yard waste",55097,"Portage County",WI,"Lake States",822.82,"mature-market high",wastes,20.2,3078.00,dt,43092000000,BTU,3.74
"Other solid waste","Yard waste",55097,"Portage County",WI,"Lake States",822.82,"mature-market low",wastes,10.2,3078.00,dt,43092000000,BTU,3.74
"Other solid waste","Yard waste",55097,"Portage County",WI,"Lake States",822.82,"mature-market medium",wastes,10.2,3078.00,dt,43092000000,BTU,3.74
"Other solid waste","Yard waste",55097,"Portage County",WI,"Lake States",822.82,near-term,wastes,0,3071.00,dt,42994000000,BTU,3.73
"Other solid waste","Yard waste",55099,"Price County",WI,"Lake States",1278.04,Emerging,wastes,20.2,412.00,dt,5768000000,BTU,0.32
"Other solid waste","Yard waste",55099,"Price County",WI,"Lake States",1278.04,"mature-market high",wastes,20.2,412.00,dt,5768000000,BTU,0.32
"Other solid waste","Yard waste",55099,"Price County",WI,"Lake States",1278.04,"mature-market low",wastes,10.2,412.00,dt,5768000000,BTU,0.32
"Other solid waste","Yard waste",55099,"Price County",WI,"Lake States",1278.04,"mature-market medium",wastes,10.2,412.00,dt,5768000000,BTU,0.32
"Other solid waste","Yard waste",55099,"Price County",WI,"Lake States",1278.04,near-term,wastes,0,579.00,dt,8106000000,BTU,0.45
"Other solid waste","Yard waste",55101,"Racine County",WI,"Lake States",340.39,Emerging,wastes,20.2,7881.00,dt,110334000000,BTU,23.15
"Other solid waste","Yard waste",55101,"Racine County",WI,"Lake States",340.39,"mature-market high",wastes,20.2,7881.00,dt,110334000000,BTU,23.15
"Other solid waste","Yard waste",55101,"Racine County",WI,"Lake States",340.39,"mature-market low",wastes,10.2,7881.00,dt,110334000000,BTU,23.15
"Other solid waste","Yard waste",55101,"Racine County",WI,"Lake States",340.39,"mature-market medium",wastes,10.2,7881.00,dt,110334000000,BTU,23.15
"Other solid waste","Yard waste",55101,"Racine County",WI,"Lake States",340.39,near-term,wastes,0,8511.00,dt,119154000000,BTU,25.00
"Other solid waste","Yard waste",55103,"Richland County",WI,"Lake States",589.3,Emerging,wastes,20.2,514.00,dt,7196000000,BTU,0.87
"Other solid waste","Yard waste",55103,"Richland County",WI,"Lake States",589.3,"mature-market high",wastes,20.2,514.00,dt,7196000000,BTU,0.87
"Other solid waste","Yard waste",55103,"Richland County",WI,"Lake States",589.3,"mature-market low",wastes,10.2,514.00,dt,7196000000,BTU,0.87
"Other solid waste","Yard waste",55103,"Richland County",WI,"Lake States",589.3,"mature-market medium",wastes,10.2,514.00,dt,7196000000,BTU,0.87
"Other solid waste","Yard waste",55103,"Richland County",WI,"Lake States",589.3,near-term,wastes,0,754.00,dt,10556000000,BTU,1.28
"Other solid waste","Yard waste",55105,"Rock County",WI,"Lake States",726.16,Emerging,wastes,20.2,6582.00,dt,92148000000,BTU,9.06
"Other solid waste","Yard waste",55105,"Rock County",WI,"Lake States",726.16,"mature-market high",wastes,20.2,6582.00,dt,92148000000,BTU,9.06
"Other solid waste","Yard waste",55105,"Rock County",WI,"Lake States",726.16,"mature-market low",wastes,10.2,6582.00,dt,92148000000,BTU,9.06
"Other solid waste","Yard waste",55105,"Rock County",WI,"Lake States",726.16,"mature-market medium",wastes,10.2,6582.00,dt,92148000000,BTU,9.06
"Other solid waste","Yard waste",55105,"Rock County",WI,"Lake States",726.16,near-term,wastes,0,7060.00,dt,98840000000,BTU,9.72
"Other solid waste","Yard waste",55107,"Rusk County",WI,"Lake States",930.86,Emerging,wastes,20.2,397.00,dt,5558000000,BTU,0.43
"Other solid waste","Yard waste",55107,"Rusk County",WI,"Lake States",930.86,"mature-market high",wastes,20.2,397.00,dt,5558000000,BTU,0.43
"Other solid waste","Yard waste",55107,"Rusk County",WI,"Lake States",930.86,"mature-market low",wastes,10.2,397.00,dt,5558000000,BTU,0.43
"Other solid waste","Yard waste",55107,"Rusk County",WI,"Lake States",930.86,"mature-market medium",wastes,10.2,397.00,dt,5558000000,BTU,0.43
"Other solid waste","Yard waste",55107,"Rusk County",WI,"Lake States",930.86,near-term,wastes,0,612.00,dt,8568000000,BTU,0.66
"Other solid waste","Yard waste",55109,"St. Croix County",WI,"Lake States",735.19,Emerging,wastes,20.2,4268.00,dt,59752000000,BTU,5.81
"Other solid waste","Yard waste",55109,"St. Croix County",WI,"Lake States",735.19,"mature-market high",wastes,20.2,4268.00,dt,59752000000,BTU,5.81
"Other solid waste","Yard waste",55109,"St. Croix County",WI,"Lake States",735.19,"mature-market low",wastes,10.2,4268.00,dt,59752000000,BTU,5.81
"Other solid waste","Yard waste",55109,"St. Croix County",WI,"Lake States",735.19,"mature-market medium",wastes,10.2,4268.00,dt,59752000000,BTU,5.81
"Other solid waste","Yard waste",55109,"St. Croix County",WI,"Lake States",735.19,near-term,wastes,0,3887.00,dt,54418000000,BTU,5.29
"Other solid waste","Yard waste",55111,"Sauk County",WI,"Lake States",849.19,Emerging,wastes,20.2,2855.00,dt,39970000000,BTU,3.36
"Other solid waste","Yard waste",55111,"Sauk County",WI,"Lake States",849.19,"mature-market high",wastes,20.2,2855.00,dt,39970000000,BTU,3.36
"Other solid waste","Yard waste",55111,"Sauk County",WI,"Lake States",849.19,"mature-market low",wastes,10.2,2855.00,dt,39970000000,BTU,3.36
"Other solid waste","Yard waste",55111,"Sauk County",WI,"Lake States",849.19,"mature-market medium",wastes,10.2,2855.00,dt,39970000000,BTU,3.36
"Other solid waste","Yard waste",55111,"Sauk County",WI,"Lake States",849.19,near-term,wastes,0,2788.00,dt,39032000000,BTU,3.28
"Other solid waste","Yard waste",55113,"Sawyer County",WI,"Lake States",1350.24,Emerging,wastes,20.2,501.00,dt,7014000000,BTU,0.37
"Other solid waste","Yard waste",55113,"Sawyer County",WI,"Lake States",1350.24,"mature-market high",wastes,20.2,501.00,dt,7014000000,BTU,0.37
"Other solid waste","Yard waste",55113,"Sawyer County",WI,"Lake States",1350.24,"mature-market low",wastes,10.2,501.00,dt,7014000000,BTU,0.37
"Other solid waste","Yard waste",55113,"Sawyer County",WI,"Lake States",1350.24,"mature-market medium",wastes,10.2,501.00,dt,7014000000,BTU,0.37
"Other solid waste","Yard waste",55113,"Sawyer County",WI,"Lake States",1350.24,near-term,wastes,0,714.00,dt,9996000000,BTU,0.53
"Other solid waste","Yard waste",55115,"Shawano County",WI,"Lake States",909.4,Emerging,wastes,20.2,1294.00,dt,18116000000,BTU,1.42
"Other solid waste","Yard waste",55115,"Shawano County",WI,"Lake States",909.4,"mature-market high",wastes,20.2,1294.00,dt,18116000000,BTU,1.42
"Other solid waste","Yard waste",55115,"Shawano County",WI,"Lake States",909.4,"mature-market low",wastes,10.2,1294.00,dt,18116000000,BTU,1.42
"Other solid waste","Yard waste",55115,"Shawano County",WI,"Lake States",909.4,"mature-market medium",wastes,10.2,1294.00,dt,18116000000,BTU,1.42
"Other solid waste","Yard waste",55115,"Shawano County",WI,"Lake States",909.4,near-term,wastes,0,1767.00,dt,24738000000,BTU,1.94
"Other solid waste","Yard waste",55117,"Sheboygan County",WI,"Lake States",517.64,Emerging,wastes,20.2,4608.00,dt,64512000000,BTU,8.90
"Other solid waste","Yard waste",55117,"Sheboygan County",WI,"Lake States",517.64,"mature-market high",wastes,20.2,4608.00,dt,64512000000,BTU,8.90
"Other solid waste","Yard waste",55117,"Sheboygan County",WI,"Lake States",517.64,"mature-market low",wastes,10.2,4608.00,dt,64512000000,BTU,8.90
"Other solid waste","Yard waste",55117,"Sheboygan County",WI,"Lake States",517.64,"mature-market medium",wastes,10.2,4608.00,dt,64512000000,BTU,8.90
"Other solid waste","Yard waste",55117,"Sheboygan County",WI,"Lake States",517.64,near-term,wastes,0,4995.00,dt,69930000000,BTU,9.65
"Other solid waste","Yard waste",55119,"Taylor County",WI,"Lake States",984.56,Emerging,wastes,20.2,667.00,dt,9338000000,BTU,0.68
"Other solid waste","Yard waste",55119,"Taylor County",WI,"Lake States",984.56,"mature-market high",wastes,20.2,667.00,dt,9338000000,BTU,0.68
"Other solid waste","Yard waste",55119,"Taylor County",WI,"Lake States",984.56,"mature-market low",wastes,10.2,667.00,dt,9338000000,BTU,0.68
"Other solid waste","Yard waste",55119,"Taylor County",WI,"Lake States",984.56,"mature-market medium",wastes,10.2,667.00,dt,9338000000,BTU,0.68
"Other solid waste","Yard waste",55119,"Taylor County",WI,"Lake States",984.56,near-term,wastes,0,883.00,dt,12362000000,BTU,0.90
"Other solid waste","Yard waste",55121,"Trempealeau County",WI,"Lake States",741.98,Emerging,wastes,20.2,1387.00,dt,19418000000,BTU,1.87
"Other solid waste","Yard waste",55121,"Trempealeau County",WI,"Lake States",741.98,"mature-market high",wastes,20.2,1387.00,dt,19418000000,BTU,1.87
"Other solid waste","Yard waste",55121,"Trempealeau County",WI,"Lake States",741.98,"mature-market low",wastes,10.2,1387.00,dt,19418000000,BTU,1.87
"Other solid waste","Yard waste",55121,"Trempealeau County",WI,"Lake States",741.98,"mature-market medium",wastes,10.2,1387.00,dt,19418000000,BTU,1.87
"Other solid waste","Yard waste",55121,"Trempealeau County",WI,"Lake States",741.98,near-term,wastes,0,1278.00,dt,17892000000,BTU,1.72
"Other solid waste","Yard waste",55123,"Vernon County",WI,"Lake States",816.38,Emerging,wastes,20.2,1205.00,dt,16870000000,BTU,1.48
"Other solid waste","Yard waste",55123,"Vernon County",WI,"Lake States",816.38,"mature-market high",wastes,20.2,1205.00,dt,16870000000,BTU,1.48
"Other solid waste","Yard waste",55123,"Vernon County",WI,"Lake States",816.38,"mature-market low",wastes,10.2,1205.00,dt,16870000000,BTU,1.48
"Other solid waste","Yard waste",55123,"Vernon County",WI,"Lake States",816.38,"mature-market medium",wastes,10.2,1205.00,dt,16870000000,BTU,1.48
"Other solid waste","Yard waste",55123,"Vernon County",WI,"Lake States",816.38,near-term,wastes,0,1334.00,dt,18676000000,BTU,1.63
"Other solid waste","Yard waste",55125,"Vilas County",WI,"Lake States",1017.72,Emerging,wastes,20.2,675.00,dt,9450000000,BTU,0.66
"Other solid waste","Yard waste",55125,"Vilas County",WI,"Lake States",1017.72,"mature-market high",wastes,20.2,675.00,dt,9450000000,BTU,0.66
"Other solid waste","Yard waste",55125,"Vilas County",WI,"Lake States",1017.72,"mature-market low",wastes,10.2,675.00,dt,9450000000,BTU,0.66
"Other solid waste","Yard waste",55125,"Vilas County",WI,"Lake States",1017.72,"mature-market medium",wastes,10.2,675.00,dt,9450000000,BTU,0.66
"Other solid waste","Yard waste",55125,"Vilas County",WI,"Lake States",1017.72,near-term,wastes,0,950.00,dt,13300000000,BTU,0.93
"Other solid waste","Yard waste",55127,"Walworth County",WI,"Lake States",576.6,Emerging,wastes,20.2,4460.00,dt,62440000000,BTU,7.73
"Other solid waste","Yard waste",55127,"Walworth County",WI,"Lake States",576.6,"mature-market high",wastes,20.2,4460.00,dt,62440000000,BTU,7.73
"Other solid waste","Yard waste",55127,"Walworth County",WI,"Lake States",576.6,"mature-market low",wastes,10.2,4460.00,dt,62440000000,BTU,7.73
"Other solid waste","Yard waste",55127,"Walworth County",WI,"Lake States",576.6,"mature-market medium",wastes,10.2,4460.00,dt,62440000000,BTU,7.73
"Other solid waste","Yard waste",55127,"Walworth County",WI,"Lake States",576.6,near-term,wastes,0,4488.00,dt,62832000000,BTU,7.78
"Other solid waste","Yard waste",55129,"Washburn County",WI,"Lake States",853.32,Emerging,wastes,20.2,439.00,dt,6146000000,BTU,0.51
"Other solid waste","Yard waste",55129,"Washburn County",WI,"Lake States",853.32,"mature-market high",wastes,20.2,439.00,dt,6146000000,BTU,0.51
"Other solid waste","Yard waste",55129,"Washburn County",WI,"Lake States",853.32,"mature-market low",wastes,10.2,439.00,dt,6146000000,BTU,0.51
"Other solid waste","Yard waste",55129,"Washburn County",WI,"Lake States",853.32,"mature-market medium",wastes,10.2,439.00,dt,6146000000,BTU,0.51
"Other solid waste","Yard waste",55129,"Washburn County",WI,"Lake States",853.32,near-term,wastes,0,686.00,dt,9604000000,BTU,0.80
"Other solid waste","Yard waste",55131,"Washington County",WI,"Lake States",435.66,Emerging,wastes,20.2,5696.00,dt,79744000000,BTU,13.07
"Other solid waste","Yard waste",55131,"Washington County",WI,"Lake States",435.66,"mature-market high",wastes,20.2,5696.00,dt,79744000000,BTU,13.07
"Other solid waste","Yard waste",55131,"Washington County",WI,"Lake States",435.66,"mature-market low",wastes,10.2,5696.00,dt,79744000000,BTU,13.07
"Other solid waste","Yard waste",55131,"Washington County",WI,"Lake States",435.66,"mature-market medium",wastes,10.2,5696.00,dt,79744000000,BTU,13.07
"Other solid waste","Yard waste",55131,"Washington County",WI,"Lake States",435.66,near-term,wastes,0,5871.00,dt,82194000000,BTU,13.48
"Other solid waste","Yard waste",55133,"Waukesha County",WI,"Lake States",580.54,Emerging,wastes,20.2,18011.00,dt,252154000000,BTU,31.02
"Other solid waste","Yard waste",55133,"Waukesha County",WI,"Lake States",580.54,"mature-market high",wastes,20.2,18011.00,dt,252154000000,BTU,31.02
"Other solid waste","Yard waste",55133,"Waukesha County",WI,"Lake States",580.54,"mature-market low",wastes,10.2,18011.00,dt,252154000000,BTU,31.02
"Other solid waste","Yard waste",55133,"Waukesha County",WI,"Lake States",580.54,"mature-market medium",wastes,10.2,18011.00,dt,252154000000,BTU,31.02
"Other solid waste","Yard waste",55133,"Waukesha County",WI,"Lake States",580.54,near-term,wastes,0,17447.00,dt,244258000000,BTU,30.05
"Other solid waste","Yard waste",55135,"Waupaca County",WI,"Lake States",765.17,Emerging,wastes,20.2,1917.00,dt,26838000000,BTU,2.51
"Other solid waste","Yard waste",55135,"Waupaca County",WI,"Lake States",765.17,"mature-market high",wastes,20.2,1917.00,dt,26838000000,BTU,2.51
"Other solid waste","Yard waste",55135,"Waupaca County",WI,"Lake States",765.17,"mature-market low",wastes,10.2,1917.00,dt,26838000000,BTU,2.51
"Other solid waste","Yard waste",55135,"Waupaca County",WI,"Lake States",765.17,"mature-market medium",wastes,10.2,1917.00,dt,26838000000,BTU,2.51
"Other solid waste","Yard waste",55135,"Waupaca County",WI,"Lake States",765.17,near-term,wastes,0,2216.00,dt,31024000000,BTU,2.90
"Other solid waste","Yard waste",55137,"Waushara County",WI,"Lake States",637.4,Emerging,wastes,20.2,741.00,dt,10374000000,BTU,1.16
"Other solid waste","Yard waste",55137,"Waushara County",WI,"Lake States",637.4,"mature-market high",wastes,20.2,741.00,dt,10374000000,BTU,1.16
"Other solid waste","Yard waste",55137,"Waushara County",WI,"Lake States",637.4,"mature-market low",wastes,10.2,741.00,dt,10374000000,BTU,1.16
"Other solid waste","Yard waste",55137,"Waushara County",WI,"Lake States",637.4,"mature-market medium",wastes,10.2,741.00,dt,10374000000,BTU,1.16
"Other solid waste","Yard waste",55137,"Waushara County",WI,"Lake States",637.4,near-term,wastes,0,1052.00,dt,14728000000,BTU,1.65
"Other solid waste","Yard waste",55139,"Winnebago County",WI,"Lake States",578.57,Emerging,wastes,20.2,7881.00,dt,110334000000,BTU,13.62
"Other solid waste","Yard waste",55139,"Winnebago County",WI,"Lake States",578.57,"mature-market high",wastes,20.2,7881.00,dt,110334000000,BTU,13.62
"Other solid waste","Yard waste",55139,"Winnebago County",WI,"Lake States",578.57,"mature-market low",wastes,10.2,7881.00,dt,110334000000,BTU,13.62
"Other solid waste","Yard waste",55139,"Winnebago County",WI,"Lake States",578.57,"mature-market medium",wastes,10.2,7881.00,dt,110334000000,BTU,13.62
"Other solid waste","Yard waste",55139,"Winnebago County",WI,"Lake States",578.57,near-term,wastes,0,7407.00,dt,103698000000,BTU,12.80
"Other solid waste","Yard waste",55141,"Wood County",WI,"Lake States",809.25,Emerging,wastes,20.2,2341.00,dt,32774000000,BTU,2.89
"Other solid waste","Yard waste",55141,"Wood County",WI,"Lake States",809.25,"mature-market high",wastes,20.2,2341.00,dt,32774000000,BTU,2.89
"Other solid waste","Yard waste",55141,"Wood County",WI,"Lake States",809.25,"mature-market low",wastes,10.2,2341.00,dt,32774000000,BTU,2.89
"Other solid waste","Yard waste",55141,"Wood County",WI,"Lake States",809.25,"mature-market medium",wastes,10.2,2341.00,dt,32774000000,BTU,2.89
"Other solid waste","Yard waste",55141,"Wood County",WI,"Lake States",809.25,near-term,wastes,0,3162.00,dt,44268000000,BTU,3.91
"Other wet waste","Food waste, nonresidential",55001,"Adams County",WI,"Lake States",687.48,Emerging,wastes,420.2,165.00,dt,2310000000,BTU,0.24
"Other wet waste","Food waste, nonresidential",55001,"Adams County",WI,"Lake States",687.48,"mature-market high",wastes,420.2,165.00,dt,2310000000,BTU,0.24
"Other wet waste","Food waste, nonresidential",55001,"Adams County",WI,"Lake States",687.48,"mature-market low",wastes,400,165.00,dt,2310000000,BTU,0.24
"Other wet waste","Food waste, nonresidential",55001,"Adams County",WI,"Lake States",687.48,"mature-market medium",wastes,400,165.00,dt,2310000000,BTU,0.24
"Other wet waste","Food waste, nonresidential",55001,"Adams County",WI,"Lake States",687.48,near-term,wastes,249.76,266.00,dt,3724000000,BTU,0.39
"Other wet waste","Food waste, nonresidential",55003,"Ashland County",WI,"Lake States",1054.13,Emerging,wastes,420.2,218.00,dt,3052000000,BTU,0.21
"Other wet waste","Food waste, nonresidential",55003,"Ashland County",WI,"Lake States",1054.13,"mature-market high",wastes,420.2,218.00,dt,3052000000,BTU,0.21
"Other wet waste","Food waste, nonresidential",55003,"Ashland County",WI,"Lake States",1054.13,"mature-market low",wastes,400,218.00,dt,3052000000,BTU,0.21
"Other wet waste","Food waste, nonresidential",55003,"Ashland County",WI,"Lake States",1054.13,"mature-market medium",wastes,400,218.00,dt,3052000000,BTU,0.21
"Other wet waste","Food waste, nonresidential",55003,"Ashland County",WI,"Lake States",1054.13,near-term,wastes,400,285.00,dt,3990000000,BTU,0.27
"Other wet waste","Food waste, nonresidential",55005,"Barron County",WI,"Lake States",889.76,Emerging,wastes,356.85,714.00,dt,9996000000,BTU,0.80
"Other wet waste","Food waste, nonresidential",55005,"Barron County",WI,"Lake States",889.76,"mature-market high",wastes,356.85,714.00,dt,9996000000,BTU,0.80
"Other wet waste","Food waste, nonresidential",55005,"Barron County",WI,"Lake States",889.76,"mature-market low",wastes,336.65,714.00,dt,9996000000,BTU,0.80
"Other wet waste","Food waste, nonresidential",55005,"Barron County",WI,"Lake States",889.76,"mature-market medium",wastes,336.65,714.00,dt,9996000000,BTU,0.80
"Other wet waste","Food waste, nonresidential",55005,"Barron County",WI,"Lake States",889.76,near-term,wastes,176.51,892.00,dt,12488000000,BTU,1.00
"Other wet waste","Food waste, nonresidential",55007,"Bayfield County",WI,"Lake States",1511.34,Emerging,wastes,420.2,155.00,dt,2170000000,BTU,0.10
"Other wet waste","Food waste, nonresidential",55007,"Bayfield County",WI,"Lake States",1511.34,"mature-market high",wastes,420.2,155.00,dt,2170000000,BTU,0.10
"Other wet waste","Food waste, nonresidential",55007,"Bayfield County",WI,"Lake States",1511.34,"mature-market low",wastes,400,155.00,dt,2170000000,BTU,0.10
"Other wet waste","Food waste, nonresidential",55007,"Bayfield County",WI,"Lake States",1511.34,"mature-market medium",wastes,400,155.00,dt,2170000000,BTU,0.10
"Other wet waste","Food waste, nonresidential",55007,"Bayfield County",WI,"Lake States",1511.34,near-term,wastes,400,182.00,dt,2548000000,BTU,0.12
"Other wet waste","Food waste, nonresidential",55009,"Brown County",WI,"Lake States",531.24,Emerging,wastes,230.34,6726.00,dt,94164000000,BTU,12.66
"Other wet waste","Food waste, nonresidential",55009,"Brown County",WI,"Lake States",531.24,"mature-market high",wastes,230.34,6726.00,dt,94164000000,BTU,12.66
"Other wet waste","Food waste, nonresidential",55009,"Brown County",WI,"Lake States",531.24,"mature-market low",wastes,210.14,6726.00,dt,94164000000,BTU,12.66
"Other wet waste","Food waste, nonresidential",55009,"Brown County",WI,"Lake States",531.24,"mature-market medium",wastes,210.14,6726.00,dt,94164000000,BTU,12.66
"Other wet waste","Food waste, nonresidential",55009,"Brown County",WI,"Lake States",531.24,near-term,wastes,265.51,5770.00,dt,80780000000,BTU,10.86
"Other wet waste","Food waste, nonresidential",55011,"Buffalo County",WI,"Lake States",709.59,Emerging,wastes,420.2,128.00,dt,1792000000,BTU,0.18
"Other wet waste","Food waste, nonresidential",55011,"Buffalo County",WI,"Lake States",709.59,"mature-market high",wastes,420.2,128.00,dt,1792000000,BTU,0.18
"Other wet waste","Food waste, nonresidential",55011,"Buffalo County",WI,"Lake States",709.59,"mature-market low",wastes,400,128.00,dt,1792000000,BTU,0.18
"Other wet waste","Food waste, nonresidential",55011,"Buffalo County",WI,"Lake States",709.59,"mature-market medium",wastes,400,128.00,dt,1792000000,BTU,0.18
"Other wet waste","Food waste, nonresidential",55011,"Buffalo County",WI,"Lake States",709.59,near-term,wastes,400,178.00,dt,2492000000,BTU,0.25
"Other wet waste","Food waste, nonresidential",55013,"Burnett County",WI,"Lake States",880.22,Emerging,wastes,420.2,145.00,dt,2030000000,BTU,0.16
"Other wet waste","Food waste, nonresidential",55013,"Burnett County",WI,"Lake States",880.22,"mature-market high",wastes,420.2,145.00,dt,2030000000,BTU,0.16
"Other wet waste","Food waste, nonresidential",55013,"Burnett County",WI,"Lake States",880.22,"mature-market low",wastes,400,145.00,dt,2030000000,BTU,0.16
"Other wet waste","Food waste, nonresidential",55013,"Burnett County",WI,"Lake States",880.22,"mature-market medium",wastes,400,145.00,dt,2030000000,BTU,0.16
"Other wet waste","Food waste, nonresidential",55013,"Burnett County",WI,"Lake States",880.22,near-term,wastes,400,223.00,dt,3122000000,BTU,0.25
"Other wet waste","Food waste, nonresidential",55015,"Calumet County",WI,"Lake States",397.08,Emerging,wastes,420.2,737.00,dt,10318000000,BTU,1.86
"Other wet waste","Food waste, nonresidential",55015,"Calumet County",WI,"Lake States",397.08,"mature-market high",wastes,420.2,737.00,dt,10318000000,BTU,1.86
"Other wet waste","Food waste, nonresidential",55015,"Calumet County",WI,"Lake States",397.08,"mature-market low",wastes,400,737.00,dt,10318000000,BTU,1.86
"Other wet waste","Food waste, nonresidential",55015,"Calumet County",WI,"Lake States",397.08,"mature-market medium",wastes,400,737.00,dt,10318000000,BTU,1.86
"Other wet waste","Food waste, nonresidential",55015,"Calumet County",WI,"Lake States",397.08,near-term,wastes,394.78,754.00,dt,10556000000,BTU,1.90
"Other wet waste","Food waste, nonresidential",55017,"Chippewa County",WI,"Lake States",1041.27,Emerging,wastes,167.15,1013.00,dt,14182000000,BTU,0.97
"Other wet waste","Food waste, nonresidential",55017,"Chippewa County",WI,"Lake States",1041.27,"mature-market high",wastes,167.15,1013.00,dt,14182000000,BTU,0.97
"Other wet waste","Food waste, nonresidential",55017,"Chippewa County",WI,"Lake States",1041.27,"mature-market low",wastes,146.95,1013.00,dt,14182000000,BTU,0.97
"Other wet waste","Food waste, nonresidential",55017,"Chippewa County",WI,"Lake States",1041.27,"mature-market medium",wastes,146.95,1013.00,dt,14182000000,BTU,0.97
"Other wet waste","Food waste, nonresidential",55017,"Chippewa County",WI,"Lake States",1041.27,near-term,wastes,123.91,1053.00,dt,14742000000,BTU,1.01
"Other wet waste","Food waste, nonresidential",55019,"Clark County",WI,"Lake States",1218.67,Emerging,wastes,420.2,365.00,dt,5110000000,BTU,0.30
"Other wet waste","Food waste, nonresidential",55019,"Clark County",WI,"Lake States",1218.67,"mature-market high",wastes,420.2,365.00,dt,5110000000,BTU,0.30
"Other wet waste","Food waste, nonresidential",55019,"Clark County",WI,"Lake States",1218.67,"mature-market low",wastes,400,365.00,dt,5110000000,BTU,0.30
"Other wet waste","Food waste, nonresidential",55019,"Clark County",WI,"Lake States",1218.67,"mature-market medium",wastes,400,365.00,dt,5110000000,BTU,0.30
"Other wet waste","Food waste, nonresidential",55019,"Clark County",WI,"Lake States",1218.67,near-term,wastes,235.86,495.00,dt,6930000000,BTU,0.41
"Other wet waste","Food waste, nonresidential",55021,"Columbia County",WI,"Lake States",795.99,Emerging,wastes,288.88,949.00,dt,13286000000,BTU,1.19
"Other wet waste","Food waste, nonresidential",55021,"Columbia County",WI,"Lake States",795.99,"mature-market high",wastes,288.88,949.00,dt,13286000000,BTU,1.19
"Other wet waste","Food waste, nonresidential",55021,"Columbia County",WI,"Lake States",795.99,"mature-market low",wastes,268.68,949.00,dt,13286000000,BTU,1.19
"Other wet waste","Food waste, nonresidential",55021,"Columbia County",WI,"Lake States",795.99,"mature-market medium",wastes,268.68,949.00,dt,13286000000,BTU,1.19
"Other wet waste","Food waste, nonresidential",55021,"Columbia County",WI,"Lake States",795.99,near-term,wastes,186.11,1079.00,dt,15106000000,BTU,1.36
"Other wet waste","Food waste, nonresidential",55023,"Crawford County",WI,"Lake States",599.21,Emerging,wastes,420.2,224.00,dt,3136000000,BTU,0.37
"Other wet waste","Food waste, nonresidential",55023,"Crawford County",WI,"Lake States",599.21,"mature-market high",wastes,420.2,224.00,dt,3136000000,BTU,0.37
"Other wet waste","Food waste, nonresidential",55023,"Crawford County",WI,"Lake States",599.21,"mature-market low",wastes,400,224.00,dt,3136000000,BTU,0.37
"Other wet waste","Food waste, nonresidential",55023,"Crawford County",WI,"Lake States",599.21,"mature-market medium",wastes,400,224.00,dt,3136000000,BTU,0.37
"Other wet waste","Food waste, nonresidential",55023,"Crawford County",WI,"Lake States",599.21,near-term,wastes,400,271.00,dt,3794000000,BTU,0.45
"Other wet waste","Food waste, nonresidential",55025,"Dane County",WI,"Lake States",1237.5,Emerging,wastes,20.2,16829.00,dt,235606000000,BTU,13.60
"Other wet waste","Food waste, nonresidential",55025,"Dane County",WI,"Lake States",1237.5,"mature-market high",wastes,20.2,16829.00,dt,235606000000,BTU,13.60
"Other wet waste","Food waste, nonresidential",55025,"Dane County",WI,"Lake States",1237.5,"mature-market low",wastes,0,16829.00,dt,235606000000,BTU,13.60
"Other wet waste","Food waste, nonresidential",55025,"Dane County",WI,"Lake States",1237.5,"mature-market medium",wastes,0,16829.00,dt,235606000000,BTU,13.60
"Other wet waste","Food waste, nonresidential",55025,"Dane County",WI,"Lake States",1237.5,near-term,wastes,0,10948.00,dt,153272000000,BTU,8.85
"Other wet waste","Food waste, nonresidential",55027,"Dodge County",WI,"Lake States",907.1,Emerging,wastes,401.02,1310.00,dt,18340000000,BTU,1.44
"Other wet waste","Food waste, nonresidential",55027,"Dodge County",WI,"Lake States",907.1,"mature-market high",wastes,401.02,1310.00,dt,18340000000,BTU,1.44
"Other wet waste","Food waste, nonresidential",55027,"Dodge County",WI,"Lake States",907.1,"mature-market low",wastes,380.82,1310.00,dt,18340000000,BTU,1.44
"Other wet waste","Food waste, nonresidential",55027,"Dodge County",WI,"Lake States",907.1,"mature-market medium",wastes,380.82,1310.00,dt,18340000000,BTU,1.44
"Other wet waste","Food waste, nonresidential",55027,"Dodge County",WI,"Lake States",907.1,near-term,wastes,335.14,1424.00,dt,19936000000,BTU,1.57
"Other wet waste","Food waste, nonresidential",55029,"Door County",WI,"Lake States",487.56,Emerging,wastes,420.2,457.00,dt,6398000000,BTU,0.94
"Other wet waste","Food waste, nonresidential",55029,"Door County",WI,"Lake States",487.56,"mature-market high",wastes,420.2,457.00,dt,6398000000,BTU,0.94
"Other wet waste","Food waste, nonresidential",55029,"Door County",WI,"Lake States",487.56,"mature-market low",wastes,400,457.00,dt,6398000000,BTU,0.94
"Other wet waste","Food waste, nonresidential",55029,"Door County",WI,"Lake States",487.56,"mature-market medium",wastes,400,457.00,dt,6398000000,BTU,0.94
"Other wet waste","Food waste, nonresidential",55029,"Door County",WI,"Lake States",487.56,near-term,wastes,263.51,544.00,dt,7616000000,BTU,1.12
"Other wet waste","Food waste, nonresidential",55031,"Douglas County",WI,"Lake States",1332.11,Emerging,wastes,420.2,622.00,dt,8708000000,BTU,0.47
"Other wet waste","Food waste, nonresidential",55031,"Douglas County",WI,"Lake States",1332.11,"mature-market high",wastes,420.2,622.00,dt,8708000000,BTU,0.47
"Other wet waste","Food waste, nonresidential",55031,"Douglas County",WI,"Lake States",1332.11,"mature-market low",wastes,400,622.00,dt,8708000000,BTU,0.47
"Other wet waste","Food waste, nonresidential",55031,"Douglas County",WI,"Lake States",1332.11,"mature-market medium",wastes,400,622.00,dt,8708000000,BTU,0.47
"Other wet waste","Food waste, nonresidential",55031,"Douglas County",WI,"Lake States",1332.11,near-term,wastes,333.39,792.00,dt,11088000000,BTU,0.59
"Other wet waste","Food waste, nonresidential",55033,"Dunn County",WI,"Lake States",863.89,Emerging,wastes,172.51,689.00,dt,9646000000,BTU,0.80
"Other wet waste","Food waste, nonresidential",55033,"Dunn County",WI,"Lake States",863.89,"mature-market high",wastes,172.51,689.00,dt,9646000000,BTU,0.80
"Other wet waste","Food waste, nonresidential",55033,"Dunn County",WI,"Lake States",863.89,"mature-market low",wastes,152.31,689.00,dt,9646000000,BTU,0.80
"Other wet waste","Food waste, nonresidential",55033,"Dunn County",WI,"Lake States",863.89,"mature-market medium",wastes,152.31,689.00,dt,9646000000,BTU,0.80
"Other wet waste","Food waste, nonresidential",55033,"Dunn County",WI,"Lake States",863.89,near-term,wastes,147.89,695.00,dt,9730000000,BTU,0.80
"Other wet waste","Food waste, nonresidential",55035,"Eau Claire County",WI,"Lake States",645.2,Emerging,wastes,20.2,2781.00,dt,38934000000,BTU,4.31
"Other wet waste","Food waste, nonresidential",55035,"Eau Claire County",WI,"Lake States",645.2,"mature-market high",wastes,20.2,2781.00,dt,38934000000,BTU,4.31
"Other wet waste","Food waste, nonresidential",55035,"Eau Claire County",WI,"Lake States",645.2,"mature-market low",wastes,0,2781.00,dt,38934000000,BTU,4.31
"Other wet waste","Food waste, nonresidential",55035,"Eau Claire County",WI,"Lake States",645.2,"mature-market medium",wastes,0,2781.00,dt,38934000000,BTU,4.31
"Other wet waste","Food waste, nonresidential",55035,"Eau Claire County",WI,"Lake States",645.2,near-term,wastes,0,2321.00,dt,32494000000,BTU,3.60
"Other wet waste","Food waste, nonresidential",55037,"Florence County",WI,"Lake States",497.43,Emerging,wastes,420.2,59.00,dt,826000000,BTU,0.12
"Other wet waste","Food waste, nonresidential",55037,"Florence County",WI,"Lake States",497.43,"mature-market high",wastes,420.2,59.00,dt,826000000,BTU,0.12
"Other wet waste","Food waste, nonresidential",55037,"Florence County",WI,"Lake States",497.43,"mature-market low",wastes,400,59.00,dt,826000000,BTU,0.12
"Other wet waste","Food waste, nonresidential",55037,"Florence County",WI,"Lake States",497.43,"mature-market medium",wastes,400,59.00,dt,826000000,BTU,0.12
"Other wet waste","Food waste, nonresidential",55037,"Florence County",WI,"Lake States",497.43,near-term,wastes,400,66.00,dt,924000000,BTU,0.13
"Other wet waste","Food waste, nonresidential",55039,"Fond du Lac County",WI,"Lake States",765.84,Emerging,wastes,20.2,1985.00,dt,27790000000,BTU,2.59
"Other wet waste","Food waste, nonresidential",55039,"Fond du Lac County",WI,"Lake States",765.84,"mature-market high",wastes,20.2,1985.00,dt,27790000000,BTU,2.59
"Other wet waste","Food waste, nonresidential",55039,"Fond du Lac County",WI,"Lake States",765.84,"mature-market low",wastes,0,1985.00,dt,27790000000,BTU,2.59
"Other wet waste","Food waste, nonresidential",55039,"Fond du Lac County",WI,"Lake States",765.84,"mature-market medium",wastes,0,1985.00,dt,27790000000,BTU,2.59
"Other wet waste","Food waste, nonresidential",55039,"Fond du Lac County",WI,"Lake States",765.84,near-term,wastes,0,2139.00,dt,29946000000,BTU,2.79
"Other wet waste","Food waste, nonresidential",55041,"Forest County",WI,"Lake States",1046.52,Emerging,wastes,420.2,78.00,dt,1092000000,BTU,0.07
"Other wet waste","Food waste, nonresidential",55041,"Forest County",WI,"Lake States",1046.52,"mature-market high",wastes,420.2,78.00,dt,1092000000,BTU,0.07
"Other wet waste","Food waste, nonresidential",55041,"Forest County",WI,"Lake States",1046.52,"mature-market low",wastes,400,78.00,dt,1092000000,BTU,0.07
"Other wet waste","Food waste, nonresidential",55041,"Forest County",WI,"Lake States",1046.52,"mature-market medium",wastes,400,78.00,dt,1092000000,BTU,0.07
"Other wet waste","Food waste, nonresidential",55041,"Forest County",WI,"Lake States",1046.52,near-term,wastes,400,115.00,dt,1610000000,BTU,0.11
"Other wet waste","Food waste, nonresidential",55043,"Grant County",WI,"Lake States",1183.37,Emerging,wastes,62.63,895.00,dt,12530000000,BTU,0.76
"Other wet waste","Food waste, nonresidential",55043,"Grant County",WI,"Lake States",1183.37,"mature-market high",wastes,62.63,895.00,dt,12530000000,BTU,0.76
"Other wet waste","Food waste, nonresidential",55043,"Grant County",WI,"Lake States",1183.37,"mature-market low",wastes,42.43,895.00,dt,12530000000,BTU,0.76
"Other wet waste","Food waste, nonresidential",55043,"Grant County",WI,"Lake States",1183.37,"mature-market medium",wastes,42.43,895.00,dt,12530000000,BTU,0.76
"Other wet waste","Food waste, nonresidential",55043,"Grant County",WI,"Lake States",1183.37,near-term,wastes,128.33,781.00,dt,10934000000,BTU,0.66
"Other wet waste","Food waste, nonresidential",55045,"Green County",WI,"Lake States",584.55,Emerging,wastes,420.2,632.00,dt,8848000000,BTU,1.08
"Other wet waste","Food waste, nonresidential",55045,"Green County",WI,"Lake States",584.55,"mature-market high",wastes,420.2,632.00,dt,8848000000,BTU,1.08
"Other wet waste","Food waste, nonresidential",55045,"Green County",WI,"Lake States",584.55,"mature-market low",wastes,400,632.00,dt,8848000000,BTU,1.08
"Other wet waste","Food waste, nonresidential",55045,"Green County",WI,"Lake States",584.55,"mature-market medium",wastes,400,632.00,dt,8848000000,BTU,1.08
"Other wet waste","Food waste, nonresidential",55045,"Green County",WI,"Lake States",584.55,near-term,wastes,400,659.00,dt,9226000000,BTU,1.13
"Other wet waste","Food waste, nonresidential",55047,"Green Lake County",WI,"Lake States",380.13,Emerging,wastes,420.2,288.00,dt,4032000000,BTU,0.76
"Other wet waste","Food waste, nonresidential",55047,"Green Lake County",WI,"Lake States",380.13,"mature-market high",wastes,420.2,288.00,dt,4032000000,BTU,0.76
"Other wet waste","Food waste, nonresidential",55047,"Green Lake County",WI,"Lake States",380.13,"mature-market low",wastes,400,288.00,dt,4032000000,BTU,0.76
"Other wet waste","Food waste, nonresidential",55047,"Green Lake County",WI,"Lake States",380.13,"mature-market medium",wastes,400,288.00,dt,4032000000,BTU,0.76
"Other wet waste","Food waste, nonresidential",55047,"Green Lake County",WI,"Lake States",380.13,near-term,wastes,400,343.00,dt,4802000000,BTU,0.90
"Other wet waste","Food waste, nonresidential",55049,"Iowa County",WI,"Lake States",768.05,Emerging,wastes,420.2,210.00,dt,2940000000,BTU,0.27
"Other wet waste","Food waste, nonresidential",55049,"Iowa County",WI,"Lake States",768.05,"mature-market high",wastes,420.2,210.00,dt,2940000000,BTU,0.27
"Other wet waste","Food waste, nonresidential",55049,"Iowa County",WI,"Lake States",768.05,"mature-market low",wastes,400,210.00,dt,2940000000,BTU,0.27
"Other wet waste","Food waste, nonresidential",55049,"Iowa County",WI,"Lake States",768.05,"mature-market medium",wastes,400,210.00,dt,2940000000,BTU,0.27
"Other wet waste","Food waste, nonresidential",55049,"Iowa County",WI,"Lake States",768.05,near-term,wastes,400,243.00,dt,3402000000,BTU,0.32
"Other wet waste","Food waste, nonresidential",55051,"Iron County",WI,"Lake States",802.62,Emerging,wastes,420.2,88.00,dt,1232000000,BTU,0.11
"Other wet waste","Food waste, nonresidential",55051,"Iron County",WI,"Lake States",802.62,"mature-market high",wastes,420.2,88.00,dt,1232000000,BTU,0.11
"Other wet waste","Food waste, nonresidential",55051,"Iron County",WI,"Lake States",802.62,"mature-market low",wastes,400,88.00,dt,1232000000,BTU,0.11
"Other wet waste","Food waste, nonresidential",55051,"Iron County",WI,"Lake States",802.62,"mature-market medium",wastes,400,88.00,dt,1232000000,BTU,0.11
"Other wet waste","Food waste, nonresidential",55051,"Iron County",WI,"Lake States",802.62,near-term,wastes,400,114.00,dt,1596000000,BTU,0.14
"Other wet waste","Food waste, nonresidential",55053,"Jackson County",WI,"Lake States",1000.48,Emerging,wastes,420.2,289.00,dt,4046000000,BTU,0.29
"Other wet waste","Food waste, nonresidential",55053,"Jackson County",WI,"Lake States",1000.48,"mature-market high",wastes,420.2,289.00,dt,4046000000,BTU,0.29
"Other wet waste","Food waste, nonresidential",55053,"Jackson County",WI,"Lake States",1000.48,"mature-market low",wastes,400,289.00,dt,4046000000,BTU,0.29
"Other wet waste","Food waste, nonresidential",55053,"Jackson County",WI,"Lake States",1000.48,"mature-market medium",wastes,400,289.00,dt,4046000000,BTU,0.29
"Other wet waste","Food waste, nonresidential",55053,"Jackson County",WI,"Lake States",1000.48,near-term,wastes,400,311.00,dt,4354000000,BTU,0.31
"Other wet waste","Food waste, nonresidential",55055,"Jefferson County",WI,"Lake States",582.74,Emerging,wastes,420.2,1249.00,dt,17486000000,BTU,2.14
"Other wet waste","Food waste, nonresidential",55055,"Jefferson County",WI,"Lake States",582.74,"mature-market high",wastes,420.2,1249.00,dt,17486000000,BTU,2.14
"Other wet waste","Food waste, nonresidential",55055,"Jefferson County",WI,"Lake States",582.74,"mature-market low",wastes,400,1249.00,dt,17486000000,BTU,2.14
"Other wet waste","Food waste, nonresidential",55055,"Jefferson County",WI,"Lake States",582.74,"mature-market medium",wastes,400,1249.00,dt,17486000000,BTU,2.14
"Other wet waste","Food waste, nonresidential",55055,"Jefferson County",WI,"Lake States",582.74,near-term,wastes,400,1294.00,dt,18116000000,BTU,2.22
"Other wet waste","Food waste, nonresidential",55057,"Juneau County",WI,"Lake States",805.17,Emerging,wastes,420.2,269.00,dt,3766000000,BTU,0.33
"Other wet waste","Food waste, nonresidential",55057,"Juneau County",WI,"Lake States",805.17,"mature-market high",wastes,420.2,269.00,dt,3766000000,BTU,0.33
"Other wet waste","Food waste, nonresidential",55057,"Juneau County",WI,"Lake States",805.17,"mature-market low",wastes,400,269.00,dt,3766000000,BTU,0.33
"Other wet waste","Food waste, nonresidential",55057,"Juneau County",WI,"Lake States",805.17,"mature-market medium",wastes,400,269.00,dt,3766000000,BTU,0.33
"Other wet waste","Food waste, nonresidential",55057,"Juneau County",WI,"Lake States",805.17,near-term,wastes,400,351.00,dt,4914000000,BTU,0.44
"Other wet waste","Food waste, nonresidential",55059,"Kenosha County",WI,"Lake States",278.42,Emerging,wastes,349.24,3056.00,dt,42784000000,BTU,10.98
"Other wet waste","Food waste, nonresidential",55059,"Kenosha County",WI,"Lake States",278.42,"mature-market high",wastes,349.24,3056.00,dt,42784000000,BTU,10.98
"Other wet waste","Food waste, nonresidential",55059,"Kenosha County",WI,"Lake States",278.42,"mature-market low",wastes,329.04,3056.00,dt,42784000000,BTU,10.98
"Other wet waste","Food waste, nonresidential",55059,"Kenosha County",WI,"Lake States",278.42,"mature-market medium",wastes,329.04,3056.00,dt,42784000000,BTU,10.98
"Other wet waste","Food waste, nonresidential",55059,"Kenosha County",WI,"Lake States",278.42,near-term,wastes,333.55,3025.00,dt,42350000000,BTU,10.86
"Other wet waste","Food waste, nonresidential",55061,"Kewaunee County",WI,"Lake States",343.95,Emerging,wastes,420.2,230.00,dt,3220000000,BTU,0.67
"Other wet waste","Food waste, nonresidential",55061,"Kewaunee County",WI,"Lake States",343.95,"mature-market high",wastes,420.2,230.00,dt,3220000000,BTU,0.67
"Other wet waste","Food waste, nonresidential",55061,"Kewaunee County",WI,"Lake States",343.95,"mature-market low",wastes,400,230.00,dt,3220000000,BTU,0.67
"Other wet waste","Food waste, nonresidential",55061,"Kewaunee County",WI,"Lake States",343.95,"mature-market medium",wastes,400,230.00,dt,3220000000,BTU,0.67
"Other wet waste","Food waste, nonresidential",55061,"Kewaunee County",WI,"Lake States",343.95,near-term,wastes,400,298.00,dt,4172000000,BTU,0.87
"Other wet waste","Food waste, nonresidential",55063,"La Crosse County",WI,"Lake States",480.05,Emerging,wastes,48.89,3653.00,dt,51142000000,BTU,7.61
"Other wet waste","Food waste, nonresidential",55063,"La Crosse County",WI,"Lake States",480.05,"mature-market high",wastes,48.89,3653.00,dt,51142000000,BTU,7.61
"Other wet waste","Food waste, nonresidential",55063,"La Crosse County",WI,"Lake States",480.05,"mature-market low",wastes,28.69,3653.00,dt,51142000000,BTU,7.61
"Other wet waste","Food waste, nonresidential",55063,"La Crosse County",WI,"Lake States",480.05,"mature-market medium",wastes,28.69,3653.00,dt,51142000000,BTU,7.61
"Other wet waste","Food waste, nonresidential",55063,"La Crosse County",WI,"Lake States",480.05,near-term,wastes,98.31,3004.00,dt,42056000000,BTU,6.26
"Other wet waste","Food waste, nonresidential",55065,"Lafayette County",WI,"Lake States",634.57,Emerging,wastes,420.2,174.00,dt,2436000000,BTU,0.27
"Other wet waste","Food waste, nonresidential",55065,"Lafayette County",WI,"Lake States",634.57,"mature-market high",wastes,420.2,174.00,dt,2436000000,BTU,0.27
"Other wet waste","Food waste, nonresidential",55065,"Lafayette County",WI,"Lake States",634.57,"mature-market low",wastes,400,174.00,dt,2436000000,BTU,0.27
"Other wet waste","Food waste, nonresidential",55065,"Lafayette County",WI,"Lake States",634.57,"mature-market medium",wastes,400,174.00,dt,2436000000,BTU,0.27
"Other wet waste","Food waste, nonresidential",55065,"Lafayette County",WI,"Lake States",634.57,near-term,wastes,400,212.00,dt,2968000000,BTU,0.33
"Other wet waste","Food waste, nonresidential",55067,"Langlade County",WI,"Lake States",887.79,Emerging,wastes,420.2,162.00,dt,2268000000,BTU,0.18
"Other wet waste","Food waste, nonresidential",55067,"Langlade County",WI,"Lake States",887.79,"mature-market high",wastes,420.2,162.00,dt,2268000000,BTU,0.18
"Other wet waste","Food waste, nonresidential",55067,"Langlade County",WI,"Lake States",887.79,"mature-market low",wastes,400,162.00,dt,2268000000,BTU,0.18
"Other wet waste","Food waste, nonresidential",55067,"Langlade County",WI,"Lake States",887.79,"mature-market medium",wastes,400,162.00,dt,2268000000,BTU,0.18
"Other wet waste","Food waste, nonresidential",55067,"Langlade County",WI,"Lake States",887.79,near-term,wastes,378.97,273.00,dt,3822000000,BTU,0.31
"Other wet waste","Food waste, nonresidential",55069,"Lincoln County",WI,"Lake States",906.79,Emerging,wastes,420.2,294.00,dt,4116000000,BTU,0.32
"Other wet waste","Food waste, nonresidential",55069,"Lincoln County",WI,"Lake States",906.79,"mature-market high",wastes,420.2,294.00,dt,4116000000,BTU,0.32
"Other wet waste","Food waste, nonresidential",55069,"Lincoln County",WI,"Lake States",906.79,"mature-market low",wastes,400,294.00,dt,4116000000,BTU,0.32
"Other wet waste","Food waste, nonresidential",55069,"Lincoln County",WI,"Lake States",906.79,"mature-market medium",wastes,400,294.00,dt,4116000000,BTU,0.32
"Other wet waste","Food waste, nonresidential",55069,"Lincoln County",WI,"Lake States",906.79,near-term,wastes,354.32,416.00,dt,5824000000,BTU,0.46
"Other wet waste","Food waste, nonresidential",55071,"Manitowoc County",WI,"Lake States",594.62,Emerging,wastes,420.2,1051.00,dt,14714000000,BTU,1.77
"Other wet waste","Food waste, nonresidential",55071,"Manitowoc County",WI,"Lake States",594.62,"mature-market high",wastes,420.2,1051.00,dt,14714000000,BTU,1.77
"Other wet waste","Food waste, nonresidential",55071,"Manitowoc County",WI,"Lake States",594.62,"mature-market low",wastes,400,1051.00,dt,14714000000,BTU,1.77
"Other wet waste","Food waste, nonresidential",55071,"Manitowoc County",WI,"Lake States",594.62,"mature-market medium",wastes,400,1051.00,dt,14714000000,BTU,1.77
"Other wet waste","Food waste, nonresidential",55071,"Manitowoc County",WI,"Lake States",594.62,near-term,wastes,275.97,1369.00,dt,19166000000,BTU,2.30
"Other wet waste","Food waste, nonresidential",55073,"Marathon County",WI,"Lake States",1576.33,Emerging,wastes,420.2,2289.00,dt,32046000000,BTU,1.45
"Other wet waste","Food waste, nonresidential",55073,"Marathon County",WI,"Lake States",1576.33,"mature-market high",wastes,420.2,2289.00,dt,32046000000,BTU,1.45
"Other wet waste","Food waste, nonresidential",55073,"Marathon County",WI,"Lake States",1576.33,"mature-market low",wastes,400,2289.00,dt,32046000000,BTU,1.45
"Other wet waste","Food waste, nonresidential",55073,"Marathon County",WI,"Lake States",1576.33,"mature-market medium",wastes,400,2289.00,dt,32046000000,BTU,1.45
"Other wet waste","Food waste, nonresidential",55073,"Marathon County",WI,"Lake States",1576.33,near-term,wastes,400,2396.00,dt,33544000000,BTU,1.52
"Other wet waste","Food waste, nonresidential",55075,"Marinette County",WI,"Lake States",1429.25,Emerging,wastes,420.2,457.00,dt,6398000000,BTU,0.32
"Other wet waste","Food waste, nonresidential",55075,"Marinette County",WI,"Lake States",1429.25,"mature-market high",wastes,420.2,457.00,dt,6398000000,BTU,0.32
"Other wet waste","Food waste, nonresidential",55075,"Marinette County",WI,"Lake States",1429.25,"mature-market low",wastes,400,457.00,dt,6398000000,BTU,0.32
"Other wet waste","Food waste, nonresidential",55075,"Marinette County",WI,"Lake States",1429.25,"mature-market medium",wastes,400,457.00,dt,6398000000,BTU,0.32
"Other wet waste","Food waste, nonresidential",55075,"Marinette County",WI,"Lake States",1429.25,near-term,wastes,400,646.00,dt,9044000000,BTU,0.45
"Other wet waste","Food waste, nonresidential",55077,"Marquette County",WI,"Lake States",464.47,Emerging,wastes,420.2,140.00,dt,1960000000,BTU,0.30
"Other wet waste","Food waste, nonresidential",55077,"Marquette County",WI,"Lake States",464.47,"mature-market high",wastes,420.2,140.00,dt,1960000000,BTU,0.30
"Other wet waste","Food waste, nonresidential",55077,"Marquette County",WI,"Lake States",464.47,"mature-market low",wastes,400,140.00,dt,1960000000,BTU,0.30
"Other wet waste","Food waste, nonresidential",55077,"Marquette County",WI,"Lake States",464.47,"mature-market medium",wastes,400,140.00,dt,1960000000,BTU,0.30
"Other wet waste","Food waste, nonresidential",55077,"Marquette County",WI,"Lake States",464.47,near-term,wastes,336.55,204.00,dt,2856000000,BTU,0.44
"Other wet waste","Food waste, nonresidential",55078,"Menominee County",WI,"Lake States",364.96,Emerging,wastes,293.48,57.00,dt,798000000,BTU,0.16
"Other wet waste","Food waste, nonresidential",55078,"Menominee County",WI,"Lake States",364.96,"mature-market high",wastes,293.48,57.00,dt,798000000,BTU,0.16
"Other wet waste","Food waste, nonresidential",55078,"Menominee County",WI,"Lake States",364.96,"mature-market low",wastes,273.28,57.00,dt,798000000,BTU,0.16
"Other wet waste","Food waste, nonresidential",55078,"Menominee County",WI,"Lake States",364.96,"mature-market medium",wastes,273.28,57.00,dt,798000000,BTU,0.16
"Other wet waste","Food waste, nonresidential",55078,"Menominee County",WI,"Lake States",364.96,near-term,wastes,374.12,50.00,dt,700000000,BTU,0.14
"Other wet waste","Food waste, nonresidential",55079,"Milwaukee County",WI,"Lake States",242.17,Emerging,wastes,229.66,19304.00,dt,270256000000,BTU,79.71
"Other wet waste","Food waste, nonresidential",55079,"Milwaukee County",WI,"Lake States",242.17,"mature-market high",wastes,229.66,19304.00,dt,270256000000,BTU,79.71
"Other wet waste","Food waste, nonresidential",55079,"Milwaukee County",WI,"Lake States",242.17,"mature-market low",wastes,209.46,19304.00,dt,270256000000,BTU,79.71
"Other wet waste","Food waste, nonresidential",55079,"Milwaukee County",WI,"Lake States",242.17,"mature-market medium",wastes,209.46,19304.00,dt,270256000000,BTU,79.71
"Other wet waste","Food waste, nonresidential",55079,"Milwaukee County",WI,"Lake States",242.17,near-term,wastes,245.85,17636.00,dt,246904000000,BTU,72.82
"Other wet waste","Food waste, nonresidential",55081,"Monroe County",WI,"Lake States",908.08,Emerging,wastes,405.06,639.00,dt,8946000000,BTU,0.70
"Other wet waste","Food waste, nonresidential",55081,"Monroe County",WI,"Lake States",908.08,"mature-market high",wastes,405.06,639.00,dt,8946000000,BTU,0.70
"Other wet waste","Food waste, nonresidential",55081,"Monroe County",WI,"Lake States",908.08,"mature-market low",wastes,384.86,639.00,dt,8946000000,BTU,0.70
"Other wet waste","Food waste, nonresidential",55081,"Monroe County",WI,"Lake States",908.08,"mature-market medium",wastes,384.86,639.00,dt,8946000000,BTU,0.70
"Other wet waste","Food waste, nonresidential",55081,"Monroe County",WI,"Lake States",908.08,near-term,wastes,320.39,702.00,dt,9828000000,BTU,0.77
"Other wet waste","Food waste, nonresidential",55083,"Oconto County",WI,"Lake States",1016.31,Emerging,wastes,420.2,330.00,dt,4620000000,BTU,0.32
"Other wet waste","Food waste, nonresidential",55083,"Oconto County",WI,"Lake States",1016.31,"mature-market high",wastes,420.2,330.00,dt,4620000000,BTU,0.32
"Other wet waste","Food waste, nonresidential",55083,"Oconto County",WI,"Lake States",1016.31,"mature-market low",wastes,400,330.00,dt,4620000000,BTU,0.32
"Other wet waste","Food waste, nonresidential",55083,"Oconto County",WI,"Lake States",1016.31,"mature-market medium",wastes,400,330.00,dt,4620000000,BTU,0.32
"Other wet waste","Food waste, nonresidential",55083,"Oconto County",WI,"Lake States",1016.31,near-term,wastes,400,422.00,dt,5908000000,BTU,0.42
"Other wet waste","Food waste, nonresidential",55085,"Oneida County",WI,"Lake States",1236.57,Emerging,wastes,383.61,526.00,dt,7364000000,BTU,0.43
"Other wet waste","Food waste, nonresidential",55085,"Oneida County",WI,"Lake States",1236.57,"mature-market high",wastes,383.61,526.00,dt,7364000000,BTU,0.43
"Other wet waste","Food waste, nonresidential",55085,"Oneida County",WI,"Lake States",1236.57,"mature-market low",wastes,363.41,526.00,dt,7364000000,BTU,0.43
"Other wet waste","Food waste, nonresidential",55085,"Oneida County",WI,"Lake States",1236.57,"mature-market medium",wastes,363.41,526.00,dt,7364000000,BTU,0.43
"Other wet waste","Food waste, nonresidential",55085,"Oneida County",WI,"Lake States",1236.57,near-term,wastes,129.59,676.00,dt,9464000000,BTU,0.55
"Other wet waste","Food waste, nonresidential",55087,"Outagamie County",WI,"Lake States",644.61,Emerging,wastes,193.22,4435.00,dt,62090000000,BTU,6.88
"Other wet waste","Food waste, nonresidential",55087,"Outagamie County",WI,"Lake States",644.61,"mature-market high",wastes,193.22,4435.00,dt,62090000000,BTU,6.88
"Other wet waste","Food waste, nonresidential",55087,"Outagamie County",WI,"Lake States",644.61,"mature-market low",wastes,173.02,4435.00,dt,62090000000,BTU,6.88
"Other wet waste","Food waste, nonresidential",55087,"Outagamie County",WI,"Lake States",644.61,"mature-market medium",wastes,173.02,4435.00,dt,62090000000,BTU,6.88
"Other wet waste","Food waste, nonresidential",55087,"Outagamie County",WI,"Lake States",644.61,near-term,wastes,225.49,3888.00,dt,54432000000,BTU,6.03
"Other wet waste","Food waste, nonresidential",55089,"Ozaukee County",WI,"Lake States",235.28,Emerging,wastes,20.2,1812.00,dt,25368000000,BTU,7.70
"Other wet waste","Food waste, nonresidential",55089,"Ozaukee County",WI,"Lake States",235.28,"mature-market high",wastes,20.2,1812.00,dt,25368000000,BTU,7.70
"Other wet waste","Food waste, nonresidential",55089,"Ozaukee County",WI,"Lake States",235.28,"mature-market low",wastes,0,1812.00,dt,25368000000,BTU,7.70
"Other wet waste","Food waste, nonresidential",55089,"Ozaukee County",WI,"Lake States",235.28,"mature-market medium",wastes,0,1812.00,dt,25368000000,BTU,7.70
"Other wet waste","Food waste, nonresidential",55089,"Ozaukee County",WI,"Lake States",235.28,near-term,wastes,8.32,1695.00,dt,23730000000,BTU,7.20
"Other wet waste","Food waste, nonresidential",55091,"Pepin County",WI,"Lake States",248.7,Emerging,wastes,420.2,73.00,dt,1022000000,BTU,0.29
"Other wet waste","Food waste, nonresidential",55091,"Pepin County",WI,"Lake States",248.7,"mature-market high",wastes,420.2,73.00,dt,1022000000,BTU,0.29
"Other wet waste","Food waste, nonresidential",55091,"Pepin County",WI,"Lake States",248.7,"mature-market low",wastes,400,73.00,dt,1022000000,BTU,0.29
"Other wet waste","Food waste, nonresidential",55091,"Pepin County",WI,"Lake States",248.7,"mature-market medium",wastes,400,73.00,dt,1022000000,BTU,0.29
"Other wet waste","Food waste, nonresidential",55091,"Pepin County",WI,"Lake States",248.7,near-term,wastes,400,104.00,dt,1456000000,BTU,0.42
"Other wet waste","Food waste, nonresidential",55093,"Pierce County",WI,"Lake States",592.73,Emerging,wastes,283.64,504.00,dt,7056000000,BTU,0.85
"Other wet waste","Food waste, nonresidential",55093,"Pierce County",WI,"Lake States",592.73,"mature-market high",wastes,283.64,504.00,dt,7056000000,BTU,0.85
"Other wet waste","Food waste, nonresidential",55093,"Pierce County",WI,"Lake States",592.73,"mature-market low",wastes,263.44,504.00,dt,7056000000,BTU,0.85
"Other wet waste","Food waste, nonresidential",55093,"Pierce County",WI,"Lake States",592.73,"mature-market medium",wastes,263.44,504.00,dt,7056000000,BTU,0.85
"Other wet waste","Food waste, nonresidential",55093,"Pierce County",WI,"Lake States",592.73,near-term,wastes,131.05,612.00,dt,8568000000,BTU,1.03
"Other wet waste","Food waste, nonresidential",55095,"Polk County",WI,"Lake States",956.41,Emerging,wastes,420.2,458.00,dt,6412000000,BTU,0.48
"Other wet waste","Food waste, nonresidential",55095,"Polk County",WI,"Lake States",956.41,"mature-market high",wastes,420.2,458.00,dt,6412000000,BTU,0.48
"Other wet waste","Food waste, nonresidential",55095,"Polk County",WI,"Lake States",956.41,"mature-market low",wastes,400,458.00,dt,6412000000,BTU,0.48
"Other wet waste","Food waste, nonresidential",55095,"Polk County",WI,"Lake States",956.41,"mature-market medium",wastes,400,458.00,dt,6412000000,BTU,0.48
"Other wet waste","Food waste, nonresidential",55095,"Polk County",WI,"Lake States",956.41,near-term,wastes,322.42,625.00,dt,8750000000,BTU,0.65
"Other wet waste","Food waste, nonresidential",55097,"Portage County",WI,"Lake States",822.82,Emerging,wastes,420.2,1454.00,dt,20356000000,BTU,1.77
"Other wet waste","Food waste, nonresidential",55097,"Portage County",WI,"Lake States",822.82,"mature-market high",wastes,420.2,1454.00,dt,20356000000,BTU,1.77
"Other wet waste","Food waste, nonresidential",55097,"Portage County",WI,"Lake States",822.82,"mature-market low",wastes,400,1454.00,dt,20356000000,BTU,1.77
"Other wet waste","Food waste, nonresidential",55097,"Portage County",WI,"Lake States",822.82,"mature-market medium",wastes,400,1454.00,dt,20356000000,BTU,1.77
"Other wet waste","Food waste, nonresidential",55097,"Portage County",WI,"Lake States",822.82,near-term,wastes,400,1451.00,dt,20314000000,BTU,1.76
"Other wet waste","Food waste, nonresidential",55099,"Price County",WI,"Lake States",1278.04,Emerging,wastes,420.2,137.00,dt,1918000000,BTU,0.11
"Other wet waste","Food waste, nonresidential",55099,"Price County",WI,"Lake States",1278.04,"mature-market high",wastes,420.2,137.00,dt,1918000000,BTU,0.11
"Other wet waste","Food waste, nonresidential",55099,"Price County",WI,"Lake States",1278.04,"mature-market low",wastes,400,137.00,dt,1918000000,BTU,0.11
"Other wet waste","Food waste, nonresidential",55099,"Price County",WI,"Lake States",1278.04,"mature-market medium",wastes,400,137.00,dt,1918000000,BTU,0.11
"Other wet waste","Food waste, nonresidential",55099,"Price County",WI,"Lake States",1278.04,near-term,wastes,400,193.00,dt,2702000000,BTU,0.15
"Other wet waste","Food waste, nonresidential",55101,"Racine County",WI,"Lake States",340.39,Emerging,wastes,183.4,2915.00,dt,40810000000,BTU,8.56
"Other wet waste","Food waste, nonresidential",55101,"Racine County",WI,"Lake States",340.39,"mature-market high",wastes,183.4,2915.00,dt,40810000000,BTU,8.56
"Other wet waste","Food waste, nonresidential",55101,"Racine County",WI,"Lake States",340.39,"mature-market low",wastes,163.2,2915.00,dt,40810000000,BTU,8.56
"Other wet waste","Food waste, nonresidential",55101,"Racine County",WI,"Lake States",340.39,"mature-market medium",wastes,163.2,2915.00,dt,40810000000,BTU,8.56
"Other wet waste","Food waste, nonresidential",55101,"Racine County",WI,"Lake States",340.39,near-term,wastes,122.99,3148.00,dt,44072000000,BTU,9.25
"Other wet waste","Food waste, nonresidential",55103,"Richland County",WI,"Lake States",589.3,Emerging,wastes,420.2,155.00,dt,2170000000,BTU,0.26
"Other wet waste","Food waste, nonresidential",55103,"Richland County",WI,"Lake States",589.3,"mature-market high",wastes,420.2,155.00,dt,2170000000,BTU,0.26
"Other wet waste","Food waste, nonresidential",55103,"Richland County",WI,"Lake States",589.3,"mature-market low",wastes,400,155.00,dt,2170000000,BTU,0.26
"Other wet waste","Food waste, nonresidential",55103,"Richland County",WI,"Lake States",589.3,"mature-market medium",wastes,400,155.00,dt,2170000000,BTU,0.26
"Other wet waste","Food waste, nonresidential",55103,"Richland County",WI,"Lake States",589.3,near-term,wastes,203.7,228.00,dt,3192000000,BTU,0.39
"Other wet waste","Food waste, nonresidential",55105,"Rock County",WI,"Lake States",726.16,Emerging,wastes,420.2,2490.00,dt,34860000000,BTU,3.43
"Other wet waste","Food waste, nonresidential",55105,"Rock County",WI,"Lake States",726.16,"mature-market high",wastes,420.2,2490.00,dt,34860000000,BTU,3.43
"Other wet waste","Food waste, nonresidential",55105,"Rock County",WI,"Lake States",726.16,"mature-market low",wastes,400,2490.00,dt,34860000000,BTU,3.43
"Other wet waste","Food waste, nonresidential",55105,"Rock County",WI,"Lake States",726.16,"mature-market medium",wastes,400,2490.00,dt,34860000000,BTU,3.43
"Other wet waste","Food waste, nonresidential",55105,"Rock County",WI,"Lake States",726.16,near-term,wastes,400,2670.00,dt,37380000000,BTU,3.68
"Other wet waste","Food waste, nonresidential",55107,"Rusk County",WI,"Lake States",930.86,Emerging,wastes,420.2,91.00,dt,1274000000,BTU,0.10
"Other wet waste","Food waste, nonresidential",55107,"Rusk County",WI,"Lake States",930.86,"mature-market high",wastes,420.2,91.00,dt,1274000000,BTU,0.10
"Other wet waste","Food waste, nonresidential",55107,"Rusk County",WI,"Lake States",930.86,"mature-market low",wastes,400,91.00,dt,1274000000,BTU,0.10
"Other wet waste","Food waste, nonresidential",55107,"Rusk County",WI,"Lake States",930.86,"mature-market medium",wastes,400,91.00,dt,1274000000,BTU,0.10
"Other wet waste","Food waste, nonresidential",55107,"Rusk County",WI,"Lake States",930.86,near-term,wastes,400,141.00,dt,1974000000,BTU,0.15
"Other wet waste","Food waste, nonresidential",55109,"St. Croix County",WI,"Lake States",735.19,Emerging,wastes,20.2,1444.00,dt,20216000000,BTU,1.96
"Other wet waste","Food waste, nonresidential",55109,"St. Croix County",WI,"Lake States",735.19,"mature-market high",wastes,20.2,1444.00,dt,20216000000,BTU,1.96
"Other wet waste","Food waste, nonresidential",55109,"St. Croix County",WI,"Lake States",735.19,"mature-market low",wastes,0,1444.00,dt,20216000000,BTU,1.96
"Other wet waste","Food waste, nonresidential",55109,"St. Croix County",WI,"Lake States",735.19,"mature-market medium",wastes,0,1444.00,dt,20216000000,BTU,1.96
"Other wet waste","Food waste, nonresidential",55109,"St. Croix County",WI,"Lake States",735.19,near-term,wastes,13.43,1315.00,dt,18410000000,BTU,1.79
"Other wet waste","Food waste, nonresidential",55111,"Sauk County",WI,"Lake States",849.19,Emerging,wastes,420.2,1677.00,dt,23478000000,BTU,1.97
"Other wet waste","Food waste, nonresidential",55111,"Sauk County",WI,"Lake States",849.19,"mature-market high",wastes,420.2,1677.00,dt,23478000000,BTU,1.97
"Other wet waste","Food waste, nonresidential",55111,"Sauk County",WI,"Lake States",849.19,"mature-market low",wastes,400,1677.00,dt,23478000000,BTU,1.97
"Other wet waste","Food waste, nonresidential",55111,"Sauk County",WI,"Lake States",849.19,"mature-market medium",wastes,400,1677.00,dt,23478000000,BTU,1.97
"Other wet waste","Food waste, nonresidential",55111,"Sauk County",WI,"Lake States",849.19,near-term,wastes,400,1638.00,dt,22932000000,BTU,1.93
"Other wet waste","Food waste, nonresidential",55113,"Sawyer County",WI,"Lake States",1350.24,Emerging,wastes,420.2,217.00,dt,3038000000,BTU,0.16
"Other wet waste","Food waste, nonresidential",55113,"Sawyer County",WI,"Lake States",1350.24,"mature-market high",wastes,420.2,217.00,dt,3038000000,BTU,0.16
"Other wet waste","Food waste, nonresidential",55113,"Sawyer County",WI,"Lake States",1350.24,"mature-market low",wastes,400,217.00,dt,3038000000,BTU,0.16
"Other wet waste","Food waste, nonresidential",55113,"Sawyer County",WI,"Lake States",1350.24,"mature-market medium",wastes,400,217.00,dt,3038000000,BTU,0.16
"Other wet waste","Food waste, nonresidential",55113,"Sawyer County",WI,"Lake States",1350.24,near-term,wastes,400,309.00,dt,4326000000,BTU,0.23
"Other wet waste","Food waste, nonresidential",55115,"Shawano County",WI,"Lake States",909.4,Emerging,wastes,420.2,385.00,dt,5390000000,BTU,0.42
"Other wet waste","Food waste, nonresidential",55115,"Shawano County",WI,"Lake States",909.4,"mature-market high",wastes,420.2,385.00,dt,5390000000,BTU,0.42
"Other wet waste","Food waste, nonresidential",55115,"Shawano County",WI,"Lake States",909.4,"mature-market low",wastes,400,385.00,dt,5390000000,BTU,0.42
"Other wet waste","Food waste, nonresidential",55115,"Shawano County",WI,"Lake States",909.4,"mature-market medium",wastes,400,385.00,dt,5390000000,BTU,0.42
"Other wet waste","Food waste, nonresidential",55115,"Shawano County",WI,"Lake States",909.4,near-term,wastes,400,526.00,dt,7364000000,BTU,0.58
"Other wet waste","Food waste, nonresidential",55117,"Sheboygan County",WI,"Lake States",517.64,Emerging,wastes,52.39,2147.00,dt,30058000000,BTU,4.15
"Other wet waste","Food waste, nonresidential",55117,"Sheboygan County",WI,"Lake States",517.64,"mature-market high",wastes,52.39,2147.00,dt,30058000000,BTU,4.15
"Other wet waste","Food waste, nonresidential",55117,"Sheboygan County",WI,"Lake States",517.64,"mature-market low",wastes,32.19,2147.00,dt,30058000000,BTU,4.15
"Other wet waste","Food waste, nonresidential",55117,"Sheboygan County",WI,"Lake States",517.64,"mature-market medium",wastes,32.19,2147.00,dt,30058000000,BTU,4.15
"Other wet waste","Food waste, nonresidential",55117,"Sheboygan County",WI,"Lake States",517.64,near-term,wastes,0,2327.00,dt,32578000000,BTU,4.50
"Other wet waste","Food waste, nonresidential",55119,"Taylor County",WI,"Lake States",984.56,Emerging,wastes,381.54,233.00,dt,3262000000,BTU,0.24
"Other wet waste","Food waste, nonresidential",55119,"Taylor County",WI,"Lake States",984.56,"mature-market high",wastes,381.54,233.00,dt,3262000000,BTU,0.24
"Other wet waste","Food waste, nonresidential",55119,"Taylor County",WI,"Lake States",984.56,"mature-market low",wastes,361.34,233.00,dt,3262000000,BTU,0.24
"Other wet waste","Food waste, nonresidential",55119,"Taylor County",WI,"Lake States",984.56,"mature-market medium",wastes,361.34,233.00,dt,3262000000,BTU,0.24
"Other wet waste","Food waste, nonresidential",55119,"Taylor County",WI,"Lake States",984.56,near-term,wastes,158.67,308.00,dt,4312000000,BTU,0.31
"Other wet waste","Food waste, nonresidential",55121,"Trempealeau County",WI,"Lake States",741.98,Emerging,wastes,420.2,481.00,dt,6734000000,BTU,0.65
"Other wet waste","Food waste, nonresidential",55121,"Trempealeau County",WI,"Lake States",741.98,"mature-market high",wastes,420.2,481.00,dt,6734000000,BTU,0.65
"Other wet waste","Food waste, nonresidential",55121,"Trempealeau County",WI,"Lake States",741.98,"mature-market low",wastes,400,481.00,dt,6734000000,BTU,0.65
"Other wet waste","Food waste, nonresidential",55121,"Trempealeau County",WI,"Lake States",741.98,"mature-market medium",wastes,400,481.00,dt,6734000000,BTU,0.65
"Other wet waste","Food waste, nonresidential",55121,"Trempealeau County",WI,"Lake States",741.98,near-term,wastes,400,444.00,dt,6216000000,BTU,0.60
"Other wet waste","Food waste, nonresidential",55123,"Vernon County",WI,"Lake States",816.38,Emerging,wastes,328.27,392.00,dt,5488000000,BTU,0.48
"Other wet waste","Food waste, nonresidential",55123,"Vernon County",WI,"Lake States",816.38,"mature-market high",wastes,328.27,392.00,dt,5488000000,BTU,0.48
"Other wet waste","Food waste, nonresidential",55123,"Vernon County",WI,"Lake States",816.38,"mature-market low",wastes,308.07,392.00,dt,5488000000,BTU,0.48
"Other wet waste","Food waste, nonresidential",55123,"Vernon County",WI,"Lake States",816.38,"mature-market medium",wastes,308.07,392.00,dt,5488000000,BTU,0.48
"Other wet waste","Food waste, nonresidential",55123,"Vernon County",WI,"Lake States",816.38,near-term,wastes,239.1,434.00,dt,6076000000,BTU,0.53
"Other wet waste","Food waste, nonresidential",55125,"Vilas County",WI,"Lake States",1017.72,Emerging,wastes,420.2,315.00,dt,4410000000,BTU,0.31
"Other wet waste","Food waste, nonresidential",55125,"Vilas County",WI,"Lake States",1017.72,"mature-market high",wastes,420.2,315.00,dt,4410000000,BTU,0.31
"Other wet waste","Food waste, nonresidential",55125,"Vilas County",WI,"Lake States",1017.72,"mature-market low",wastes,400,315.00,dt,4410000000,BTU,0.31
"Other wet waste","Food waste, nonresidential",55125,"Vilas County",WI,"Lake States",1017.72,"mature-market medium",wastes,400,315.00,dt,4410000000,BTU,0.31
"Other wet waste","Food waste, nonresidential",55125,"Vilas County",WI,"Lake States",1017.72,near-term,wastes,400,444.00,dt,6216000000,BTU,0.44
"Other wet waste","Food waste, nonresidential",55127,"Walworth County",WI,"Lake States",576.6,Emerging,wastes,416.47,1951.00,dt,27314000000,BTU,3.38
"Other wet waste","Food waste, nonresidential",55127,"Walworth County",WI,"Lake States",576.6,"mature-market high",wastes,416.47,1951.00,dt,27314000000,BTU,3.38
"Other wet waste","Food waste, nonresidential",55127,"Walworth County",WI,"Lake States",576.6,"mature-market low",wastes,396.27,1951.00,dt,27314000000,BTU,3.38
"Other wet waste","Food waste, nonresidential",55127,"Walworth County",WI,"Lake States",576.6,"mature-market medium",wastes,396.27,1951.00,dt,27314000000,BTU,3.38
"Other wet waste","Food waste, nonresidential",55127,"Walworth County",WI,"Lake States",576.6,near-term,wastes,392.85,1963.00,dt,27482000000,BTU,3.40
"Other wet waste","Food waste, nonresidential",55129,"Washburn County",WI,"Lake States",853.32,Emerging,wastes,420.2,221.00,dt,3094000000,BTU,0.26
"Other wet waste","Food waste, nonresidential",55129,"Washburn County",WI,"Lake States",853.32,"mature-market high",wastes,420.2,221.00,dt,3094000000,BTU,0.26
"Other wet waste","Food waste, nonresidential",55129,"Washburn County",WI,"Lake States",853.32,"mature-market low",wastes,400,221.00,dt,3094000000,BTU,0.26
"Other wet waste","Food waste, nonresidential",55129,"Washburn County",WI,"Lake States",853.32,"mature-market medium",wastes,400,221.00,dt,3094000000,BTU,0.26
"Other wet waste","Food waste, nonresidential",55129,"Washburn County",WI,"Lake States",853.32,near-term,wastes,124.01,346.00,dt,4844000000,BTU,0.41
"Other wet waste","Food waste, nonresidential",55131,"Washington County",WI,"Lake States",435.66,Emerging,wastes,281,2061.00,dt,28854000000,BTU,4.73
"Other wet waste","Food waste, nonresidential",55131,"Washington County",WI,"Lake States",435.66,"mature-market high",wastes,281,2061.00,dt,28854000000,BTU,4.73
"Other wet waste","Food waste, nonresidential",55131,"Washington County",WI,"Lake States",435.66,"mature-market low",wastes,260.8,2061.00,dt,28854000000,BTU,4.73
"Other wet waste","Food waste, nonresidential",55131,"Washington County",WI,"Lake States",435.66,"mature-market medium",wastes,260.8,2061.00,dt,28854000000,BTU,4.73
"Other wet waste","Food waste, nonresidential",55131,"Washington County",WI,"Lake States",435.66,near-term,wastes,246.37,2124.00,dt,29736000000,BTU,4.88
"Other wet waste","Food waste, nonresidential",55133,"Waukesha County",WI,"Lake States",580.54,Emerging,wastes,149.42,7816.00,dt,109424000000,BTU,13.46
"Other wet waste","Food waste, nonresidential",55133,"Waukesha County",WI,"Lake States",580.54,"mature-market high",wastes,149.42,7816.00,dt,109424000000,BTU,13.46
"Other wet waste","Food waste, nonresidential",55133,"Waukesha County",WI,"Lake States",580.54,"mature-market low",wastes,129.22,7816.00,dt,109424000000,BTU,13.46
"Other wet waste","Food waste, nonresidential",55133,"Waukesha County",WI,"Lake States",580.54,"mature-market medium",wastes,129.22,7816.00,dt,109424000000,BTU,13.46
"Other wet waste","Food waste, nonresidential",55133,"Waukesha County",WI,"Lake States",580.54,near-term,wastes,141.97,7571.00,dt,105994000000,BTU,13.04
"Other wet waste","Food waste, nonresidential",55135,"Waupaca County",WI,"Lake States",765.17,Emerging,wastes,212.74,870.00,dt,12180000000,BTU,1.14
"Other wet waste","Food waste, nonresidential",55135,"Waupaca County",WI,"Lake States",765.17,"mature-market high",wastes,212.74,870.00,dt,12180000000,BTU,1.14
"Other wet waste","Food waste, nonresidential",55135,"Waupaca County",WI,"Lake States",765.17,"mature-market low",wastes,192.54,870.00,dt,12180000000,BTU,1.14
"Other wet waste","Food waste, nonresidential",55135,"Waupaca County",WI,"Lake States",765.17,"mature-market medium",wastes,192.54,870.00,dt,12180000000,BTU,1.14
"Other wet waste","Food waste, nonresidential",55135,"Waupaca County",WI,"Lake States",765.17,near-term,wastes,103.51,1006.00,dt,14084000000,BTU,1.31
"Other wet waste","Food waste, nonresidential",55137,"Waushara County",WI,"Lake States",637.4,Emerging,wastes,420.2,237.00,dt,3318000000,BTU,0.37
"Other wet waste","Food waste, nonresidential",55137,"Waushara County",WI,"Lake States",637.4,"mature-market high",wastes,420.2,237.00,dt,3318000000,BTU,0.37
"Other wet waste","Food waste, nonresidential",55137,"Waushara County",WI,"Lake States",637.4,"mature-market low",wastes,400,237.00,dt,3318000000,BTU,0.37
"Other wet waste","Food waste, nonresidential",55137,"Waushara County",WI,"Lake States",637.4,"mature-market medium",wastes,400,237.00,dt,3318000000,BTU,0.37
"Other wet waste","Food waste, nonresidential",55137,"Waushara County",WI,"Lake States",637.4,near-term,wastes,312.89,336.00,dt,4704000000,BTU,0.53
"Other wet waste","Food waste, nonresidential",55139,"Winnebago County",WI,"Lake States",578.57,Emerging,wastes,417.54,3137.00,dt,43918000000,BTU,5.42
"Other wet waste","Food waste, nonresidential",55139,"Winnebago County",WI,"Lake States",578.57,"mature-market high",wastes,417.54,3137.00,dt,43918000000,BTU,5.42
"Other wet waste","Food waste, nonresidential",55139,"Winnebago County",WI,"Lake States",578.57,"mature-market low",wastes,397.34,3137.00,dt,43918000000,BTU,5.42
"Other wet waste","Food waste, nonresidential",55139,"Winnebago County",WI,"Lake States",578.57,"mature-market medium",wastes,397.34,3137.00,dt,43918000000,BTU,5.42
"Other wet waste","Food waste, nonresidential",55139,"Winnebago County",WI,"Lake States",578.57,near-term,wastes,400,2948.00,dt,41272000000,BTU,5.10
"Other wet waste","Food waste, nonresidential",55141,"Wood County",WI,"Lake States",809.25,Emerging,wastes,420.2,944.00,dt,13216000000,BTU,1.17
"Other wet waste","Food waste, nonresidential",55141,"Wood County",WI,"Lake States",809.25,"mature-market high",wastes,420.2,944.00,dt,13216000000,BTU,1.17
"Other wet waste","Food waste, nonresidential",55141,"Wood County",WI,"Lake States",809.25,"mature-market low",wastes,400,944.00,dt,13216000000,BTU,1.17
"Other wet waste","Food waste, nonresidential",55141,"Wood County",WI,"Lake States",809.25,"mature-market medium",wastes,400,944.00,dt,13216000000,BTU,1.17
"Other wet waste","Food waste, nonresidential",55141,"Wood County",WI,"Lake States",809.25,near-term,wastes,400,1275.00,dt,17850000000,BTU,1.58
"Other wet waste","Food waste, residential",55001,"Adams County",WI,"Lake States",687.48,Emerging,wastes,420.2,405.00,dt,5670000000,BTU,0.59
"Other wet waste","Food waste, residential",55001,"Adams County",WI,"Lake States",687.48,"mature-market high",wastes,420.2,405.00,dt,5670000000,BTU,0.59
"Other wet waste","Food waste, residential",55001,"Adams County",WI,"Lake States",687.48,"mature-market low",wastes,400,405.00,dt,5670000000,BTU,0.59
"Other wet waste","Food waste, residential",55001,"Adams County",WI,"Lake States",687.48,"mature-market medium",wastes,400,405.00,dt,5670000000,BTU,0.59
"Other wet waste","Food waste, residential",55001,"Adams County",WI,"Lake States",687.48,near-term,wastes,246.43,651.00,dt,9114000000,BTU,0.95
"Other wet waste","Food waste, residential",55003,"Ashland County",WI,"Lake States",1054.13,Emerging,wastes,420.2,385.00,dt,5390000000,BTU,0.37
"Other wet waste","Food waste, residential",55003,"Ashland County",WI,"Lake States",1054.13,"mature-market high",wastes,420.2,385.00,dt,5390000000,BTU,0.37
"Other wet waste","Food waste, residential",55003,"Ashland County",WI,"Lake States",1054.13,"mature-market low",wastes,400,385.00,dt,5390000000,BTU,0.37
"Other wet waste","Food waste, residential",55003,"Ashland County",WI,"Lake States",1054.13,"mature-market medium",wastes,400,385.00,dt,5390000000,BTU,0.37
"Other wet waste","Food waste, residential",55003,"Ashland County",WI,"Lake States",1054.13,near-term,wastes,400,504.00,dt,7056000000,BTU,0.48
"Other wet waste","Food waste, residential",55005,"Barron County",WI,"Lake States",889.76,Emerging,wastes,387.37,1154.00,dt,16156000000,BTU,1.30
"Other wet waste","Food waste, residential",55005,"Barron County",WI,"Lake States",889.76,"mature-market high",wastes,387.37,1154.00,dt,16156000000,BTU,1.30
"Other wet waste","Food waste, residential",55005,"Barron County",WI,"Lake States",889.76,"mature-market low",wastes,367.17,1154.00,dt,16156000000,BTU,1.30
"Other wet waste","Food waste, residential",55005,"Barron County",WI,"Lake States",889.76,"mature-market medium",wastes,367.17,1154.00,dt,16156000000,BTU,1.30
"Other wet waste","Food waste, residential",55005,"Barron County",WI,"Lake States",889.76,near-term,wastes,199.45,1440.00,dt,20160000000,BTU,1.62
"Other wet waste","Food waste, residential",55007,"Bayfield County",WI,"Lake States",1511.34,Emerging,wastes,420.2,405.00,dt,5670000000,BTU,0.27
"Other wet waste","Food waste, residential",55007,"Bayfield County",WI,"Lake States",1511.34,"mature-market high",wastes,420.2,405.00,dt,5670000000,BTU,0.27
"Other wet waste","Food waste, residential",55007,"Bayfield County",WI,"Lake States",1511.34,"mature-market low",wastes,400,405.00,dt,5670000000,BTU,0.27
"Other wet waste","Food waste, residential",55007,"Bayfield County",WI,"Lake States",1511.34,"mature-market medium",wastes,400,405.00,dt,5670000000,BTU,0.27
"Other wet waste","Food waste, residential",55007,"Bayfield County",WI,"Lake States",1511.34,near-term,wastes,400,476.00,dt,6664000000,BTU,0.31
"Other wet waste","Food waste, residential",55009,"Brown County",WI,"Lake States",531.24,Emerging,wastes,420.2,9290.00,dt,130060000000,BTU,17.49
"Other wet waste","Food waste, residential",55009,"Brown County",WI,"Lake States",531.24,"mature-market high",wastes,420.2,9290.00,dt,130060000000,BTU,17.49
"Other wet waste","Food waste, residential",55009,"Brown County",WI,"Lake States",531.24,"mature-market low",wastes,400,9290.00,dt,130060000000,BTU,17.49
"Other wet waste","Food waste, residential",55009,"Brown County",WI,"Lake States",531.24,"mature-market medium",wastes,400,9290.00,dt,130060000000,BTU,17.49
"Other wet waste","Food waste, residential",55009,"Brown County",WI,"Lake States",531.24,near-term,wastes,400,7970.00,dt,111580000000,BTU,15.00
"Other wet waste","Food waste, residential",55011,"Buffalo County",WI,"Lake States",709.59,Emerging,wastes,420.2,303.00,dt,4242000000,BTU,0.43
"Other wet waste","Food waste, residential",55011,"Buffalo County",WI,"Lake States",709.59,"mature-market high",wastes,420.2,303.00,dt,4242000000,BTU,0.43
"Other wet waste","Food waste, residential",55011,"Buffalo County",WI,"Lake States",709.59,"mature-market low",wastes,400,303.00,dt,4242000000,BTU,0.43
"Other wet waste","Food waste, residential",55011,"Buffalo County",WI,"Lake States",709.59,"mature-market medium",wastes,400,303.00,dt,4242000000,BTU,0.43
"Other wet waste","Food waste, residential",55011,"Buffalo County",WI,"Lake States",709.59,near-term,wastes,400,420.00,dt,5880000000,BTU,0.59
"Other wet waste","Food waste, residential",55013,"Burnett County",WI,"Lake States",880.22,Emerging,wastes,420.2,316.00,dt,4424000000,BTU,0.36
"Other wet waste","Food waste, residential",55013,"Burnett County",WI,"Lake States",880.22,"mature-market high",wastes,420.2,316.00,dt,4424000000,BTU,0.36
"Other wet waste","Food waste, residential",55013,"Burnett County",WI,"Lake States",880.22,"mature-market low",wastes,400,316.00,dt,4424000000,BTU,0.36
"Other wet waste","Food waste, residential",55013,"Burnett County",WI,"Lake States",880.22,"mature-market medium",wastes,400,316.00,dt,4424000000,BTU,0.36
"Other wet waste","Food waste, residential",55013,"Burnett County",WI,"Lake States",880.22,near-term,wastes,237,484.00,dt,6776000000,BTU,0.55
"Other wet waste","Food waste, residential",55015,"Calumet County",WI,"Lake States",397.08,Emerging,wastes,420.2,1527.00,dt,21378000000,BTU,3.85
"Other wet waste","Food waste, residential",55015,"Calumet County",WI,"Lake States",397.08,"mature-market high",wastes,420.2,1527.00,dt,21378000000,BTU,3.85
"Other wet waste","Food waste, residential",55015,"Calumet County",WI,"Lake States",397.08,"mature-market low",wastes,400,1527.00,dt,21378000000,BTU,3.85
"Other wet waste","Food waste, residential",55015,"Calumet County",WI,"Lake States",397.08,"mature-market medium",wastes,400,1527.00,dt,21378000000,BTU,3.85
"Other wet waste","Food waste, residential",55015,"Calumet County",WI,"Lake States",397.08,near-term,wastes,400,1563.00,dt,21882000000,BTU,3.94
"Other wet waste","Food waste, residential",55017,"Chippewa County",WI,"Lake States",1041.27,Emerging,wastes,193.55,1908.00,dt,26712000000,BTU,1.83
"Other wet waste","Food waste, residential",55017,"Chippewa County",WI,"Lake States",1041.27,"mature-market high",wastes,193.55,1908.00,dt,26712000000,BTU,1.83
"Other wet waste","Food waste, residential",55017,"Chippewa County",WI,"Lake States",1041.27,"mature-market low",wastes,173.35,1908.00,dt,26712000000,BTU,1.83
"Other wet waste","Food waste, residential",55017,"Chippewa County",WI,"Lake States",1041.27,"mature-market medium",wastes,173.35,1908.00,dt,26712000000,BTU,1.83
"Other wet waste","Food waste, residential",55017,"Chippewa County",WI,"Lake States",1041.27,near-term,wastes,149.04,1982.00,dt,27748000000,BTU,1.90
"Other wet waste","Food waste, residential",55019,"Clark County",WI,"Lake States",1218.67,Emerging,wastes,347.82,801.00,dt,11214000000,BTU,0.66
"Other wet waste","Food waste, residential",55019,"Clark County",WI,"Lake States",1218.67,"mature-market high",wastes,347.82,801.00,dt,11214000000,BTU,0.66
"Other wet waste","Food waste, residential",55019,"Clark County",WI,"Lake States",1218.67,"mature-market low",wastes,327.62,801.00,dt,11214000000,BTU,0.66
"Other wet waste","Food waste, residential",55019,"Clark County",WI,"Lake States",1218.67,"mature-market medium",wastes,327.62,801.00,dt,11214000000,BTU,0.66
"Other wet waste","Food waste, residential",55019,"Clark County",WI,"Lake States",1218.67,near-term,wastes,117.15,1085.00,dt,15190000000,BTU,0.89
"Other wet waste","Food waste, residential",55021,"Columbia County",WI,"Lake States",795.99,Emerging,wastes,327.43,1568.00,dt,21952000000,BTU,1.97
"Other wet waste","Food waste, residential",55021,"Columbia County",WI,"Lake States",795.99,"mature-market high",wastes,327.43,1568.00,dt,21952000000,BTU,1.97
"Other wet waste","Food waste, residential",55021,"Columbia County",WI,"Lake States",795.99,"mature-market low",wastes,307.23,1568.00,dt,21952000000,BTU,1.97
"Other wet waste","Food waste, residential",55021,"Columbia County",WI,"Lake States",795.99,"mature-market medium",wastes,307.23,1568.00,dt,21952000000,BTU,1.97
"Other wet waste","Food waste, residential",55021,"Columbia County",WI,"Lake States",795.99,near-term,wastes,219.14,1781.00,dt,24934000000,BTU,2.24
"Other wet waste","Food waste, residential",55023,"Crawford County",WI,"Lake States",599.21,Emerging,wastes,370.61,430.00,dt,6020000000,BTU,0.72
"Other wet waste","Food waste, residential",55023,"Crawford County",WI,"Lake States",599.21,"mature-market high",wastes,370.61,430.00,dt,6020000000,BTU,0.72
"Other wet waste","Food waste, residential",55023,"Crawford County",WI,"Lake States",599.21,"mature-market low",wastes,350.41,430.00,dt,6020000000,BTU,0.72
"Other wet waste","Food waste, residential",55023,"Crawford County",WI,"Lake States",599.21,"mature-market medium",wastes,350.41,430.00,dt,6020000000,BTU,0.72
"Other wet waste","Food waste, residential",55023,"Crawford County",WI,"Lake States",599.21,near-term,wastes,209.5,522.00,dt,7308000000,BTU,0.87
"Other wet waste","Food waste, residential",55025,"Dane County",WI,"Lake States",1237.5,Emerging,wastes,370.04,24381.00,dt,341334000000,BTU,19.70
"Other wet waste","Food waste, residential",55025,"Dane County",WI,"Lake States",1237.5,"mature-market high",wastes,370.04,24381.00,dt,341334000000,BTU,19.70
"Other wet waste","Food waste, residential",55025,"Dane County",WI,"Lake States",1237.5,"mature-market low",wastes,349.84,24381.00,dt,341334000000,BTU,19.70
"Other wet waste","Food waste, residential",55025,"Dane County",WI,"Lake States",1237.5,"mature-market medium",wastes,349.84,24381.00,dt,341334000000,BTU,19.70
"Other wet waste","Food waste, residential",55025,"Dane County",WI,"Lake States",1237.5,near-term,wastes,400,15860.00,dt,222040000000,BTU,12.82
"Other wet waste","Food waste, residential",55027,"Dodge County",WI,"Lake States",907.1,Emerging,wastes,420.2,2562.00,dt,35868000000,BTU,2.82
"Other wet waste","Food waste, residential",55027,"Dodge County",WI,"Lake States",907.1,"mature-market high",wastes,420.2,2562.00,dt,35868000000,BTU,2.82
"Other wet waste","Food waste, residential",55027,"Dodge County",WI,"Lake States",907.1,"mature-market low",wastes,400,2562.00,dt,35868000000,BTU,2.82
"Other wet waste","Food waste, residential",55027,"Dodge County",WI,"Lake States",907.1,"mature-market medium",wastes,400,2562.00,dt,35868000000,BTU,2.82
"Other wet waste","Food waste, residential",55027,"Dodge County",WI,"Lake States",907.1,near-term,wastes,400,2785.00,dt,38990000000,BTU,3.07
"Other wet waste","Food waste, residential",55029,"Door County",WI,"Lake States",487.56,Emerging,wastes,20.2,736.00,dt,10304000000,BTU,1.51
"Other wet waste","Food waste, residential",55029,"Door County",WI,"Lake States",487.56,"mature-market high",wastes,20.2,736.00,dt,10304000000,BTU,1.51
"Other wet waste","Food waste, residential",55029,"Door County",WI,"Lake States",487.56,"mature-market low",wastes,0,736.00,dt,10304000000,BTU,1.51
"Other wet waste","Food waste, residential",55029,"Door County",WI,"Lake States",487.56,"mature-market medium",wastes,0,736.00,dt,10304000000,BTU,1.51
"Other wet waste","Food waste, residential",55029,"Door County",WI,"Lake States",487.56,near-term,wastes,0,876.00,dt,12264000000,BTU,1.80
"Other wet waste","Food waste, residential",55031,"Douglas County",WI,"Lake States",1332.11,Emerging,wastes,420.2,1084.00,dt,15176000000,BTU,0.81
"Other wet waste","Food waste, residential",55031,"Douglas County",WI,"Lake States",1332.11,"mature-market high",wastes,420.2,1084.00,dt,15176000000,BTU,0.81
"Other wet waste","Food waste, residential",55031,"Douglas County",WI,"Lake States",1332.11,"mature-market low",wastes,400,1084.00,dt,15176000000,BTU,0.81
"Other wet waste","Food waste, residential",55031,"Douglas County",WI,"Lake States",1332.11,"mature-market medium",wastes,400,1084.00,dt,15176000000,BTU,0.81
"Other wet waste","Food waste, residential",55031,"Douglas County",WI,"Lake States",1332.11,near-term,wastes,356.14,1379.00,dt,19306000000,BTU,1.04
"Other wet waste","Food waste, residential",55033,"Dunn County",WI,"Lake States",863.89,Emerging,wastes,235.33,1377.00,dt,19278000000,BTU,1.59
"Other wet waste","Food waste, residential",55033,"Dunn County",WI,"Lake States",863.89,"mature-market high",wastes,235.33,1377.00,dt,19278000000,BTU,1.59
"Other wet waste","Food waste, residential",55033,"Dunn County",WI,"Lake States",863.89,"mature-market low",wastes,215.13,1377.00,dt,19278000000,BTU,1.59
"Other wet waste","Food waste, residential",55033,"Dunn County",WI,"Lake States",863.89,"mature-market medium",wastes,215.13,1377.00,dt,19278000000,BTU,1.59
"Other wet waste","Food waste, residential",55033,"Dunn County",WI,"Lake States",863.89,near-term,wastes,210.13,1388.00,dt,19432000000,BTU,1.61
"Other wet waste","Food waste, residential",55035,"Eau Claire County",WI,"Lake States",645.2,Emerging,wastes,64.84,3800.00,dt,53200000000,BTU,5.89
"Other wet waste","Food waste, residential",55035,"Eau Claire County",WI,"Lake States",645.2,"mature-market high",wastes,64.84,3800.00,dt,53200000000,BTU,5.89
"Other wet waste","Food waste, residential",55035,"Eau Claire County",WI,"Lake States",645.2,"mature-market low",wastes,44.64,3800.00,dt,53200000000,BTU,5.89
"Other wet waste","Food waste, residential",55035,"Eau Claire County",WI,"Lake States",645.2,"mature-market medium",wastes,44.64,3800.00,dt,53200000000,BTU,5.89
"Other wet waste","Food waste, residential",55035,"Eau Claire County",WI,"Lake States",645.2,near-term,wastes,148.97,3172.00,dt,44408000000,BTU,4.92
"Other wet waste","Food waste, residential",55037,"Florence County",WI,"Lake States",497.43,Emerging,wastes,139.17,127.00,dt,1778000000,BTU,0.26
"Other wet waste","Food waste, residential",55037,"Florence County",WI,"Lake States",497.43,"mature-market high",wastes,139.17,127.00,dt,1778000000,BTU,0.26
"Other wet waste","Food waste, residential",55037,"Florence County",WI,"Lake States",497.43,"mature-market low",wastes,118.97,127.00,dt,1778000000,BTU,0.26
"Other wet waste","Food waste, residential",55037,"Florence County",WI,"Lake States",497.43,"mature-market medium",wastes,118.97,127.00,dt,1778000000,BTU,0.26
"Other wet waste","Food waste, residential",55037,"Florence County",WI,"Lake States",497.43,near-term,wastes,40.25,141.00,dt,1974000000,BTU,0.28
"Other wet waste","Food waste, residential",55039,"Fond du Lac County",WI,"Lake States",765.84,Emerging,wastes,28.73,2976.00,dt,41664000000,BTU,3.89
"Other wet waste","Food waste, residential",55039,"Fond du Lac County",WI,"Lake States",765.84,"mature-market high",wastes,28.73,2976.00,dt,41664000000,BTU,3.89
"Other wet waste","Food waste, residential",55039,"Fond du Lac County",WI,"Lake States",765.84,"mature-market low",wastes,8.53,2976.00,dt,41664000000,BTU,3.89
"Other wet waste","Food waste, residential",55039,"Fond du Lac County",WI,"Lake States",765.84,"mature-market medium",wastes,8.53,2976.00,dt,41664000000,BTU,3.89
"Other wet waste","Food waste, residential",55039,"Fond du Lac County",WI,"Lake States",765.84,near-term,wastes,0,3207.00,dt,44898000000,BTU,4.19
"Other wet waste","Food waste, residential",55041,"Forest County",WI,"Lake States",1046.52,Emerging,wastes,420.2,198.00,dt,2772000000,BTU,0.19
"Other wet waste","Food waste, residential",55041,"Forest County",WI,"Lake States",1046.52,"mature-market high",wastes,420.2,198.00,dt,2772000000,BTU,0.19
"Other wet waste","Food waste, residential",55041,"Forest County",WI,"Lake States",1046.52,"mature-market low",wastes,400,198.00,dt,2772000000,BTU,0.19
"Other wet waste","Food waste, residential",55041,"Forest County",WI,"Lake States",1046.52,"mature-market medium",wastes,400,198.00,dt,2772000000,BTU,0.19
"Other wet waste","Food waste, residential",55041,"Forest County",WI,"Lake States",1046.52,near-term,wastes,195.3,290.00,dt,4060000000,BTU,0.28
"Other wet waste","Food waste, residential",55043,"Grant County",WI,"Lake States",1183.37,Emerging,wastes,20.2,1845.00,dt,25830000000,BTU,1.56
"Other wet waste","Food waste, residential",55043,"Grant County",WI,"Lake States",1183.37,"mature-market high",wastes,20.2,1845.00,dt,25830000000,BTU,1.56
"Other wet waste","Food waste, residential",55043,"Grant County",WI,"Lake States",1183.37,"mature-market low",wastes,0,1845.00,dt,25830000000,BTU,1.56
"Other wet waste","Food waste, residential",55043,"Grant County",WI,"Lake States",1183.37,"mature-market medium",wastes,0,1845.00,dt,25830000000,BTU,1.56
"Other wet waste","Food waste, residential",55043,"Grant County",WI,"Lake States",1183.37,near-term,wastes,60.35,1609.00,dt,22526000000,BTU,1.36
"Other wet waste","Food waste, residential",55045,"Green County",WI,"Lake States",584.55,Emerging,wastes,420.2,1114.00,dt,15596000000,BTU,1.91
"Other wet waste","Food waste, residential",55045,"Green County",WI,"Lake States",584.55,"mature-market high",wastes,420.2,1114.00,dt,15596000000,BTU,1.91
"Other wet waste","Food waste, residential",55045,"Green County",WI,"Lake States",584.55,"mature-market low",wastes,400,1114.00,dt,15596000000,BTU,1.91
"Other wet waste","Food waste, residential",55045,"Green County",WI,"Lake States",584.55,"mature-market medium",wastes,400,1114.00,dt,15596000000,BTU,1.91
"Other wet waste","Food waste, residential",55045,"Green County",WI,"Lake States",584.55,near-term,wastes,400,1163.00,dt,16282000000,BTU,1.99
"Other wet waste","Food waste, residential",55047,"Green Lake County",WI,"Lake States",380.13,Emerging,wastes,420.2,503.00,dt,7042000000,BTU,1.32
"Other wet waste","Food waste, residential",55047,"Green Lake County",WI,"Lake States",380.13,"mature-market high",wastes,420.2,503.00,dt,7042000000,BTU,1.32
"Other wet waste","Food waste, residential",55047,"Green Lake County",WI,"Lake States",380.13,"mature-market low",wastes,400,503.00,dt,7042000000,BTU,1.32
"Other wet waste","Food waste, residential",55047,"Green Lake County",WI,"Lake States",380.13,"mature-market medium",wastes,400,503.00,dt,7042000000,BTU,1.32
"Other wet waste","Food waste, residential",55047,"Green Lake County",WI,"Lake States",380.13,near-term,wastes,400,600.00,dt,8400000000,BTU,1.58
"Other wet waste","Food waste, residential",55049,"Iowa County",WI,"Lake States",768.05,Emerging,wastes,292.48,647.00,dt,9058000000,BTU,0.84
"Other wet waste","Food waste, residential",55049,"Iowa County",WI,"Lake States",768.05,"mature-market high",wastes,292.48,647.00,dt,9058000000,BTU,0.84
"Other wet waste","Food waste, residential",55049,"Iowa County",WI,"Lake States",768.05,"mature-market low",wastes,272.28,647.00,dt,9058000000,BTU,0.84
"Other wet waste","Food waste, residential",55049,"Iowa County",WI,"Lake States",768.05,"mature-market medium",wastes,272.28,647.00,dt,9058000000,BTU,0.84
"Other wet waste","Food waste, residential",55049,"Iowa County",WI,"Lake States",768.05,near-term,wastes,169.99,750.00,dt,10500000000,BTU,0.98
"Other wet waste","Food waste, residential",55051,"Iron County",WI,"Lake States",802.62,Emerging,wastes,420.2,143.00,dt,2002000000,BTU,0.18
"Other wet waste","Food waste, residential",55051,"Iron County",WI,"Lake States",802.62,"mature-market high",wastes,420.2,143.00,dt,2002000000,BTU,0.18
"Other wet waste","Food waste, residential",55051,"Iron County",WI,"Lake States",802.62,"mature-market low",wastes,400,143.00,dt,2002000000,BTU,0.18
"Other wet waste","Food waste, residential",55051,"Iron County",WI,"Lake States",802.62,"mature-market medium",wastes,400,143.00,dt,2002000000,BTU,0.18
"Other wet waste","Food waste, residential",55051,"Iron County",WI,"Lake States",802.62,near-term,wastes,290.09,187.00,dt,2618000000,BTU,0.23
"Other wet waste","Food waste, residential",55053,"Jackson County",WI,"Lake States",1000.48,Emerging,wastes,420.2,598.00,dt,8372000000,BTU,0.60
"Other wet waste","Food waste, residential",55053,"Jackson County",WI,"Lake States",1000.48,"mature-market high",wastes,420.2,598.00,dt,8372000000,BTU,0.60
"Other wet waste","Food waste, residential",55053,"Jackson County",WI,"Lake States",1000.48,"mature-market low",wastes,400,598.00,dt,8372000000,BTU,0.60
"Other wet waste","Food waste, residential",55053,"Jackson County",WI,"Lake States",1000.48,"mature-market medium",wastes,400,598.00,dt,8372000000,BTU,0.60
"Other wet waste","Food waste, residential",55053,"Jackson County",WI,"Lake States",1000.48,near-term,wastes,400,645.00,dt,9030000000,BTU,0.64
"Other wet waste","Food waste, residential",55055,"Jefferson County",WI,"Lake States",582.74,Emerging,wastes,420.2,2569.00,dt,35966000000,BTU,4.41
"Other wet waste","Food waste, residential",55055,"Jefferson County",WI,"Lake States",582.74,"mature-market high",wastes,420.2,2569.00,dt,35966000000,BTU,4.41
"Other wet waste","Food waste, residential",55055,"Jefferson County",WI,"Lake States",582.74,"mature-market low",wastes,400,2569.00,dt,35966000000,BTU,4.41
"Other wet waste","Food waste, residential",55055,"Jefferson County",WI,"Lake States",582.74,"mature-market medium",wastes,400,2569.00,dt,35966000000,BTU,4.41
"Other wet waste","Food waste, residential",55055,"Jefferson County",WI,"Lake States",582.74,near-term,wastes,400,2662.00,dt,37268000000,BTU,4.57
"Other wet waste","Food waste, residential",55057,"Juneau County",WI,"Lake States",805.17,Emerging,wastes,420.2,643.00,dt,9002000000,BTU,0.80
"Other wet waste","Food waste, residential",55057,"Juneau County",WI,"Lake States",805.17,"mature-market high",wastes,420.2,643.00,dt,9002000000,BTU,0.80
"Other wet waste","Food waste, residential",55057,"Juneau County",WI,"Lake States",805.17,"mature-market low",wastes,400,643.00,dt,9002000000,BTU,0.80
"Other wet waste","Food waste, residential",55057,"Juneau County",WI,"Lake States",805.17,"mature-market medium",wastes,400,643.00,dt,9002000000,BTU,0.80
"Other wet waste","Food waste, residential",55057,"Juneau County",WI,"Lake States",805.17,near-term,wastes,265.42,839.00,dt,11746000000,BTU,1.04
"Other wet waste","Food waste, residential",55059,"Kenosha County",WI,"Lake States",278.42,Emerging,wastes,420.2,5344.00,dt,74816000000,BTU,19.19
"Other wet waste","Food waste, residential",55059,"Kenosha County",WI,"Lake States",278.42,"mature-market high",wastes,420.2,5344.00,dt,74816000000,BTU,19.19
"Other wet waste","Food waste, residential",55059,"Kenosha County",WI,"Lake States",278.42,"mature-market low",wastes,400,5344.00,dt,74816000000,BTU,19.19
"Other wet waste","Food waste, residential",55059,"Kenosha County",WI,"Lake States",278.42,"mature-market medium",wastes,400,5344.00,dt,74816000000,BTU,19.19
"Other wet waste","Food waste, residential",55059,"Kenosha County",WI,"Lake States",278.42,near-term,wastes,400,5289.00,dt,74046000000,BTU,19.00
"Other wet waste","Food waste, residential",55061,"Kewaunee County",WI,"Lake States",343.95,Emerging,wastes,420.2,503.00,dt,7042000000,BTU,1.46
"Other wet waste","Food waste, residential",55061,"Kewaunee County",WI,"Lake States",343.95,"mature-market high",wastes,420.2,503.00,dt,7042000000,BTU,1.46
"Other wet waste","Food waste, residential",55061,"Kewaunee County",WI,"Lake States",343.95,"mature-market low",wastes,400,503.00,dt,7042000000,BTU,1.46
"Other wet waste","Food waste, residential",55061,"Kewaunee County",WI,"Lake States",343.95,"mature-market medium",wastes,400,503.00,dt,7042000000,BTU,1.46
"Other wet waste","Food waste, residential",55061,"Kewaunee County",WI,"Lake States",343.95,near-term,wastes,313.15,650.00,dt,9100000000,BTU,1.89
"Other wet waste","Food waste, residential",55063,"La Crosse County",WI,"Lake States",480.05,Emerging,wastes,243.09,4462.00,dt,62468000000,BTU,9.29
"Other wet waste","Food waste, residential",55063,"La Crosse County",WI,"Lake States",480.05,"mature-market high",wastes,243.09,4462.00,dt,62468000000,BTU,9.29
"Other wet waste","Food waste, residential",55063,"La Crosse County",WI,"Lake States",480.05,"mature-market low",wastes,222.89,4462.00,dt,62468000000,BTU,9.29
"Other wet waste","Food waste, residential",55063,"La Crosse County",WI,"Lake States",480.05,"mature-market medium",wastes,222.89,4462.00,dt,62468000000,BTU,9.29
"Other wet waste","Food waste, residential",55063,"La Crosse County",WI,"Lake States",480.05,near-term,wastes,336.07,3670.00,dt,51380000000,BTU,7.65
"Other wet waste","Food waste, residential",55065,"Lafayette County",WI,"Lake States",634.57,Emerging,wastes,314.32,435.00,dt,6090000000,BTU,0.69
"Other wet waste","Food waste, residential",55065,"Lafayette County",WI,"Lake States",634.57,"mature-market high",wastes,314.32,435.00,dt,6090000000,BTU,0.69
"Other wet waste","Food waste, residential",55065,"Lafayette County",WI,"Lake States",634.57,"mature-market low",wastes,294.12,435.00,dt,6090000000,BTU,0.69
"Other wet waste","Food waste, residential",55065,"Lafayette County",WI,"Lake States",634.57,"mature-market medium",wastes,294.12,435.00,dt,6090000000,BTU,0.69
"Other wet waste","Food waste, residential",55065,"Lafayette County",WI,"Lake States",634.57,near-term,wastes,155.92,531.00,dt,7434000000,BTU,0.84
"Other wet waste","Food waste, residential",55067,"Langlade County",WI,"Lake States",887.79,Emerging,wastes,420.2,367.00,dt,5138000000,BTU,0.41
"Other wet waste","Food waste, residential",55067,"Langlade County",WI,"Lake States",887.79,"mature-market high",wastes,420.2,367.00,dt,5138000000,BTU,0.41
"Other wet waste","Food waste, residential",55067,"Langlade County",WI,"Lake States",887.79,"mature-market low",wastes,400,367.00,dt,5138000000,BTU,0.41
"Other wet waste","Food waste, residential",55067,"Langlade County",WI,"Lake States",887.79,"mature-market medium",wastes,400,367.00,dt,5138000000,BTU,0.41
"Other wet waste","Food waste, residential",55067,"Langlade County",WI,"Lake States",887.79,near-term,wastes,228,619.00,dt,8666000000,BTU,0.70
"Other wet waste","Food waste, residential",55069,"Lincoln County",WI,"Lake States",906.79,Emerging,wastes,420.2,631.00,dt,8834000000,BTU,0.70
"Other wet waste","Food waste, residential",55069,"Lincoln County",WI,"Lake States",906.79,"mature-market high",wastes,420.2,631.00,dt,8834000000,BTU,0.70
"Other wet waste","Food waste, residential",55069,"Lincoln County",WI,"Lake States",906.79,"mature-market low",wastes,400,631.00,dt,8834000000,BTU,0.70
"Other wet waste","Food waste, residential",55069,"Lincoln County",WI,"Lake States",906.79,"mature-market medium",wastes,400,631.00,dt,8834000000,BTU,0.70
"Other wet waste","Food waste, residential",55069,"Lincoln County",WI,"Lake States",906.79,near-term,wastes,290.3,894.00,dt,12516000000,BTU,0.99
"Other wet waste","Food waste, residential",55071,"Manitowoc County",WI,"Lake States",594.62,Emerging,wastes,420.2,1951.00,dt,27314000000,BTU,3.28
"Other wet waste","Food waste, residential",55071,"Manitowoc County",WI,"Lake States",594.62,"mature-market high",wastes,420.2,1951.00,dt,27314000000,BTU,3.28
"Other wet waste","Food waste, residential",55071,"Manitowoc County",WI,"Lake States",594.62,"mature-market low",wastes,400,1951.00,dt,27314000000,BTU,3.28
"Other wet waste","Food waste, residential",55071,"Manitowoc County",WI,"Lake States",594.62,"mature-market medium",wastes,400,1951.00,dt,27314000000,BTU,3.28
"Other wet waste","Food waste, residential",55071,"Manitowoc County",WI,"Lake States",594.62,near-term,wastes,400,2541.00,dt,35574000000,BTU,4.27
"Other wet waste","Food waste, residential",55073,"Marathon County",WI,"Lake States",1576.33,Emerging,wastes,420.2,4053.00,dt,56742000000,BTU,2.57
"Other wet waste","Food waste, residential",55073,"Marathon County",WI,"Lake States",1576.33,"mature-market high",wastes,420.2,4053.00,dt,56742000000,BTU,2.57
"Other wet waste","Food waste, residential",55073,"Marathon County",WI,"Lake States",1576.33,"mature-market low",wastes,400,4053.00,dt,56742000000,BTU,2.57
"Other wet waste","Food waste, residential",55073,"Marathon County",WI,"Lake States",1576.33,"mature-market medium",wastes,400,4053.00,dt,56742000000,BTU,2.57
"Other wet waste","Food waste, residential",55073,"Marathon County",WI,"Lake States",1576.33,near-term,wastes,400,4243.00,dt,59402000000,BTU,2.69
"Other wet waste","Food waste, residential",55075,"Marinette County",WI,"Lake States",1429.25,Emerging,wastes,420.2,926.00,dt,12964000000,BTU,0.65
"Other wet waste","Food waste, residential",55075,"Marinette County",WI,"Lake States",1429.25,"mature-market high",wastes,420.2,926.00,dt,12964000000,BTU,0.65
"Other wet waste","Food waste, residential",55075,"Marinette County",WI,"Lake States",1429.25,"mature-market low",wastes,400,926.00,dt,12964000000,BTU,0.65
"Other wet waste","Food waste, residential",55075,"Marinette County",WI,"Lake States",1429.25,"mature-market medium",wastes,400,926.00,dt,12964000000,BTU,0.65
"Other wet waste","Food waste, residential",55075,"Marinette County",WI,"Lake States",1429.25,near-term,wastes,390.68,1309.00,dt,18326000000,BTU,0.92
"Other wet waste","Food waste, residential",55077,"Marquette County",WI,"Lake States",464.47,Emerging,wastes,420.2,330.00,dt,4620000000,BTU,0.71
"Other wet waste","Food waste, residential",55077,"Marquette County",WI,"Lake States",464.47,"mature-market high",wastes,420.2,330.00,dt,4620000000,BTU,0.71
"Other wet waste","Food waste, residential",55077,"Marquette County",WI,"Lake States",464.47,"mature-market low",wastes,400,330.00,dt,4620000000,BTU,0.71
"Other wet waste","Food waste, residential",55077,"Marquette County",WI,"Lake States",464.47,"mature-market medium",wastes,400,330.00,dt,4620000000,BTU,0.71
"Other wet waste","Food waste, residential",55077,"Marquette County",WI,"Lake States",464.47,near-term,wastes,219.98,479.00,dt,6706000000,BTU,1.03
"Other wet waste","Food waste, residential",55078,"Menominee County",WI,"Lake States",364.96,Emerging,wastes,20.2,155.00,dt,2170000000,BTU,0.42
"Other wet waste","Food waste, residential",55078,"Menominee County",WI,"Lake States",364.96,"mature-market high",wastes,20.2,155.00,dt,2170000000,BTU,0.42
"Other wet waste","Food waste, residential",55078,"Menominee County",WI,"Lake States",364.96,"mature-market low",wastes,0,155.00,dt,2170000000,BTU,0.42
"Other wet waste","Food waste, residential",55078,"Menominee County",WI,"Lake States",364.96,"mature-market medium",wastes,0,155.00,dt,2170000000,BTU,0.42
"Other wet waste","Food waste, residential",55078,"Menominee County",WI,"Lake States",364.96,near-term,wastes,13.37,137.00,dt,1918000000,BTU,0.38
"Other wet waste","Food waste, residential",55079,"Milwaukee County",WI,"Lake States",242.17,Emerging,wastes,420.2,32935.00,dt,461090000000,BTU,136.00
"Other wet waste","Food waste, residential",55079,"Milwaukee County",WI,"Lake States",242.17,"mature-market high",wastes,420.2,32935.00,dt,461090000000,BTU,136.00
"Other wet waste","Food waste, residential",55079,"Milwaukee County",WI,"Lake States",242.17,"mature-market low",wastes,400,32935.00,dt,461090000000,BTU,136.00
"Other wet waste","Food waste, residential",55079,"Milwaukee County",WI,"Lake States",242.17,"mature-market medium",wastes,400,32935.00,dt,461090000000,BTU,136.00
"Other wet waste","Food waste, residential",55079,"Milwaukee County",WI,"Lake States",242.17,near-term,wastes,400,30089.00,dt,421246000000,BTU,124.25
"Other wet waste","Food waste, residential",55081,"Monroe County",WI,"Lake States",908.08,Emerging,wastes,363.59,1293.00,dt,18102000000,BTU,1.42
"Other wet waste","Food waste, residential",55081,"Monroe County",WI,"Lake States",908.08,"mature-market high",wastes,363.59,1293.00,dt,18102000000,BTU,1.42
"Other wet waste","Food waste, residential",55081,"Monroe County",WI,"Lake States",908.08,"mature-market low",wastes,343.39,1293.00,dt,18102000000,BTU,1.42
"Other wet waste","Food waste, residential",55081,"Monroe County",WI,"Lake States",908.08,"mature-market medium",wastes,343.39,1293.00,dt,18102000000,BTU,1.42
"Other wet waste","Food waste, residential",55081,"Monroe County",WI,"Lake States",908.08,near-term,wastes,281.98,1421.00,dt,19894000000,BTU,1.56
"Other wet waste","Food waste, residential",55083,"Oconto County",WI,"Lake States",1016.31,Emerging,wastes,420.2,922.00,dt,12908000000,BTU,0.91
"Other wet waste","Food waste, residential",55083,"Oconto County",WI,"Lake States",1016.31,"mature-market high",wastes,420.2,922.00,dt,12908000000,BTU,0.91
"Other wet waste","Food waste, residential",55083,"Oconto County",WI,"Lake States",1016.31,"mature-market low",wastes,400,922.00,dt,12908000000,BTU,0.91
"Other wet waste","Food waste, residential",55083,"Oconto County",WI,"Lake States",1016.31,"mature-market medium",wastes,400,922.00,dt,12908000000,BTU,0.91
"Other wet waste","Food waste, residential",55083,"Oconto County",WI,"Lake States",1016.31,near-term,wastes,400,1179.00,dt,16506000000,BTU,1.16
"Other wet waste","Food waste, residential",55085,"Oneida County",WI,"Lake States",1236.57,Emerging,wastes,245.99,876.00,dt,12264000000,BTU,0.71
"Other wet waste","Food waste, residential",55085,"Oneida County",WI,"Lake States",1236.57,"mature-market high",wastes,245.99,876.00,dt,12264000000,BTU,0.71
"Other wet waste","Food waste, residential",55085,"Oneida County",WI,"Lake States",1236.57,"mature-market low",wastes,225.79,876.00,dt,12264000000,BTU,0.71
"Other wet waste","Food waste, residential",55085,"Oneida County",WI,"Lake States",1236.57,"mature-market medium",wastes,225.79,876.00,dt,12264000000,BTU,0.71
"Other wet waste","Food waste, residential",55085,"Oneida County",WI,"Lake States",1236.57,near-term,wastes,20.75,1125.00,dt,15750000000,BTU,0.91
"Other wet waste","Food waste, residential",55087,"Outagamie County",WI,"Lake States",644.61,Emerging,wastes,362.48,6425.00,dt,89950000000,BTU,9.97
"Other wet waste","Food waste, residential",55087,"Outagamie County",WI,"Lake States",644.61,"mature-market high",wastes,362.48,6425.00,dt,89950000000,BTU,9.97
"Other wet waste","Food waste, residential",55087,"Outagamie County",WI,"Lake States",644.61,"mature-market low",wastes,342.28,6425.00,dt,89950000000,BTU,9.97
"Other wet waste","Food waste, residential",55087,"Outagamie County",WI,"Lake States",644.61,"mature-market medium",wastes,342.28,6425.00,dt,89950000000,BTU,9.97
"Other wet waste","Food waste, residential",55087,"Outagamie County",WI,"Lake States",644.61,near-term,wastes,400,5632.00,dt,78848000000,BTU,8.74
"Other wet waste","Food waste, residential",55089,"Ozaukee County",WI,"Lake States",235.28,Emerging,wastes,138.44,2923.00,dt,40922000000,BTU,12.42
"Other wet waste","Food waste, residential",55089,"Ozaukee County",WI,"Lake States",235.28,"mature-market high",wastes,138.44,2923.00,dt,40922000000,BTU,12.42
"Other wet waste","Food waste, residential",55089,"Ozaukee County",WI,"Lake States",235.28,"mature-market low",wastes,118.24,2923.00,dt,40922000000,BTU,12.42
"Other wet waste","Food waste, residential",55089,"Ozaukee County",WI,"Lake States",235.28,"mature-market medium",wastes,118.24,2923.00,dt,40922000000,BTU,12.42
"Other wet waste","Food waste, residential",55089,"Ozaukee County",WI,"Lake States",235.28,near-term,wastes,159.16,2735.00,dt,38290000000,BTU,11.62
"Other wet waste","Food waste, residential",55091,"Pepin County",WI,"Lake States",248.7,Emerging,wastes,420.2,162.00,dt,2268000000,BTU,0.65
"Other wet waste","Food waste, residential",55091,"Pepin County",WI,"Lake States",248.7,"mature-market high",wastes,420.2,162.00,dt,2268000000,BTU,0.65
"Other wet waste","Food waste, residential",55091,"Pepin County",WI,"Lake States",248.7,"mature-market low",wastes,400,162.00,dt,2268000000,BTU,0.65
"Other wet waste","Food waste, residential",55091,"Pepin County",WI,"Lake States",248.7,"mature-market medium",wastes,400,162.00,dt,2268000000,BTU,0.65
"Other wet waste","Food waste, residential",55091,"Pepin County",WI,"Lake States",248.7,near-term,wastes,189.13,233.00,dt,3262000000,BTU,0.94
"Other wet waste","Food waste, residential",55093,"Pierce County",WI,"Lake States",592.73,Emerging,wastes,245.36,1058.00,dt,14812000000,BTU,1.78
"Other wet waste","Food waste, residential",55093,"Pierce County",WI,"Lake States",592.73,"mature-market high",wastes,245.36,1058.00,dt,14812000000,BTU,1.78
"Other wet waste","Food waste, residential",55093,"Pierce County",WI,"Lake States",592.73,"mature-market low",wastes,225.16,1058.00,dt,14812000000,BTU,1.78
"Other wet waste","Food waste, residential",55093,"Pierce County",WI,"Lake States",592.73,"mature-market medium",wastes,225.16,1058.00,dt,14812000000,BTU,1.78
"Other wet waste","Food waste, residential",55093,"Pierce County",WI,"Lake States",592.73,near-term,wastes,98.2,1286.00,dt,18004000000,BTU,2.17
"Other wet waste","Food waste, residential",55095,"Polk County",WI,"Lake States",956.41,Emerging,wastes,420.2,1007.00,dt,14098000000,BTU,1.05
"Other wet waste","Food waste, residential",55095,"Polk County",WI,"Lake States",956.41,"mature-market high",wastes,420.2,1007.00,dt,14098000000,BTU,1.05
"Other wet waste","Food waste, residential",55095,"Polk County",WI,"Lake States",956.41,"mature-market low",wastes,400,1007.00,dt,14098000000,BTU,1.05
"Other wet waste","Food waste, residential",55095,"Polk County",WI,"Lake States",956.41,"mature-market medium",wastes,400,1007.00,dt,14098000000,BTU,1.05
"Other wet waste","Food waste, residential",55095,"Polk County",WI,"Lake States",956.41,near-term,wastes,277.3,1374.00,dt,19236000000,BTU,1.44
"Other wet waste","Food waste, residential",55097,"Portage County",WI,"Lake States",822.82,Emerging,wastes,420.2,2224.00,dt,31136000000,BTU,2.70
"Other wet waste","Food waste, residential",55097,"Portage County",WI,"Lake States",822.82,"mature-market high",wastes,420.2,2224.00,dt,31136000000,BTU,2.70
"Other wet waste","Food waste, residential",55097,"Portage County",WI,"Lake States",822.82,"mature-market low",wastes,400,2224.00,dt,31136000000,BTU,2.70
"Other wet waste","Food waste, residential",55097,"Portage County",WI,"Lake States",822.82,"mature-market medium",wastes,400,2224.00,dt,31136000000,BTU,2.70
"Other wet waste","Food waste, residential",55097,"Portage County",WI,"Lake States",822.82,near-term,wastes,400,2219.00,dt,31066000000,BTU,2.70
"Other wet waste","Food waste, residential",55099,"Price County",WI,"Lake States",1278.04,Emerging,wastes,420.2,311.00,dt,4354000000,BTU,0.24
"Other wet waste","Food waste, residential",55099,"Price County",WI,"Lake States",1278.04,"mature-market high",wastes,420.2,311.00,dt,4354000000,BTU,0.24
"Other wet waste","Food waste, residential",55099,"Price County",WI,"Lake States",1278.04,"mature-market low",wastes,400,311.00,dt,4354000000,BTU,0.24
"Other wet waste","Food waste, residential",55099,"Price County",WI,"Lake States",1278.04,"mature-market medium",wastes,400,311.00,dt,4354000000,BTU,0.24
"Other wet waste","Food waste, residential",55099,"Price County",WI,"Lake States",1278.04,near-term,wastes,259.09,437.00,dt,6118000000,BTU,0.34
"Other wet waste","Food waste, residential",55101,"Racine County",WI,"Lake States",340.39,Emerging,wastes,308.08,5682.00,dt,79548000000,BTU,16.69
"Other wet waste","Food waste, residential",55101,"Racine County",WI,"Lake States",340.39,"mature-market high",wastes,308.08,5682.00,dt,79548000000,BTU,16.69
"Other wet waste","Food waste, residential",55101,"Racine County",WI,"Lake States",340.39,"mature-market low",wastes,287.88,5682.00,dt,79548000000,BTU,16.69
"Other wet waste","Food waste, residential",55101,"Racine County",WI,"Lake States",340.39,"mature-market medium",wastes,287.88,5682.00,dt,79548000000,BTU,16.69
"Other wet waste","Food waste, residential",55101,"Racine County",WI,"Lake States",340.39,near-term,wastes,237.88,6136.00,dt,85904000000,BTU,18.03
"Other wet waste","Food waste, residential",55103,"Richland County",WI,"Lake States",589.3,Emerging,wastes,420.2,383.00,dt,5362000000,BTU,0.65
"Other wet waste","Food waste, residential",55103,"Richland County",WI,"Lake States",589.3,"mature-market high",wastes,420.2,383.00,dt,5362000000,BTU,0.65
"Other wet waste","Food waste, residential",55103,"Richland County",WI,"Lake States",589.3,"mature-market low",wastes,400,383.00,dt,5362000000,BTU,0.65
"Other wet waste","Food waste, residential",55103,"Richland County",WI,"Lake States",589.3,"mature-market medium",wastes,400,383.00,dt,5362000000,BTU,0.65
"Other wet waste","Food waste, residential",55103,"Richland County",WI,"Lake States",589.3,near-term,wastes,113.09,561.00,dt,7854000000,BTU,0.95
"Other wet waste","Food waste, residential",55105,"Rock County",WI,"Lake States",726.16,Emerging,wastes,420.2,4711.00,dt,65954000000,BTU,6.49
"Other wet waste","Food waste, residential",55105,"Rock County",WI,"Lake States",726.16,"mature-market high",wastes,420.2,4711.00,dt,65954000000,BTU,6.49
"Other wet waste","Food waste, residential",55105,"Rock County",WI,"Lake States",726.16,"mature-market low",wastes,400,4711.00,dt,65954000000,BTU,6.49
"Other wet waste","Food waste, residential",55105,"Rock County",WI,"Lake States",726.16,"mature-market medium",wastes,400,4711.00,dt,65954000000,BTU,6.49
"Other wet waste","Food waste, residential",55105,"Rock County",WI,"Lake States",726.16,near-term,wastes,400,5053.00,dt,70742000000,BTU,6.96
"Other wet waste","Food waste, residential",55107,"Rusk County",WI,"Lake States",930.86,Emerging,wastes,420.2,292.00,dt,4088000000,BTU,0.31
"Other wet waste","Food waste, residential",55107,"Rusk County",WI,"Lake States",930.86,"mature-market high",wastes,420.2,292.00,dt,4088000000,BTU,0.31
"Other wet waste","Food waste, residential",55107,"Rusk County",WI,"Lake States",930.86,"mature-market low",wastes,400,292.00,dt,4088000000,BTU,0.31
"Other wet waste","Food waste, residential",55107,"Rusk County",WI,"Lake States",930.86,"mature-market medium",wastes,400,292.00,dt,4088000000,BTU,0.31
"Other wet waste","Food waste, residential",55107,"Rusk County",WI,"Lake States",930.86,near-term,wastes,157.96,451.00,dt,6314000000,BTU,0.48
"Other wet waste","Food waste, residential",55109,"St. Croix County",WI,"Lake States",735.19,Emerging,wastes,24.55,2948.00,dt,41272000000,BTU,4.01
"Other wet waste","Food waste, residential",55109,"St. Croix County",WI,"Lake States",735.19,"mature-market high",wastes,24.55,2948.00,dt,41272000000,BTU,4.01
"Other wet waste","Food waste, residential",55109,"St. Croix County",WI,"Lake States",735.19,"mature-market low",wastes,4.35,2948.00,dt,41272000000,BTU,4.01
"Other wet waste","Food waste, residential",55109,"St. Croix County",WI,"Lake States",735.19,"mature-market medium",wastes,4.35,2948.00,dt,41272000000,BTU,4.01
"Other wet waste","Food waste, residential",55109,"St. Croix County",WI,"Lake States",735.19,near-term,wastes,57.91,2685.00,dt,37590000000,BTU,3.65
"Other wet waste","Food waste, residential",55111,"Sauk County",WI,"Lake States",849.19,Emerging,wastes,420.2,2019.00,dt,28266000000,BTU,2.38
"Other wet waste","Food waste, residential",55111,"Sauk County",WI,"Lake States",849.19,"mature-market high",wastes,420.2,2019.00,dt,28266000000,BTU,2.38
"Other wet waste","Food waste, residential",55111,"Sauk County",WI,"Lake States",849.19,"mature-market low",wastes,400,2019.00,dt,28266000000,BTU,2.38
"Other wet waste","Food waste, residential",55111,"Sauk County",WI,"Lake States",849.19,"mature-market medium",wastes,400,2019.00,dt,28266000000,BTU,2.38
"Other wet waste","Food waste, residential",55111,"Sauk County",WI,"Lake States",849.19,near-term,wastes,400,1972.00,dt,27608000000,BTU,2.32
"Other wet waste","Food waste, residential",55113,"Sawyer County",WI,"Lake States",1350.24,Emerging,wastes,420.2,367.00,dt,5138000000,BTU,0.27
"Other wet waste","Food waste, residential",55113,"Sawyer County",WI,"Lake States",1350.24,"mature-market high",wastes,420.2,367.00,dt,5138000000,BTU,0.27
"Other wet waste","Food waste, residential",55113,"Sawyer County",WI,"Lake States",1350.24,"mature-market low",wastes,400,367.00,dt,5138000000,BTU,0.27
"Other wet waste","Food waste, residential",55113,"Sawyer County",WI,"Lake States",1350.24,"mature-market medium",wastes,400,367.00,dt,5138000000,BTU,0.27
"Other wet waste","Food waste, residential",55113,"Sawyer County",WI,"Lake States",1350.24,near-term,wastes,400,522.00,dt,7308000000,BTU,0.39
"Other wet waste","Food waste, residential",55115,"Shawano County",WI,"Lake States",909.4,Emerging,wastes,420.2,960.00,dt,13440000000,BTU,1.06
"Other wet waste","Food waste, residential",55115,"Shawano County",WI,"Lake States",909.4,"mature-market high",wastes,420.2,960.00,dt,13440000000,BTU,1.06
"Other wet waste","Food waste, residential",55115,"Shawano County",WI,"Lake States",909.4,"mature-market low",wastes,400,960.00,dt,13440000000,BTU,1.06
"Other wet waste","Food waste, residential",55115,"Shawano County",WI,"Lake States",909.4,"mature-market medium",wastes,400,960.00,dt,13440000000,BTU,1.06
"Other wet waste","Food waste, residential",55115,"Shawano County",WI,"Lake States",909.4,near-term,wastes,400,1311.00,dt,18354000000,BTU,1.44
"Other wet waste","Food waste, residential",55117,"Sheboygan County",WI,"Lake States",517.64,Emerging,wastes,248.66,3342.00,dt,46788000000,BTU,6.46
"Other wet waste","Food waste, residential",55117,"Sheboygan County",WI,"Lake States",517.64,"mature-market high",wastes,248.66,3342.00,dt,46788000000,BTU,6.46
"Other wet waste","Food waste, residential",55117,"Sheboygan County",WI,"Lake States",517.64,"mature-market low",wastes,228.46,3342.00,dt,46788000000,BTU,6.46
"Other wet waste","Food waste, residential",55117,"Sheboygan County",WI,"Lake States",517.64,"mature-market medium",wastes,228.46,3342.00,dt,46788000000,BTU,6.46
"Other wet waste","Food waste, residential",55117,"Sheboygan County",WI,"Lake States",517.64,near-term,wastes,173.9,3622.00,dt,50708000000,BTU,7.00
"Other wet waste","Food waste, residential",55119,"Taylor County",WI,"Lake States",984.56,Emerging,wastes,416.89,488.00,dt,6832000000,BTU,0.50
"Other wet waste","Food waste, residential",55119,"Taylor County",WI,"Lake States",984.56,"mature-market high",wastes,416.89,488.00,dt,6832000000,BTU,0.50
"Other wet waste","Food waste, residential",55119,"Taylor County",WI,"Lake States",984.56,"mature-market low",wastes,396.69,488.00,dt,6832000000,BTU,0.50
"Other wet waste","Food waste, residential",55119,"Taylor County",WI,"Lake States",984.56,"mature-market medium",wastes,396.69,488.00,dt,6832000000,BTU,0.50
"Other wet waste","Food waste, residential",55119,"Taylor County",WI,"Lake States",984.56,near-term,wastes,183.52,645.00,dt,9030000000,BTU,0.66
"Other wet waste","Food waste, residential",55121,"Trempealeau County",WI,"Lake States",741.98,Emerging,wastes,298.28,1001.00,dt,14014000000,BTU,1.35
"Other wet waste","Food waste, residential",55121,"Trempealeau County",WI,"Lake States",741.98,"mature-market high",wastes,298.28,1001.00,dt,14014000000,BTU,1.35
"Other wet waste","Food waste, residential",55121,"Trempealeau County",WI,"Lake States",741.98,"mature-market low",wastes,278.08,1001.00,dt,14014000000,BTU,1.35
"Other wet waste","Food waste, residential",55121,"Trempealeau County",WI,"Lake States",741.98,"mature-market medium",wastes,278.08,1001.00,dt,14014000000,BTU,1.35
"Other wet waste","Food waste, residential",55121,"Trempealeau County",WI,"Lake States",741.98,near-term,wastes,327.61,923.00,dt,12922000000,BTU,1.24
"Other wet waste","Food waste, residential",55123,"Vernon County",WI,"Lake States",816.38,Emerging,wastes,292.59,861.00,dt,12054000000,BTU,1.05
"Other wet waste","Food waste, residential",55123,"Vernon County",WI,"Lake States",816.38,"mature-market high",wastes,292.59,861.00,dt,12054000000,BTU,1.05
"Other wet waste","Food waste, residential",55123,"Vernon County",WI,"Lake States",816.38,"mature-market low",wastes,272.39,861.00,dt,12054000000,BTU,1.05
"Other wet waste","Food waste, residential",55123,"Vernon County",WI,"Lake States",816.38,"mature-market medium",wastes,272.39,861.00,dt,12054000000,BTU,1.05
"Other wet waste","Food waste, residential",55123,"Vernon County",WI,"Lake States",816.38,near-term,wastes,206.14,953.00,dt,13342000000,BTU,1.17
"Other wet waste","Food waste, residential",55125,"Vilas County",WI,"Lake States",1017.72,Emerging,wastes,420.2,478.00,dt,6692000000,BTU,0.47
"Other wet waste","Food waste, residential",55125,"Vilas County",WI,"Lake States",1017.72,"mature-market high",wastes,420.2,478.00,dt,6692000000,BTU,0.47
"Other wet waste","Food waste, residential",55125,"Vilas County",WI,"Lake States",1017.72,"mature-market low",wastes,400,478.00,dt,6692000000,BTU,0.47
"Other wet waste","Food waste, residential",55125,"Vilas County",WI,"Lake States",1017.72,"mature-market medium",wastes,400,478.00,dt,6692000000,BTU,0.47
"Other wet waste","Food waste, residential",55125,"Vilas County",WI,"Lake States",1017.72,near-term,wastes,195.71,672.00,dt,9408000000,BTU,0.66
"Other wet waste","Food waste, residential",55127,"Walworth County",WI,"Lake States",576.6,Emerging,wastes,420.2,3221.00,dt,45094000000,BTU,5.59
"Other wet waste","Food waste, residential",55127,"Walworth County",WI,"Lake States",576.6,"mature-market high",wastes,420.2,3221.00,dt,45094000000,BTU,5.59
"Other wet waste","Food waste, residential",55127,"Walworth County",WI,"Lake States",576.6,"mature-market low",wastes,400,3221.00,dt,45094000000,BTU,5.59
"Other wet waste","Food waste, residential",55127,"Walworth County",WI,"Lake States",576.6,"mature-market medium",wastes,400,3221.00,dt,45094000000,BTU,5.59
"Other wet waste","Food waste, residential",55127,"Walworth County",WI,"Lake States",576.6,near-term,wastes,400,3241.00,dt,45374000000,BTU,5.62
"Other wet waste","Food waste, residential",55129,"Washburn County",WI,"Lake States",853.32,Emerging,wastes,420.2,319.00,dt,4466000000,BTU,0.37
"Other wet waste","Food waste, residential",55129,"Washburn County",WI,"Lake States",853.32,"mature-market high",wastes,420.2,319.00,dt,4466000000,BTU,0.37
"Other wet waste","Food waste, residential",55129,"Washburn County",WI,"Lake States",853.32,"mature-market low",wastes,400,319.00,dt,4466000000,BTU,0.37
"Other wet waste","Food waste, residential",55129,"Washburn County",WI,"Lake States",853.32,"mature-market medium",wastes,400,319.00,dt,4466000000,BTU,0.37
"Other wet waste","Food waste, residential",55129,"Washburn County",WI,"Lake States",853.32,near-term,wastes,91.21,499.00,dt,6986000000,BTU,0.58
"Other wet waste","Food waste, residential",55131,"Washington County",WI,"Lake States",435.66,Emerging,wastes,420.2,4056.00,dt,56784000000,BTU,9.31
"Other wet waste","Food waste, residential",55131,"Washington County",WI,"Lake States",435.66,"mature-market high",wastes,420.2,4056.00,dt,56784000000,BTU,9.31
"Other wet waste","Food waste, residential",55131,"Washington County",WI,"Lake States",435.66,"mature-market low",wastes,400,4056.00,dt,56784000000,BTU,9.31
"Other wet waste","Food waste, residential",55131,"Washington County",WI,"Lake States",435.66,"mature-market medium",wastes,400,4056.00,dt,56784000000,BTU,9.31
"Other wet waste","Food waste, residential",55131,"Washington County",WI,"Lake States",435.66,near-term,wastes,394.06,4180.00,dt,58520000000,BTU,9.59
"Other wet waste","Food waste, residential",55133,"Waukesha County",WI,"Lake States",580.54,Emerging,wastes,354.19,12757.00,dt,178598000000,BTU,21.97
"Other wet waste","Food waste, residential",55133,"Waukesha County",WI,"Lake States",580.54,"mature-market high",wastes,354.19,12757.00,dt,178598000000,BTU,21.97
"Other wet waste","Food waste, residential",55133,"Waukesha County",WI,"Lake States",580.54,"mature-market low",wastes,333.99,12757.00,dt,178598000000,BTU,21.97
"Other wet waste","Food waste, residential",55133,"Waukesha County",WI,"Lake States",580.54,"mature-market medium",wastes,333.99,12757.00,dt,178598000000,BTU,21.97
"Other wet waste","Food waste, residential",55133,"Waukesha County",WI,"Lake States",580.54,near-term,wastes,353.61,12357.00,dt,172998000000,BTU,21.29
"Other wet waste","Food waste, residential",55135,"Waupaca County",WI,"Lake States",765.17,Emerging,wastes,308.06,1421.00,dt,19894000000,BTU,1.86
"Other wet waste","Food waste, residential",55135,"Waupaca County",WI,"Lake States",765.17,"mature-market high",wastes,308.06,1421.00,dt,19894000000,BTU,1.86
"Other wet waste","Food waste, residential",55135,"Waupaca County",WI,"Lake States",765.17,"mature-market low",wastes,287.86,1421.00,dt,19894000000,BTU,1.86
"Other wet waste","Food waste, residential",55135,"Waupaca County",WI,"Lake States",765.17,"mature-market medium",wastes,287.86,1421.00,dt,19894000000,BTU,1.86
"Other wet waste","Food waste, residential",55135,"Waupaca County",WI,"Lake States",765.17,near-term,wastes,184.96,1642.00,dt,22988000000,BTU,2.15
"Other wet waste","Food waste, residential",55137,"Waushara County",WI,"Lake States",637.4,Emerging,wastes,420.2,543.00,dt,7602000000,BTU,0.85
"Other wet waste","Food waste, residential",55137,"Waushara County",WI,"Lake States",637.4,"mature-market high",wastes,420.2,543.00,dt,7602000000,BTU,0.85
"Other wet waste","Food waste, residential",55137,"Waushara County",WI,"Lake States",637.4,"mature-market low",wastes,400,543.00,dt,7602000000,BTU,0.85
"Other wet waste","Food waste, residential",55137,"Waushara County",WI,"Lake States",637.4,"mature-market medium",wastes,400,543.00,dt,7602000000,BTU,0.85
"Other wet waste","Food waste, residential",55137,"Waushara County",WI,"Lake States",637.4,near-term,wastes,179.3,770.00,dt,10780000000,BTU,1.21
"Other wet waste","Food waste, residential",55139,"Winnebago County",WI,"Lake States",578.57,Emerging,wastes,420.2,5658.00,dt,79212000000,BTU,9.78
"Other wet waste","Food waste, residential",55139,"Winnebago County",WI,"Lake States",578.57,"mature-market high",wastes,420.2,5658.00,dt,79212000000,BTU,9.78
"Other wet waste","Food waste, residential",55139,"Winnebago County",WI,"Lake States",578.57,"mature-market low",wastes,400,5658.00,dt,79212000000,BTU,9.78
"Other wet waste","Food waste, residential",55139,"Winnebago County",WI,"Lake States",578.57,"mature-market medium",wastes,400,5658.00,dt,79212000000,BTU,9.78
"Other wet waste","Food waste, residential",55139,"Winnebago County",WI,"Lake States",578.57,near-term,wastes,400,5317.00,dt,74438000000,BTU,9.19
"Other wet waste","Food waste, residential",55141,"Wood County",WI,"Lake States",809.25,Emerging,wastes,420.2,1736.00,dt,24304000000,BTU,2.15
"Other wet waste","Food waste, residential",55141,"Wood County",WI,"Lake States",809.25,"mature-market high",wastes,420.2,1736.00,dt,24304000000,BTU,2.15
"Other wet waste","Food waste, residential",55141,"Wood County",WI,"Lake States",809.25,"mature-market low",wastes,400,1736.00,dt,24304000000,BTU,2.15
"Other wet waste","Food waste, residential",55141,"Wood County",WI,"Lake States",809.25,"mature-market medium",wastes,400,1736.00,dt,24304000000,BTU,2.15
"Other wet waste","Food waste, residential",55141,"Wood County",WI,"Lake States",809.25,near-term,wastes,400,2344.00,dt,32816000000,BTU,2.90
"Other wet waste","Manure, beef",55001,"Adams County",WI,"Lake States",687.48,Emerging,wastes,59.61,1757.00,dt,22841000000,BTU,2.56
"Other wet waste","Manure, beef",55001,"Adams County",WI,"Lake States",687.48,"mature-market high",wastes,59.61,1757.00,dt,22841000000,BTU,2.56
"Other wet waste","Manure, beef",55001,"Adams County",WI,"Lake States",687.48,"mature-market low",wastes,33.52,1757.00,dt,22841000000,BTU,2.56
"Other wet waste","Manure, beef",55001,"Adams County",WI,"Lake States",687.48,"mature-market medium",wastes,33.52,1757.00,dt,22841000000,BTU,2.56
"Other wet waste","Manure, beef",55001,"Adams County",WI,"Lake States",687.48,near-term,wastes,33.52,1864.00,dt,24232000000,BTU,2.71
"Other wet waste","Manure, beef",55005,"Barron County",WI,"Lake States",889.76,Emerging,wastes,59.61,1766.00,dt,22958000000,BTU,1.98
"Other wet waste","Manure, beef",55005,"Barron County",WI,"Lake States",889.76,"mature-market high",wastes,59.61,1766.00,dt,22958000000,BTU,1.98
"Other wet waste","Manure, beef",55005,"Barron County",WI,"Lake States",889.76,"mature-market low",wastes,33.52,1766.00,dt,22958000000,BTU,1.98
"Other wet waste","Manure, beef",55005,"Barron County",WI,"Lake States",889.76,"mature-market medium",wastes,33.52,1766.00,dt,22958000000,BTU,1.98
"Other wet waste","Manure, beef",55005,"Barron County",WI,"Lake States",889.76,near-term,wastes,33.52,1874.00,dt,24362000000,BTU,2.11
"Other wet waste","Manure, beef",55009,"Brown County",WI,"Lake States",531.24,Emerging,wastes,59.61,4631.00,dt,60203000000,BTU,8.72
"Other wet waste","Manure, beef",55009,"Brown County",WI,"Lake States",531.24,"mature-market high",wastes,59.61,4631.00,dt,60203000000,BTU,8.72
"Other wet waste","Manure, beef",55009,"Brown County",WI,"Lake States",531.24,"mature-market low",wastes,33.52,4631.00,dt,60203000000,BTU,8.72
"Other wet waste","Manure, beef",55009,"Brown County",WI,"Lake States",531.24,"mature-market medium",wastes,33.52,4631.00,dt,60203000000,BTU,8.72
"Other wet waste","Manure, beef",55009,"Brown County",WI,"Lake States",531.24,near-term,wastes,33.52,4914.00,dt,63882000000,BTU,9.25
"Other wet waste","Manure, beef",55011,"Buffalo County",WI,"Lake States",709.59,Emerging,wastes,59.61,142.00,dt,1846000000,BTU,0.20
"Other wet waste","Manure, beef",55011,"Buffalo County",WI,"Lake States",709.59,"mature-market high",wastes,59.61,142.00,dt,1846000000,BTU,0.20
"Other wet waste","Manure, beef",55011,"Buffalo County",WI,"Lake States",709.59,"mature-market low",wastes,33.52,142.00,dt,1846000000,BTU,0.20
"Other wet waste","Manure, beef",55011,"Buffalo County",WI,"Lake States",709.59,"mature-market medium",wastes,33.52,142.00,dt,1846000000,BTU,0.20
"Other wet waste","Manure, beef",55011,"Buffalo County",WI,"Lake States",709.59,near-term,wastes,33.52,151.00,dt,1963000000,BTU,0.21
"Other wet waste","Manure, beef",55013,"Burnett County",WI,"Lake States",880.22,Emerging,wastes,59.61,179.00,dt,2327000000,BTU,0.20
"Other wet waste","Manure, beef",55013,"Burnett County",WI,"Lake States",880.22,"mature-market high",wastes,59.61,179.00,dt,2327000000,BTU,0.20
"Other wet waste","Manure, beef",55013,"Burnett County",WI,"Lake States",880.22,"mature-market low",wastes,33.52,179.00,dt,2327000000,BTU,0.20
"Other wet waste","Manure, beef",55013,"Burnett County",WI,"Lake States",880.22,"mature-market medium",wastes,33.52,179.00,dt,2327000000,BTU,0.20
"Other wet waste","Manure, beef",55013,"Burnett County",WI,"Lake States",880.22,near-term,wastes,33.52,190.00,dt,2470000000,BTU,0.22
"Other wet waste","Manure, beef",55015,"Calumet County",WI,"Lake States",397.08,Emerging,wastes,59.61,2465.00,dt,32045000000,BTU,6.21
"Other wet waste","Manure, beef",55015,"Calumet County",WI,"Lake States",397.08,"mature-market high",wastes,59.61,2465.00,dt,32045000000,BTU,6.21
"Other wet waste","Manure, beef",55015,"Calumet County",WI,"Lake States",397.08,"mature-market low",wastes,33.52,2465.00,dt,32045000000,BTU,6.21
"Other wet waste","Manure, beef",55015,"Calumet County",WI,"Lake States",397.08,"mature-market medium",wastes,33.52,2465.00,dt,32045000000,BTU,6.21
"Other wet waste","Manure, beef",55015,"Calumet County",WI,"Lake States",397.08,near-term,wastes,33.52,2615.00,dt,33995000000,BTU,6.59
"Other wet waste","Manure, beef",55017,"Chippewa County",WI,"Lake States",1041.27,Emerging,wastes,59.61,595.00,dt,7735000000,BTU,0.57
"Other wet waste","Manure, beef",55017,"Chippewa County",WI,"Lake States",1041.27,"mature-market high",wastes,59.61,595.00,dt,7735000000,BTU,0.57
"Other wet waste","Manure, beef",55017,"Chippewa County",WI,"Lake States",1041.27,"mature-market low",wastes,33.52,595.00,dt,7735000000,BTU,0.57
"Other wet waste","Manure, beef",55017,"Chippewa County",WI,"Lake States",1041.27,"mature-market medium",wastes,33.52,595.00,dt,7735000000,BTU,0.57
"Other wet waste","Manure, beef",55017,"Chippewa County",WI,"Lake States",1041.27,near-term,wastes,33.52,631.00,dt,8203000000,BTU,0.61
"Other wet waste","Manure, beef",55019,"Clark County",WI,"Lake States",1218.67,Emerging,wastes,59.61,1397.00,dt,18161000000,BTU,1.15
"Other wet waste","Manure, beef",55019,"Clark County",WI,"Lake States",1218.67,"mature-market high",wastes,59.61,1397.00,dt,18161000000,BTU,1.15
"Other wet waste","Manure, beef",55019,"Clark County",WI,"Lake States",1218.67,"mature-market low",wastes,33.52,1397.00,dt,18161000000,BTU,1.15
"Other wet waste","Manure, beef",55019,"Clark County",WI,"Lake States",1218.67,"mature-market medium",wastes,33.52,1397.00,dt,18161000000,BTU,1.15
"Other wet waste","Manure, beef",55019,"Clark County",WI,"Lake States",1218.67,near-term,wastes,33.52,1482.00,dt,19266000000,BTU,1.22
"Other wet waste","Manure, beef",55021,"Columbia County",WI,"Lake States",795.99,Emerging,wastes,59.61,385.00,dt,5005000000,BTU,0.48
"Other wet waste","Manure, beef",55021,"Columbia County",WI,"Lake States",795.99,"mature-market high",wastes,59.61,385.00,dt,5005000000,BTU,0.48
"Other wet waste","Manure, beef",55021,"Columbia County",WI,"Lake States",795.99,"mature-market low",wastes,33.52,385.00,dt,5005000000,BTU,0.48
"Other wet waste","Manure, beef",55021,"Columbia County",WI,"Lake States",795.99,"mature-market medium",wastes,33.52,385.00,dt,5005000000,BTU,0.48
"Other wet waste","Manure, beef",55021,"Columbia County",WI,"Lake States",795.99,near-term,wastes,33.52,408.00,dt,5304000000,BTU,0.51
"Other wet waste","Manure, beef",55025,"Dane County",WI,"Lake States",1237.5,Emerging,wastes,59.61,7105.00,dt,92365000000,BTU,5.74
"Other wet waste","Manure, beef",55025,"Dane County",WI,"Lake States",1237.5,"mature-market high",wastes,59.61,7105.00,dt,92365000000,BTU,5.74
"Other wet waste","Manure, beef",55025,"Dane County",WI,"Lake States",1237.5,"mature-market low",wastes,33.52,7105.00,dt,92365000000,BTU,5.74
"Other wet waste","Manure, beef",55025,"Dane County",WI,"Lake States",1237.5,"mature-market medium",wastes,33.52,7105.00,dt,92365000000,BTU,5.74
"Other wet waste","Manure, beef",55025,"Dane County",WI,"Lake States",1237.5,near-term,wastes,33.52,7539.00,dt,98007000000,BTU,6.09
"Other wet waste","Manure, beef",55027,"Dodge County",WI,"Lake States",907.1,Emerging,wastes,59.61,4254.00,dt,55302000000,BTU,4.69
"Other wet waste","Manure, beef",55027,"Dodge County",WI,"Lake States",907.1,"mature-market high",wastes,59.61,4254.00,dt,55302000000,BTU,4.69
"Other wet waste","Manure, beef",55027,"Dodge County",WI,"Lake States",907.1,"mature-market low",wastes,33.52,4254.00,dt,55302000000,BTU,4.69
"Other wet waste","Manure, beef",55027,"Dodge County",WI,"Lake States",907.1,"mature-market medium",wastes,33.52,4254.00,dt,55302000000,BTU,4.69
"Other wet waste","Manure, beef",55027,"Dodge County",WI,"Lake States",907.1,near-term,wastes,33.52,4514.00,dt,58682000000,BTU,4.98
"Other wet waste","Manure, beef",55029,"Door County",WI,"Lake States",487.56,Emerging,wastes,59.61,2856.00,dt,37128000000,BTU,5.86
"Other wet waste","Manure, beef",55029,"Door County",WI,"Lake States",487.56,"mature-market high",wastes,59.61,2856.00,dt,37128000000,BTU,5.86
"Other wet waste","Manure, beef",55029,"Door County",WI,"Lake States",487.56,"mature-market low",wastes,33.52,2856.00,dt,37128000000,BTU,5.86
"Other wet waste","Manure, beef",55029,"Door County",WI,"Lake States",487.56,"mature-market medium",wastes,33.52,2856.00,dt,37128000000,BTU,5.86
"Other wet waste","Manure, beef",55029,"Door County",WI,"Lake States",487.56,near-term,wastes,33.52,3030.00,dt,39390000000,BTU,6.21
"Other wet waste","Manure, beef",55033,"Dunn County",WI,"Lake States",863.89,Emerging,wastes,59.61,317.00,dt,4121000000,BTU,0.37
"Other wet waste","Manure, beef",55033,"Dunn County",WI,"Lake States",863.89,"mature-market high",wastes,59.61,317.00,dt,4121000000,BTU,0.37
"Other wet waste","Manure, beef",55033,"Dunn County",WI,"Lake States",863.89,"mature-market low",wastes,33.52,317.00,dt,4121000000,BTU,0.37
"Other wet waste","Manure, beef",55033,"Dunn County",WI,"Lake States",863.89,"mature-market medium",wastes,33.52,317.00,dt,4121000000,BTU,0.37
"Other wet waste","Manure, beef",55033,"Dunn County",WI,"Lake States",863.89,near-term,wastes,33.52,336.00,dt,4368000000,BTU,0.39
"Other wet waste","Manure, beef",55035,"Eau Claire County",WI,"Lake States",645.2,Emerging,wastes,59.61,73.00,dt,949000000,BTU,0.11
"Other wet waste","Manure, beef",55035,"Eau Claire County",WI,"Lake States",645.2,"mature-market high",wastes,59.61,73.00,dt,949000000,BTU,0.11
"Other wet waste","Manure, beef",55035,"Eau Claire County",WI,"Lake States",645.2,"mature-market low",wastes,33.52,73.00,dt,949000000,BTU,0.11
"Other wet waste","Manure, beef",55035,"Eau Claire County",WI,"Lake States",645.2,"mature-market medium",wastes,33.52,73.00,dt,949000000,BTU,0.11
"Other wet waste","Manure, beef",55035,"Eau Claire County",WI,"Lake States",645.2,near-term,wastes,33.52,77.00,dt,1001000000,BTU,0.12
"Other wet waste","Manure, beef",55039,"Fond du Lac County",WI,"Lake States",765.84,Emerging,wastes,59.61,1737.00,dt,22581000000,BTU,2.27
"Other wet waste","Manure, beef",55039,"Fond du Lac County",WI,"Lake States",765.84,"mature-market high",wastes,59.61,1737.00,dt,22581000000,BTU,2.27
"Other wet waste","Manure, beef",55039,"Fond du Lac County",WI,"Lake States",765.84,"mature-market low",wastes,33.52,1737.00,dt,22581000000,BTU,2.27
"Other wet waste","Manure, beef",55039,"Fond du Lac County",WI,"Lake States",765.84,"mature-market medium",wastes,33.52,1737.00,dt,22581000000,BTU,2.27
"Other wet waste","Manure, beef",55039,"Fond du Lac County",WI,"Lake States",765.84,near-term,wastes,33.52,1843.00,dt,23959000000,BTU,2.41
"Other wet waste","Manure, beef",55043,"Grant County",WI,"Lake States",1183.37,Emerging,wastes,59.61,2243.00,dt,29159000000,BTU,1.90
"Other wet waste","Manure, beef",55043,"Grant County",WI,"Lake States",1183.37,"mature-market high",wastes,59.61,2243.00,dt,29159000000,BTU,1.90
"Other wet waste","Manure, beef",55043,"Grant County",WI,"Lake States",1183.37,"mature-market low",wastes,33.52,2243.00,dt,29159000000,BTU,1.90
"Other wet waste","Manure, beef",55043,"Grant County",WI,"Lake States",1183.37,"mature-market medium",wastes,33.52,2243.00,dt,29159000000,BTU,1.90
"Other wet waste","Manure, beef",55043,"Grant County",WI,"Lake States",1183.37,near-term,wastes,33.52,2380.00,dt,30940000000,BTU,2.01
"Other wet waste","Manure, beef",55045,"Green County",WI,"Lake States",584.55,Emerging,wastes,59.61,1435.00,dt,18655000000,BTU,2.45
"Other wet waste","Manure, beef",55045,"Green County",WI,"Lake States",584.55,"mature-market high",wastes,59.61,1435.00,dt,18655000000,BTU,2.45
"Other wet waste","Manure, beef",55045,"Green County",WI,"Lake States",584.55,"mature-market low",wastes,33.52,1435.00,dt,18655000000,BTU,2.45
"Other wet waste","Manure, beef",55045,"Green County",WI,"Lake States",584.55,"mature-market medium",wastes,33.52,1435.00,dt,18655000000,BTU,2.45
"Other wet waste","Manure, beef",55045,"Green County",WI,"Lake States",584.55,near-term,wastes,33.52,1523.00,dt,19799000000,BTU,2.61
"Other wet waste","Manure, beef",55047,"Green Lake County",WI,"Lake States",380.13,Emerging,wastes,59.61,151.00,dt,1963000000,BTU,0.40
"Other wet waste","Manure, beef",55047,"Green Lake County",WI,"Lake States",380.13,"mature-market high",wastes,59.61,151.00,dt,1963000000,BTU,0.40
"Other wet waste","Manure, beef",55047,"Green Lake County",WI,"Lake States",380.13,"mature-market low",wastes,33.52,151.00,dt,1963000000,BTU,0.40
"Other wet waste","Manure, beef",55047,"Green Lake County",WI,"Lake States",380.13,"mature-market medium",wastes,33.52,151.00,dt,1963000000,BTU,0.40
"Other wet waste","Manure, beef",55047,"Green Lake County",WI,"Lake States",380.13,near-term,wastes,33.52,160.00,dt,2080000000,BTU,0.42
"Other wet waste","Manure, beef",55053,"Jackson County",WI,"Lake States",1000.48,Emerging,wastes,59.61,330.00,dt,4290000000,BTU,0.33
"Other wet waste","Manure, beef",55053,"Jackson County",WI,"Lake States",1000.48,"mature-market high",wastes,59.61,330.00,dt,4290000000,BTU,0.33
"Other wet waste","Manure, beef",55053,"Jackson County",WI,"Lake States",1000.48,"mature-market low",wastes,33.52,330.00,dt,4290000000,BTU,0.33
"Other wet waste","Manure, beef",55053,"Jackson County",WI,"Lake States",1000.48,"mature-market medium",wastes,33.52,330.00,dt,4290000000,BTU,0.33
"Other wet waste","Manure, beef",55053,"Jackson County",WI,"Lake States",1000.48,near-term,wastes,33.52,350.00,dt,4550000000,BTU,0.35
"Other wet waste","Manure, beef",55055,"Jefferson County",WI,"Lake States",582.74,Emerging,wastes,59.61,3403.00,dt,44239000000,BTU,5.84
"Other wet waste","Manure, beef",55055,"Jefferson County",WI,"Lake States",582.74,"mature-market high",wastes,59.61,3403.00,dt,44239000000,BTU,5.84
"Other wet waste","Manure, beef",55055,"Jefferson County",WI,"Lake States",582.74,"mature-market low",wastes,33.52,3403.00,dt,44239000000,BTU,5.84
"Other wet waste","Manure, beef",55055,"Jefferson County",WI,"Lake States",582.74,"mature-market medium",wastes,33.52,3403.00,dt,44239000000,BTU,5.84
"Other wet waste","Manure, beef",55055,"Jefferson County",WI,"Lake States",582.74,near-term,wastes,33.52,3611.00,dt,46943000000,BTU,6.20
"Other wet waste","Manure, beef",55061,"Kewaunee County",WI,"Lake States",343.95,Emerging,wastes,26.09,2076.00,dt,26988000000,BTU,6.04
"Other wet waste","Manure, beef",55061,"Kewaunee County",WI,"Lake States",343.95,"mature-market high",wastes,26.09,2076.00,dt,26988000000,BTU,6.04
"Other wet waste","Manure, beef",55061,"Kewaunee County",WI,"Lake States",343.95,"mature-market low",wastes,0,2076.00,dt,26988000000,BTU,6.04
"Other wet waste","Manure, beef",55061,"Kewaunee County",WI,"Lake States",343.95,"mature-market medium",wastes,0,2076.00,dt,26988000000,BTU,6.04
"Other wet waste","Manure, beef",55061,"Kewaunee County",WI,"Lake States",343.95,near-term,wastes,0,2203.00,dt,28639000000,BTU,6.41
"Other wet waste","Manure, beef",55065,"Lafayette County",WI,"Lake States",634.57,Emerging,wastes,59.61,952.00,dt,12376000000,BTU,1.50
"Other wet waste","Manure, beef",55065,"Lafayette County",WI,"Lake States",634.57,"mature-market high",wastes,59.61,952.00,dt,12376000000,BTU,1.50
"Other wet waste","Manure, beef",55065,"Lafayette County",WI,"Lake States",634.57,"mature-market low",wastes,33.52,952.00,dt,12376000000,BTU,1.50
"Other wet waste","Manure, beef",55065,"Lafayette County",WI,"Lake States",634.57,"mature-market medium",wastes,33.52,952.00,dt,12376000000,BTU,1.50
"Other wet waste","Manure, beef",55065,"Lafayette County",WI,"Lake States",634.57,near-term,wastes,33.52,1010.00,dt,13130000000,BTU,1.59
"Other wet waste","Manure, beef",55067,"Langlade County",WI,"Lake States",887.79,Emerging,wastes,59.61,166.00,dt,2158000000,BTU,0.19
"Other wet waste","Manure, beef",55067,"Langlade County",WI,"Lake States",887.79,"mature-market high",wastes,59.61,166.00,dt,2158000000,BTU,0.19
"Other wet waste","Manure, beef",55067,"Langlade County",WI,"Lake States",887.79,"mature-market low",wastes,33.52,166.00,dt,2158000000,BTU,0.19
"Other wet waste","Manure, beef",55067,"Langlade County",WI,"Lake States",887.79,"mature-market medium",wastes,33.52,166.00,dt,2158000000,BTU,0.19
"Other wet waste","Manure, beef",55067,"Langlade County",WI,"Lake States",887.79,near-term,wastes,33.52,176.00,dt,2288000000,BTU,0.20
"Other wet waste","Manure, beef",55071,"Manitowoc County",WI,"Lake States",594.62,Emerging,wastes,59.61,2509.00,dt,32617000000,BTU,4.22
"Other wet waste","Manure, beef",55071,"Manitowoc County",WI,"Lake States",594.62,"mature-market high",wastes,59.61,2509.00,dt,32617000000,BTU,4.22
"Other wet waste","Manure, beef",55071,"Manitowoc County",WI,"Lake States",594.62,"mature-market low",wastes,33.52,2509.00,dt,32617000000,BTU,4.22
"Other wet waste","Manure, beef",55071,"Manitowoc County",WI,"Lake States",594.62,"mature-market medium",wastes,33.52,2509.00,dt,32617000000,BTU,4.22
"Other wet waste","Manure, beef",55071,"Manitowoc County",WI,"Lake States",594.62,near-term,wastes,33.52,2662.00,dt,34606000000,BTU,4.48
"Other wet waste","Manure, beef",55073,"Marathon County",WI,"Lake States",1576.33,Emerging,wastes,59.61,2422.00,dt,31486000000,BTU,1.54
"Other wet waste","Manure, beef",55073,"Marathon County",WI,"Lake States",1576.33,"mature-market high",wastes,59.61,2422.00,dt,31486000000,BTU,1.54
"Other wet waste","Manure, beef",55073,"Marathon County",WI,"Lake States",1576.33,"mature-market low",wastes,33.52,2422.00,dt,31486000000,BTU,1.54
"Other wet waste","Manure, beef",55073,"Marathon County",WI,"Lake States",1576.33,"mature-market medium",wastes,33.52,2422.00,dt,31486000000,BTU,1.54
"Other wet waste","Manure, beef",55073,"Marathon County",WI,"Lake States",1576.33,near-term,wastes,33.52,2570.00,dt,33410000000,BTU,1.63
"Other wet waste","Manure, beef",55075,"Marinette County",WI,"Lake States",1429.25,Emerging,wastes,59.61,2462.00,dt,32006000000,BTU,1.72
"Other wet waste","Manure, beef",55075,"Marinette County",WI,"Lake States",1429.25,"mature-market high",wastes,59.61,2462.00,dt,32006000000,BTU,1.72
"Other wet waste","Manure, beef",55075,"Marinette County",WI,"Lake States",1429.25,"mature-market low",wastes,33.52,2462.00,dt,32006000000,BTU,1.72
"Other wet waste","Manure, beef",55075,"Marinette County",WI,"Lake States",1429.25,"mature-market medium",wastes,33.52,2462.00,dt,32006000000,BTU,1.72
"Other wet waste","Manure, beef",55075,"Marinette County",WI,"Lake States",1429.25,near-term,wastes,33.52,2612.00,dt,33956000000,BTU,1.83
"Other wet waste","Manure, beef",55077,"Marquette County",WI,"Lake States",464.47,Emerging,wastes,59.61,238.00,dt,3094000000,BTU,0.51
"Other wet waste","Manure, beef",55077,"Marquette County",WI,"Lake States",464.47,"mature-market high",wastes,59.61,238.00,dt,3094000000,BTU,0.51
"Other wet waste","Manure, beef",55077,"Marquette County",WI,"Lake States",464.47,"mature-market low",wastes,33.52,238.00,dt,3094000000,BTU,0.51
"Other wet waste","Manure, beef",55077,"Marquette County",WI,"Lake States",464.47,"mature-market medium",wastes,33.52,238.00,dt,3094000000,BTU,0.51
"Other wet waste","Manure, beef",55077,"Marquette County",WI,"Lake States",464.47,near-term,wastes,33.52,252.00,dt,3276000000,BTU,0.54
"Other wet waste","Manure, beef",55083,"Oconto County",WI,"Lake States",1016.31,Emerging,wastes,59.61,1746.00,dt,22698000000,BTU,1.72
"Other wet waste","Manure, beef",55083,"Oconto County",WI,"Lake States",1016.31,"mature-market high",wastes,59.61,1746.00,dt,22698000000,BTU,1.72
"Other wet waste","Manure, beef",55083,"Oconto County",WI,"Lake States",1016.31,"mature-market low",wastes,33.52,1746.00,dt,22698000000,BTU,1.72
"Other wet waste","Manure, beef",55083,"Oconto County",WI,"Lake States",1016.31,"mature-market medium",wastes,33.52,1746.00,dt,22698000000,BTU,1.72
"Other wet waste","Manure, beef",55083,"Oconto County",WI,"Lake States",1016.31,near-term,wastes,33.52,1853.00,dt,24089000000,BTU,1.82
"Other wet waste","Manure, beef",55087,"Outagamie County",WI,"Lake States",644.61,Emerging,wastes,59.61,2403.00,dt,31239000000,BTU,3.73
"Other wet waste","Manure, beef",55087,"Outagamie County",WI,"Lake States",644.61,"mature-market high",wastes,59.61,2403.00,dt,31239000000,BTU,3.73
"Other wet waste","Manure, beef",55087,"Outagamie County",WI,"Lake States",644.61,"mature-market low",wastes,33.52,2403.00,dt,31239000000,BTU,3.73
"Other wet waste","Manure, beef",55087,"Outagamie County",WI,"Lake States",644.61,"mature-market medium",wastes,33.52,2403.00,dt,31239000000,BTU,3.73
"Other wet waste","Manure, beef",55087,"Outagamie County",WI,"Lake States",644.61,near-term,wastes,33.52,2550.00,dt,33150000000,BTU,3.96
"Other wet waste","Manure, beef",55089,"Ozaukee County",WI,"Lake States",235.28,Emerging,wastes,59.61,110.00,dt,1430000000,BTU,0.47
"Other wet waste","Manure, beef",55089,"Ozaukee County",WI,"Lake States",235.28,"mature-market high",wastes,59.61,110.00,dt,1430000000,BTU,0.47
"Other wet waste","Manure, beef",55089,"Ozaukee County",WI,"Lake States",235.28,"mature-market low",wastes,33.52,110.00,dt,1430000000,BTU,0.47
"Other wet waste","Manure, beef",55089,"Ozaukee County",WI,"Lake States",235.28,"mature-market medium",wastes,33.52,110.00,dt,1430000000,BTU,0.47
"Other wet waste","Manure, beef",55089,"Ozaukee County",WI,"Lake States",235.28,near-term,wastes,33.52,117.00,dt,1521000000,BTU,0.50
"Other wet waste","Manure, beef",55091,"Pepin County",WI,"Lake States",248.7,Emerging,wastes,59.61,3664.00,dt,47632000000,BTU,14.73
"Other wet waste","Manure, beef",55091,"Pepin County",WI,"Lake States",248.7,"mature-market high",wastes,59.61,3664.00,dt,47632000000,BTU,14.73
"Other wet waste","Manure, beef",55091,"Pepin County",WI,"Lake States",248.7,"mature-market low",wastes,33.52,3664.00,dt,47632000000,BTU,14.73
"Other wet waste","Manure, beef",55091,"Pepin County",WI,"Lake States",248.7,"mature-market medium",wastes,33.52,3664.00,dt,47632000000,BTU,14.73
"Other wet waste","Manure, beef",55091,"Pepin County",WI,"Lake States",248.7,near-term,wastes,33.52,3888.00,dt,50544000000,BTU,15.63
"Other wet waste","Manure, beef",55093,"Pierce County",WI,"Lake States",592.73,Emerging,wastes,59.61,142.00,dt,1846000000,BTU,0.24
"Other wet waste","Manure, beef",55093,"Pierce County",WI,"Lake States",592.73,"mature-market high",wastes,59.61,142.00,dt,1846000000,BTU,0.24
"Other wet waste","Manure, beef",55093,"Pierce County",WI,"Lake States",592.73,"mature-market low",wastes,33.52,142.00,dt,1846000000,BTU,0.24
"Other wet waste","Manure, beef",55093,"Pierce County",WI,"Lake States",592.73,"mature-market medium",wastes,33.52,142.00,dt,1846000000,BTU,0.24
"Other wet waste","Manure, beef",55093,"Pierce County",WI,"Lake States",592.73,near-term,wastes,33.52,151.00,dt,1963000000,BTU,0.25
"Other wet waste","Manure, beef",55095,"Polk County",WI,"Lake States",956.41,Emerging,wastes,59.61,142.00,dt,1846000000,BTU,0.15
"Other wet waste","Manure, beef",55095,"Polk County",WI,"Lake States",956.41,"mature-market high",wastes,59.61,142.00,dt,1846000000,BTU,0.15
"Other wet waste","Manure, beef",55095,"Polk County",WI,"Lake States",956.41,"mature-market low",wastes,33.52,142.00,dt,1846000000,BTU,0.15
"Other wet waste","Manure, beef",55095,"Polk County",WI,"Lake States",956.41,"mature-market medium",wastes,33.52,142.00,dt,1846000000,BTU,0.15
"Other wet waste","Manure, beef",55095,"Polk County",WI,"Lake States",956.41,near-term,wastes,33.52,151.00,dt,1963000000,BTU,0.16
"Other wet waste","Manure, beef",55097,"Portage County",WI,"Lake States",822.82,Emerging,wastes,59.61,1428.00,dt,18564000000,BTU,1.74
"Other wet waste","Manure, beef",55097,"Portage County",WI,"Lake States",822.82,"mature-market high",wastes,59.61,1428.00,dt,18564000000,BTU,1.74
"Other wet waste","Manure, beef",55097,"Portage County",WI,"Lake States",822.82,"mature-market low",wastes,33.52,1428.00,dt,18564000000,BTU,1.74
"Other wet waste","Manure, beef",55097,"Portage County",WI,"Lake States",822.82,"mature-market medium",wastes,33.52,1428.00,dt,18564000000,BTU,1.74
"Other wet waste","Manure, beef",55097,"Portage County",WI,"Lake States",822.82,near-term,wastes,33.52,1515.00,dt,19695000000,BTU,1.84
"Other wet waste","Manure, beef",55099,"Price County",WI,"Lake States",1278.04,Emerging,wastes,59.61,156.00,dt,2028000000,BTU,0.12
"Other wet waste","Manure, beef",55099,"Price County",WI,"Lake States",1278.04,"mature-market high",wastes,59.61,156.00,dt,2028000000,BTU,0.12
"Other wet waste","Manure, beef",55099,"Price County",WI,"Lake States",1278.04,"mature-market low",wastes,33.52,156.00,dt,2028000000,BTU,0.12
"Other wet waste","Manure, beef",55099,"Price County",WI,"Lake States",1278.04,"mature-market medium",wastes,33.52,156.00,dt,2028000000,BTU,0.12
"Other wet waste","Manure, beef",55099,"Price County",WI,"Lake States",1278.04,near-term,wastes,33.52,165.00,dt,2145000000,BTU,0.13
"Other wet waste","Manure, beef",55103,"Richland County",WI,"Lake States",589.3,Emerging,wastes,59.61,302.00,dt,3926000000,BTU,0.51
"Other wet waste","Manure, beef",55103,"Richland County",WI,"Lake States",589.3,"mature-market high",wastes,59.61,302.00,dt,3926000000,BTU,0.51
"Other wet waste","Manure, beef",55103,"Richland County",WI,"Lake States",589.3,"mature-market low",wastes,33.52,302.00,dt,3926000000,BTU,0.51
"Other wet waste","Manure, beef",55103,"Richland County",WI,"Lake States",589.3,"mature-market medium",wastes,33.52,302.00,dt,3926000000,BTU,0.51
"Other wet waste","Manure, beef",55103,"Richland County",WI,"Lake States",589.3,near-term,wastes,33.52,320.00,dt,4160000000,BTU,0.54
"Other wet waste","Manure, beef",55105,"Rock County",WI,"Lake States",726.16,Emerging,wastes,59.61,1174.00,dt,15262000000,BTU,1.62
"Other wet waste","Manure, beef",55105,"Rock County",WI,"Lake States",726.16,"mature-market high",wastes,59.61,1174.00,dt,15262000000,BTU,1.62
"Other wet waste","Manure, beef",55105,"Rock County",WI,"Lake States",726.16,"mature-market low",wastes,33.52,1174.00,dt,15262000000,BTU,1.62
"Other wet waste","Manure, beef",55105,"Rock County",WI,"Lake States",726.16,"mature-market medium",wastes,33.52,1174.00,dt,15262000000,BTU,1.62
"Other wet waste","Manure, beef",55105,"Rock County",WI,"Lake States",726.16,near-term,wastes,33.52,1246.00,dt,16198000000,BTU,1.72
"Other wet waste","Manure, beef",55109,"St. Croix County",WI,"Lake States",735.19,Emerging,wastes,59.61,309.00,dt,4017000000,BTU,0.42
"Other wet waste","Manure, beef",55109,"St. Croix County",WI,"Lake States",735.19,"mature-market high",wastes,59.61,309.00,dt,4017000000,BTU,0.42
"Other wet waste","Manure, beef",55109,"St. Croix County",WI,"Lake States",735.19,"mature-market low",wastes,33.52,309.00,dt,4017000000,BTU,0.42
"Other wet waste","Manure, beef",55109,"St. Croix County",WI,"Lake States",735.19,"mature-market medium",wastes,33.52,309.00,dt,4017000000,BTU,0.42
"Other wet waste","Manure, beef",55109,"St. Croix County",WI,"Lake States",735.19,near-term,wastes,33.52,328.00,dt,4264000000,BTU,0.45
"Other wet waste","Manure, beef",55111,"Sauk County",WI,"Lake States",849.19,Emerging,wastes,59.61,1110.00,dt,14430000000,BTU,1.31
"Other wet waste","Manure, beef",55111,"Sauk County",WI,"Lake States",849.19,"mature-market high",wastes,59.61,1110.00,dt,14430000000,BTU,1.31
"Other wet waste","Manure, beef",55111,"Sauk County",WI,"Lake States",849.19,"mature-market low",wastes,33.52,1110.00,dt,14430000000,BTU,1.31
"Other wet waste","Manure, beef",55111,"Sauk County",WI,"Lake States",849.19,"mature-market medium",wastes,33.52,1110.00,dt,14430000000,BTU,1.31
"Other wet waste","Manure, beef",55111,"Sauk County",WI,"Lake States",849.19,near-term,wastes,33.52,1178.00,dt,15314000000,BTU,1.39
"Other wet waste","Manure, beef",55113,"Sawyer County",WI,"Lake States",1350.24,Emerging,wastes,59.61,278.00,dt,3614000000,BTU,0.21
"Other wet waste","Manure, beef",55113,"Sawyer County",WI,"Lake States",1350.24,"mature-market high",wastes,59.61,278.00,dt,3614000000,BTU,0.21
"Other wet waste","Manure, beef",55113,"Sawyer County",WI,"Lake States",1350.24,"mature-market low",wastes,33.52,278.00,dt,3614000000,BTU,0.21
"Other wet waste","Manure, beef",55113,"Sawyer County",WI,"Lake States",1350.24,"mature-market medium",wastes,33.52,278.00,dt,3614000000,BTU,0.21
"Other wet waste","Manure, beef",55113,"Sawyer County",WI,"Lake States",1350.24,near-term,wastes,33.52,295.00,dt,3835000000,BTU,0.22
"Other wet waste","Manure, beef",55115,"Shawano County",WI,"Lake States",909.4,Emerging,wastes,59.61,1035.00,dt,13455000000,BTU,1.14
"Other wet waste","Manure, beef",55115,"Shawano County",WI,"Lake States",909.4,"mature-market high",wastes,59.61,1035.00,dt,13455000000,BTU,1.14
"Other wet waste","Manure, beef",55115,"Shawano County",WI,"Lake States",909.4,"mature-market low",wastes,33.52,1035.00,dt,13455000000,BTU,1.14
"Other wet waste","Manure, beef",55115,"Shawano County",WI,"Lake States",909.4,"mature-market medium",wastes,33.52,1035.00,dt,13455000000,BTU,1.14
"Other wet waste","Manure, beef",55115,"Shawano County",WI,"Lake States",909.4,near-term,wastes,33.52,1098.00,dt,14274000000,BTU,1.21
"Other wet waste","Manure, beef",55117,"Sheboygan County",WI,"Lake States",517.64,Emerging,wastes,59.61,1752.00,dt,22776000000,BTU,3.38
"Other wet waste","Manure, beef",55117,"Sheboygan County",WI,"Lake States",517.64,"mature-market high",wastes,59.61,1752.00,dt,22776000000,BTU,3.38
"Other wet waste","Manure, beef",55117,"Sheboygan County",WI,"Lake States",517.64,"mature-market low",wastes,33.52,1752.00,dt,22776000000,BTU,3.38
"Other wet waste","Manure, beef",55117,"Sheboygan County",WI,"Lake States",517.64,"mature-market medium",wastes,33.52,1752.00,dt,22776000000,BTU,3.38
"Other wet waste","Manure, beef",55117,"Sheboygan County",WI,"Lake States",517.64,near-term,wastes,33.52,1859.00,dt,24167000000,BTU,3.59
"Other wet waste","Manure, beef",55121,"Trempealeau County",WI,"Lake States",741.98,Emerging,wastes,59.61,587.00,dt,7631000000,BTU,0.79
"Other wet waste","Manure, beef",55121,"Trempealeau County",WI,"Lake States",741.98,"mature-market high",wastes,59.61,587.00,dt,7631000000,BTU,0.79
"Other wet waste","Manure, beef",55121,"Trempealeau County",WI,"Lake States",741.98,"mature-market low",wastes,33.52,587.00,dt,7631000000,BTU,0.79
"Other wet waste","Manure, beef",55121,"Trempealeau County",WI,"Lake States",741.98,"mature-market medium",wastes,33.52,587.00,dt,7631000000,BTU,0.79
"Other wet waste","Manure, beef",55121,"Trempealeau County",WI,"Lake States",741.98,near-term,wastes,33.52,623.00,dt,8099000000,BTU,0.84
"Other wet waste","Manure, beef",55123,"Vernon County",WI,"Lake States",816.38,Emerging,wastes,59.61,72.00,dt,936000000,BTU,0.09
"Other wet waste","Manure, beef",55123,"Vernon County",WI,"Lake States",816.38,"mature-market high",wastes,59.61,72.00,dt,936000000,BTU,0.09
"Other wet waste","Manure, beef",55123,"Vernon County",WI,"Lake States",816.38,"mature-market low",wastes,33.52,72.00,dt,936000000,BTU,0.09
"Other wet waste","Manure, beef",55123,"Vernon County",WI,"Lake States",816.38,"mature-market medium",wastes,33.52,72.00,dt,936000000,BTU,0.09
"Other wet waste","Manure, beef",55123,"Vernon County",WI,"Lake States",816.38,near-term,wastes,33.52,76.00,dt,988000000,BTU,0.09
"Other wet waste","Manure, beef",55127,"Walworth County",WI,"Lake States",576.6,Emerging,wastes,59.61,502.00,dt,6526000000,BTU,0.87
"Other wet waste","Manure, beef",55127,"Walworth County",WI,"Lake States",576.6,"mature-market high",wastes,59.61,502.00,dt,6526000000,BTU,0.87
"Other wet waste","Manure, beef",55127,"Walworth County",WI,"Lake States",576.6,"mature-market low",wastes,33.52,502.00,dt,6526000000,BTU,0.87
"Other wet waste","Manure, beef",55127,"Walworth County",WI,"Lake States",576.6,"mature-market medium",wastes,33.52,502.00,dt,6526000000,BTU,0.87
"Other wet waste","Manure, beef",55127,"Walworth County",WI,"Lake States",576.6,near-term,wastes,33.52,533.00,dt,6929000000,BTU,0.92
"Other wet waste","Manure, beef",55129,"Washburn County",WI,"Lake States",853.32,Emerging,wastes,59.61,230.00,dt,2990000000,BTU,0.27
"Other wet waste","Manure, beef",55129,"Washburn County",WI,"Lake States",853.32,"mature-market high",wastes,59.61,230.00,dt,2990000000,BTU,0.27
"Other wet waste","Manure, beef",55129,"Washburn County",WI,"Lake States",853.32,"mature-market low",wastes,33.52,230.00,dt,2990000000,BTU,0.27
"Other wet waste","Manure, beef",55129,"Washburn County",WI,"Lake States",853.32,"mature-market medium",wastes,33.52,230.00,dt,2990000000,BTU,0.27
"Other wet waste","Manure, beef",55129,"Washburn County",WI,"Lake States",853.32,near-term,wastes,33.52,244.00,dt,3172000000,BTU,0.29
"Other wet waste","Manure, beef",55131,"Washington County",WI,"Lake States",435.66,Emerging,wastes,59.61,1623.00,dt,21099000000,BTU,3.73
"Other wet waste","Manure, beef",55131,"Washington County",WI,"Lake States",435.66,"mature-market high",wastes,59.61,1623.00,dt,21099000000,BTU,3.73
"Other wet waste","Manure, beef",55131,"Washington County",WI,"Lake States",435.66,"mature-market low",wastes,33.52,1623.00,dt,21099000000,BTU,3.73
"Other wet waste","Manure, beef",55131,"Washington County",WI,"Lake States",435.66,"mature-market medium",wastes,33.52,1623.00,dt,21099000000,BTU,3.73
"Other wet waste","Manure, beef",55131,"Washington County",WI,"Lake States",435.66,near-term,wastes,33.52,1722.00,dt,22386000000,BTU,3.95
"Other wet waste","Manure, beef",55135,"Waupaca County",WI,"Lake States",765.17,Emerging,wastes,59.61,615.00,dt,7995000000,BTU,0.80
"Other wet waste","Manure, beef",55135,"Waupaca County",WI,"Lake States",765.17,"mature-market high",wastes,59.61,615.00,dt,7995000000,BTU,0.80
"Other wet waste","Manure, beef",55135,"Waupaca County",WI,"Lake States",765.17,"mature-market low",wastes,33.52,615.00,dt,7995000000,BTU,0.80
"Other wet waste","Manure, beef",55135,"Waupaca County",WI,"Lake States",765.17,"mature-market medium",wastes,33.52,615.00,dt,7995000000,BTU,0.80
"Other wet waste","Manure, beef",55135,"Waupaca County",WI,"Lake States",765.17,near-term,wastes,33.52,653.00,dt,8489000000,BTU,0.85
"Other wet waste","Manure, beef",55139,"Winnebago County",WI,"Lake States",578.57,Emerging,wastes,59.61,258.00,dt,3354000000,BTU,0.45
"Other wet waste","Manure, beef",55139,"Winnebago County",WI,"Lake States",578.57,"mature-market high",wastes,59.61,258.00,dt,3354000000,BTU,0.45
"Other wet waste","Manure, beef",55139,"Winnebago County",WI,"Lake States",578.57,"mature-market low",wastes,33.52,258.00,dt,3354000000,BTU,0.45
"Other wet waste","Manure, beef",55139,"Winnebago County",WI,"Lake States",578.57,"mature-market medium",wastes,33.52,258.00,dt,3354000000,BTU,0.45
"Other wet waste","Manure, beef",55139,"Winnebago County",WI,"Lake States",578.57,near-term,wastes,33.52,274.00,dt,3562000000,BTU,0.47
"Other wet waste","Manure, beef",55141,"Wood County",WI,"Lake States",809.25,Emerging,wastes,59.61,260.00,dt,3380000000,BTU,0.32
"Other wet waste","Manure, beef",55141,"Wood County",WI,"Lake States",809.25,"mature-market high",wastes,59.61,260.00,dt,3380000000,BTU,0.32
"Other wet waste","Manure, beef",55141,"Wood County",WI,"Lake States",809.25,"mature-market low",wastes,33.52,260.00,dt,3380000000,BTU,0.32
"Other wet waste","Manure, beef",55141,"Wood County",WI,"Lake States",809.25,"mature-market medium",wastes,33.52,260.00,dt,3380000000,BTU,0.32
"Other wet waste","Manure, beef",55141,"Wood County",WI,"Lake States",809.25,near-term,wastes,33.52,276.00,dt,3588000000,BTU,0.34
"Other wet waste","Manure, dairy",55001,"Adams County",WI,"Lake States",687.48,Emerging,wastes,36.68,28556.00,dt,371228000000,BTU,41.54
"Other wet waste","Manure, dairy",55001,"Adams County",WI,"Lake States",687.48,"mature-market high",wastes,36.68,28556.00,dt,371228000000,BTU,41.54
"Other wet waste","Manure, dairy",55001,"Adams County",WI,"Lake States",687.48,"mature-market low",wastes,20.63,28556.00,dt,371228000000,BTU,41.54
"Other wet waste","Manure, dairy",55001,"Adams County",WI,"Lake States",687.48,"mature-market medium",wastes,20.63,28556.00,dt,371228000000,BTU,41.54
"Other wet waste","Manure, dairy",55001,"Adams County",WI,"Lake States",687.48,near-term,wastes,20.63,28089.00,dt,365157000000,BTU,40.86
"Other wet waste","Manure, dairy",55005,"Barron County",WI,"Lake States",889.76,Emerging,wastes,36.68,18268.00,dt,237484000000,BTU,20.53
"Other wet waste","Manure, dairy",55005,"Barron County",WI,"Lake States",889.76,"mature-market high",wastes,36.68,18268.00,dt,237484000000,BTU,20.53
"Other wet waste","Manure, dairy",55005,"Barron County",WI,"Lake States",889.76,"mature-market low",wastes,20.63,18268.00,dt,237484000000,BTU,20.53
"Other wet waste","Manure, dairy",55005,"Barron County",WI,"Lake States",889.76,"mature-market medium",wastes,20.63,18268.00,dt,237484000000,BTU,20.53
"Other wet waste","Manure, dairy",55005,"Barron County",WI,"Lake States",889.76,near-term,wastes,20.63,17969.00,dt,233597000000,BTU,20.20
"Other wet waste","Manure, dairy",55009,"Brown County",WI,"Lake States",531.24,Emerging,wastes,36.68,138098.00,dt,1795274000000,BTU,259.95
"Other wet waste","Manure, dairy",55009,"Brown County",WI,"Lake States",531.24,"mature-market high",wastes,36.68,138098.00,dt,1795274000000,BTU,259.95
"Other wet waste","Manure, dairy",55009,"Brown County",WI,"Lake States",531.24,"mature-market low",wastes,20.63,138098.00,dt,1795274000000,BTU,259.95
"Other wet waste","Manure, dairy",55009,"Brown County",WI,"Lake States",531.24,"mature-market medium",wastes,20.63,138098.00,dt,1795274000000,BTU,259.95
"Other wet waste","Manure, dairy",55009,"Brown County",WI,"Lake States",531.24,near-term,wastes,20.63,135841.00,dt,1765933000000,BTU,255.71
"Other wet waste","Manure, dairy",55011,"Buffalo County",WI,"Lake States",709.59,Emerging,wastes,36.68,4097.00,dt,53261000000,BTU,5.77
"Other wet waste","Manure, dairy",55011,"Buffalo County",WI,"Lake States",709.59,"mature-market high",wastes,36.68,4097.00,dt,53261000000,BTU,5.77
"Other wet waste","Manure, dairy",55011,"Buffalo County",WI,"Lake States",709.59,"mature-market low",wastes,20.63,4097.00,dt,53261000000,BTU,5.77
"Other wet waste","Manure, dairy",55011,"Buffalo County",WI,"Lake States",709.59,"mature-market medium",wastes,20.63,4097.00,dt,53261000000,BTU,5.77
"Other wet waste","Manure, dairy",55011,"Buffalo County",WI,"Lake States",709.59,near-term,wastes,20.63,4030.00,dt,52390000000,BTU,5.68
"Other wet waste","Manure, dairy",55013,"Burnett County",WI,"Lake States",880.22,Emerging,wastes,36.68,2434.00,dt,31642000000,BTU,2.77
"Other wet waste","Manure, dairy",55013,"Burnett County",WI,"Lake States",880.22,"mature-market high",wastes,36.68,2434.00,dt,31642000000,BTU,2.77
"Other wet waste","Manure, dairy",55013,"Burnett County",WI,"Lake States",880.22,"mature-market low",wastes,20.63,2434.00,dt,31642000000,BTU,2.77
"Other wet waste","Manure, dairy",55013,"Burnett County",WI,"Lake States",880.22,"mature-market medium",wastes,20.63,2434.00,dt,31642000000,BTU,2.77
"Other wet waste","Manure, dairy",55013,"Burnett County",WI,"Lake States",880.22,near-term,wastes,20.63,2394.00,dt,31122000000,BTU,2.72
"Other wet waste","Manure, dairy",55015,"Calumet County",WI,"Lake States",397.08,Emerging,wastes,36.68,63824.00,dt,829712000000,BTU,160.73
"Other wet waste","Manure, dairy",55015,"Calumet County",WI,"Lake States",397.08,"mature-market high",wastes,36.68,63824.00,dt,829712000000,BTU,160.73
"Other wet waste","Manure, dairy",55015,"Calumet County",WI,"Lake States",397.08,"mature-market low",wastes,20.63,63824.00,dt,829712000000,BTU,160.73
"Other wet waste","Manure, dairy",55015,"Calumet County",WI,"Lake States",397.08,"mature-market medium",wastes,20.63,63824.00,dt,829712000000,BTU,160.73
"Other wet waste","Manure, dairy",55015,"Calumet County",WI,"Lake States",397.08,near-term,wastes,20.63,62781.00,dt,816153000000,BTU,158.11
"Other wet waste","Manure, dairy",55017,"Chippewa County",WI,"Lake States",1041.27,Emerging,wastes,36.68,6334.00,dt,82342000000,BTU,6.08
"Other wet waste","Manure, dairy",55017,"Chippewa County",WI,"Lake States",1041.27,"mature-market high",wastes,36.68,6334.00,dt,82342000000,BTU,6.08
"Other wet waste","Manure, dairy",55017,"Chippewa County",WI,"Lake States",1041.27,"mature-market low",wastes,20.63,6334.00,dt,82342000000,BTU,6.08
"Other wet waste","Manure, dairy",55017,"Chippewa County",WI,"Lake States",1041.27,"mature-market medium",wastes,20.63,6334.00,dt,82342000000,BTU,6.08
"Other wet waste","Manure, dairy",55017,"Chippewa County",WI,"Lake States",1041.27,near-term,wastes,20.63,6230.00,dt,80990000000,BTU,5.98
"Other wet waste","Manure, dairy",55019,"Clark County",WI,"Lake States",1218.67,Emerging,wastes,36.68,40013.00,dt,520169000000,BTU,32.83
"Other wet waste","Manure, dairy",55019,"Clark County",WI,"Lake States",1218.67,"mature-market high",wastes,36.68,40013.00,dt,520169000000,BTU,32.83
"Other wet waste","Manure, dairy",55019,"Clark County",WI,"Lake States",1218.67,"mature-market low",wastes,20.63,40013.00,dt,520169000000,BTU,32.83
"Other wet waste","Manure, dairy",55019,"Clark County",WI,"Lake States",1218.67,"mature-market medium",wastes,20.63,40013.00,dt,520169000000,BTU,32.83
"Other wet waste","Manure, dairy",55019,"Clark County",WI,"Lake States",1218.67,near-term,wastes,20.63,39359.00,dt,511667000000,BTU,32.30
"Other wet waste","Manure, dairy",55021,"Columbia County",WI,"Lake States",795.99,Emerging,wastes,36.68,757.00,dt,9841000000,BTU,0.95
"Other wet waste","Manure, dairy",55021,"Columbia County",WI,"Lake States",795.99,"mature-market high",wastes,36.68,757.00,dt,9841000000,BTU,0.95
"Other wet waste","Manure, dairy",55021,"Columbia County",WI,"Lake States",795.99,"mature-market low",wastes,20.63,757.00,dt,9841000000,BTU,0.95
"Other wet waste","Manure, dairy",55021,"Columbia County",WI,"Lake States",795.99,"mature-market medium",wastes,20.63,757.00,dt,9841000000,BTU,0.95
"Other wet waste","Manure, dairy",55021,"Columbia County",WI,"Lake States",795.99,near-term,wastes,20.63,745.00,dt,9685000000,BTU,0.94
"Other wet waste","Manure, dairy",55025,"Dane County",WI,"Lake States",1237.5,Emerging,wastes,36.68,46724.00,dt,607412000000,BTU,37.76
"Other wet waste","Manure, dairy",55025,"Dane County",WI,"Lake States",1237.5,"mature-market high",wastes,36.68,46724.00,dt,607412000000,BTU,37.76
"Other wet waste","Manure, dairy",55025,"Dane County",WI,"Lake States",1237.5,"mature-market low",wastes,20.63,46724.00,dt,607412000000,BTU,37.76
"Other wet waste","Manure, dairy",55025,"Dane County",WI,"Lake States",1237.5,"mature-market medium",wastes,20.63,46724.00,dt,607412000000,BTU,37.76
"Other wet waste","Manure, dairy",55025,"Dane County",WI,"Lake States",1237.5,near-term,wastes,20.63,45960.00,dt,597480000000,BTU,37.14
"Other wet waste","Manure, dairy",55027,"Dodge County",WI,"Lake States",907.1,Emerging,wastes,36.68,32997.00,dt,428961000000,BTU,36.38
"Other wet waste","Manure, dairy",55027,"Dodge County",WI,"Lake States",907.1,"mature-market high",wastes,36.68,32997.00,dt,428961000000,BTU,36.38
"Other wet waste","Manure, dairy",55027,"Dodge County",WI,"Lake States",907.1,"mature-market low",wastes,20.63,32997.00,dt,428961000000,BTU,36.38
"Other wet waste","Manure, dairy",55027,"Dodge County",WI,"Lake States",907.1,"mature-market medium",wastes,20.63,32997.00,dt,428961000000,BTU,36.38
"Other wet waste","Manure, dairy",55027,"Dodge County",WI,"Lake States",907.1,near-term,wastes,20.63,32458.00,dt,421954000000,BTU,35.78
"Other wet waste","Manure, dairy",55029,"Door County",WI,"Lake States",487.56,Emerging,wastes,36.68,4819.00,dt,62647000000,BTU,9.88
"Other wet waste","Manure, dairy",55029,"Door County",WI,"Lake States",487.56,"mature-market high",wastes,36.68,4819.00,dt,62647000000,BTU,9.88
"Other wet waste","Manure, dairy",55029,"Door County",WI,"Lake States",487.56,"mature-market low",wastes,20.63,4819.00,dt,62647000000,BTU,9.88
"Other wet waste","Manure, dairy",55029,"Door County",WI,"Lake States",487.56,"mature-market medium",wastes,20.63,4819.00,dt,62647000000,BTU,9.88
"Other wet waste","Manure, dairy",55029,"Door County",WI,"Lake States",487.56,near-term,wastes,20.63,4740.00,dt,61620000000,BTU,9.72
"Other wet waste","Manure, dairy",55033,"Dunn County",WI,"Lake States",863.89,Emerging,wastes,36.68,14732.00,dt,191516000000,BTU,17.05
"Other wet waste","Manure, dairy",55033,"Dunn County",WI,"Lake States",863.89,"mature-market high",wastes,36.68,14732.00,dt,191516000000,BTU,17.05
"Other wet waste","Manure, dairy",55033,"Dunn County",WI,"Lake States",863.89,"mature-market low",wastes,20.63,14732.00,dt,191516000000,BTU,17.05
"Other wet waste","Manure, dairy",55033,"Dunn County",WI,"Lake States",863.89,"mature-market medium",wastes,20.63,14732.00,dt,191516000000,BTU,17.05
"Other wet waste","Manure, dairy",55033,"Dunn County",WI,"Lake States",863.89,near-term,wastes,20.63,14491.00,dt,188383000000,BTU,16.77
"Other wet waste","Manure, dairy",55035,"Eau Claire County",WI,"Lake States",645.2,Emerging,wastes,36.68,1432.00,dt,18616000000,BTU,2.22
"Other wet waste","Manure, dairy",55035,"Eau Claire County",WI,"Lake States",645.2,"mature-market high",wastes,36.68,1432.00,dt,18616000000,BTU,2.22
"Other wet waste","Manure, dairy",55035,"Eau Claire County",WI,"Lake States",645.2,"mature-market low",wastes,20.63,1432.00,dt,18616000000,BTU,2.22
"Other wet waste","Manure, dairy",55035,"Eau Claire County",WI,"Lake States",645.2,"mature-market medium",wastes,20.63,1432.00,dt,18616000000,BTU,2.22
"Other wet waste","Manure, dairy",55035,"Eau Claire County",WI,"Lake States",645.2,near-term,wastes,20.63,1409.00,dt,18317000000,BTU,2.18
"Other wet waste","Manure, dairy",55039,"Fond du Lac County",WI,"Lake States",765.84,Emerging,wastes,36.68,87362.00,dt,1135706000000,BTU,114.07
"Other wet waste","Manure, dairy",55039,"Fond du Lac County",WI,"Lake States",765.84,"mature-market high",wastes,36.68,87362.00,dt,1135706000000,BTU,114.07
"Other wet waste","Manure, dairy",55039,"Fond du Lac County",WI,"Lake States",765.84,"mature-market low",wastes,20.63,87362.00,dt,1135706000000,BTU,114.07
"Other wet waste","Manure, dairy",55039,"Fond du Lac County",WI,"Lake States",765.84,"mature-market medium",wastes,20.63,87362.00,dt,1135706000000,BTU,114.07
"Other wet waste","Manure, dairy",55039,"Fond du Lac County",WI,"Lake States",765.84,near-term,wastes,20.63,85934.00,dt,1117142000000,BTU,112.21
"Other wet waste","Manure, dairy",55043,"Grant County",WI,"Lake States",1183.37,Emerging,wastes,36.68,12625.00,dt,164125000000,BTU,10.67
"Other wet waste","Manure, dairy",55043,"Grant County",WI,"Lake States",1183.37,"mature-market high",wastes,36.68,12625.00,dt,164125000000,BTU,10.67
"Other wet waste","Manure, dairy",55043,"Grant County",WI,"Lake States",1183.37,"mature-market low",wastes,20.63,12625.00,dt,164125000000,BTU,10.67
"Other wet waste","Manure, dairy",55043,"Grant County",WI,"Lake States",1183.37,"mature-market medium",wastes,20.63,12625.00,dt,164125000000,BTU,10.67
"Other wet waste","Manure, dairy",55043,"Grant County",WI,"Lake States",1183.37,near-term,wastes,20.63,12419.00,dt,161447000000,BTU,10.49
"Other wet waste","Manure, dairy",55045,"Green County",WI,"Lake States",584.55,Emerging,wastes,36.68,13026.00,dt,169338000000,BTU,22.28
"Other wet waste","Manure, dairy",55045,"Green County",WI,"Lake States",584.55,"mature-market high",wastes,36.68,13026.00,dt,169338000000,BTU,22.28
"Other wet waste","Manure, dairy",55045,"Green County",WI,"Lake States",584.55,"mature-market low",wastes,20.63,13026.00,dt,169338000000,BTU,22.28
"Other wet waste","Manure, dairy",55045,"Green County",WI,"Lake States",584.55,"mature-market medium",wastes,20.63,13026.00,dt,169338000000,BTU,22.28
"Other wet waste","Manure, dairy",55045,"Green County",WI,"Lake States",584.55,near-term,wastes,20.63,12813.00,dt,166569000000,BTU,21.92
"Other wet waste","Manure, dairy",55047,"Green Lake County",WI,"Lake States",380.13,Emerging,wastes,36.68,10814.00,dt,140582000000,BTU,28.45
"Other wet waste","Manure, dairy",55047,"Green Lake County",WI,"Lake States",380.13,"mature-market high",wastes,36.68,10814.00,dt,140582000000,BTU,28.45
"Other wet waste","Manure, dairy",55047,"Green Lake County",WI,"Lake States",380.13,"mature-market low",wastes,20.63,10814.00,dt,140582000000,BTU,28.45
"Other wet waste","Manure, dairy",55047,"Green Lake County",WI,"Lake States",380.13,"mature-market medium",wastes,20.63,10814.00,dt,140582000000,BTU,28.45
"Other wet waste","Manure, dairy",55047,"Green Lake County",WI,"Lake States",380.13,near-term,wastes,20.63,10637.00,dt,138281000000,BTU,27.98
"Other wet waste","Manure, dairy",55053,"Jackson County",WI,"Lake States",1000.48,Emerging,wastes,36.68,7108.00,dt,92404000000,BTU,7.10
"Other wet waste","Manure, dairy",55053,"Jackson County",WI,"Lake States",1000.48,"mature-market high",wastes,36.68,7108.00,dt,92404000000,BTU,7.10
"Other wet waste","Manure, dairy",55053,"Jackson County",WI,"Lake States",1000.48,"mature-market low",wastes,20.63,7108.00,dt,92404000000,BTU,7.10
"Other wet waste","Manure, dairy",55053,"Jackson County",WI,"Lake States",1000.48,"mature-market medium",wastes,20.63,7108.00,dt,92404000000,BTU,7.10
"Other wet waste","Manure, dairy",55053,"Jackson County",WI,"Lake States",1000.48,near-term,wastes,20.63,6992.00,dt,90896000000,BTU,6.99
"Other wet waste","Manure, dairy",55055,"Jefferson County",WI,"Lake States",582.74,Emerging,wastes,36.68,13878.00,dt,180414000000,BTU,23.82
"Other wet waste","Manure, dairy",55055,"Jefferson County",WI,"Lake States",582.74,"mature-market high",wastes,36.68,13878.00,dt,180414000000,BTU,23.82
"Other wet waste","Manure, dairy",55055,"Jefferson County",WI,"Lake States",582.74,"mature-market low",wastes,20.63,13878.00,dt,180414000000,BTU,23.82
"Other wet waste","Manure, dairy",55055,"Jefferson County",WI,"Lake States",582.74,"mature-market medium",wastes,20.63,13878.00,dt,180414000000,BTU,23.82
"Other wet waste","Manure, dairy",55055,"Jefferson County",WI,"Lake States",582.74,near-term,wastes,20.63,13651.00,dt,177463000000,BTU,23.43
"Other wet waste","Manure, dairy",55061,"Kewaunee County",WI,"Lake States",343.95,Emerging,wastes,16.06,107173.00,dt,1393249000000,BTU,311.59
"Other wet waste","Manure, dairy",55061,"Kewaunee County",WI,"Lake States",343.95,"mature-market high",wastes,16.06,107173.00,dt,1393249000000,BTU,311.59
"Other wet waste","Manure, dairy",55061,"Kewaunee County",WI,"Lake States",343.95,"mature-market low",wastes,0,107173.00,dt,1393249000000,BTU,311.59
"Other wet waste","Manure, dairy",55061,"Kewaunee County",WI,"Lake States",343.95,"mature-market medium",wastes,0,107173.00,dt,1393249000000,BTU,311.59
"Other wet waste","Manure, dairy",55061,"Kewaunee County",WI,"Lake States",343.95,near-term,wastes,0,105421.00,dt,1370473000000,BTU,306.50
"Other wet waste","Manure, dairy",55065,"Lafayette County",WI,"Lake States",634.57,Emerging,wastes,36.68,17938.00,dt,233194000000,BTU,28.27
"Other wet waste","Manure, dairy",55065,"Lafayette County",WI,"Lake States",634.57,"mature-market high",wastes,36.68,17938.00,dt,233194000000,BTU,28.27
"Other wet waste","Manure, dairy",55065,"Lafayette County",WI,"Lake States",634.57,"mature-market low",wastes,20.63,17938.00,dt,233194000000,BTU,28.27
"Other wet waste","Manure, dairy",55065,"Lafayette County",WI,"Lake States",634.57,"mature-market medium",wastes,20.63,17938.00,dt,233194000000,BTU,28.27
"Other wet waste","Manure, dairy",55065,"Lafayette County",WI,"Lake States",634.57,near-term,wastes,20.63,17645.00,dt,229385000000,BTU,27.81
"Other wet waste","Manure, dairy",55067,"Langlade County",WI,"Lake States",887.79,Emerging,wastes,36.68,2957.00,dt,38441000000,BTU,3.33
"Other wet waste","Manure, dairy",55067,"Langlade County",WI,"Lake States",887.79,"mature-market high",wastes,36.68,2957.00,dt,38441000000,BTU,3.33
"Other wet waste","Manure, dairy",55067,"Langlade County",WI,"Lake States",887.79,"mature-market low",wastes,20.63,2957.00,dt,38441000000,BTU,3.33
"Other wet waste","Manure, dairy",55067,"Langlade County",WI,"Lake States",887.79,"mature-market medium",wastes,20.63,2957.00,dt,38441000000,BTU,3.33
"Other wet waste","Manure, dairy",55067,"Langlade County",WI,"Lake States",887.79,near-term,wastes,20.63,2909.00,dt,37817000000,BTU,3.28
"Other wet waste","Manure, dairy",55071,"Manitowoc County",WI,"Lake States",594.62,Emerging,wastes,36.68,61812.00,dt,803556000000,BTU,103.95
"Other wet waste","Manure, dairy",55071,"Manitowoc County",WI,"Lake States",594.62,"mature-market high",wastes,36.68,61812.00,dt,803556000000,BTU,103.95
"Other wet waste","Manure, dairy",55071,"Manitowoc County",WI,"Lake States",594.62,"mature-market low",wastes,20.63,61812.00,dt,803556000000,BTU,103.95
"Other wet waste","Manure, dairy",55071,"Manitowoc County",WI,"Lake States",594.62,"mature-market medium",wastes,20.63,61812.00,dt,803556000000,BTU,103.95
"Other wet waste","Manure, dairy",55071,"Manitowoc County",WI,"Lake States",594.62,near-term,wastes,20.63,60802.00,dt,790426000000,BTU,102.25
"Other wet waste","Manure, dairy",55073,"Marathon County",WI,"Lake States",1576.33,Emerging,wastes,36.68,55986.00,dt,727818000000,BTU,35.52
"Other wet waste","Manure, dairy",55073,"Marathon County",WI,"Lake States",1576.33,"mature-market high",wastes,36.68,55986.00,dt,727818000000,BTU,35.52
"Other wet waste","Manure, dairy",55073,"Marathon County",WI,"Lake States",1576.33,"mature-market low",wastes,20.63,55986.00,dt,727818000000,BTU,35.52
"Other wet waste","Manure, dairy",55073,"Marathon County",WI,"Lake States",1576.33,"mature-market medium",wastes,20.63,55986.00,dt,727818000000,BTU,35.52
"Other wet waste","Manure, dairy",55073,"Marathon County",WI,"Lake States",1576.33,near-term,wastes,20.63,55071.00,dt,715923000000,BTU,34.94
"Other wet waste","Manure, dairy",55075,"Marinette County",WI,"Lake States",1429.25,Emerging,wastes,36.68,23481.00,dt,305253000000,BTU,16.43
"Other wet waste","Manure, dairy",55075,"Marinette County",WI,"Lake States",1429.25,"mature-market high",wastes,36.68,23481.00,dt,305253000000,BTU,16.43
"Other wet waste","Manure, dairy",55075,"Marinette County",WI,"Lake States",1429.25,"mature-market low",wastes,20.63,23481.00,dt,305253000000,BTU,16.43
"Other wet waste","Manure, dairy",55075,"Marinette County",WI,"Lake States",1429.25,"mature-market medium",wastes,20.63,23481.00,dt,305253000000,BTU,16.43
"Other wet waste","Manure, dairy",55075,"Marinette County",WI,"Lake States",1429.25,near-term,wastes,20.63,23097.00,dt,300261000000,BTU,16.16
"Other wet waste","Manure, dairy",55077,"Marquette County",WI,"Lake States",464.47,Emerging,wastes,36.68,4448.00,dt,57824000000,BTU,9.58
"Other wet waste","Manure, dairy",55077,"Marquette County",WI,"Lake States",464.47,"mature-market high",wastes,36.68,4448.00,dt,57824000000,BTU,9.58
"Other wet waste","Manure, dairy",55077,"Marquette County",WI,"Lake States",464.47,"mature-market low",wastes,20.63,4448.00,dt,57824000000,BTU,9.58
"Other wet waste","Manure, dairy",55077,"Marquette County",WI,"Lake States",464.47,"mature-market medium",wastes,20.63,4448.00,dt,57824000000,BTU,9.58
"Other wet waste","Manure, dairy",55077,"Marquette County",WI,"Lake States",464.47,near-term,wastes,20.63,4375.00,dt,56875000000,BTU,9.42
"Other wet waste","Manure, dairy",55081,"Monroe County",WI,"Lake States",908.08,Emerging,wastes,36.68,5568.00,dt,72384000000,BTU,6.13
"Other wet waste","Manure, dairy",55081,"Monroe County",WI,"Lake States",908.08,"mature-market high",wastes,36.68,5568.00,dt,72384000000,BTU,6.13
"Other wet waste","Manure, dairy",55081,"Monroe County",WI,"Lake States",908.08,"mature-market low",wastes,20.63,5568.00,dt,72384000000,BTU,6.13
"Other wet waste","Manure, dairy",55081,"Monroe County",WI,"Lake States",908.08,"mature-market medium",wastes,20.63,5568.00,dt,72384000000,BTU,6.13
"Other wet waste","Manure, dairy",55081,"Monroe County",WI,"Lake States",908.08,near-term,wastes,20.63,5477.00,dt,71201000000,BTU,6.03
"Other wet waste","Manure, dairy",55083,"Oconto County",WI,"Lake States",1016.31,Emerging,wastes,36.68,28161.00,dt,366093000000,BTU,27.71
"Other wet waste","Manure, dairy",55083,"Oconto County",WI,"Lake States",1016.31,"mature-market high",wastes,36.68,28161.00,dt,366093000000,BTU,27.71
"Other wet waste","Manure, dairy",55083,"Oconto County",WI,"Lake States",1016.31,"mature-market low",wastes,20.63,28161.00,dt,366093000000,BTU,27.71
"Other wet waste","Manure, dairy",55083,"Oconto County",WI,"Lake States",1016.31,"mature-market medium",wastes,20.63,28161.00,dt,366093000000,BTU,27.71
"Other wet waste","Manure, dairy",55083,"Oconto County",WI,"Lake States",1016.31,near-term,wastes,20.63,27701.00,dt,360113000000,BTU,27.26
"Other wet waste","Manure, dairy",55087,"Outagamie County",WI,"Lake States",644.61,Emerging,wastes,36.68,64020.00,dt,832260000000,BTU,99.32
"Other wet waste","Manure, dairy",55087,"Outagamie County",WI,"Lake States",644.61,"mature-market high",wastes,36.68,64020.00,dt,832260000000,BTU,99.32
"Other wet waste","Manure, dairy",55087,"Outagamie County",WI,"Lake States",644.61,"mature-market low",wastes,20.63,64020.00,dt,832260000000,BTU,99.32
"Other wet waste","Manure, dairy",55087,"Outagamie County",WI,"Lake States",644.61,"mature-market medium",wastes,20.63,64020.00,dt,832260000000,BTU,99.32
"Other wet waste","Manure, dairy",55087,"Outagamie County",WI,"Lake States",644.61,near-term,wastes,20.63,62974.00,dt,818662000000,BTU,97.69
"Other wet waste","Manure, dairy",55089,"Ozaukee County",WI,"Lake States",235.28,Emerging,wastes,36.68,7231.00,dt,94003000000,BTU,30.73
"Other wet waste","Manure, dairy",55089,"Ozaukee County",WI,"Lake States",235.28,"mature-market high",wastes,36.68,7231.00,dt,94003000000,BTU,30.73
"Other wet waste","Manure, dairy",55089,"Ozaukee County",WI,"Lake States",235.28,"mature-market low",wastes,20.63,7231.00,dt,94003000000,BTU,30.73
"Other wet waste","Manure, dairy",55089,"Ozaukee County",WI,"Lake States",235.28,"mature-market medium",wastes,20.63,7231.00,dt,94003000000,BTU,30.73
"Other wet waste","Manure, dairy",55089,"Ozaukee County",WI,"Lake States",235.28,near-term,wastes,20.63,7113.00,dt,92469000000,BTU,30.23
"Other wet waste","Manure, dairy",55091,"Pepin County",WI,"Lake States",248.7,Emerging,wastes,36.68,6581.00,dt,85553000000,BTU,26.46
"Other wet waste","Manure, dairy",55091,"Pepin County",WI,"Lake States",248.7,"mature-market high",wastes,36.68,6581.00,dt,85553000000,BTU,26.46
"Other wet waste","Manure, dairy",55091,"Pepin County",WI,"Lake States",248.7,"mature-market low",wastes,20.63,6581.00,dt,85553000000,BTU,26.46
"Other wet waste","Manure, dairy",55091,"Pepin County",WI,"Lake States",248.7,"mature-market medium",wastes,20.63,6581.00,dt,85553000000,BTU,26.46
"Other wet waste","Manure, dairy",55091,"Pepin County",WI,"Lake States",248.7,near-term,wastes,20.63,6473.00,dt,84149000000,BTU,26.03
"Other wet waste","Manure, dairy",55093,"Pierce County",WI,"Lake States",592.73,Emerging,wastes,36.68,2134.00,dt,27742000000,BTU,3.60
"Other wet waste","Manure, dairy",55093,"Pierce County",WI,"Lake States",592.73,"mature-market high",wastes,36.68,2134.00,dt,27742000000,BTU,3.60
"Other wet waste","Manure, dairy",55093,"Pierce County",WI,"Lake States",592.73,"mature-market low",wastes,20.63,2134.00,dt,27742000000,BTU,3.60
"Other wet waste","Manure, dairy",55093,"Pierce County",WI,"Lake States",592.73,"mature-market medium",wastes,20.63,2134.00,dt,27742000000,BTU,3.60
"Other wet waste","Manure, dairy",55093,"Pierce County",WI,"Lake States",592.73,near-term,wastes,20.63,2099.00,dt,27287000000,BTU,3.54
"Other wet waste","Manure, dairy",55095,"Polk County",WI,"Lake States",956.41,Emerging,wastes,36.68,6609.00,dt,85917000000,BTU,6.91
"Other wet waste","Manure, dairy",55095,"Polk County",WI,"Lake States",956.41,"mature-market high",wastes,36.68,6609.00,dt,85917000000,BTU,6.91
"Other wet waste","Manure, dairy",55095,"Polk County",WI,"Lake States",956.41,"mature-market low",wastes,20.63,6609.00,dt,85917000000,BTU,6.91
"Other wet waste","Manure, dairy",55095,"Polk County",WI,"Lake States",956.41,"mature-market medium",wastes,20.63,6609.00,dt,85917000000,BTU,6.91
"Other wet waste","Manure, dairy",55095,"Polk County",WI,"Lake States",956.41,near-term,wastes,20.63,6501.00,dt,84513000000,BTU,6.80
"Other wet waste","Manure, dairy",55097,"Portage County",WI,"Lake States",822.82,Emerging,wastes,36.68,6471.00,dt,84123000000,BTU,7.86
"Other wet waste","Manure, dairy",55097,"Portage County",WI,"Lake States",822.82,"mature-market high",wastes,36.68,6471.00,dt,84123000000,BTU,7.86
"Other wet waste","Manure, dairy",55097,"Portage County",WI,"Lake States",822.82,"mature-market low",wastes,20.63,6471.00,dt,84123000000,BTU,7.86
"Other wet waste","Manure, dairy",55097,"Portage County",WI,"Lake States",822.82,"mature-market medium",wastes,20.63,6471.00,dt,84123000000,BTU,7.86
"Other wet waste","Manure, dairy",55097,"Portage County",WI,"Lake States",822.82,near-term,wastes,20.63,6365.00,dt,82745000000,BTU,7.74
"Other wet waste","Manure, dairy",55099,"Price County",WI,"Lake States",1278.04,Emerging,wastes,36.68,6292.00,dt,81796000000,BTU,4.92
"Other wet waste","Manure, dairy",55099,"Price County",WI,"Lake States",1278.04,"mature-market high",wastes,36.68,6292.00,dt,81796000000,BTU,4.92
"Other wet waste","Manure, dairy",55099,"Price County",WI,"Lake States",1278.04,"mature-market low",wastes,20.63,6292.00,dt,81796000000,BTU,4.92
"Other wet waste","Manure, dairy",55099,"Price County",WI,"Lake States",1278.04,"mature-market medium",wastes,20.63,6292.00,dt,81796000000,BTU,4.92
"Other wet waste","Manure, dairy",55099,"Price County",WI,"Lake States",1278.04,near-term,wastes,20.63,6189.00,dt,80457000000,BTU,4.84
"Other wet waste","Manure, dairy",55103,"Richland County",WI,"Lake States",589.3,Emerging,wastes,36.68,3734.00,dt,48542000000,BTU,6.34
"Other wet waste","Manure, dairy",55103,"Richland County",WI,"Lake States",589.3,"mature-market high",wastes,36.68,3734.00,dt,48542000000,BTU,6.34
"Other wet waste","Manure, dairy",55103,"Richland County",WI,"Lake States",589.3,"mature-market low",wastes,20.63,3734.00,dt,48542000000,BTU,6.34
"Other wet waste","Manure, dairy",55103,"Richland County",WI,"Lake States",589.3,"mature-market medium",wastes,20.63,3734.00,dt,48542000000,BTU,6.34
"Other wet waste","Manure, dairy",55103,"Richland County",WI,"Lake States",589.3,near-term,wastes,20.63,3673.00,dt,47749000000,BTU,6.23
"Other wet waste","Manure, dairy",55105,"Rock County",WI,"Lake States",726.16,Emerging,wastes,36.68,7927.00,dt,103051000000,BTU,10.92
"Other wet waste","Manure, dairy",55105,"Rock County",WI,"Lake States",726.16,"mature-market high",wastes,36.68,7927.00,dt,103051000000,BTU,10.92
"Other wet waste","Manure, dairy",55105,"Rock County",WI,"Lake States",726.16,"mature-market low",wastes,20.63,7927.00,dt,103051000000,BTU,10.92
"Other wet waste","Manure, dairy",55105,"Rock County",WI,"Lake States",726.16,"mature-market medium",wastes,20.63,7927.00,dt,103051000000,BTU,10.92
"Other wet waste","Manure, dairy",55105,"Rock County",WI,"Lake States",726.16,near-term,wastes,20.63,7797.00,dt,101361000000,BTU,10.74
"Other wet waste","Manure, dairy",55109,"St. Croix County",WI,"Lake States",735.19,Emerging,wastes,36.68,4474.00,dt,58162000000,BTU,6.09
"Other wet waste","Manure, dairy",55109,"St. Croix County",WI,"Lake States",735.19,"mature-market high",wastes,36.68,4474.00,dt,58162000000,BTU,6.09
"Other wet waste","Manure, dairy",55109,"St. Croix County",WI,"Lake States",735.19,"mature-market low",wastes,20.63,4474.00,dt,58162000000,BTU,6.09
"Other wet waste","Manure, dairy",55109,"St. Croix County",WI,"Lake States",735.19,"mature-market medium",wastes,20.63,4474.00,dt,58162000000,BTU,6.09
"Other wet waste","Manure, dairy",55109,"St. Croix County",WI,"Lake States",735.19,near-term,wastes,20.63,4401.00,dt,57213000000,BTU,5.99
"Other wet waste","Manure, dairy",55113,"Sawyer County",WI,"Lake States",1350.24,Emerging,wastes,36.68,4379.00,dt,56927000000,BTU,3.24
"Other wet waste","Manure, dairy",55113,"Sawyer County",WI,"Lake States",1350.24,"mature-market high",wastes,36.68,4379.00,dt,56927000000,BTU,3.24
"Other wet waste","Manure, dairy",55113,"Sawyer County",WI,"Lake States",1350.24,"mature-market low",wastes,20.63,4379.00,dt,56927000000,BTU,3.24
"Other wet waste","Manure, dairy",55113,"Sawyer County",WI,"Lake States",1350.24,"mature-market medium",wastes,20.63,4379.00,dt,56927000000,BTU,3.24
"Other wet waste","Manure, dairy",55113,"Sawyer County",WI,"Lake States",1350.24,near-term,wastes,20.63,4307.00,dt,55991000000,BTU,3.19
"Other wet waste","Manure, dairy",55115,"Shawano County",WI,"Lake States",909.4,Emerging,wastes,36.68,38061.00,dt,494793000000,BTU,41.85
"Other wet waste","Manure, dairy",55115,"Shawano County",WI,"Lake States",909.4,"mature-market high",wastes,36.68,38061.00,dt,494793000000,BTU,41.85
"Other wet waste","Manure, dairy",55115,"Shawano County",WI,"Lake States",909.4,"mature-market low",wastes,20.63,38061.00,dt,494793000000,BTU,41.85
"Other wet waste","Manure, dairy",55115,"Shawano County",WI,"Lake States",909.4,"mature-market medium",wastes,20.63,38061.00,dt,494793000000,BTU,41.85
"Other wet waste","Manure, dairy",55115,"Shawano County",WI,"Lake States",909.4,near-term,wastes,20.63,37439.00,dt,486707000000,BTU,41.17
"Other wet waste","Manure, dairy",55117,"Sheboygan County",WI,"Lake States",517.64,Emerging,wastes,36.68,51584.00,dt,670592000000,BTU,99.65
"Other wet waste","Manure, dairy",55117,"Sheboygan County",WI,"Lake States",517.64,"mature-market high",wastes,36.68,51584.00,dt,670592000000,BTU,99.65
"Other wet waste","Manure, dairy",55117,"Sheboygan County",WI,"Lake States",517.64,"mature-market low",wastes,20.63,51584.00,dt,670592000000,BTU,99.65
"Other wet waste","Manure, dairy",55117,"Sheboygan County",WI,"Lake States",517.64,"mature-market medium",wastes,20.63,51584.00,dt,670592000000,BTU,99.65
"Other wet waste","Manure, dairy",55117,"Sheboygan County",WI,"Lake States",517.64,near-term,wastes,20.63,50741.00,dt,659633000000,BTU,98.02
"Other wet waste","Manure, dairy",55121,"Trempealeau County",WI,"Lake States",741.98,Emerging,wastes,36.68,4488.00,dt,58344000000,BTU,6.05
"Other wet waste","Manure, dairy",55121,"Trempealeau County",WI,"Lake States",741.98,"mature-market high",wastes,36.68,4488.00,dt,58344000000,BTU,6.05
"Other wet waste","Manure, dairy",55121,"Trempealeau County",WI,"Lake States",741.98,"mature-market low",wastes,20.63,4488.00,dt,58344000000,BTU,6.05
"Other wet waste","Manure, dairy",55121,"Trempealeau County",WI,"Lake States",741.98,"mature-market medium",wastes,20.63,4488.00,dt,58344000000,BTU,6.05
"Other wet waste","Manure, dairy",55121,"Trempealeau County",WI,"Lake States",741.98,near-term,wastes,20.63,4415.00,dt,57395000000,BTU,5.95
"Other wet waste","Manure, dairy",55123,"Vernon County",WI,"Lake States",816.38,Emerging,wastes,36.68,7774.00,dt,101062000000,BTU,9.52
"Other wet waste","Manure, dairy",55123,"Vernon County",WI,"Lake States",816.38,"mature-market high",wastes,36.68,7774.00,dt,101062000000,BTU,9.52
"Other wet waste","Manure, dairy",55123,"Vernon County",WI,"Lake States",816.38,"mature-market low",wastes,20.63,7774.00,dt,101062000000,BTU,9.52
"Other wet waste","Manure, dairy",55123,"Vernon County",WI,"Lake States",816.38,"mature-market medium",wastes,20.63,7774.00,dt,101062000000,BTU,9.52
"Other wet waste","Manure, dairy",55123,"Vernon County",WI,"Lake States",816.38,near-term,wastes,20.63,7647.00,dt,99411000000,BTU,9.37
"Other wet waste","Manure, dairy",55127,"Walworth County",WI,"Lake States",576.6,Emerging,wastes,36.68,11152.00,dt,144976000000,BTU,19.34
"Other wet waste","Manure, dairy",55127,"Walworth County",WI,"Lake States",576.6,"mature-market high",wastes,36.68,11152.00,dt,144976000000,BTU,19.34
"Other wet waste","Manure, dairy",55127,"Walworth County",WI,"Lake States",576.6,"mature-market low",wastes,20.63,11152.00,dt,144976000000,BTU,19.34
"Other wet waste","Manure, dairy",55127,"Walworth County",WI,"Lake States",576.6,"mature-market medium",wastes,20.63,11152.00,dt,144976000000,BTU,19.34
"Other wet waste","Manure, dairy",55127,"Walworth County",WI,"Lake States",576.6,near-term,wastes,20.63,10970.00,dt,142610000000,BTU,19.03
"Other wet waste","Manure, dairy",55129,"Washburn County",WI,"Lake States",853.32,Emerging,wastes,36.68,2327.00,dt,30251000000,BTU,2.73
"Other wet waste","Manure, dairy",55129,"Washburn County",WI,"Lake States",853.32,"mature-market high",wastes,36.68,2327.00,dt,30251000000,BTU,2.73
"Other wet waste","Manure, dairy",55129,"Washburn County",WI,"Lake States",853.32,"mature-market low",wastes,20.63,2327.00,dt,30251000000,BTU,2.73
"Other wet waste","Manure, dairy",55129,"Washburn County",WI,"Lake States",853.32,"mature-market medium",wastes,20.63,2327.00,dt,30251000000,BTU,2.73
"Other wet waste","Manure, dairy",55129,"Washburn County",WI,"Lake States",853.32,near-term,wastes,20.63,2289.00,dt,29757000000,BTU,2.68
"Other wet waste","Manure, dairy",55131,"Washington County",WI,"Lake States",435.66,Emerging,wastes,36.68,7732.00,dt,100516000000,BTU,17.75
"Other wet waste","Manure, dairy",55131,"Washington County",WI,"Lake States",435.66,"mature-market high",wastes,36.68,7732.00,dt,100516000000,BTU,17.75
"Other wet waste","Manure, dairy",55131,"Washington County",WI,"Lake States",435.66,"mature-market low",wastes,20.63,7732.00,dt,100516000000,BTU,17.75
"Other wet waste","Manure, dairy",55131,"Washington County",WI,"Lake States",435.66,"mature-market medium",wastes,20.63,7732.00,dt,100516000000,BTU,17.75
"Other wet waste","Manure, dairy",55131,"Washington County",WI,"Lake States",435.66,near-term,wastes,20.63,7606.00,dt,98878000000,BTU,17.46
"Other wet waste","Manure, dairy",55135,"Waupaca County",WI,"Lake States",765.17,Emerging,wastes,36.68,17331.00,dt,225303000000,BTU,22.65
"Other wet waste","Manure, dairy",55135,"Waupaca County",WI,"Lake States",765.17,"mature-market high",wastes,36.68,17331.00,dt,225303000000,BTU,22.65
"Other wet waste","Manure, dairy",55135,"Waupaca County",WI,"Lake States",765.17,"mature-market low",wastes,20.63,17331.00,dt,225303000000,BTU,22.65
"Other wet waste","Manure, dairy",55135,"Waupaca County",WI,"Lake States",765.17,"mature-market medium",wastes,20.63,17331.00,dt,225303000000,BTU,22.65
"Other wet waste","Manure, dairy",55135,"Waupaca County",WI,"Lake States",765.17,near-term,wastes,20.63,17048.00,dt,221624000000,BTU,22.28
"Other wet waste","Manure, dairy",55137,"Waushara County",WI,"Lake States",637.4,Emerging,wastes,36.68,6609.00,dt,85917000000,BTU,10.37
"Other wet waste","Manure, dairy",55137,"Waushara County",WI,"Lake States",637.4,"mature-market high",wastes,36.68,6609.00,dt,85917000000,BTU,10.37
"Other wet waste","Manure, dairy",55137,"Waushara County",WI,"Lake States",637.4,"mature-market low",wastes,20.63,6609.00,dt,85917000000,BTU,10.37
"Other wet waste","Manure, dairy",55137,"Waushara County",WI,"Lake States",637.4,"mature-market medium",wastes,20.63,6609.00,dt,85917000000,BTU,10.37
"Other wet waste","Manure, dairy",55137,"Waushara County",WI,"Lake States",637.4,near-term,wastes,20.63,6501.00,dt,84513000000,BTU,10.20
"Other wet waste","Manure, dairy",55139,"Winnebago County",WI,"Lake States",578.57,Emerging,wastes,36.68,10999.00,dt,142987000000,BTU,19.01
"Other wet waste","Manure, dairy",55139,"Winnebago County",WI,"Lake States",578.57,"mature-market high",wastes,36.68,10999.00,dt,142987000000,BTU,19.01
"Other wet waste","Manure, dairy",55139,"Winnebago County",WI,"Lake States",578.57,"mature-market low",wastes,20.63,10999.00,dt,142987000000,BTU,19.01
"Other wet waste","Manure, dairy",55139,"Winnebago County",WI,"Lake States",578.57,"mature-market medium",wastes,20.63,10999.00,dt,142987000000,BTU,19.01
"Other wet waste","Manure, dairy",55139,"Winnebago County",WI,"Lake States",578.57,near-term,wastes,20.63,10819.00,dt,140647000000,BTU,18.70
"Other wet waste","Manure, dairy",55141,"Wood County",WI,"Lake States",809.25,Emerging,wastes,36.68,16500.00,dt,214500000000,BTU,20.39
"Other wet waste","Manure, dairy",55141,"Wood County",WI,"Lake States",809.25,"mature-market high",wastes,36.68,16500.00,dt,214500000000,BTU,20.39
"Other wet waste","Manure, dairy",55141,"Wood County",WI,"Lake States",809.25,"mature-market low",wastes,20.63,16500.00,dt,214500000000,BTU,20.39
"Other wet waste","Manure, dairy",55141,"Wood County",WI,"Lake States",809.25,"mature-market medium",wastes,20.63,16500.00,dt,214500000000,BTU,20.39
"Other wet waste","Manure, dairy",55141,"Wood County",WI,"Lake States",809.25,near-term,wastes,20.63,16230.00,dt,210990000000,BTU,20.06
"Other wet waste","Manure, swine",55017,"Chippewa County",WI,"Lake States",1041.27,Emerging,wastes,47.69,765.00,dt,9945000000,BTU,0.73
"Other wet waste","Manure, swine",55017,"Chippewa County",WI,"Lake States",1041.27,"mature-market high",wastes,47.69,765.00,dt,9945000000,BTU,0.73
"Other wet waste","Manure, swine",55017,"Chippewa County",WI,"Lake States",1041.27,"mature-market low",wastes,26.82,765.00,dt,9945000000,BTU,0.73
"Other wet waste","Manure, swine",55017,"Chippewa County",WI,"Lake States",1041.27,"mature-market medium",wastes,26.82,765.00,dt,9945000000,BTU,0.73
"Other wet waste","Manure, swine",55017,"Chippewa County",WI,"Lake States",1041.27,near-term,wastes,26.82,694.00,dt,9022000000,BTU,0.67
"Other wet waste","Manure, swine",55021,"Columbia County",WI,"Lake States",795.99,Emerging,wastes,47.69,278.00,dt,3614000000,BTU,0.35
"Other wet waste","Manure, swine",55021,"Columbia County",WI,"Lake States",795.99,"mature-market high",wastes,47.69,278.00,dt,3614000000,BTU,0.35
"Other wet waste","Manure, swine",55021,"Columbia County",WI,"Lake States",795.99,"mature-market low",wastes,26.82,278.00,dt,3614000000,BTU,0.35
"Other wet waste","Manure, swine",55021,"Columbia County",WI,"Lake States",795.99,"mature-market medium",wastes,26.82,278.00,dt,3614000000,BTU,0.35
"Other wet waste","Manure, swine",55021,"Columbia County",WI,"Lake States",795.99,near-term,wastes,26.82,252.00,dt,3276000000,BTU,0.32
"Other wet waste","Manure, swine",55023,"Crawford County",WI,"Lake States",599.21,Emerging,wastes,47.69,459.00,dt,5967000000,BTU,0.77
"Other wet waste","Manure, swine",55023,"Crawford County",WI,"Lake States",599.21,"mature-market high",wastes,47.69,459.00,dt,5967000000,BTU,0.77
"Other wet waste","Manure, swine",55023,"Crawford County",WI,"Lake States",599.21,"mature-market low",wastes,26.82,459.00,dt,5967000000,BTU,0.77
"Other wet waste","Manure, swine",55023,"Crawford County",WI,"Lake States",599.21,"mature-market medium",wastes,26.82,459.00,dt,5967000000,BTU,0.77
"Other wet waste","Manure, swine",55023,"Crawford County",WI,"Lake States",599.21,near-term,wastes,26.82,416.00,dt,5408000000,BTU,0.69
"Other wet waste","Manure, swine",55043,"Grant County",WI,"Lake States",1183.37,Emerging,wastes,47.69,3896.00,dt,50648000000,BTU,3.29
"Other wet waste","Manure, swine",55043,"Grant County",WI,"Lake States",1183.37,"mature-market high",wastes,47.69,3896.00,dt,50648000000,BTU,3.29
"Other wet waste","Manure, swine",55043,"Grant County",WI,"Lake States",1183.37,"mature-market low",wastes,26.82,3896.00,dt,50648000000,BTU,3.29
"Other wet waste","Manure, swine",55043,"Grant County",WI,"Lake States",1183.37,"mature-market medium",wastes,26.82,3896.00,dt,50648000000,BTU,3.29
"Other wet waste","Manure, swine",55043,"Grant County",WI,"Lake States",1183.37,near-term,wastes,26.82,3535.00,dt,45955000000,BTU,2.99
"Other wet waste","Manure, swine",55063,"La Crosse County",WI,"Lake States",480.05,Emerging,wastes,47.69,906.00,dt,11778000000,BTU,1.89
"Other wet waste","Manure, swine",55063,"La Crosse County",WI,"Lake States",480.05,"mature-market high",wastes,47.69,906.00,dt,11778000000,BTU,1.89
"Other wet waste","Manure, swine",55063,"La Crosse County",WI,"Lake States",480.05,"mature-market low",wastes,26.82,906.00,dt,11778000000,BTU,1.89
"Other wet waste","Manure, swine",55063,"La Crosse County",WI,"Lake States",480.05,"mature-market medium",wastes,26.82,906.00,dt,11778000000,BTU,1.89
"Other wet waste","Manure, swine",55063,"La Crosse County",WI,"Lake States",480.05,near-term,wastes,26.82,822.00,dt,10686000000,BTU,1.71
"Other wet waste","Manure, swine",55065,"Lafayette County",WI,"Lake States",634.57,Emerging,wastes,47.69,765.00,dt,9945000000,BTU,1.21
"Other wet waste","Manure, swine",55065,"Lafayette County",WI,"Lake States",634.57,"mature-market high",wastes,47.69,765.00,dt,9945000000,BTU,1.21
"Other wet waste","Manure, swine",55065,"Lafayette County",WI,"Lake States",634.57,"mature-market low",wastes,26.82,765.00,dt,9945000000,BTU,1.21
"Other wet waste","Manure, swine",55065,"Lafayette County",WI,"Lake States",634.57,"mature-market medium",wastes,26.82,765.00,dt,9945000000,BTU,1.21
"Other wet waste","Manure, swine",55065,"Lafayette County",WI,"Lake States",634.57,near-term,wastes,26.82,694.00,dt,9022000000,BTU,1.09
"Other wet waste","Manure, swine",55103,"Richland County",WI,"Lake States",589.3,Emerging,wastes,47.69,783.00,dt,10179000000,BTU,1.33
"Other wet waste","Manure, swine",55103,"Richland County",WI,"Lake States",589.3,"mature-market high",wastes,47.69,783.00,dt,10179000000,BTU,1.33
"Other wet waste","Manure, swine",55103,"Richland County",WI,"Lake States",589.3,"mature-market low",wastes,26.82,783.00,dt,10179000000,BTU,1.33
"Other wet waste","Manure, swine",55103,"Richland County",WI,"Lake States",589.3,"mature-market medium",wastes,26.82,783.00,dt,10179000000,BTU,1.33
"Other wet waste","Manure, swine",55103,"Richland County",WI,"Lake States",589.3,near-term,wastes,26.82,710.00,dt,9230000000,BTU,1.20
"Other wet waste","Manure, swine",55105,"Rock County",WI,"Lake States",726.16,Emerging,wastes,47.69,601.00,dt,7813000000,BTU,0.83
"Other wet waste","Manure, swine",55105,"Rock County",WI,"Lake States",726.16,"mature-market high",wastes,47.69,601.00,dt,7813000000,BTU,0.83
"Other wet waste","Manure, swine",55105,"Rock County",WI,"Lake States",726.16,"mature-market low",wastes,26.82,601.00,dt,7813000000,BTU,0.83
"Other wet waste","Manure, swine",55105,"Rock County",WI,"Lake States",726.16,"mature-market medium",wastes,26.82,601.00,dt,7813000000,BTU,0.83
"Other wet waste","Manure, swine",55105,"Rock County",WI,"Lake States",726.16,near-term,wastes,26.82,545.00,dt,7085000000,BTU,0.75
"Other wet waste","Manure, swine",55111,"Sauk County",WI,"Lake States",849.19,Emerging,wastes,47.69,6083.00,dt,79079000000,BTU,7.16
"Other wet waste","Manure, swine",55111,"Sauk County",WI,"Lake States",849.19,"mature-market high",wastes,47.69,6083.00,dt,79079000000,BTU,7.16
"Other wet waste","Manure, swine",55111,"Sauk County",WI,"Lake States",849.19,"mature-market low",wastes,26.82,6083.00,dt,79079000000,BTU,7.16
"Other wet waste","Manure, swine",55111,"Sauk County",WI,"Lake States",849.19,"mature-market medium",wastes,26.82,6083.00,dt,79079000000,BTU,7.16
"Other wet waste","Manure, swine",55111,"Sauk County",WI,"Lake States",849.19,near-term,wastes,26.82,5519.00,dt,71747000000,BTU,6.50
"Other wet waste","Manure, swine",55129,"Washburn County",WI,"Lake States",853.32,Emerging,wastes,47.69,1.00,dt,13000000,BTU,0.00
"Other wet waste","Manure, swine",55129,"Washburn County",WI,"Lake States",853.32,"mature-market high",wastes,47.69,1.00,dt,13000000,BTU,0.00
"Other wet waste","Manure, swine",55129,"Washburn County",WI,"Lake States",853.32,"mature-market low",wastes,26.82,1.00,dt,13000000,BTU,0.00
"Other wet waste","Manure, swine",55129,"Washburn County",WI,"Lake States",853.32,"mature-market medium",wastes,26.82,1.00,dt,13000000,BTU,0.00
"Other wet waste",Sludge,55001,"Adams County",WI,"Lake States",687.48,Emerging,wastes,260.2,52.00,dt,676000000,BTU,0.08
"Other wet waste",Sludge,55001,"Adams County",WI,"Lake States",687.48,"mature-market high",wastes,260.2,52.00,dt,676000000,BTU,0.08
"Other wet waste",Sludge,55001,"Adams County",WI,"Lake States",687.48,"mature-market low",wastes,240,52.00,dt,676000000,BTU,0.08
"Other wet waste",Sludge,55001,"Adams County",WI,"Lake States",687.48,"mature-market medium",wastes,240,52.00,dt,676000000,BTU,0.08
"Other wet waste",Sludge,55001,"Adams County",WI,"Lake States",687.48,near-term,wastes,240,84.00,dt,1092000000,BTU,0.12
"Other wet waste",Sludge,55003,"Ashland County",WI,"Lake States",1054.13,Emerging,wastes,260.2,530.00,dt,6890000000,BTU,0.50
"Other wet waste",Sludge,55003,"Ashland County",WI,"Lake States",1054.13,"mature-market high",wastes,260.2,530.00,dt,6890000000,BTU,0.50
"Other wet waste",Sludge,55003,"Ashland County",WI,"Lake States",1054.13,"mature-market low",wastes,240,530.00,dt,6890000000,BTU,0.50
"Other wet waste",Sludge,55003,"Ashland County",WI,"Lake States",1054.13,"mature-market medium",wastes,240,530.00,dt,6890000000,BTU,0.50
"Other wet waste",Sludge,55003,"Ashland County",WI,"Lake States",1054.13,near-term,wastes,240,694.00,dt,9022000000,BTU,0.66
"Other wet waste",Sludge,55005,"Barron County",WI,"Lake States",889.76,Emerging,wastes,260.2,987.00,dt,12831000000,BTU,1.11
"Other wet waste",Sludge,55005,"Barron County",WI,"Lake States",889.76,"mature-market high",wastes,260.2,987.00,dt,12831000000,BTU,1.11
"Other wet waste",Sludge,55005,"Barron County",WI,"Lake States",889.76,"mature-market low",wastes,240,987.00,dt,12831000000,BTU,1.11
"Other wet waste",Sludge,55005,"Barron County",WI,"Lake States",889.76,"mature-market medium",wastes,240,987.00,dt,12831000000,BTU,1.11
"Other wet waste",Sludge,55005,"Barron County",WI,"Lake States",889.76,near-term,wastes,240,1232.00,dt,16016000000,BTU,1.38
"Other wet waste",Sludge,55007,"Bayfield County",WI,"Lake States",1511.34,Emerging,wastes,260.2,233.00,dt,3029000000,BTU,0.15
"Other wet waste",Sludge,55007,"Bayfield County",WI,"Lake States",1511.34,"mature-market high",wastes,260.2,233.00,dt,3029000000,BTU,0.15
"Other wet waste",Sludge,55007,"Bayfield County",WI,"Lake States",1511.34,"mature-market low",wastes,240,233.00,dt,3029000000,BTU,0.15
"Other wet waste",Sludge,55007,"Bayfield County",WI,"Lake States",1511.34,"mature-market medium",wastes,240,233.00,dt,3029000000,BTU,0.15
"Other wet waste",Sludge,55007,"Bayfield County",WI,"Lake States",1511.34,near-term,wastes,240,274.00,dt,3562000000,BTU,0.18
"Other wet waste",Sludge,55009,"Brown County",WI,"Lake States",531.24,Emerging,wastes,225.91,14518.00,dt,188734000000,BTU,27.33
"Other wet waste",Sludge,55009,"Brown County",WI,"Lake States",531.24,"mature-market high",wastes,225.91,14518.00,dt,188734000000,BTU,27.33
"Other wet waste",Sludge,55009,"Brown County",WI,"Lake States",531.24,"mature-market low",wastes,205.71,14518.00,dt,188734000000,BTU,27.33
"Other wet waste",Sludge,55009,"Brown County",WI,"Lake States",531.24,"mature-market medium",wastes,205.71,14518.00,dt,188734000000,BTU,27.33
"Other wet waste",Sludge,55009,"Brown County",WI,"Lake States",531.24,near-term,wastes,205.71,12454.00,dt,161902000000,BTU,23.44
"Other wet waste",Sludge,55011,"Buffalo County",WI,"Lake States",709.59,Emerging,wastes,260.2,137.00,dt,1781000000,BTU,0.19
"Other wet waste",Sludge,55011,"Buffalo County",WI,"Lake States",709.59,"mature-market high",wastes,260.2,137.00,dt,1781000000,BTU,0.19
"Other wet waste",Sludge,55011,"Buffalo County",WI,"Lake States",709.59,"mature-market low",wastes,240,137.00,dt,1781000000,BTU,0.19
"Other wet waste",Sludge,55011,"Buffalo County",WI,"Lake States",709.59,"mature-market medium",wastes,240,137.00,dt,1781000000,BTU,0.19
"Other wet waste",Sludge,55011,"Buffalo County",WI,"Lake States",709.59,near-term,wastes,240,189.00,dt,2457000000,BTU,0.27
"Other wet waste",Sludge,55013,"Burnett County",WI,"Lake States",880.22,Emerging,wastes,260.2,78.00,dt,1014000000,BTU,0.09
"Other wet waste",Sludge,55013,"Burnett County",WI,"Lake States",880.22,"mature-market high",wastes,260.2,78.00,dt,1014000000,BTU,0.09
"Other wet waste",Sludge,55013,"Burnett County",WI,"Lake States",880.22,"mature-market low",wastes,240,78.00,dt,1014000000,BTU,0.09
"Other wet waste",Sludge,55013,"Burnett County",WI,"Lake States",880.22,"mature-market medium",wastes,240,78.00,dt,1014000000,BTU,0.09
"Other wet waste",Sludge,55013,"Burnett County",WI,"Lake States",880.22,near-term,wastes,240,119.00,dt,1547000000,BTU,0.14
"Other wet waste",Sludge,55015,"Calumet County",WI,"Lake States",397.08,Emerging,wastes,260.2,876.00,dt,11388000000,BTU,2.21
"Other wet waste",Sludge,55015,"Calumet County",WI,"Lake States",397.08,"mature-market high",wastes,260.2,876.00,dt,11388000000,BTU,2.21
"Other wet waste",Sludge,55015,"Calumet County",WI,"Lake States",397.08,"mature-market low",wastes,240,876.00,dt,11388000000,BTU,2.21
"Other wet waste",Sludge,55015,"Calumet County",WI,"Lake States",397.08,"mature-market medium",wastes,240,876.00,dt,11388000000,BTU,2.21
"Other wet waste",Sludge,55015,"Calumet County",WI,"Lake States",397.08,near-term,wastes,240,897.00,dt,11661000000,BTU,2.26
"Other wet waste",Sludge,55017,"Chippewa County",WI,"Lake States",1041.27,Emerging,wastes,260.2,1364.00,dt,17732000000,BTU,1.31
"Other wet waste",Sludge,55017,"Chippewa County",WI,"Lake States",1041.27,"mature-market high",wastes,260.2,1364.00,dt,17732000000,BTU,1.31
"Other wet waste",Sludge,55017,"Chippewa County",WI,"Lake States",1041.27,"mature-market low",wastes,240,1364.00,dt,17732000000,BTU,1.31
"Other wet waste",Sludge,55017,"Chippewa County",WI,"Lake States",1041.27,"mature-market medium",wastes,240,1364.00,dt,17732000000,BTU,1.31
"Other wet waste",Sludge,55017,"Chippewa County",WI,"Lake States",1041.27,near-term,wastes,240,1417.00,dt,18421000000,BTU,1.36
"Other wet waste",Sludge,55019,"Clark County",WI,"Lake States",1218.67,Emerging,wastes,260.2,426.00,dt,5538000000,BTU,0.35
"Other wet waste",Sludge,55019,"Clark County",WI,"Lake States",1218.67,"mature-market high",wastes,260.2,426.00,dt,5538000000,BTU,0.35
"Other wet waste",Sludge,55019,"Clark County",WI,"Lake States",1218.67,"mature-market low",wastes,240,426.00,dt,5538000000,BTU,0.35
"Other wet waste",Sludge,55019,"Clark County",WI,"Lake States",1218.67,"mature-market medium",wastes,240,426.00,dt,5538000000,BTU,0.35
"Other wet waste",Sludge,55019,"Clark County",WI,"Lake States",1218.67,near-term,wastes,240,577.00,dt,7501000000,BTU,0.47
"Other wet waste",Sludge,55021,"Columbia County",WI,"Lake States",795.99,Emerging,wastes,260.2,1647.00,dt,21411000000,BTU,2.07
"Other wet waste",Sludge,55021,"Columbia County",WI,"Lake States",795.99,"mature-market high",wastes,260.2,1647.00,dt,21411000000,BTU,2.07
"Other wet waste",Sludge,55021,"Columbia County",WI,"Lake States",795.99,"mature-market low",wastes,240,1647.00,dt,21411000000,BTU,2.07
"Other wet waste",Sludge,55021,"Columbia County",WI,"Lake States",795.99,"mature-market medium",wastes,240,1647.00,dt,21411000000,BTU,2.07
"Other wet waste",Sludge,55021,"Columbia County",WI,"Lake States",795.99,near-term,wastes,240,1871.00,dt,24323000000,BTU,2.35
"Other wet waste",Sludge,55023,"Crawford County",WI,"Lake States",599.21,Emerging,wastes,260.2,605.00,dt,7865000000,BTU,1.01
"Other wet waste",Sludge,55023,"Crawford County",WI,"Lake States",599.21,"mature-market high",wastes,260.2,605.00,dt,7865000000,BTU,1.01
"Other wet waste",Sludge,55023,"Crawford County",WI,"Lake States",599.21,"mature-market low",wastes,240,605.00,dt,7865000000,BTU,1.01
"Other wet waste",Sludge,55023,"Crawford County",WI,"Lake States",599.21,"mature-market medium",wastes,240,605.00,dt,7865000000,BTU,1.01
"Other wet waste",Sludge,55023,"Crawford County",WI,"Lake States",599.21,near-term,wastes,240,733.00,dt,9529000000,BTU,1.22
"Other wet waste",Sludge,55025,"Dane County",WI,"Lake States",1237.5,Emerging,wastes,249.49,29353.00,dt,381589000000,BTU,23.72
"Other wet waste",Sludge,55025,"Dane County",WI,"Lake States",1237.5,"mature-market high",wastes,249.49,29353.00,dt,381589000000,BTU,23.72
"Other wet waste",Sludge,55025,"Dane County",WI,"Lake States",1237.5,"mature-market low",wastes,229.29,29353.00,dt,381589000000,BTU,23.72
"Other wet waste",Sludge,55025,"Dane County",WI,"Lake States",1237.5,"mature-market medium",wastes,229.29,29353.00,dt,381589000000,BTU,23.72
"Other wet waste",Sludge,55025,"Dane County",WI,"Lake States",1237.5,near-term,wastes,228.66,19095.00,dt,248235000000,BTU,15.43
"Other wet waste",Sludge,55027,"Dodge County",WI,"Lake States",907.1,Emerging,wastes,260.2,3070.00,dt,39910000000,BTU,3.38
"Other wet waste",Sludge,55027,"Dodge County",WI,"Lake States",907.1,"mature-market high",wastes,260.2,3070.00,dt,39910000000,BTU,3.38
"Other wet waste",Sludge,55027,"Dodge County",WI,"Lake States",907.1,"mature-market low",wastes,240,3070.00,dt,39910000000,BTU,3.38
"Other wet waste",Sludge,55027,"Dodge County",WI,"Lake States",907.1,"mature-market medium",wastes,240,3070.00,dt,39910000000,BTU,3.38
"Other wet waste",Sludge,55027,"Dodge County",WI,"Lake States",907.1,near-term,wastes,240,3338.00,dt,43394000000,BTU,3.68
"Other wet waste",Sludge,55029,"Door County",WI,"Lake States",487.56,Emerging,wastes,260.2,708.00,dt,9204000000,BTU,1.45
"Other wet waste",Sludge,55029,"Door County",WI,"Lake States",487.56,"mature-market high",wastes,260.2,708.00,dt,9204000000,BTU,1.45
"Other wet waste",Sludge,55029,"Door County",WI,"Lake States",487.56,"mature-market low",wastes,240,708.00,dt,9204000000,BTU,1.45
"Other wet waste",Sludge,55029,"Door County",WI,"Lake States",487.56,"mature-market medium",wastes,240,708.00,dt,9204000000,BTU,1.45
"Other wet waste",Sludge,55029,"Door County",WI,"Lake States",487.56,near-term,wastes,240,843.00,dt,10959000000,BTU,1.73
"Other wet waste",Sludge,55031,"Douglas County",WI,"Lake States",1332.11,Emerging,wastes,260.2,1283.00,dt,16679000000,BTU,0.96
"Other wet waste",Sludge,55031,"Douglas County",WI,"Lake States",1332.11,"mature-market high",wastes,260.2,1283.00,dt,16679000000,BTU,0.96
"Other wet waste",Sludge,55031,"Douglas County",WI,"Lake States",1332.11,"mature-market low",wastes,240,1283.00,dt,16679000000,BTU,0.96
"Other wet waste",Sludge,55031,"Douglas County",WI,"Lake States",1332.11,"mature-market medium",wastes,240,1283.00,dt,16679000000,BTU,0.96
"Other wet waste",Sludge,55031,"Douglas County",WI,"Lake States",1332.11,near-term,wastes,240,1633.00,dt,21229000000,BTU,1.23
"Other wet waste",Sludge,55033,"Dunn County",WI,"Lake States",863.89,Emerging,wastes,260.2,867.00,dt,11271000000,BTU,1.00
"Other wet waste",Sludge,55033,"Dunn County",WI,"Lake States",863.89,"mature-market high",wastes,260.2,867.00,dt,11271000000,BTU,1.00
"Other wet waste",Sludge,55033,"Dunn County",WI,"Lake States",863.89,"mature-market low",wastes,240,867.00,dt,11271000000,BTU,1.00
"Other wet waste",Sludge,55033,"Dunn County",WI,"Lake States",863.89,"mature-market medium",wastes,240,867.00,dt,11271000000,BTU,1.00
"Other wet waste",Sludge,55033,"Dunn County",WI,"Lake States",863.89,near-term,wastes,240,874.00,dt,11362000000,BTU,1.01
"Other wet waste",Sludge,55035,"Eau Claire County",WI,"Lake States",645.2,Emerging,wastes,260.2,3045.00,dt,39585000000,BTU,4.72
"Other wet waste",Sludge,55035,"Eau Claire County",WI,"Lake States",645.2,"mature-market high",wastes,260.2,3045.00,dt,39585000000,BTU,4.72
"Other wet waste",Sludge,55035,"Eau Claire County",WI,"Lake States",645.2,"mature-market low",wastes,240,3045.00,dt,39585000000,BTU,4.72
"Other wet waste",Sludge,55035,"Eau Claire County",WI,"Lake States",645.2,"mature-market medium",wastes,240,3045.00,dt,39585000000,BTU,4.72
"Other wet waste",Sludge,55035,"Eau Claire County",WI,"Lake States",645.2,near-term,wastes,240,2542.00,dt,33046000000,BTU,3.94
"Other wet waste",Sludge,55037,"Florence County",WI,"Lake States",497.43,Emerging,wastes,260.2,29.00,dt,377000000,BTU,0.06
"Other wet waste",Sludge,55037,"Florence County",WI,"Lake States",497.43,"mature-market high",wastes,260.2,29.00,dt,377000000,BTU,0.06
"Other wet waste",Sludge,55037,"Florence County",WI,"Lake States",497.43,"mature-market low",wastes,240,29.00,dt,377000000,BTU,0.06
"Other wet waste",Sludge,55037,"Florence County",WI,"Lake States",497.43,"mature-market medium",wastes,240,29.00,dt,377000000,BTU,0.06
"Other wet waste",Sludge,55037,"Florence County",WI,"Lake States",497.43,near-term,wastes,240,32.00,dt,416000000,BTU,0.06
"Other wet waste",Sludge,55039,"Fond du Lac County",WI,"Lake States",765.84,Emerging,wastes,260.2,3919.00,dt,50947000000,BTU,5.12
"Other wet waste",Sludge,55039,"Fond du Lac County",WI,"Lake States",765.84,"mature-market high",wastes,260.2,3919.00,dt,50947000000,BTU,5.12
"Other wet waste",Sludge,55039,"Fond du Lac County",WI,"Lake States",765.84,"mature-market low",wastes,240,3919.00,dt,50947000000,BTU,5.12
"Other wet waste",Sludge,55039,"Fond du Lac County",WI,"Lake States",765.84,"mature-market medium",wastes,240,3919.00,dt,50947000000,BTU,5.12
"Other wet waste",Sludge,55039,"Fond du Lac County",WI,"Lake States",765.84,near-term,wastes,240,4223.00,dt,54899000000,BTU,5.51
"Other wet waste",Sludge,55041,"Forest County",WI,"Lake States",1046.52,Emerging,wastes,260.2,85.00,dt,1105000000,BTU,0.08
"Other wet waste",Sludge,55041,"Forest County",WI,"Lake States",1046.52,"mature-market high",wastes,260.2,85.00,dt,1105000000,BTU,0.08
"Other wet waste",Sludge,55041,"Forest County",WI,"Lake States",1046.52,"mature-market low",wastes,240,85.00,dt,1105000000,BTU,0.08
"Other wet waste",Sludge,55041,"Forest County",WI,"Lake States",1046.52,"mature-market medium",wastes,240,85.00,dt,1105000000,BTU,0.08
"Other wet waste",Sludge,55041,"Forest County",WI,"Lake States",1046.52,near-term,wastes,240,125.00,dt,1625000000,BTU,0.12
"Other wet waste",Sludge,55043,"Grant County",WI,"Lake States",1183.37,Emerging,wastes,260.2,1452.00,dt,18876000000,BTU,1.23
"Other wet waste",Sludge,55043,"Grant County",WI,"Lake States",1183.37,"mature-market high",wastes,260.2,1452.00,dt,18876000000,BTU,1.23
"Other wet waste",Sludge,55043,"Grant County",WI,"Lake States",1183.37,"mature-market low",wastes,240,1452.00,dt,18876000000,BTU,1.23
"Other wet waste",Sludge,55043,"Grant County",WI,"Lake States",1183.37,"mature-market medium",wastes,240,1452.00,dt,18876000000,BTU,1.23
"Other wet waste",Sludge,55043,"Grant County",WI,"Lake States",1183.37,near-term,wastes,240,1267.00,dt,16471000000,BTU,1.07
"Other wet waste",Sludge,55045,"Green County",WI,"Lake States",584.55,Emerging,wastes,260.2,1243.00,dt,16159000000,BTU,2.13
"Other wet waste",Sludge,55045,"Green County",WI,"Lake States",584.55,"mature-market high",wastes,260.2,1243.00,dt,16159000000,BTU,2.13
"Other wet waste",Sludge,55045,"Green County",WI,"Lake States",584.55,"mature-market low",wastes,240,1243.00,dt,16159000000,BTU,2.13
"Other wet waste",Sludge,55045,"Green County",WI,"Lake States",584.55,"mature-market medium",wastes,240,1243.00,dt,16159000000,BTU,2.13
"Other wet waste",Sludge,55045,"Green County",WI,"Lake States",584.55,near-term,wastes,240,1297.00,dt,16861000000,BTU,2.22
"Other wet waste",Sludge,55047,"Green Lake County",WI,"Lake States",380.13,Emerging,wastes,260.2,252.00,dt,3276000000,BTU,0.66
"Other wet waste",Sludge,55047,"Green Lake County",WI,"Lake States",380.13,"mature-market high",wastes,260.2,252.00,dt,3276000000,BTU,0.66
"Other wet waste",Sludge,55047,"Green Lake County",WI,"Lake States",380.13,"mature-market low",wastes,240,252.00,dt,3276000000,BTU,0.66
"Other wet waste",Sludge,55047,"Green Lake County",WI,"Lake States",380.13,"mature-market medium",wastes,240,252.00,dt,3276000000,BTU,0.66
"Other wet waste",Sludge,55047,"Green Lake County",WI,"Lake States",380.13,near-term,wastes,240,301.00,dt,3913000000,BTU,0.79
"Other wet waste",Sludge,55049,"Iowa County",WI,"Lake States",768.05,Emerging,wastes,260.2,416.00,dt,5408000000,BTU,0.54
"Other wet waste",Sludge,55049,"Iowa County",WI,"Lake States",768.05,"mature-market high",wastes,260.2,416.00,dt,5408000000,BTU,0.54
"Other wet waste",Sludge,55049,"Iowa County",WI,"Lake States",768.05,"mature-market low",wastes,240,416.00,dt,5408000000,BTU,0.54
"Other wet waste",Sludge,55049,"Iowa County",WI,"Lake States",768.05,"mature-market medium",wastes,240,416.00,dt,5408000000,BTU,0.54
"Other wet waste",Sludge,55049,"Iowa County",WI,"Lake States",768.05,near-term,wastes,240,482.00,dt,6266000000,BTU,0.63
"Other wet waste",Sludge,55051,"Iron County",WI,"Lake States",802.62,Emerging,wastes,260.2,86.00,dt,1118000000,BTU,0.11
"Other wet waste",Sludge,55051,"Iron County",WI,"Lake States",802.62,"mature-market high",wastes,260.2,86.00,dt,1118000000,BTU,0.11
"Other wet waste",Sludge,55051,"Iron County",WI,"Lake States",802.62,"mature-market low",wastes,240,86.00,dt,1118000000,BTU,0.11
"Other wet waste",Sludge,55051,"Iron County",WI,"Lake States",802.62,"mature-market medium",wastes,240,86.00,dt,1118000000,BTU,0.11
"Other wet waste",Sludge,55051,"Iron County",WI,"Lake States",802.62,near-term,wastes,240,112.00,dt,1456000000,BTU,0.14
"Other wet waste",Sludge,55053,"Jackson County",WI,"Lake States",1000.48,Emerging,wastes,260.2,313.00,dt,4069000000,BTU,0.31
"Other wet waste",Sludge,55053,"Jackson County",WI,"Lake States",1000.48,"mature-market high",wastes,260.2,313.00,dt,4069000000,BTU,0.31
"Other wet waste",Sludge,55053,"Jackson County",WI,"Lake States",1000.48,"mature-market low",wastes,240,313.00,dt,4069000000,BTU,0.31
"Other wet waste",Sludge,55053,"Jackson County",WI,"Lake States",1000.48,"mature-market medium",wastes,240,313.00,dt,4069000000,BTU,0.31
"Other wet waste",Sludge,55053,"Jackson County",WI,"Lake States",1000.48,near-term,wastes,240,338.00,dt,4394000000,BTU,0.34
"Other wet waste",Sludge,55055,"Jefferson County",WI,"Lake States",582.74,Emerging,wastes,260.2,4480.00,dt,58240000000,BTU,7.69
"Other wet waste",Sludge,55055,"Jefferson County",WI,"Lake States",582.74,"mature-market high",wastes,260.2,4480.00,dt,58240000000,BTU,7.69
"Other wet waste",Sludge,55055,"Jefferson County",WI,"Lake States",582.74,"mature-market low",wastes,240,4480.00,dt,58240000000,BTU,7.69
"Other wet waste",Sludge,55055,"Jefferson County",WI,"Lake States",582.74,"mature-market medium",wastes,240,4480.00,dt,58240000000,BTU,7.69
"Other wet waste",Sludge,55055,"Jefferson County",WI,"Lake States",582.74,near-term,wastes,240,4642.00,dt,60346000000,BTU,7.97
"Other wet waste",Sludge,55057,"Juneau County",WI,"Lake States",805.17,Emerging,wastes,260.2,312.00,dt,4056000000,BTU,0.39
"Other wet waste",Sludge,55057,"Juneau County",WI,"Lake States",805.17,"mature-market high",wastes,260.2,312.00,dt,4056000000,BTU,0.39
"Other wet waste",Sludge,55057,"Juneau County",WI,"Lake States",805.17,"mature-market low",wastes,240,312.00,dt,4056000000,BTU,0.39
"Other wet waste",Sludge,55057,"Juneau County",WI,"Lake States",805.17,"mature-market medium",wastes,240,312.00,dt,4056000000,BTU,0.39
"Other wet waste",Sludge,55057,"Juneau County",WI,"Lake States",805.17,near-term,wastes,240,407.00,dt,5291000000,BTU,0.51
"Other wet waste",Sludge,55059,"Kenosha County",WI,"Lake States",278.42,Emerging,wastes,220.2,9824.00,dt,127712000000,BTU,35.28
"Other wet waste",Sludge,55059,"Kenosha County",WI,"Lake States",278.42,"mature-market high",wastes,220.2,9824.00,dt,127712000000,BTU,35.28
"Other wet waste",Sludge,55059,"Kenosha County",WI,"Lake States",278.42,"mature-market low",wastes,200,9824.00,dt,127712000000,BTU,35.28
"Other wet waste",Sludge,55059,"Kenosha County",WI,"Lake States",278.42,"mature-market medium",wastes,200,9824.00,dt,127712000000,BTU,35.28
"Other wet waste",Sludge,55059,"Kenosha County",WI,"Lake States",278.42,near-term,wastes,200,9723.00,dt,126399000000,BTU,34.92
"Other wet waste",Sludge,55061,"Kewaunee County",WI,"Lake States",343.95,Emerging,wastes,260.2,349.00,dt,4537000000,BTU,1.01
"Other wet waste",Sludge,55061,"Kewaunee County",WI,"Lake States",343.95,"mature-market high",wastes,260.2,349.00,dt,4537000000,BTU,1.01
"Other wet waste",Sludge,55061,"Kewaunee County",WI,"Lake States",343.95,"mature-market low",wastes,240,349.00,dt,4537000000,BTU,1.01
"Other wet waste",Sludge,55061,"Kewaunee County",WI,"Lake States",343.95,"mature-market medium",wastes,240,349.00,dt,4537000000,BTU,1.01
"Other wet waste",Sludge,55061,"Kewaunee County",WI,"Lake States",343.95,near-term,wastes,240,452.00,dt,5876000000,BTU,1.31
"Other wet waste",Sludge,55063,"La Crosse County",WI,"Lake States",480.05,Emerging,wastes,236.2,4950.00,dt,64350000000,BTU,10.31
"Other wet waste",Sludge,55063,"La Crosse County",WI,"Lake States",480.05,"mature-market high",wastes,236.2,4950.00,dt,64350000000,BTU,10.31
"Other wet waste",Sludge,55063,"La Crosse County",WI,"Lake States",480.05,"mature-market low",wastes,216,4950.00,dt,64350000000,BTU,10.31
"Other wet waste",Sludge,55063,"La Crosse County",WI,"Lake States",480.05,"mature-market medium",wastes,216,4950.00,dt,64350000000,BTU,10.31
"Other wet waste",Sludge,55063,"La Crosse County",WI,"Lake States",480.05,near-term,wastes,240,4071.00,dt,52923000000,BTU,8.48
"Other wet waste",Sludge,55065,"Lafayette County",WI,"Lake States",634.57,Emerging,wastes,260.2,275.00,dt,3575000000,BTU,0.43
"Other wet waste",Sludge,55065,"Lafayette County",WI,"Lake States",634.57,"mature-market high",wastes,260.2,275.00,dt,3575000000,BTU,0.43
"Other wet waste",Sludge,55065,"Lafayette County",WI,"Lake States",634.57,"mature-market low",wastes,240,275.00,dt,3575000000,BTU,0.43
"Other wet waste",Sludge,55065,"Lafayette County",WI,"Lake States",634.57,"mature-market medium",wastes,240,275.00,dt,3575000000,BTU,0.43
"Other wet waste",Sludge,55065,"Lafayette County",WI,"Lake States",634.57,near-term,wastes,240,336.00,dt,4368000000,BTU,0.53
"Other wet waste",Sludge,55067,"Langlade County",WI,"Lake States",887.79,Emerging,wastes,260.2,286.00,dt,3718000000,BTU,0.32
"Other wet waste",Sludge,55067,"Langlade County",WI,"Lake States",887.79,"mature-market high",wastes,260.2,286.00,dt,3718000000,BTU,0.32
"Other wet waste",Sludge,55067,"Langlade County",WI,"Lake States",887.79,"mature-market low",wastes,240,286.00,dt,3718000000,BTU,0.32
"Other wet waste",Sludge,55067,"Langlade County",WI,"Lake States",887.79,"mature-market medium",wastes,240,286.00,dt,3718000000,BTU,0.32
"Other wet waste",Sludge,55067,"Langlade County",WI,"Lake States",887.79,near-term,wastes,240,482.00,dt,6266000000,BTU,0.54
"Other wet waste",Sludge,55069,"Lincoln County",WI,"Lake States",906.79,Emerging,wastes,260.2,404.00,dt,5252000000,BTU,0.45
"Other wet waste",Sludge,55069,"Lincoln County",WI,"Lake States",906.79,"mature-market high",wastes,260.2,404.00,dt,5252000000,BTU,0.45
"Other wet waste",Sludge,55069,"Lincoln County",WI,"Lake States",906.79,"mature-market low",wastes,240,404.00,dt,5252000000,BTU,0.45
"Other wet waste",Sludge,55069,"Lincoln County",WI,"Lake States",906.79,"mature-market medium",wastes,240,404.00,dt,5252000000,BTU,0.45
"Other wet waste",Sludge,55069,"Lincoln County",WI,"Lake States",906.79,near-term,wastes,240,572.00,dt,7436000000,BTU,0.63
"Other wet waste",Sludge,55071,"Manitowoc County",WI,"Lake States",594.62,Emerging,wastes,260.2,3202.00,dt,41626000000,BTU,5.38
"Other wet waste",Sludge,55071,"Manitowoc County",WI,"Lake States",594.62,"mature-market high",wastes,260.2,3202.00,dt,41626000000,BTU,5.38
"Other wet waste",Sludge,55071,"Manitowoc County",WI,"Lake States",594.62,"mature-market low",wastes,240,3202.00,dt,41626000000,BTU,5.38
"Other wet waste",Sludge,55071,"Manitowoc County",WI,"Lake States",594.62,"mature-market medium",wastes,240,3202.00,dt,41626000000,BTU,5.38
"Other wet waste",Sludge,55071,"Manitowoc County",WI,"Lake States",594.62,near-term,wastes,240,4171.00,dt,54223000000,BTU,7.01
"Other wet waste",Sludge,55073,"Marathon County",WI,"Lake States",1576.33,Emerging,wastes,260.2,3019.00,dt,39247000000,BTU,1.92
"Other wet waste",Sludge,55073,"Marathon County",WI,"Lake States",1576.33,"mature-market high",wastes,260.2,3019.00,dt,39247000000,BTU,1.92
"Other wet waste",Sludge,55073,"Marathon County",WI,"Lake States",1576.33,"mature-market low",wastes,240,3019.00,dt,39247000000,BTU,1.92
"Other wet waste",Sludge,55073,"Marathon County",WI,"Lake States",1576.33,"mature-market medium",wastes,240,3019.00,dt,39247000000,BTU,1.92
"Other wet waste",Sludge,55073,"Marathon County",WI,"Lake States",1576.33,near-term,wastes,240,3160.00,dt,41080000000,BTU,2.00
"Other wet waste",Sludge,55075,"Marinette County",WI,"Lake States",1429.25,Emerging,wastes,260.2,1769.00,dt,22997000000,BTU,1.24
"Other wet waste",Sludge,55075,"Marinette County",WI,"Lake States",1429.25,"mature-market high",wastes,260.2,1769.00,dt,22997000000,BTU,1.24
"Other wet waste",Sludge,55075,"Marinette County",WI,"Lake States",1429.25,"mature-market low",wastes,240,1769.00,dt,22997000000,BTU,1.24
"Other wet waste",Sludge,55075,"Marinette County",WI,"Lake States",1429.25,"mature-market medium",wastes,240,1769.00,dt,22997000000,BTU,1.24
"Other wet waste",Sludge,55075,"Marinette County",WI,"Lake States",1429.25,near-term,wastes,240,2501.00,dt,32513000000,BTU,1.75
"Other wet waste",Sludge,55077,"Marquette County",WI,"Lake States",464.47,Emerging,wastes,260.2,219.00,dt,2847000000,BTU,0.47
"Other wet waste",Sludge,55077,"Marquette County",WI,"Lake States",464.47,"mature-market high",wastes,260.2,219.00,dt,2847000000,BTU,0.47
"Other wet waste",Sludge,55077,"Marquette County",WI,"Lake States",464.47,"mature-market low",wastes,240,219.00,dt,2847000000,BTU,0.47
"Other wet waste",Sludge,55077,"Marquette County",WI,"Lake States",464.47,"mature-market medium",wastes,240,219.00,dt,2847000000,BTU,0.47
"Other wet waste",Sludge,55077,"Marquette County",WI,"Lake States",464.47,near-term,wastes,240,318.00,dt,4134000000,BTU,0.68
"Other wet waste",Sludge,55079,"Milwaukee County",WI,"Lake States",242.17,Emerging,wastes,182.58,95186.00,dt,1237418000000,BTU,393.05
"Other wet waste",Sludge,55079,"Milwaukee County",WI,"Lake States",242.17,"mature-market high",wastes,182.58,95186.00,dt,1237418000000,BTU,393.05
"Other wet waste",Sludge,55079,"Milwaukee County",WI,"Lake States",242.17,"mature-market low",wastes,162.38,95186.00,dt,1237418000000,BTU,393.05
"Other wet waste",Sludge,55079,"Milwaukee County",WI,"Lake States",242.17,"mature-market medium",wastes,162.38,95186.00,dt,1237418000000,BTU,393.05
"Other wet waste",Sludge,55079,"Milwaukee County",WI,"Lake States",242.17,near-term,wastes,161.04,86959.00,dt,1130467000000,BTU,359.08
"Other wet waste",Sludge,55081,"Monroe County",WI,"Lake States",908.08,Emerging,wastes,260.2,1086.00,dt,14118000000,BTU,1.20
"Other wet waste",Sludge,55081,"Monroe County",WI,"Lake States",908.08,"mature-market high",wastes,260.2,1086.00,dt,14118000000,BTU,1.20
"Other wet waste",Sludge,55081,"Monroe County",WI,"Lake States",908.08,"mature-market low",wastes,240,1086.00,dt,14118000000,BTU,1.20
"Other wet waste",Sludge,55081,"Monroe County",WI,"Lake States",908.08,"mature-market medium",wastes,240,1086.00,dt,14118000000,BTU,1.20
"Other wet waste",Sludge,55081,"Monroe County",WI,"Lake States",908.08,near-term,wastes,240,1193.00,dt,15509000000,BTU,1.31
"Other wet waste",Sludge,55083,"Oconto County",WI,"Lake States",1016.31,Emerging,wastes,260.2,332.00,dt,4316000000,BTU,0.33
"Other wet waste",Sludge,55083,"Oconto County",WI,"Lake States",1016.31,"mature-market high",wastes,260.2,332.00,dt,4316000000,BTU,0.33
"Other wet waste",Sludge,55083,"Oconto County",WI,"Lake States",1016.31,"mature-market low",wastes,240,332.00,dt,4316000000,BTU,0.33
"Other wet waste",Sludge,55083,"Oconto County",WI,"Lake States",1016.31,"mature-market medium",wastes,240,332.00,dt,4316000000,BTU,0.33
"Other wet waste",Sludge,55083,"Oconto County",WI,"Lake States",1016.31,near-term,wastes,240,425.00,dt,5525000000,BTU,0.42
"Other wet waste",Sludge,55085,"Oneida County",WI,"Lake States",1236.57,Emerging,wastes,260.2,456.00,dt,5928000000,BTU,0.37
"Other wet waste",Sludge,55085,"Oneida County",WI,"Lake States",1236.57,"mature-market high",wastes,260.2,456.00,dt,5928000000,BTU,0.37
"Other wet waste",Sludge,55085,"Oneida County",WI,"Lake States",1236.57,"mature-market low",wastes,240,456.00,dt,5928000000,BTU,0.37
"Other wet waste",Sludge,55085,"Oneida County",WI,"Lake States",1236.57,"mature-market medium",wastes,240,456.00,dt,5928000000,BTU,0.37
"Other wet waste",Sludge,55085,"Oneida County",WI,"Lake States",1236.57,near-term,wastes,240,585.00,dt,7605000000,BTU,0.47
"Other wet waste",Sludge,55087,"Outagamie County",WI,"Lake States",644.61,Emerging,wastes,243.79,9711.00,dt,126243000000,BTU,15.06
"Other wet waste",Sludge,55087,"Outagamie County",WI,"Lake States",644.61,"mature-market high",wastes,243.79,9711.00,dt,126243000000,BTU,15.06
"Other wet waste",Sludge,55087,"Outagamie County",WI,"Lake States",644.61,"mature-market low",wastes,223.59,9711.00,dt,126243000000,BTU,15.06
"Other wet waste",Sludge,55087,"Outagamie County",WI,"Lake States",644.61,"mature-market medium",wastes,223.59,9711.00,dt,126243000000,BTU,15.06
"Other wet waste",Sludge,55087,"Outagamie County",WI,"Lake States",644.61,near-term,wastes,227.66,8514.00,dt,110682000000,BTU,13.21
"Other wet waste",Sludge,55089,"Ozaukee County",WI,"Lake States",235.28,Emerging,wastes,260.2,3280.00,dt,42640000000,BTU,13.94
"Other wet waste",Sludge,55089,"Ozaukee County",WI,"Lake States",235.28,"mature-market high",wastes,260.2,3280.00,dt,42640000000,BTU,13.94
"Other wet waste",Sludge,55089,"Ozaukee County",WI,"Lake States",235.28,"mature-market low",wastes,240,3280.00,dt,42640000000,BTU,13.94
"Other wet waste",Sludge,55089,"Ozaukee County",WI,"Lake States",235.28,"mature-market medium",wastes,240,3280.00,dt,42640000000,BTU,13.94
"Other wet waste",Sludge,55089,"Ozaukee County",WI,"Lake States",235.28,near-term,wastes,240,3068.00,dt,39884000000,BTU,13.04
"Other wet waste",Sludge,55091,"Pepin County",WI,"Lake States",248.7,Emerging,wastes,260.2,122.00,dt,1586000000,BTU,0.49
"Other wet waste",Sludge,55091,"Pepin County",WI,"Lake States",248.7,"mature-market high",wastes,260.2,122.00,dt,1586000000,BTU,0.49
"Other wet waste",Sludge,55091,"Pepin County",WI,"Lake States",248.7,"mature-market low",wastes,240,122.00,dt,1586000000,BTU,0.49
"Other wet waste",Sludge,55091,"Pepin County",WI,"Lake States",248.7,"mature-market medium",wastes,240,122.00,dt,1586000000,BTU,0.49
"Other wet waste",Sludge,55091,"Pepin County",WI,"Lake States",248.7,near-term,wastes,240,175.00,dt,2275000000,BTU,0.70
"Other wet waste",Sludge,55093,"Pierce County",WI,"Lake States",592.73,Emerging,wastes,260.2,710.00,dt,9230000000,BTU,1.20
"Other wet waste",Sludge,55093,"Pierce County",WI,"Lake States",592.73,"mature-market high",wastes,260.2,710.00,dt,9230000000,BTU,1.20
"Other wet waste",Sludge,55093,"Pierce County",WI,"Lake States",592.73,"mature-market low",wastes,240,710.00,dt,9230000000,BTU,1.20
"Other wet waste",Sludge,55093,"Pierce County",WI,"Lake States",592.73,"mature-market medium",wastes,240,710.00,dt,9230000000,BTU,1.20
"Other wet waste",Sludge,55093,"Pierce County",WI,"Lake States",592.73,near-term,wastes,240,862.00,dt,11206000000,BTU,1.45
"Other wet waste",Sludge,55095,"Polk County",WI,"Lake States",956.41,Emerging,wastes,260.2,557.00,dt,7241000000,BTU,0.58
"Other wet waste",Sludge,55095,"Polk County",WI,"Lake States",956.41,"mature-market high",wastes,260.2,557.00,dt,7241000000,BTU,0.58
"Other wet waste",Sludge,55095,"Polk County",WI,"Lake States",956.41,"mature-market low",wastes,240,557.00,dt,7241000000,BTU,0.58
"Other wet waste",Sludge,55095,"Polk County",WI,"Lake States",956.41,"mature-market medium",wastes,240,557.00,dt,7241000000,BTU,0.58
"Other wet waste",Sludge,55095,"Polk County",WI,"Lake States",956.41,near-term,wastes,240,760.00,dt,9880000000,BTU,0.79
"Other wet waste",Sludge,55097,"Portage County",WI,"Lake States",822.82,Emerging,wastes,260.2,1756.00,dt,22828000000,BTU,2.13
"Other wet waste",Sludge,55097,"Portage County",WI,"Lake States",822.82,"mature-market high",wastes,260.2,1756.00,dt,22828000000,BTU,2.13
"Other wet waste",Sludge,55097,"Portage County",WI,"Lake States",822.82,"mature-market low",wastes,240,1756.00,dt,22828000000,BTU,2.13
"Other wet waste",Sludge,55097,"Portage County",WI,"Lake States",822.82,"mature-market medium",wastes,240,1756.00,dt,22828000000,BTU,2.13
"Other wet waste",Sludge,55097,"Portage County",WI,"Lake States",822.82,near-term,wastes,240,1752.00,dt,22776000000,BTU,2.13
"Other wet waste",Sludge,55099,"Price County",WI,"Lake States",1278.04,Emerging,wastes,260.2,196.00,dt,2548000000,BTU,0.15
"Other wet waste",Sludge,55099,"Price County",WI,"Lake States",1278.04,"mature-market high",wastes,260.2,196.00,dt,2548000000,BTU,0.15
"Other wet waste",Sludge,55099,"Price County",WI,"Lake States",1278.04,"mature-market low",wastes,240,196.00,dt,2548000000,BTU,0.15
"Other wet waste",Sludge,55099,"Price County",WI,"Lake States",1278.04,"mature-market medium",wastes,240,196.00,dt,2548000000,BTU,0.15
"Other wet waste",Sludge,55099,"Price County",WI,"Lake States",1278.04,near-term,wastes,240,275.00,dt,3575000000,BTU,0.22
"Other wet waste",Sludge,55101,"Racine County",WI,"Lake States",340.39,Emerging,wastes,225.91,10977.00,dt,142701000000,BTU,32.25
"Other wet waste",Sludge,55101,"Racine County",WI,"Lake States",340.39,"mature-market high",wastes,225.91,10977.00,dt,142701000000,BTU,32.25
"Other wet waste",Sludge,55101,"Racine County",WI,"Lake States",340.39,"mature-market low",wastes,205.71,10977.00,dt,142701000000,BTU,32.25
"Other wet waste",Sludge,55101,"Racine County",WI,"Lake States",340.39,"mature-market medium",wastes,205.71,10977.00,dt,142701000000,BTU,32.25
"Other wet waste",Sludge,55101,"Racine County",WI,"Lake States",340.39,near-term,wastes,205.71,11855.00,dt,154115000000,BTU,34.83
"Other wet waste",Sludge,55103,"Richland County",WI,"Lake States",589.3,Emerging,wastes,260.2,356.00,dt,4628000000,BTU,0.60
"Other wet waste",Sludge,55103,"Richland County",WI,"Lake States",589.3,"mature-market high",wastes,260.2,356.00,dt,4628000000,BTU,0.60
"Other wet waste",Sludge,55103,"Richland County",WI,"Lake States",589.3,"mature-market low",wastes,240,356.00,dt,4628000000,BTU,0.60
"Other wet waste",Sludge,55103,"Richland County",WI,"Lake States",589.3,"mature-market medium",wastes,240,356.00,dt,4628000000,BTU,0.60
"Other wet waste",Sludge,55103,"Richland County",WI,"Lake States",589.3,near-term,wastes,240,521.00,dt,6773000000,BTU,0.88
"Other wet waste",Sludge,55105,"Rock County",WI,"Lake States",726.16,Emerging,wastes,249.38,9795.00,dt,127335000000,BTU,13.49
"Other wet waste",Sludge,55105,"Rock County",WI,"Lake States",726.16,"mature-market high",wastes,249.38,9795.00,dt,127335000000,BTU,13.49
"Other wet waste",Sludge,55105,"Rock County",WI,"Lake States",726.16,"mature-market low",wastes,229.18,9795.00,dt,127335000000,BTU,13.49
"Other wet waste",Sludge,55105,"Rock County",WI,"Lake States",726.16,"mature-market medium",wastes,229.18,9795.00,dt,127335000000,BTU,13.49
"Other wet waste",Sludge,55105,"Rock County",WI,"Lake States",726.16,near-term,wastes,228.21,10505.00,dt,136565000000,BTU,14.47
"Other wet waste",Sludge,55107,"Rusk County",WI,"Lake States",930.86,Emerging,wastes,260.2,169.00,dt,2197000000,BTU,0.18
"Other wet waste",Sludge,55107,"Rusk County",WI,"Lake States",930.86,"mature-market high",wastes,260.2,169.00,dt,2197000000,BTU,0.18
"Other wet waste",Sludge,55107,"Rusk County",WI,"Lake States",930.86,"mature-market low",wastes,240,169.00,dt,2197000000,BTU,0.18
"Other wet waste",Sludge,55107,"Rusk County",WI,"Lake States",930.86,"mature-market medium",wastes,240,169.00,dt,2197000000,BTU,0.18
"Other wet waste",Sludge,55107,"Rusk County",WI,"Lake States",930.86,near-term,wastes,240,261.00,dt,3393000000,BTU,0.28
"Other wet waste",Sludge,55109,"St. Croix County",WI,"Lake States",735.19,Emerging,wastes,260.2,1172.00,dt,15236000000,BTU,1.59
"Other wet waste",Sludge,55109,"St. Croix County",WI,"Lake States",735.19,"mature-market high",wastes,260.2,1172.00,dt,15236000000,BTU,1.59
"Other wet waste",Sludge,55109,"St. Croix County",WI,"Lake States",735.19,"mature-market low",wastes,240,1172.00,dt,15236000000,BTU,1.59
"Other wet waste",Sludge,55109,"St. Croix County",WI,"Lake States",735.19,"mature-market medium",wastes,240,1172.00,dt,15236000000,BTU,1.59
"Other wet waste",Sludge,55109,"St. Croix County",WI,"Lake States",735.19,near-term,wastes,240,1068.00,dt,13884000000,BTU,1.45
"Other wet waste",Sludge,55111,"Sauk County",WI,"Lake States",849.19,Emerging,wastes,260.2,1829.00,dt,23777000000,BTU,2.15
"Other wet waste",Sludge,55111,"Sauk County",WI,"Lake States",849.19,"mature-market high",wastes,260.2,1829.00,dt,23777000000,BTU,2.15
"Other wet waste",Sludge,55111,"Sauk County",WI,"Lake States",849.19,"mature-market low",wastes,240,1829.00,dt,23777000000,BTU,2.15
"Other wet waste",Sludge,55111,"Sauk County",WI,"Lake States",849.19,"mature-market medium",wastes,240,1829.00,dt,23777000000,BTU,2.15
"Other wet waste",Sludge,55111,"Sauk County",WI,"Lake States",849.19,near-term,wastes,240,1786.00,dt,23218000000,BTU,2.10
"Other wet waste",Sludge,55113,"Sawyer County",WI,"Lake States",1350.24,Emerging,wastes,260.2,124.00,dt,1612000000,BTU,0.09
"Other wet waste",Sludge,55113,"Sawyer County",WI,"Lake States",1350.24,"mature-market high",wastes,260.2,124.00,dt,1612000000,BTU,0.09
"Other wet waste",Sludge,55113,"Sawyer County",WI,"Lake States",1350.24,"mature-market low",wastes,240,124.00,dt,1612000000,BTU,0.09
"Other wet waste",Sludge,55113,"Sawyer County",WI,"Lake States",1350.24,"mature-market medium",wastes,240,124.00,dt,1612000000,BTU,0.09
"Other wet waste",Sludge,55113,"Sawyer County",WI,"Lake States",1350.24,near-term,wastes,240,177.00,dt,2301000000,BTU,0.13
"Other wet waste",Sludge,55115,"Shawano County",WI,"Lake States",909.4,Emerging,wastes,260.2,1254.00,dt,16302000000,BTU,1.38
"Other wet waste",Sludge,55115,"Shawano County",WI,"Lake States",909.4,"mature-market high",wastes,260.2,1254.00,dt,16302000000,BTU,1.38
"Other wet waste",Sludge,55115,"Shawano County",WI,"Lake States",909.4,"mature-market low",wastes,240,1254.00,dt,16302000000,BTU,1.38
"Other wet waste",Sludge,55115,"Shawano County",WI,"Lake States",909.4,"mature-market medium",wastes,240,1254.00,dt,16302000000,BTU,1.38
"Other wet waste",Sludge,55115,"Shawano County",WI,"Lake States",909.4,near-term,wastes,240,1713.00,dt,22269000000,BTU,1.88
"Other wet waste",Sludge,55117,"Sheboygan County",WI,"Lake States",517.64,Emerging,wastes,260.2,5181.00,dt,67353000000,BTU,10.01
"Other wet waste",Sludge,55117,"Sheboygan County",WI,"Lake States",517.64,"mature-market high",wastes,260.2,5181.00,dt,67353000000,BTU,10.01
"Other wet waste",Sludge,55117,"Sheboygan County",WI,"Lake States",517.64,"mature-market low",wastes,240,5181.00,dt,67353000000,BTU,10.01
"Other wet waste",Sludge,55117,"Sheboygan County",WI,"Lake States",517.64,"mature-market medium",wastes,240,5181.00,dt,67353000000,BTU,10.01
"Other wet waste",Sludge,55117,"Sheboygan County",WI,"Lake States",517.64,near-term,wastes,228.93,5617.00,dt,73021000000,BTU,10.85
"Other wet waste",Sludge,55119,"Taylor County",WI,"Lake States",984.56,Emerging,wastes,260.2,326.00,dt,4238000000,BTU,0.33
"Other wet waste",Sludge,55119,"Taylor County",WI,"Lake States",984.56,"mature-market high",wastes,260.2,326.00,dt,4238000000,BTU,0.33
"Other wet waste",Sludge,55119,"Taylor County",WI,"Lake States",984.56,"mature-market low",wastes,240,326.00,dt,4238000000,BTU,0.33
"Other wet waste",Sludge,55119,"Taylor County",WI,"Lake States",984.56,"mature-market medium",wastes,240,326.00,dt,4238000000,BTU,0.33
"Other wet waste",Sludge,55119,"Taylor County",WI,"Lake States",984.56,near-term,wastes,240,431.00,dt,5603000000,BTU,0.44
"Other wet waste",Sludge,55121,"Trempealeau County",WI,"Lake States",741.98,Emerging,wastes,260.2,1311.00,dt,17043000000,BTU,1.77
"Other wet waste",Sludge,55121,"Trempealeau County",WI,"Lake States",741.98,"mature-market high",wastes,260.2,1311.00,dt,17043000000,BTU,1.77
"Other wet waste",Sludge,55121,"Trempealeau County",WI,"Lake States",741.98,"mature-market low",wastes,240,1311.00,dt,17043000000,BTU,1.77
"Other wet waste",Sludge,55121,"Trempealeau County",WI,"Lake States",741.98,"mature-market medium",wastes,240,1311.00,dt,17043000000,BTU,1.77
"Other wet waste",Sludge,55121,"Trempealeau County",WI,"Lake States",741.98,near-term,wastes,240,1208.00,dt,15704000000,BTU,1.63
"Other wet waste",Sludge,55123,"Vernon County",WI,"Lake States",816.38,Emerging,wastes,260.2,329.00,dt,4277000000,BTU,0.40
"Other wet waste",Sludge,55123,"Vernon County",WI,"Lake States",816.38,"mature-market high",wastes,260.2,329.00,dt,4277000000,BTU,0.40
"Other wet waste",Sludge,55123,"Vernon County",WI,"Lake States",816.38,"mature-market low",wastes,240,329.00,dt,4277000000,BTU,0.40
"Other wet waste",Sludge,55123,"Vernon County",WI,"Lake States",816.38,"mature-market medium",wastes,240,329.00,dt,4277000000,BTU,0.40
"Other wet waste",Sludge,55123,"Vernon County",WI,"Lake States",816.38,near-term,wastes,240,365.00,dt,4745000000,BTU,0.45
"Other wet waste",Sludge,55125,"Vilas County",WI,"Lake States",1017.72,Emerging,wastes,260.2,121.00,dt,1573000000,BTU,0.12
"Other wet waste",Sludge,55125,"Vilas County",WI,"Lake States",1017.72,"mature-market high",wastes,260.2,121.00,dt,1573000000,BTU,0.12
"Other wet waste",Sludge,55125,"Vilas County",WI,"Lake States",1017.72,"mature-market low",wastes,240,121.00,dt,1573000000,BTU,0.12
"Other wet waste",Sludge,55125,"Vilas County",WI,"Lake States",1017.72,"mature-market medium",wastes,240,121.00,dt,1573000000,BTU,0.12
"Other wet waste",Sludge,55125,"Vilas County",WI,"Lake States",1017.72,near-term,wastes,240,170.00,dt,2210000000,BTU,0.17
"Other wet waste",Sludge,55127,"Walworth County",WI,"Lake States",576.6,Emerging,wastes,260.2,3039.00,dt,39507000000,BTU,5.27
"Other wet waste",Sludge,55127,"Walworth County",WI,"Lake States",576.6,"mature-market high",wastes,260.2,3039.00,dt,39507000000,BTU,5.27
"Other wet waste",Sludge,55127,"Walworth County",WI,"Lake States",576.6,"mature-market low",wastes,240,3039.00,dt,39507000000,BTU,5.27
"Other wet waste",Sludge,55127,"Walworth County",WI,"Lake States",576.6,"mature-market medium",wastes,240,3039.00,dt,39507000000,BTU,5.27
"Other wet waste",Sludge,55127,"Walworth County",WI,"Lake States",576.6,near-term,wastes,240,3058.00,dt,39754000000,BTU,5.30
"Other wet waste",Sludge,55129,"Washburn County",WI,"Lake States",853.32,Emerging,wastes,260.2,125.00,dt,1625000000,BTU,0.15
"Other wet waste",Sludge,55129,"Washburn County",WI,"Lake States",853.32,"mature-market high",wastes,260.2,125.00,dt,1625000000,BTU,0.15
"Other wet waste",Sludge,55129,"Washburn County",WI,"Lake States",853.32,"mature-market low",wastes,240,125.00,dt,1625000000,BTU,0.15
"Other wet waste",Sludge,55129,"Washburn County",WI,"Lake States",853.32,"mature-market medium",wastes,240,125.00,dt,1625000000,BTU,0.15
"Other wet waste",Sludge,55129,"Washburn County",WI,"Lake States",853.32,near-term,wastes,240,196.00,dt,2548000000,BTU,0.23
"Other wet waste",Sludge,55131,"Washington County",WI,"Lake States",435.66,Emerging,wastes,260.2,3314.00,dt,43082000000,BTU,7.61
"Other wet waste",Sludge,55131,"Washington County",WI,"Lake States",435.66,"mature-market high",wastes,260.2,3314.00,dt,43082000000,BTU,7.61
"Other wet waste",Sludge,55131,"Washington County",WI,"Lake States",435.66,"mature-market low",wastes,240,3314.00,dt,43082000000,BTU,7.61
"Other wet waste",Sludge,55131,"Washington County",WI,"Lake States",435.66,"mature-market medium",wastes,240,3314.00,dt,43082000000,BTU,7.61
"Other wet waste",Sludge,55131,"Washington County",WI,"Lake States",435.66,near-term,wastes,240,3415.00,dt,44395000000,BTU,7.84
"Other wet waste",Sludge,55133,"Waukesha County",WI,"Lake States",580.54,Emerging,wastes,235.54,10253.00,dt,133289000000,BTU,17.66
"Other wet waste",Sludge,55133,"Waukesha County",WI,"Lake States",580.54,"mature-market high",wastes,235.54,10253.00,dt,133289000000,BTU,17.66
"Other wet waste",Sludge,55133,"Waukesha County",WI,"Lake States",580.54,"mature-market low",wastes,215.34,10253.00,dt,133289000000,BTU,17.66
"Other wet waste",Sludge,55133,"Waukesha County",WI,"Lake States",580.54,"mature-market medium",wastes,215.34,10253.00,dt,133289000000,BTU,17.66
"Other wet waste",Sludge,55133,"Waukesha County",WI,"Lake States",580.54,near-term,wastes,216.03,9932.00,dt,129116000000,BTU,17.11
"Other wet waste",Sludge,55135,"Waupaca County",WI,"Lake States",765.17,Emerging,wastes,260.2,1418.00,dt,18434000000,BTU,1.85
"Other wet waste",Sludge,55135,"Waupaca County",WI,"Lake States",765.17,"mature-market high",wastes,260.2,1418.00,dt,18434000000,BTU,1.85
"Other wet waste",Sludge,55135,"Waupaca County",WI,"Lake States",765.17,"mature-market low",wastes,240,1418.00,dt,18434000000,BTU,1.85
"Other wet waste",Sludge,55135,"Waupaca County",WI,"Lake States",765.17,"mature-market medium",wastes,240,1418.00,dt,18434000000,BTU,1.85
"Other wet waste",Sludge,55135,"Waupaca County",WI,"Lake States",765.17,near-term,wastes,240,1639.00,dt,21307000000,BTU,2.14
"Other wet waste",Sludge,55137,"Waushara County",WI,"Lake States",637.4,Emerging,wastes,260.2,451.00,dt,5863000000,BTU,0.71
"Other wet waste",Sludge,55137,"Waushara County",WI,"Lake States",637.4,"mature-market high",wastes,260.2,451.00,dt,5863000000,BTU,0.71
"Other wet waste",Sludge,55137,"Waushara County",WI,"Lake States",637.4,"mature-market low",wastes,240,451.00,dt,5863000000,BTU,0.71
"Other wet waste",Sludge,55137,"Waushara County",WI,"Lake States",637.4,"mature-market medium",wastes,240,451.00,dt,5863000000,BTU,0.71
"Other wet waste",Sludge,55137,"Waushara County",WI,"Lake States",637.4,near-term,wastes,240,640.00,dt,8320000000,BTU,1.00
"Other wet waste",Sludge,55139,"Winnebago County",WI,"Lake States",578.57,Emerging,wastes,226.37,11716.00,dt,152308000000,BTU,20.25
"Other wet waste",Sludge,55139,"Winnebago County",WI,"Lake States",578.57,"mature-market high",wastes,226.37,11716.00,dt,152308000000,BTU,20.25
"Other wet waste",Sludge,55139,"Winnebago County",WI,"Lake States",578.57,"mature-market low",wastes,206.17,11716.00,dt,152308000000,BTU,20.25
"Other wet waste",Sludge,55139,"Winnebago County",WI,"Lake States",578.57,"mature-market medium",wastes,206.17,11716.00,dt,152308000000,BTU,20.25
"Other wet waste",Sludge,55139,"Winnebago County",WI,"Lake States",578.57,near-term,wastes,222.88,11012.00,dt,143156000000,BTU,19.03
"Other wet waste",Sludge,55141,"Wood County",WI,"Lake States",809.25,Emerging,wastes,260.2,1940.00,dt,25220000000,BTU,2.40
"Other wet waste",Sludge,55141,"Wood County",WI,"Lake States",809.25,"mature-market high",wastes,260.2,1940.00,dt,25220000000,BTU,2.40
"Other wet waste",Sludge,55141,"Wood County",WI,"Lake States",809.25,"mature-market low",wastes,240,1940.00,dt,25220000000,BTU,2.40
"Other wet waste",Sludge,55141,"Wood County",WI,"Lake States",809.25,"mature-market medium",wastes,240,1940.00,dt,25220000000,BTU,2.40
"Other wet waste",Sludge,55141,"Wood County",WI,"Lake States",809.25,near-term,wastes,240,2621.00,dt,34073000000,BTU,3.24
Paper,"Paper and paperboard",55001,"Adams County",WI,"Lake States",687.48,Emerging,wastes,116.35,2659.00,dt,37757800000,BTU,3.87
Paper,"Paper and paperboard",55001,"Adams County",WI,"Lake States",687.48,"mature-market high",wastes,116.35,2659.00,dt,37757800000,BTU,3.87
Paper,"Paper and paperboard",55001,"Adams County",WI,"Lake States",687.48,"mature-market low",wastes,98.18,2659.00,dt,37757800000,BTU,3.87
Paper,"Paper and paperboard",55001,"Adams County",WI,"Lake States",687.48,"mature-market medium",wastes,98.18,2659.00,dt,37757800000,BTU,3.87
Paper,"Paper and paperboard",55001,"Adams County",WI,"Lake States",687.48,near-term,wastes,98.18,4282.00,dt,60804400000,BTU,6.23
Paper,"Paper and paperboard",55015,"Calumet County",WI,"Lake States",397.08,Emerging,wastes,116.35,55545.00,dt,788739000000,BTU,139.88
Paper,"Paper and paperboard",55015,"Calumet County",WI,"Lake States",397.08,"mature-market high",wastes,116.35,55545.00,dt,788739000000,BTU,139.88
Paper,"Paper and paperboard",55015,"Calumet County",WI,"Lake States",397.08,"mature-market low",wastes,98.18,55545.00,dt,788739000000,BTU,139.88
Paper,"Paper and paperboard",55015,"Calumet County",WI,"Lake States",397.08,"mature-market medium",wastes,98.18,55545.00,dt,788739000000,BTU,139.88
Paper,"Paper and paperboard",55015,"Calumet County",WI,"Lake States",397.08,near-term,wastes,98.18,56877.00,dt,807653400000,BTU,143.24
Paper,"Paper and paperboard",55025,"Dane County",WI,"Lake States",1237.5,Emerging,wastes,116.35,75271.00,dt,1068848200000,BTU,60.83
Paper,"Paper and paperboard",55025,"Dane County",WI,"Lake States",1237.5,"mature-market high",wastes,116.35,75271.00,dt,1068848200000,BTU,60.83
Paper,"Paper and paperboard",55025,"Dane County",WI,"Lake States",1237.5,"mature-market low",wastes,98.18,75271.00,dt,1068848200000,BTU,60.83
Paper,"Paper and paperboard",55025,"Dane County",WI,"Lake States",1237.5,"mature-market medium",wastes,98.18,75271.00,dt,1068848200000,BTU,60.83
Paper,"Paper and paperboard",55025,"Dane County",WI,"Lake States",1237.5,near-term,wastes,98.18,48965.00,dt,695303000000,BTU,39.57
Paper,"Paper and paperboard",55027,"Dodge County",WI,"Lake States",907.1,Emerging,wastes,116.35,93329.00,dt,1325271800000,BTU,102.89
Paper,"Paper and paperboard",55027,"Dodge County",WI,"Lake States",907.1,"mature-market high",wastes,116.35,93329.00,dt,1325271800000,BTU,102.89
Paper,"Paper and paperboard",55027,"Dodge County",WI,"Lake States",907.1,"mature-market low",wastes,98.18,93329.00,dt,1325271800000,BTU,102.89
Paper,"Paper and paperboard",55027,"Dodge County",WI,"Lake States",907.1,"mature-market medium",wastes,98.18,93329.00,dt,1325271800000,BTU,102.89
Paper,"Paper and paperboard",55027,"Dodge County",WI,"Lake States",907.1,near-term,wastes,98.18,101463.00,dt,1440774600000,BTU,111.85
Paper,"Paper and paperboard",55031,"Douglas County",WI,"Lake States",1332.11,Emerging,wastes,116.35,18699.00,dt,265525800000,BTU,14.04
Paper,"Paper and paperboard",55031,"Douglas County",WI,"Lake States",1332.11,"mature-market high",wastes,116.35,18699.00,dt,265525800000,BTU,14.04
Paper,"Paper and paperboard",55031,"Douglas County",WI,"Lake States",1332.11,"mature-market low",wastes,98.18,18699.00,dt,265525800000,BTU,14.04
Paper,"Paper and paperboard",55031,"Douglas County",WI,"Lake States",1332.11,"mature-market medium",wastes,98.18,18699.00,dt,265525800000,BTU,14.04
Paper,"Paper and paperboard",55031,"Douglas County",WI,"Lake States",1332.11,near-term,wastes,98.18,23799.00,dt,337945800000,BTU,17.87
Paper,"Paper and paperboard",55035,"Eau Claire County",WI,"Lake States",645.2,Emerging,wastes,116.35,77949.00,dt,1106875800000,BTU,120.81
Paper,"Paper and paperboard",55035,"Eau Claire County",WI,"Lake States",645.2,"mature-market high",wastes,116.35,77949.00,dt,1106875800000,BTU,120.81
Paper,"Paper and paperboard",55035,"Eau Claire County",WI,"Lake States",645.2,"mature-market low",wastes,98.18,77949.00,dt,1106875800000,BTU,120.81
Paper,"Paper and paperboard",55035,"Eau Claire County",WI,"Lake States",645.2,"mature-market medium",wastes,98.18,77949.00,dt,1106875800000,BTU,120.81
Paper,"Paper and paperboard",55035,"Eau Claire County",WI,"Lake States",645.2,near-term,wastes,98.18,65069.00,dt,923979800000,BTU,100.85
Paper,"Paper and paperboard",55047,"Green Lake County",WI,"Lake States",380.13,Emerging,wastes,116.35,25912.00,dt,367950400000,BTU,68.17
Paper,"Paper and paperboard",55047,"Green Lake County",WI,"Lake States",380.13,"mature-market high",wastes,116.35,25912.00,dt,367950400000,BTU,68.17
Paper,"Paper and paperboard",55047,"Green Lake County",WI,"Lake States",380.13,"mature-market low",wastes,98.18,25912.00,dt,367950400000,BTU,68.17
Paper,"Paper and paperboard",55047,"Green Lake County",WI,"Lake States",380.13,"mature-market medium",wastes,98.18,25912.00,dt,367950400000,BTU,68.17
Paper,"Paper and paperboard",55047,"Green Lake County",WI,"Lake States",380.13,near-term,wastes,98.18,30907.00,dt,438879400000,BTU,81.31
Paper,"Paper and paperboard",55055,"Jefferson County",WI,"Lake States",582.74,Emerging,wastes,116.35,28140.00,dt,399588000000,BTU,48.29
Paper,"Paper and paperboard",55055,"Jefferson County",WI,"Lake States",582.74,"mature-market high",wastes,116.35,28140.00,dt,399588000000,BTU,48.29
Paper,"Paper and paperboard",55055,"Jefferson County",WI,"Lake States",582.74,"mature-market low",wastes,98.18,28140.00,dt,399588000000,BTU,48.29
Paper,"Paper and paperboard",55055,"Jefferson County",WI,"Lake States",582.74,"mature-market medium",wastes,98.18,28140.00,dt,399588000000,BTU,48.29
Paper,"Paper and paperboard",55055,"Jefferson County",WI,"Lake States",582.74,near-term,wastes,98.18,29162.00,dt,414100400000,BTU,50.04
Paper,"Paper and paperboard",55057,"Juneau County",WI,"Lake States",805.17,Emerging,wastes,116.35,766.00,dt,10877200000,BTU,0.95
Paper,"Paper and paperboard",55057,"Juneau County",WI,"Lake States",805.17,"mature-market high",wastes,116.35,766.00,dt,10877200000,BTU,0.95
Paper,"Paper and paperboard",55057,"Juneau County",WI,"Lake States",805.17,"mature-market low",wastes,98.18,766.00,dt,10877200000,BTU,0.95
Paper,"Paper and paperboard",55057,"Juneau County",WI,"Lake States",805.17,"mature-market medium",wastes,98.18,766.00,dt,10877200000,BTU,0.95
Paper,"Paper and paperboard",55057,"Juneau County",WI,"Lake States",805.17,near-term,wastes,98.18,1000.00,dt,14200000000,BTU,1.24
Paper,"Paper and paperboard",55059,"Kenosha County",WI,"Lake States",278.42,Emerging,wastes,116.35,26766.00,dt,380077200000,BTU,96.14
Paper,"Paper and paperboard",55059,"Kenosha County",WI,"Lake States",278.42,"mature-market high",wastes,116.35,26766.00,dt,380077200000,BTU,96.14
Paper,"Paper and paperboard",55059,"Kenosha County",WI,"Lake States",278.42,"mature-market low",wastes,98.18,26766.00,dt,380077200000,BTU,96.14
Paper,"Paper and paperboard",55059,"Kenosha County",WI,"Lake States",278.42,"mature-market medium",wastes,98.18,26766.00,dt,380077200000,BTU,96.14
Paper,"Paper and paperboard",55059,"Kenosha County",WI,"Lake States",278.42,near-term,wastes,98.18,26491.00,dt,376172200000,BTU,95.15
Paper,"Paper and paperboard",55061,"Kewaunee County",WI,"Lake States",343.95,Emerging,wastes,116.35,2624.00,dt,37260800000,BTU,7.63
Paper,"Paper and paperboard",55061,"Kewaunee County",WI,"Lake States",343.95,"mature-market high",wastes,116.35,2624.00,dt,37260800000,BTU,7.63
Paper,"Paper and paperboard",55061,"Kewaunee County",WI,"Lake States",343.95,"mature-market low",wastes,98.18,2624.00,dt,37260800000,BTU,7.63
Paper,"Paper and paperboard",55061,"Kewaunee County",WI,"Lake States",343.95,"mature-market medium",wastes,98.18,2624.00,dt,37260800000,BTU,7.63
Paper,"Paper and paperboard",55061,"Kewaunee County",WI,"Lake States",343.95,near-term,wastes,98.18,3392.00,dt,48166400000,BTU,9.86
Paper,"Paper and paperboard",55063,"La Crosse County",WI,"Lake States",480.05,Emerging,wastes,116.35,15698.00,dt,222911600000,BTU,32.70
Paper,"Paper and paperboard",55063,"La Crosse County",WI,"Lake States",480.05,"mature-market high",wastes,116.35,15698.00,dt,222911600000,BTU,32.70
Paper,"Paper and paperboard",55063,"La Crosse County",WI,"Lake States",480.05,"mature-market low",wastes,98.18,15698.00,dt,222911600000,BTU,32.70
Paper,"Paper and paperboard",55063,"La Crosse County",WI,"Lake States",480.05,"mature-market medium",wastes,98.18,15698.00,dt,222911600000,BTU,32.70
Paper,"Paper and paperboard",55063,"La Crosse County",WI,"Lake States",480.05,near-term,wastes,98.18,12912.00,dt,183350400000,BTU,26.90
Paper,"Paper and paperboard",55069,"Lincoln County",WI,"Lake States",906.79,Emerging,wastes,116.35,3741.00,dt,53122200000,BTU,4.13
Paper,"Paper and paperboard",55069,"Lincoln County",WI,"Lake States",906.79,"mature-market high",wastes,116.35,3741.00,dt,53122200000,BTU,4.13
Paper,"Paper and paperboard",55069,"Lincoln County",WI,"Lake States",906.79,"mature-market low",wastes,98.18,3741.00,dt,53122200000,BTU,4.13
Paper,"Paper and paperboard",55069,"Lincoln County",WI,"Lake States",906.79,"mature-market medium",wastes,98.18,3741.00,dt,53122200000,BTU,4.13
Paper,"Paper and paperboard",55069,"Lincoln County",WI,"Lake States",906.79,near-term,wastes,98.18,5298.00,dt,75231600000,BTU,5.84
Paper,"Paper and paperboard",55071,"Manitowoc County",WI,"Lake States",594.62,Emerging,wastes,116.35,28609.00,dt,406247800000,BTU,48.11
Paper,"Paper and paperboard",55071,"Manitowoc County",WI,"Lake States",594.62,"mature-market high",wastes,116.35,28609.00,dt,406247800000,BTU,48.11
Paper,"Paper and paperboard",55071,"Manitowoc County",WI,"Lake States",594.62,"mature-market low",wastes,98.18,28609.00,dt,406247800000,BTU,48.11
Paper,"Paper and paperboard",55071,"Manitowoc County",WI,"Lake States",594.62,"mature-market medium",wastes,98.18,28609.00,dt,406247800000,BTU,48.11
Paper,"Paper and paperboard",55071,"Manitowoc County",WI,"Lake States",594.62,near-term,wastes,98.18,37261.00,dt,529106200000,BTU,62.66
Paper,"Paper and paperboard",55073,"Marathon County",WI,"Lake States",1576.33,Emerging,wastes,116.35,30638.00,dt,435059600000,BTU,19.44
Paper,"Paper and paperboard",55073,"Marathon County",WI,"Lake States",1576.33,"mature-market high",wastes,116.35,30638.00,dt,435059600000,BTU,19.44
Paper,"Paper and paperboard",55073,"Marathon County",WI,"Lake States",1576.33,"mature-market low",wastes,98.18,30638.00,dt,435059600000,BTU,19.44
Paper,"Paper and paperboard",55073,"Marathon County",WI,"Lake States",1576.33,"mature-market medium",wastes,98.18,30638.00,dt,435059600000,BTU,19.44
Paper,"Paper and paperboard",55073,"Marathon County",WI,"Lake States",1576.33,near-term,wastes,98.18,32073.00,dt,455436600000,BTU,20.35
Paper,"Paper and paperboard",55075,"Marinette County",WI,"Lake States",1429.25,Emerging,wastes,116.35,1781.00,dt,25290200000,BTU,1.25
Paper,"Paper and paperboard",55075,"Marinette County",WI,"Lake States",1429.25,"mature-market high",wastes,116.35,1781.00,dt,25290200000,BTU,1.25
Paper,"Paper and paperboard",55075,"Marinette County",WI,"Lake States",1429.25,"mature-market low",wastes,98.18,1781.00,dt,25290200000,BTU,1.25
Paper,"Paper and paperboard",55075,"Marinette County",WI,"Lake States",1429.25,"mature-market medium",wastes,98.18,1781.00,dt,25290200000,BTU,1.25
Paper,"Paper and paperboard",55075,"Marinette County",WI,"Lake States",1429.25,near-term,wastes,98.18,2518.00,dt,35755600000,BTU,1.76
Paper,"Paper and paperboard",55079,"Milwaukee County",WI,"Lake States",242.17,Emerging,wastes,116.35,68454.00,dt,972046800000,BTU,282.67
Paper,"Paper and paperboard",55079,"Milwaukee County",WI,"Lake States",242.17,"mature-market high",wastes,116.35,68454.00,dt,972046800000,BTU,282.67
Paper,"Paper and paperboard",55079,"Milwaukee County",WI,"Lake States",242.17,"mature-market low",wastes,98.18,68454.00,dt,972046800000,BTU,282.67
Paper,"Paper and paperboard",55079,"Milwaukee County",WI,"Lake States",242.17,"mature-market medium",wastes,98.18,68454.00,dt,972046800000,BTU,282.67
Paper,"Paper and paperboard",55079,"Milwaukee County",WI,"Lake States",242.17,near-term,wastes,98.18,62537.00,dt,888025400000,BTU,258.24
Paper,"Paper and paperboard",55081,"Monroe County",WI,"Lake States",908.08,Emerging,wastes,116.35,7170.00,dt,101814000000,BTU,7.90
Paper,"Paper and paperboard",55081,"Monroe County",WI,"Lake States",908.08,"mature-market high",wastes,116.35,7170.00,dt,101814000000,BTU,7.90
Paper,"Paper and paperboard",55081,"Monroe County",WI,"Lake States",908.08,"mature-market low",wastes,98.18,7170.00,dt,101814000000,BTU,7.90
Paper,"Paper and paperboard",55081,"Monroe County",WI,"Lake States",908.08,"mature-market medium",wastes,98.18,7170.00,dt,101814000000,BTU,7.90
Paper,"Paper and paperboard",55081,"Monroe County",WI,"Lake States",908.08,near-term,wastes,98.18,7880.00,dt,111896000000,BTU,8.68
Paper,"Paper and paperboard",55087,"Outagamie County",WI,"Lake States",644.61,Emerging,wastes,116.35,118910.00,dt,1688522000000,BTU,184.47
Paper,"Paper and paperboard",55087,"Outagamie County",WI,"Lake States",644.61,"mature-market high",wastes,116.35,118910.00,dt,1688522000000,BTU,184.47
Paper,"Paper and paperboard",55087,"Outagamie County",WI,"Lake States",644.61,"mature-market low",wastes,98.18,118910.00,dt,1688522000000,BTU,184.47
Paper,"Paper and paperboard",55087,"Outagamie County",WI,"Lake States",644.61,"mature-market medium",wastes,98.18,118910.00,dt,1688522000000,BTU,184.47
Paper,"Paper and paperboard",55087,"Outagamie County",WI,"Lake States",644.61,near-term,wastes,98.18,104245.00,dt,1480279000000,BTU,161.72
Paper,"Paper and paperboard",55101,"Racine County",WI,"Lake States",340.39,Emerging,wastes,116.35,33944.00,dt,482004800000,BTU,99.72
Paper,"Paper and paperboard",55101,"Racine County",WI,"Lake States",340.39,"mature-market high",wastes,116.35,33944.00,dt,482004800000,BTU,99.72
Paper,"Paper and paperboard",55101,"Racine County",WI,"Lake States",340.39,"mature-market low",wastes,98.18,33944.00,dt,482004800000,BTU,99.72
Paper,"Paper and paperboard",55101,"Racine County",WI,"Lake States",340.39,"mature-market medium",wastes,98.18,33944.00,dt,482004800000,BTU,99.72
Paper,"Paper and paperboard",55101,"Racine County",WI,"Lake States",340.39,near-term,wastes,98.18,36659.00,dt,520557800000,BTU,107.70
Paper,"Paper and paperboard",55103,"Richland County",WI,"Lake States",589.3,Emerging,wastes,116.35,4100.00,dt,58220000000,BTU,6.96
Paper,"Paper and paperboard",55103,"Richland County",WI,"Lake States",589.3,"mature-market high",wastes,116.35,4100.00,dt,58220000000,BTU,6.96
Paper,"Paper and paperboard",55103,"Richland County",WI,"Lake States",589.3,"mature-market low",wastes,98.18,4100.00,dt,58220000000,BTU,6.96
Paper,"Paper and paperboard",55103,"Richland County",WI,"Lake States",589.3,"mature-market medium",wastes,98.18,4100.00,dt,58220000000,BTU,6.96
Paper,"Paper and paperboard",55103,"Richland County",WI,"Lake States",589.3,near-term,wastes,98.18,6010.00,dt,85342000000,BTU,10.20
Paper,"Paper and paperboard",55105,"Rock County",WI,"Lake States",726.16,Emerging,wastes,116.35,42857.00,dt,608569400000,BTU,59.02
Paper,"Paper and paperboard",55105,"Rock County",WI,"Lake States",726.16,"mature-market high",wastes,116.35,42857.00,dt,608569400000,BTU,59.02
Paper,"Paper and paperboard",55105,"Rock County",WI,"Lake States",726.16,"mature-market low",wastes,98.18,42857.00,dt,608569400000,BTU,59.02
Paper,"Paper and paperboard",55105,"Rock County",WI,"Lake States",726.16,"mature-market medium",wastes,98.18,42857.00,dt,608569400000,BTU,59.02
Paper,"Paper and paperboard",55105,"Rock County",WI,"Lake States",726.16,near-term,wastes,98.18,45966.00,dt,652717200000,BTU,63.30
Paper,"Paper and paperboard",55107,"Rusk County",WI,"Lake States",930.86,Emerging,wastes,116.35,14228.00,dt,202037600000,BTU,15.28
Paper,"Paper and paperboard",55107,"Rusk County",WI,"Lake States",930.86,"mature-market high",wastes,116.35,14228.00,dt,202037600000,BTU,15.28
Paper,"Paper and paperboard",55107,"Rusk County",WI,"Lake States",930.86,"mature-market low",wastes,98.18,14228.00,dt,202037600000,BTU,15.28
Paper,"Paper and paperboard",55107,"Rusk County",WI,"Lake States",930.86,"mature-market medium",wastes,98.18,14228.00,dt,202037600000,BTU,15.28
Paper,"Paper and paperboard",55107,"Rusk County",WI,"Lake States",930.86,near-term,wastes,98.18,21943.00,dt,311590600000,BTU,23.57
Paper,"Paper and paperboard",55111,"Sauk County",WI,"Lake States",849.19,Emerging,wastes,116.35,128.00,dt,1817600000,BTU,0.15
Paper,"Paper and paperboard",55111,"Sauk County",WI,"Lake States",849.19,"mature-market high",wastes,116.35,128.00,dt,1817600000,BTU,0.15
Paper,"Paper and paperboard",55111,"Sauk County",WI,"Lake States",849.19,"mature-market low",wastes,98.18,128.00,dt,1817600000,BTU,0.15
Paper,"Paper and paperboard",55111,"Sauk County",WI,"Lake States",849.19,"mature-market medium",wastes,98.18,128.00,dt,1817600000,BTU,0.15
Paper,"Paper and paperboard",55111,"Sauk County",WI,"Lake States",849.19,near-term,wastes,98.18,125.00,dt,1775000000,BTU,0.15
Paper,"Paper and paperboard",55115,"Shawano County",WI,"Lake States",909.4,Emerging,wastes,116.35,77.00,dt,1093400000,BTU,0.08
Paper,"Paper and paperboard",55115,"Shawano County",WI,"Lake States",909.4,"mature-market high",wastes,116.35,77.00,dt,1093400000,BTU,0.08
Paper,"Paper and paperboard",55115,"Shawano County",WI,"Lake States",909.4,"mature-market low",wastes,98.18,77.00,dt,1093400000,BTU,0.08
Paper,"Paper and paperboard",55115,"Shawano County",WI,"Lake States",909.4,"mature-market medium",wastes,98.18,77.00,dt,1093400000,BTU,0.08
Paper,"Paper and paperboard",55115,"Shawano County",WI,"Lake States",909.4,near-term,wastes,98.18,106.00,dt,1505200000,BTU,0.12
Paper,"Paper and paperboard",55123,"Vernon County",WI,"Lake States",816.38,Emerging,wastes,116.35,2180.00,dt,30956000000,BTU,2.67
Paper,"Paper and paperboard",55123,"Vernon County",WI,"Lake States",816.38,"mature-market high",wastes,116.35,2180.00,dt,30956000000,BTU,2.67
Paper,"Paper and paperboard",55123,"Vernon County",WI,"Lake States",816.38,"mature-market low",wastes,98.18,2180.00,dt,30956000000,BTU,2.67
Paper,"Paper and paperboard",55123,"Vernon County",WI,"Lake States",816.38,"mature-market medium",wastes,98.18,2180.00,dt,30956000000,BTU,2.67
Paper,"Paper and paperboard",55123,"Vernon County",WI,"Lake States",816.38,near-term,wastes,98.18,2414.00,dt,34278800000,BTU,2.96
Paper,"Paper and paperboard",55125,"Vilas County",WI,"Lake States",1017.72,Emerging,wastes,116.35,3614.00,dt,51318800000,BTU,3.55
Paper,"Paper and paperboard",55125,"Vilas County",WI,"Lake States",1017.72,"mature-market high",wastes,116.35,3614.00,dt,51318800000,BTU,3.55
Paper,"Paper and paperboard",55125,"Vilas County",WI,"Lake States",1017.72,"mature-market low",wastes,98.18,3614.00,dt,51318800000,BTU,3.55
Paper,"Paper and paperboard",55125,"Vilas County",WI,"Lake States",1017.72,"mature-market medium",wastes,98.18,3614.00,dt,51318800000,BTU,3.55
Paper,"Paper and paperboard",55125,"Vilas County",WI,"Lake States",1017.72,near-term,wastes,98.18,5086.00,dt,72221200000,BTU,5.00
Paper,"Paper and paperboard",55127,"Walworth County",WI,"Lake States",576.6,Emerging,wastes,116.35,47921.00,dt,680478200000,BTU,83.11
Paper,"Paper and paperboard",55127,"Walworth County",WI,"Lake States",576.6,"mature-market high",wastes,116.35,47921.00,dt,680478200000,BTU,83.11
Paper,"Paper and paperboard",55127,"Walworth County",WI,"Lake States",576.6,"mature-market low",wastes,98.18,47921.00,dt,680478200000,BTU,83.11
Paper,"Paper and paperboard",55127,"Walworth County",WI,"Lake States",576.6,"mature-market medium",wastes,98.18,47921.00,dt,680478200000,BTU,83.11
Paper,"Paper and paperboard",55127,"Walworth County",WI,"Lake States",576.6,near-term,wastes,98.18,48222.00,dt,684752400000,BTU,83.63
Paper,"Paper and paperboard",55129,"Washburn County",WI,"Lake States",853.32,Emerging,wastes,116.35,19461.00,dt,276346200000,BTU,22.81
Paper,"Paper and paperboard",55129,"Washburn County",WI,"Lake States",853.32,"mature-market high",wastes,116.35,19461.00,dt,276346200000,BTU,22.81
Paper,"Paper and paperboard",55129,"Washburn County",WI,"Lake States",853.32,"mature-market low",wastes,98.18,19461.00,dt,276346200000,BTU,22.81
Paper,"Paper and paperboard",55129,"Washburn County",WI,"Lake States",853.32,"mature-market medium",wastes,98.18,19461.00,dt,276346200000,BTU,22.81
Paper,"Paper and paperboard",55129,"Washburn County",WI,"Lake States",853.32,near-term,wastes,98.18,30432.00,dt,432134400000,BTU,35.66
Paper,"Paper and paperboard",55133,"Waukesha County",WI,"Lake States",580.54,Emerging,wastes,116.35,217787.00,dt,3092575400000,BTU,375.15
Paper,"Paper and paperboard",55133,"Waukesha County",WI,"Lake States",580.54,"mature-market high",wastes,116.35,217787.00,dt,3092575400000,BTU,375.15
Paper,"Paper and paperboard",55133,"Waukesha County",WI,"Lake States",580.54,"mature-market low",wastes,98.18,217787.00,dt,3092575400000,BTU,375.15
Paper,"Paper and paperboard",55133,"Waukesha County",WI,"Lake States",580.54,"mature-market medium",wastes,98.18,217787.00,dt,3092575400000,BTU,375.15
Paper,"Paper and paperboard",55133,"Waukesha County",WI,"Lake States",580.54,near-term,wastes,98.18,210966.00,dt,2995717200000,BTU,363.40
Paper,"Paper and paperboard",55139,"Winnebago County",WI,"Lake States",578.57,Emerging,wastes,116.35,97492.00,dt,1384386400000,BTU,168.51
Paper,"Paper and paperboard",55139,"Winnebago County",WI,"Lake States",578.57,"mature-market high",wastes,116.35,97492.00,dt,1384386400000,BTU,168.51
Paper,"Paper and paperboard",55139,"Winnebago County",WI,"Lake States",578.57,"mature-market low",wastes,98.18,97492.00,dt,1384386400000,BTU,168.51
Paper,"Paper and paperboard",55139,"Winnebago County",WI,"Lake States",578.57,"mature-market medium",wastes,98.18,97492.00,dt,1384386400000,BTU,168.51
Paper,"Paper and paperboard",55139,"Winnebago County",WI,"Lake States",578.57,near-term,wastes,98.18,91626.00,dt,1301089200000,BTU,158.37
Paper,"Paper and paperboard",55141,"Wood County",WI,"Lake States",809.25,Emerging,wastes,116.35,34663.00,dt,492214600000,BTU,42.83
Paper,"Paper and paperboard",55141,"Wood County",WI,"Lake States",809.25,"mature-market high",wastes,116.35,34663.00,dt,492214600000,BTU,42.83
Paper,"Paper and paperboard",55141,"Wood County",WI,"Lake States",809.25,"mature-market low",wastes,98.18,34663.00,dt,492214600000,BTU,42.83
Paper,"Paper and paperboard",55141,"Wood County",WI,"Lake States",809.25,"mature-market medium",wastes,98.18,34663.00,dt,492214600000,BTU,42.83
Paper,"Paper and paperboard",55141,"Wood County",WI,"Lake States",809.25,near-term,wastes,98.18,46817.00,dt,664801400000,BTU,57.85
Plastic,Plastics,55001,"Adams County",WI,"Lake States",687.48,Emerging,wastes,255.03,1719.00,dt,48132000000,BTU,2.50
Plastic,Plastics,55001,"Adams County",WI,"Lake States",687.48,"mature-market high",wastes,255.03,1719.00,dt,48132000000,BTU,2.50
Plastic,Plastics,55001,"Adams County",WI,"Lake States",687.48,"mature-market low",wastes,236.48,1719.00,dt,48132000000,BTU,2.50
Plastic,Plastics,55001,"Adams County",WI,"Lake States",687.48,"mature-market medium",wastes,236.48,1719.00,dt,48132000000,BTU,2.50
Plastic,Plastics,55001,"Adams County",WI,"Lake States",687.48,near-term,wastes,236.48,2768.00,dt,77504000000,BTU,4.03
Plastic,Plastics,55015,"Calumet County",WI,"Lake States",397.08,Emerging,wastes,255.03,35915.00,dt,1005620000000,BTU,90.45
Plastic,Plastics,55015,"Calumet County",WI,"Lake States",397.08,"mature-market high",wastes,255.03,35915.00,dt,1005620000000,BTU,90.45
Plastic,Plastics,55015,"Calumet County",WI,"Lake States",397.08,"mature-market low",wastes,236.48,35915.00,dt,1005620000000,BTU,90.45
Plastic,Plastics,55015,"Calumet County",WI,"Lake States",397.08,"mature-market medium",wastes,236.48,35915.00,dt,1005620000000,BTU,90.45
Plastic,Plastics,55015,"Calumet County",WI,"Lake States",397.08,near-term,wastes,236.48,36776.00,dt,1029728000000,BTU,92.62
Plastic,Plastics,55025,"Dane County",WI,"Lake States",1237.5,Emerging,wastes,255.03,48663.00,dt,1362564000000,BTU,39.32
Plastic,Plastics,55025,"Dane County",WI,"Lake States",1237.5,"mature-market high",wastes,255.03,48663.00,dt,1362564000000,BTU,39.32
Plastic,Plastics,55025,"Dane County",WI,"Lake States",1237.5,"mature-market low",wastes,236.48,48663.00,dt,1362564000000,BTU,39.32
Plastic,Plastics,55025,"Dane County",WI,"Lake States",1237.5,"mature-market medium",wastes,236.48,48663.00,dt,1362564000000,BTU,39.32
Plastic,Plastics,55025,"Dane County",WI,"Lake States",1237.5,near-term,wastes,236.48,31656.00,dt,886368000000,BTU,25.58
Plastic,Plastics,55027,"Dodge County",WI,"Lake States",907.1,Emerging,wastes,255.03,60342.00,dt,1689576000000,BTU,66.52
Plastic,Plastics,55027,"Dodge County",WI,"Lake States",907.1,"mature-market high",wastes,255.03,60342.00,dt,1689576000000,BTU,66.52
Plastic,Plastics,55027,"Dodge County",WI,"Lake States",907.1,"mature-market low",wastes,236.48,60342.00,dt,1689576000000,BTU,66.52
Plastic,Plastics,55027,"Dodge County",WI,"Lake States",907.1,"mature-market medium",wastes,236.48,60342.00,dt,1689576000000,BTU,66.52
Plastic,Plastics,55027,"Dodge County",WI,"Lake States",907.1,near-term,wastes,236.48,65601.00,dt,1836828000000,BTU,72.32
Plastic,Plastics,55031,"Douglas County",WI,"Lake States",1332.11,Emerging,wastes,255.03,12092.00,dt,338576000000,BTU,9.08
Plastic,Plastics,55031,"Douglas County",WI,"Lake States",1332.11,"mature-market high",wastes,255.03,12092.00,dt,338576000000,BTU,9.08
Plastic,Plastics,55031,"Douglas County",WI,"Lake States",1332.11,"mature-market low",wastes,236.48,12092.00,dt,338576000000,BTU,9.08
Plastic,Plastics,55031,"Douglas County",WI,"Lake States",1332.11,"mature-market medium",wastes,236.48,12092.00,dt,338576000000,BTU,9.08
Plastic,Plastics,55031,"Douglas County",WI,"Lake States",1332.11,near-term,wastes,236.48,15391.00,dt,430948000000,BTU,11.55
Plastic,Plastics,55035,"Eau Claire County",WI,"Lake States",645.2,Emerging,wastes,255.03,50394.00,dt,1411032000000,BTU,78.11
Plastic,Plastics,55035,"Eau Claire County",WI,"Lake States",645.2,"mature-market high",wastes,255.03,50394.00,dt,1411032000000,BTU,78.11
Plastic,Plastics,55035,"Eau Claire County",WI,"Lake States",645.2,"mature-market low",wastes,236.48,50394.00,dt,1411032000000,BTU,78.11
Plastic,Plastics,55035,"Eau Claire County",WI,"Lake States",645.2,"mature-market medium",wastes,236.48,50394.00,dt,1411032000000,BTU,78.11
Plastic,Plastics,55035,"Eau Claire County",WI,"Lake States",645.2,near-term,wastes,236.48,42067.00,dt,1177876000000,BTU,65.20
Plastic,Plastics,55047,"Green Lake County",WI,"Lake States",380.13,Emerging,wastes,255.03,16757.00,dt,469196000000,BTU,44.08
Plastic,Plastics,55047,"Green Lake County",WI,"Lake States",380.13,"mature-market high",wastes,255.03,16757.00,dt,469196000000,BTU,44.08
Plastic,Plastics,55047,"Green Lake County",WI,"Lake States",380.13,"mature-market low",wastes,236.48,16757.00,dt,469196000000,BTU,44.08
Plastic,Plastics,55047,"Green Lake County",WI,"Lake States",380.13,"mature-market medium",wastes,236.48,16757.00,dt,469196000000,BTU,44.08
Plastic,Plastics,55047,"Green Lake County",WI,"Lake States",380.13,near-term,wastes,236.48,19987.00,dt,559636000000,BTU,52.58
Plastic,Plastics,55055,"Jefferson County",WI,"Lake States",582.74,Emerging,wastes,255.03,18198.00,dt,509544000000,BTU,31.23
Plastic,Plastics,55055,"Jefferson County",WI,"Lake States",582.74,"mature-market high",wastes,255.03,18198.00,dt,509544000000,BTU,31.23
Plastic,Plastics,55055,"Jefferson County",WI,"Lake States",582.74,"mature-market low",wastes,236.48,18198.00,dt,509544000000,BTU,31.23
Plastic,Plastics,55055,"Jefferson County",WI,"Lake States",582.74,"mature-market medium",wastes,236.48,18198.00,dt,509544000000,BTU,31.23
Plastic,Plastics,55055,"Jefferson County",WI,"Lake States",582.74,near-term,wastes,236.48,18858.00,dt,528024000000,BTU,32.36
Plastic,Plastics,55057,"Juneau County",WI,"Lake States",805.17,Emerging,wastes,255.03,495.00,dt,13860000000,BTU,0.61
Plastic,Plastics,55057,"Juneau County",WI,"Lake States",805.17,"mature-market high",wastes,255.03,495.00,dt,13860000000,BTU,0.61
Plastic,Plastics,55057,"Juneau County",WI,"Lake States",805.17,"mature-market low",wastes,236.48,495.00,dt,13860000000,BTU,0.61
Plastic,Plastics,55057,"Juneau County",WI,"Lake States",805.17,"mature-market medium",wastes,236.48,495.00,dt,13860000000,BTU,0.61
Plastic,Plastics,55057,"Juneau County",WI,"Lake States",805.17,near-term,wastes,236.48,647.00,dt,18116000000,BTU,0.80
Plastic,Plastics,55059,"Kenosha County",WI,"Lake States",278.42,Emerging,wastes,255.03,17303.00,dt,484484000000,BTU,62.15
Plastic,Plastics,55059,"Kenosha County",WI,"Lake States",278.42,"mature-market high",wastes,255.03,17303.00,dt,484484000000,BTU,62.15
Plastic,Plastics,55059,"Kenosha County",WI,"Lake States",278.42,"mature-market low",wastes,236.48,17303.00,dt,484484000000,BTU,62.15
Plastic,Plastics,55059,"Kenosha County",WI,"Lake States",278.42,"mature-market medium",wastes,236.48,17303.00,dt,484484000000,BTU,62.15
Plastic,Plastics,55059,"Kenosha County",WI,"Lake States",278.42,near-term,wastes,236.48,17125.00,dt,479500000000,BTU,61.51
Plastic,Plastics,55061,"Kewaunee County",WI,"Lake States",343.95,Emerging,wastes,255.03,1697.00,dt,47516000000,BTU,4.93
Plastic,Plastics,55061,"Kewaunee County",WI,"Lake States",343.95,"mature-market high",wastes,255.03,1697.00,dt,47516000000,BTU,4.93
Plastic,Plastics,55061,"Kewaunee County",WI,"Lake States",343.95,"mature-market low",wastes,236.48,1697.00,dt,47516000000,BTU,4.93
Plastic,Plastics,55061,"Kewaunee County",WI,"Lake States",343.95,"mature-market medium",wastes,236.48,1697.00,dt,47516000000,BTU,4.93
Plastic,Plastics,55061,"Kewaunee County",WI,"Lake States",343.95,near-term,wastes,236.48,2193.00,dt,61404000000,BTU,6.38
Plastic,Plastics,55063,"La Crosse County",WI,"Lake States",480.05,Emerging,wastes,255.03,10144.00,dt,284032000000,BTU,21.13
Plastic,Plastics,55063,"La Crosse County",WI,"Lake States",480.05,"mature-market high",wastes,255.03,10144.00,dt,284032000000,BTU,21.13
Plastic,Plastics,55063,"La Crosse County",WI,"Lake States",480.05,"mature-market low",wastes,236.48,10144.00,dt,284032000000,BTU,21.13
Plastic,Plastics,55063,"La Crosse County",WI,"Lake States",480.05,"mature-market medium",wastes,236.48,10144.00,dt,284032000000,BTU,21.13
Plastic,Plastics,55063,"La Crosse County",WI,"Lake States",480.05,near-term,wastes,236.48,8344.00,dt,233632000000,BTU,17.38
Plastic,Plastics,55069,"Lincoln County",WI,"Lake States",906.79,Emerging,wastes,255.03,2418.00,dt,67704000000,BTU,2.67
Plastic,Plastics,55069,"Lincoln County",WI,"Lake States",906.79,"mature-market high",wastes,255.03,2418.00,dt,67704000000,BTU,2.67
Plastic,Plastics,55069,"Lincoln County",WI,"Lake States",906.79,"mature-market low",wastes,236.48,2418.00,dt,67704000000,BTU,2.67
Plastic,Plastics,55069,"Lincoln County",WI,"Lake States",906.79,"mature-market medium",wastes,236.48,2418.00,dt,67704000000,BTU,2.67
Plastic,Plastics,55069,"Lincoln County",WI,"Lake States",906.79,near-term,wastes,236.48,3425.00,dt,95900000000,BTU,3.78
Plastic,Plastics,55071,"Manitowoc County",WI,"Lake States",594.62,Emerging,wastes,255.03,18493.00,dt,517804000000,BTU,31.10
Plastic,Plastics,55071,"Manitowoc County",WI,"Lake States",594.62,"mature-market high",wastes,255.03,18493.00,dt,517804000000,BTU,31.10
Plastic,Plastics,55071,"Manitowoc County",WI,"Lake States",594.62,"mature-market low",wastes,236.48,18493.00,dt,517804000000,BTU,31.10
Plastic,Plastics,55071,"Manitowoc County",WI,"Lake States",594.62,"mature-market medium",wastes,236.48,18493.00,dt,517804000000,BTU,31.10
Plastic,Plastics,55071,"Manitowoc County",WI,"Lake States",594.62,near-term,wastes,236.48,24086.00,dt,674408000000,BTU,40.51
Plastic,Plastics,55073,"Marathon County",WI,"Lake States",1576.33,Emerging,wastes,255.03,19809.00,dt,554652000000,BTU,12.57
Plastic,Plastics,55073,"Marathon County",WI,"Lake States",1576.33,"mature-market high",wastes,255.03,19809.00,dt,554652000000,BTU,12.57
Plastic,Plastics,55073,"Marathon County",WI,"Lake States",1576.33,"mature-market low",wastes,236.48,19809.00,dt,554652000000,BTU,12.57
Plastic,Plastics,55073,"Marathon County",WI,"Lake States",1576.33,"mature-market medium",wastes,236.48,19809.00,dt,554652000000,BTU,12.57
Plastic,Plastics,55073,"Marathon County",WI,"Lake States",1576.33,near-term,wastes,236.48,20737.00,dt,580636000000,BTU,13.16
Plastic,Plastics,55075,"Marinette County",WI,"Lake States",1429.25,Emerging,wastes,255.03,1152.00,dt,32256000000,BTU,0.81
Plastic,Plastics,55075,"Marinette County",WI,"Lake States",1429.25,"mature-market high",wastes,255.03,1152.00,dt,32256000000,BTU,0.81
Plastic,Plastics,55075,"Marinette County",WI,"Lake States",1429.25,"mature-market low",wastes,236.48,1152.00,dt,32256000000,BTU,0.81
Plastic,Plastics,55075,"Marinette County",WI,"Lake States",1429.25,"mature-market medium",wastes,236.48,1152.00,dt,32256000000,BTU,0.81
Plastic,Plastics,55075,"Marinette County",WI,"Lake States",1429.25,near-term,wastes,236.48,1629.00,dt,45612000000,BTU,1.14
Plastic,Plastics,55079,"Milwaukee County",WI,"Lake States",242.17,Emerging,wastes,255.03,44258.00,dt,1239224000000,BTU,182.76
Plastic,Plastics,55079,"Milwaukee County",WI,"Lake States",242.17,"mature-market high",wastes,255.03,44258.00,dt,1239224000000,BTU,182.76
Plastic,Plastics,55079,"Milwaukee County",WI,"Lake States",242.17,"mature-market low",wastes,236.48,44258.00,dt,1239224000000,BTU,182.76
Plastic,Plastics,55079,"Milwaukee County",WI,"Lake States",242.17,"mature-market medium",wastes,236.48,44258.00,dt,1239224000000,BTU,182.76
Plastic,Plastics,55079,"Milwaukee County",WI,"Lake States",242.17,near-term,wastes,236.48,40433.00,dt,1132124000000,BTU,166.96
Plastic,Plastics,55081,"Monroe County",WI,"Lake States",908.08,Emerging,wastes,255.03,4636.00,dt,129808000000,BTU,5.11
Plastic,Plastics,55081,"Monroe County",WI,"Lake States",908.08,"mature-market high",wastes,255.03,4636.00,dt,129808000000,BTU,5.11
Plastic,Plastics,55081,"Monroe County",WI,"Lake States",908.08,"mature-market low",wastes,236.48,4636.00,dt,129808000000,BTU,5.11
Plastic,Plastics,55081,"Monroe County",WI,"Lake States",908.08,"mature-market medium",wastes,236.48,4636.00,dt,129808000000,BTU,5.11
Plastic,Plastics,55081,"Monroe County",WI,"Lake States",908.08,near-term,wastes,236.48,5095.00,dt,142660000000,BTU,5.61
Plastic,Plastics,55087,"Outagamie County",WI,"Lake States",644.61,Emerging,wastes,255.03,76879.00,dt,2152612000000,BTU,119.26
Plastic,Plastics,55087,"Outagamie County",WI,"Lake States",644.61,"mature-market high",wastes,255.03,76879.00,dt,2152612000000,BTU,119.26
Plastic,Plastics,55087,"Outagamie County",WI,"Lake States",644.61,"mature-market low",wastes,236.48,76879.00,dt,2152612000000,BTU,119.26
Plastic,Plastics,55087,"Outagamie County",WI,"Lake States",644.61,"mature-market medium",wastes,236.48,76879.00,dt,2152612000000,BTU,119.26
Plastic,Plastics,55087,"Outagamie County",WI,"Lake States",644.61,near-term,wastes,236.48,67397.00,dt,1887116000000,BTU,104.55
Plastic,Plastics,55101,"Racine County",WI,"Lake States",340.39,Emerging,wastes,255.03,21949.00,dt,614572000000,BTU,64.48
Plastic,Plastics,55101,"Racine County",WI,"Lake States",340.39,"mature-market high",wastes,255.03,21949.00,dt,614572000000,BTU,64.48
Plastic,Plastics,55101,"Racine County",WI,"Lake States",340.39,"mature-market low",wastes,236.48,21949.00,dt,614572000000,BTU,64.48
Plastic,Plastics,55101,"Racine County",WI,"Lake States",340.39,"mature-market medium",wastes,236.48,21949.00,dt,614572000000,BTU,64.48
Plastic,Plastics,55101,"Racine County",WI,"Lake States",340.39,near-term,wastes,236.48,23705.00,dt,663740000000,BTU,69.64
Plastic,Plastics,55103,"Richland County",WI,"Lake States",589.3,Emerging,wastes,255.03,2651.00,dt,74228000000,BTU,4.50
Plastic,Plastics,55103,"Richland County",WI,"Lake States",589.3,"mature-market high",wastes,255.03,2651.00,dt,74228000000,BTU,4.50
Plastic,Plastics,55103,"Richland County",WI,"Lake States",589.3,"mature-market low",wastes,236.48,2651.00,dt,74228000000,BTU,4.50
Plastic,Plastics,55103,"Richland County",WI,"Lake States",589.3,"mature-market medium",wastes,236.48,2651.00,dt,74228000000,BTU,4.50
Plastic,Plastics,55103,"Richland County",WI,"Lake States",589.3,near-term,wastes,236.48,3885.00,dt,108780000000,BTU,6.59
Plastic,Plastics,55105,"Rock County",WI,"Lake States",726.16,Emerging,wastes,255.03,27706.00,dt,775768000000,BTU,38.15
Plastic,Plastics,55105,"Rock County",WI,"Lake States",726.16,"mature-market high",wastes,255.03,27706.00,dt,775768000000,BTU,38.15
Plastic,Plastics,55105,"Rock County",WI,"Lake States",726.16,"mature-market low",wastes,236.48,27706.00,dt,775768000000,BTU,38.15
Plastic,Plastics,55105,"Rock County",WI,"Lake States",726.16,"mature-market medium",wastes,236.48,27706.00,dt,775768000000,BTU,38.15
Plastic,Plastics,55105,"Rock County",WI,"Lake States",726.16,near-term,wastes,236.48,29716.00,dt,832048000000,BTU,40.92
Plastic,Plastics,55107,"Rusk County",WI,"Lake States",930.86,Emerging,wastes,255.03,9200.00,dt,257600000000,BTU,9.88
Plastic,Plastics,55107,"Rusk County",WI,"Lake States",930.86,"mature-market high",wastes,255.03,9200.00,dt,257600000000,BTU,9.88
Plastic,Plastics,55107,"Rusk County",WI,"Lake States",930.86,"mature-market low",wastes,236.48,9200.00,dt,257600000000,BTU,9.88
Plastic,Plastics,55107,"Rusk County",WI,"Lake States",930.86,"mature-market medium",wastes,236.48,9200.00,dt,257600000000,BTU,9.88
Plastic,Plastics,55107,"Rusk County",WI,"Lake States",930.86,near-term,wastes,236.48,14189.00,dt,397292000000,BTU,15.24
Plastic,Plastics,55111,"Sauk County",WI,"Lake States",849.19,Emerging,wastes,255.03,83.00,dt,2324000000,BTU,0.10
Plastic,Plastics,55111,"Sauk County",WI,"Lake States",849.19,"mature-market high",wastes,255.03,83.00,dt,2324000000,BTU,0.10
Plastic,Plastics,55111,"Sauk County",WI,"Lake States",849.19,"mature-market low",wastes,236.48,83.00,dt,2324000000,BTU,0.10
Plastic,Plastics,55111,"Sauk County",WI,"Lake States",849.19,"mature-market medium",wastes,236.48,83.00,dt,2324000000,BTU,0.10
Plastic,Plastics,55111,"Sauk County",WI,"Lake States",849.19,near-term,wastes,236.48,81.00,dt,2268000000,BTU,0.10
Plastic,Plastics,55115,"Shawano County",WI,"Lake States",909.4,Emerging,wastes,255.03,50.00,dt,1400000000,BTU,0.05
Plastic,Plastics,55115,"Shawano County",WI,"Lake States",909.4,"mature-market high",wastes,255.03,50.00,dt,1400000000,BTU,0.05
Plastic,Plastics,55115,"Shawano County",WI,"Lake States",909.4,"mature-market low",wastes,236.48,50.00,dt,1400000000,BTU,0.05
Plastic,Plastics,55115,"Shawano County",WI,"Lake States",909.4,"mature-market medium",wastes,236.48,50.00,dt,1400000000,BTU,0.05
Plastic,Plastics,55115,"Shawano County",WI,"Lake States",909.4,near-term,wastes,236.48,68.00,dt,1904000000,BTU,0.07
Plastic,Plastics,55123,"Vernon County",WI,"Lake States",816.38,Emerging,wastes,255.03,1409.00,dt,39452000000,BTU,1.73
Plastic,Plastics,55123,"Vernon County",WI,"Lake States",816.38,"mature-market high",wastes,255.03,1409.00,dt,39452000000,BTU,1.73
Plastic,Plastics,55123,"Vernon County",WI,"Lake States",816.38,"mature-market low",wastes,236.48,1409.00,dt,39452000000,BTU,1.73
Plastic,Plastics,55123,"Vernon County",WI,"Lake States",816.38,"mature-market medium",wastes,236.48,1409.00,dt,39452000000,BTU,1.73
Plastic,Plastics,55123,"Vernon County",WI,"Lake States",816.38,near-term,wastes,236.48,1560.00,dt,43680000000,BTU,1.91
Plastic,Plastics,55125,"Vilas County",WI,"Lake States",1017.72,Emerging,wastes,255.03,2336.00,dt,65408000000,BTU,2.30
Plastic,Plastics,55125,"Vilas County",WI,"Lake States",1017.72,"mature-market high",wastes,255.03,2336.00,dt,65408000000,BTU,2.30
Plastic,Plastics,55125,"Vilas County",WI,"Lake States",1017.72,"mature-market low",wastes,236.48,2336.00,dt,65408000000,BTU,2.30
Plastic,Plastics,55125,"Vilas County",WI,"Lake States",1017.72,"mature-market medium",wastes,236.48,2336.00,dt,65408000000,BTU,2.30
Plastic,Plastics,55125,"Vilas County",WI,"Lake States",1017.72,near-term,wastes,236.48,3288.00,dt,92064000000,BTU,3.23
Plastic,Plastics,55127,"Walworth County",WI,"Lake States",576.6,Emerging,wastes,255.03,30980.00,dt,867440000000,BTU,53.73
Plastic,Plastics,55127,"Walworth County",WI,"Lake States",576.6,"mature-market high",wastes,255.03,30980.00,dt,867440000000,BTU,53.73
Plastic,Plastics,55127,"Walworth County",WI,"Lake States",576.6,"mature-market low",wastes,236.48,30980.00,dt,867440000000,BTU,53.73
Plastic,Plastics,55127,"Walworth County",WI,"Lake States",576.6,"mature-market medium",wastes,236.48,30980.00,dt,867440000000,BTU,53.73
Plastic,Plastics,55127,"Walworth County",WI,"Lake States",576.6,near-term,wastes,236.48,31175.00,dt,872900000000,BTU,54.07
Plastic,Plastics,55129,"Washburn County",WI,"Lake States",853.32,Emerging,wastes,255.03,12583.00,dt,352324000000,BTU,14.75
Plastic,Plastics,55129,"Washburn County",WI,"Lake States",853.32,"mature-market high",wastes,255.03,12583.00,dt,352324000000,BTU,14.75
Plastic,Plastics,55129,"Washburn County",WI,"Lake States",853.32,"mature-market low",wastes,236.48,12583.00,dt,352324000000,BTU,14.75
Plastic,Plastics,55129,"Washburn County",WI,"Lake States",853.32,"mature-market medium",wastes,236.48,12583.00,dt,352324000000,BTU,14.75
Plastic,Plastics,55129,"Washburn County",WI,"Lake States",853.32,near-term,wastes,236.48,19677.00,dt,550956000000,BTU,23.06
Plastic,Plastics,55133,"Waukesha County",WI,"Lake States",580.54,Emerging,wastes,255.03,140777.00,dt,3941756000000,BTU,242.49
Plastic,Plastics,55133,"Waukesha County",WI,"Lake States",580.54,"mature-market high",wastes,255.03,140777.00,dt,3941756000000,BTU,242.49
Plastic,Plastics,55133,"Waukesha County",WI,"Lake States",580.54,"mature-market low",wastes,236.48,140777.00,dt,3941756000000,BTU,242.49
Plastic,Plastics,55133,"Waukesha County",WI,"Lake States",580.54,"mature-market medium",wastes,236.48,140777.00,dt,3941756000000,BTU,242.49
Plastic,Plastics,55133,"Waukesha County",WI,"Lake States",580.54,near-term,wastes,236.48,136368.00,dt,3818304000000,BTU,234.90
Plastic,Plastics,55139,"Winnebago County",WI,"Lake States",578.57,Emerging,wastes,255.03,63032.00,dt,1764896000000,BTU,108.94
Plastic,Plastics,55139,"Winnebago County",WI,"Lake States",578.57,"mature-market high",wastes,255.03,63032.00,dt,1764896000000,BTU,108.94
Plastic,Plastics,55139,"Winnebago County",WI,"Lake States",578.57,"mature-market low",wastes,236.48,63032.00,dt,1764896000000,BTU,108.94
Plastic,Plastics,55139,"Winnebago County",WI,"Lake States",578.57,"mature-market medium",wastes,236.48,63032.00,dt,1764896000000,BTU,108.94
Plastic,Plastics,55139,"Winnebago County",WI,"Lake States",578.57,near-term,wastes,236.48,59240.00,dt,1658720000000,BTU,102.39
Plastic,Plastics,55141,"Wood County",WI,"Lake States",809.25,Emerging,wastes,255.03,22411.00,dt,627508000000,BTU,27.69
Plastic,Plastics,55141,"Wood County",WI,"Lake States",809.25,"mature-market high",wastes,255.03,22411.00,dt,627508000000,BTU,27.69
Plastic,Plastics,55141,"Wood County",WI,"Lake States",809.25,"mature-market low",wastes,236.48,22411.00,dt,627508000000,BTU,27.69
Plastic,Plastics,55141,"Wood County",WI,"Lake States",809.25,"mature-market medium",wastes,236.48,22411.00,dt,627508000000,BTU,27.69
Plastic,Plastics,55141,"Wood County",WI,"Lake States",809.25,near-term,wastes,236.48,30269.00,dt,847532000000,BTU,37.40
